book_id,author_id,role
780917,410348.0,
1488663,238787.0,
89588,20560.0,
89583,20560.0,
2741850,7581.0,
10806008,4722094.0,
12458829,3486415.0,
27693272,2918731.0,
30971685,14865445.0,
30010194,15207082.0,
4507203,1880316.0,
22889758,13557729.0,Adaptation
22889758,346732.0,
38568,17059.0,
38562,17059.0,
38564,21701.0,
175248,38951.0,
13579397,1161372.0,Editor
13579397,20295.0,
13579397,377417.0,
13579397,908868.0,
13579397,24902.0,
13579397,25376.0,
13579397,2917033.0,
13579397,2951127.0,
13579397,51204.0,
13579397,874602.0,
13579397,3389.0,
13579397,2283303.0,
13579397,5373338.0,
13579397,33919.0,
13579397,346732.0,
13579397,8988.0,
13579397,121364.0,
13579397,57814.0,
13579397,338705.0,
13579397,3001246.0,
13579397,589.0,
13579397,4632660.0,
13579397,2860219.0,
13579397,4338.0,
13579397,3036291.0,Contributor
13579397,142270.0,Contributor
13579397,14454.0,
13579397,22645.0,
13579397,49624.0,
13579397,27841.0,
13579397,3524.0,
13579397,4396277.0,
16132671,6206.0,
39307,1356336.0,
16107050,6563682.0,
12814582,15873.0,
12814582,325203.0,
12814582,3118938.0,
3475268,17054.0,
16217442,4094048.0,
29093476,14986807.0,
17322045,6521036.0,
6620466,2987888.0,
1113545,25052.0,
25135715,8306428.0,
941226,5209023.0,
873920,27500.0,
873920,25334.0,Introduction
33024398,7581.0,
33024398,2104168.0,Illustrator
2439888,87306.0,
738754,5816.0,
1390326,48308.0,
15670,8835.0,
11309018,34049.0,
4241738,83291.0,
8369680,2987888.0,
22694784,64364.0,
18601927,7344680.0,
18601927,126765.0,
7114042,24009.0,
906901,9355.0,
14069,8730.0,
219110,27379.0,
3249541,3624.0,
1157539,566314.0,
108064,10366.0,
186074,108424.0,
194738,81338.0,
194739,113561.0,
194739,324549.0,Translator
10650803,4720629.0,Pseudonym
10650803,2923539.0,
6556422,12091.0,
6945369,587983.0,
14976,31253.0,
14976,203791.0,
6537058,57434.0,
19288530,3140482.0,
477338,58846.0,
17393102,25307.0,
6928840,257093.0,
6928840,25355.0,Translator
15847757,5286855.0,
13234487,4400405.0,
12792988,5252348.0,
9585036,30819.0,
29738154,11362882.0,
185117,107891.0,
10063343,19823.0,
22749511,8178240.0,
5338,239579.0,
5338,40641.0,Annotations
13449677,3251728.0,
15015624,240668.0,
5099602,1373880.0,
27206431,2917920.0,
27385330,7275168.0,
676924,17015.0,
676924,17010.0,
23561467,445303.0,
147844,85545.0,
147842,85545.0,
147843,85545.0,
691582,48348.0,
25659433,105839.0,
25659436,51118.0,
8585377,217944.0,
17998,10896.0,
1375896,157663.0,
1375896,619712.0,Illustrations
18176532,4721318.0,
1122023,552457.0,
1122026,88506.0,
1122026,4522.0,Introduction
1122026,781561.0,Narrator
28660,8591.0,
13507921,2931654.0,
6775624,155990.0,
6775623,155990.0,
13878,8588.0,
1459209,12350.0,
31429077,15600847.0,
1004234,1069006.0,
833332,336049.0,
6474771,2096360.0,
9466032,13677.0,
9466032,337207.0,Illustrations
409796,66700.0,
409796,58971.0,Introduction
409796,3997970.0,
395953,25307.0,
11365223,4689769.0,
11365223,4852705.0,Illustrator
7980210,59165.0,
7980210,18015.0,Creator
7980210,116615.0,Creator
11795449,6244.0,
1599297,40881.0,
12063158,3780.0,
23005844,1258535.0,
18271251,6996400.0,
7642463,5339.0,
6383800,272814.0,
17218790,1221698.0,
13423867,963528.0,
7068147,50873.0,
22489597,4684322.0,
6376816,57434.0,
25302294,4489132.0,
24283825,6517455.0,
14350,947.0,
14350,42267.0,Editor
14350,487578.0,Editor
14350,18266.0,Introduction
352381,10986.0,
352381,3979976.0,Illustrator
12985143,4124788.0,
7564251,3316576.0,
7639087,1427650.0,
149864,1654.0,
149864,19439.0,Compiler
6696927,4764.0,
6696927,2962677.0,Introduction
490276,4430.0,
490276,173493.0,
138452,8476.0,
138452,362098.0,Translator
40372,10885.0,
40372,651160.0,Illustrator
40372,20561.0,Introduction
40372,3866857.0,Afterword
40376,10885.0,
40379,10885.0,
40379,2485427.0,Narrated by
40378,10885.0,
40378,2485427.0,Narrated by
960764,4429.0,
10051549,3181096.0,
249867,3389.0,
249867,19365.0,Narrator
9464129,1221698.0,
1918320,85623.0,
20499240,363130.0,
23280198,4101698.0,
13634292,1221698.0,
538294,17061.0,
6601257,104514.0,
20419025,266470.0,
6177426,162678.0,
6177424,20983.0,
6177425,20983.0,
6177429,153738.0,
950866,30819.0,
29501909,15081438.0,
9421274,169377.0,
621697,336058.0,
362982,151973.0,
362981,151973.0,
438134,10333.0,
13565300,5786003.0,
9415946,2884780.0,
12193399,2905297.0,
13640908,3435992.0,
15724908,6150699.0,
29241212,13687893.0,
5988375,41032.0,
5988375,35022.0,
5988375,823146.0,
5988375,245963.0,
32332938,14212740.0,
729760,130698.0,
3860528,567167.0,
13589148,3174636.0,
13589141,8685.0,Editor
13589141,6627234.0,
13589141,9615.0,
13589141,6627235.0,
13589141,38234.0,
13589141,1967.0,
13589141,878623.0,
13589141,2799345.0,
13589141,6627236.0,
13589141,69803.0,
13589141,8691.0,
13589141,4080505.0,
13589141,721481.0,
13589141,1167218.0,
13589141,1071572.0,
13589141,316778.0,
15793077,6252.0,
15793077,38550.0,
15793077,8435196.0,Narrator
15793077,494654.0,Narrator
7118679,1967.0,
2903595,1257234.0,
21010919,87306.0,
29939303,4023684.0,
11738736,2834177.0,
537050,1654.0,
537052,153394.0,
34631931,17015.0,
34631931,17010.0,
16172547,33918.0,
2269324,5174290.0,
2269324,239128.0,
2269324,821504.0,
27834845,445303.0,
18490551,5989.0,
6358975,974195.0,
8730060,3297510.0,
13221028,6206.0,
13221027,99650.0,
13133307,5791.0,
13133307,44736.0,Narrator
13133307,4423545.0,Narrator
13133307,4370909.0,Narrator
13133307,2976694.0,Narrator
13133307,393249.0,Narrator
13133307,432320.0,Narrator
13133307,12718.0,Narrator
13133307,563121.0,Narrator
13133307,4423546.0,Narrator
13133307,4423547.0,Narrator
13133307,43587.0,Narrator
13133307,144334.0,Narrator
13133307,140042.0,Narrator
13133307,3039826.0,Narrator
13133307,6477800.0,Narrator
13133307,2782636.0,Narrator
13133307,4423550.0,Narrator
13133307,4423551.0,Narrator
13133307,73423.0,Narrator
22009092,7176787.0,
22009092,9756331.0,Narrator
17155787,173493.0,
18307001,3901024.0,
10699613,137902.0,
51106,4106.0,
51106,46137.0,Introduction
51104,4106.0,
51105,4106.0,
6068551,1330292.0,
93480,35022.0,
4779934,146374.0,
13547250,70854.0,
10836471,110234.0,
2457253,4757071.0,
587314,7308.0,
587315,1069006.0,
587315,25523.0,Illustrations
587316,1069006.0,
587316,25523.0,Illustrations
587317,1069006.0,
587317,25523.0,Illustrations
587311,7308.0,
587312,7308.0,
587313,7308.0,
3210670,108905.0,
34535434,8573519.0,
8064867,3493128.0,
2942523,1567394.0,
29889256,874602.0,
29889256,1221698.0,Introduction
3432478,1443712.0,
912625,9494.0,
912625,2773553.0,Introduction
7743162,6252.0,
7743162,38550.0,
14415615,4823084.0,
14415615,5070203.0,Illustrator
68513,38598.0,
274868,160195.0,
274868,506873.0,Illustrator
27133441,13262730.0,
9630640,5279368.0,
13623767,371202.0,
1250251,1429808.0,
2705034,38550.0,
6033372,1718040.0,
26850355,14431555.0,
8484869,1817728.0,
871431,3299.0,
7136307,2876763.0,
17779549,7212917.0,
3678651,1562974.0,
9477896,15873.0,
11145697,4719619.0,
11051355,3201079.0,
831874,874602.0,
17280155,2909019.0,
8523840,346732.0,
13564666,5785692.0,
843240,9720.0,
843240,126120.0,Illustrations
7843285,1394555.0,
16074932,6459715.0,
16074932,40237.0,pen name
30971784,5351849.0,
6940494,2834177.0,
246305,144024.0,
23848192,115795.0,
60188,16625.0,
12701339,5227478.0,
34517748,5211857.0,
8131227,4432.0,
189015,110153.0,
17611338,4783513.0,
15709580,916010.0,
6953500,11654.0,
432879,16939.0,
432879,175259.0,Illustrator
12973648,656983.0,
16065751,6466778.0,
16065751,19365.0,Narrator
18050012,6252.0,
18050012,38550.0,
18050015,6166668.0,
18128488,4130469.0,
18682784,3182455.0,
6163754,1161372.0,Editor/Contributor
6163754,32637.0,Contributor
6163754,29479.0,Contributor
6163754,7577.0,Contributor
6163754,88506.0,Contributor
6163754,8694.0,Contributor
6163754,3389.0,Contributor
6163754,7581.0,Contributor
6163754,1356336.0,Contributor
6163754,1221698.0,Contributor
6163754,6587.0,Contributor
6163754,103081.0,Contributor
6163754,237154.0,Contributor
6163754,8347.0,Contributor
6163754,8988.0,Contributor
6163754,26935.0,Contributor
6163754,43989.0,Contributor
6163754,24827.0,Contributor
6163754,56162.0,Contributor
6163754,12339.0,Contributor
6163754,27206.0,Contributor
6163754,5989.0,Contributor
6163754,4798562.0,Contributor
6163754,84604.0,Contributor
6163754,4845.0,Contributor
6163754,108173.0,Contributor
6163754,131208.0,Contributor
6163754,39467.0,Contributor
6163754,10333.0,Contributor
6163754,463665.0,Contributor
6163754,108281.0,Contributor
6163754,25883.0,Contributor
6163754,20602.0,Contributor
6163754,338705.0,Contributor
6163754,2725468.0,Contributor
6163754,3005886.0,Contributor
6163754,3036291.0,Contributor
6163754,7083555.0,Contributor
17133624,2130.0,
9528174,3252210.0,
29748925,324620.0,
30139736,15759586.0,
30139736,7164135.0,Translator
30139736,2354594.0,Letterer
30969076,4735144.0,
21518344,7246482.0,
10646544,2503028.0,
10646544,2995869.0,Narrator
144109,83308.0,
5519759,35023.0,
15938473,6507887.0,
18518522,4519247.0,
14296568,5102036.0,
92918,8588.0,
8145088,155990.0,
18967205,4983109.0,
6972193,17015.0,
6972193,17010.0,
9728761,4171164.0,
593789,15188.0,
15827062,3290920.0,
1589604,3389.0,
28537156,4139446.0,
13515264,267687.0,
6056509,108007.0,
6441303,27100.0,
617359,10087.0,
11594180,27498.0,
6507988,4.0,
17668192,4824985.0,
9256414,4336590.0,
5971883,3345455.0,
7718908,3467600.0,
13060700,5183827.0,
20605428,5755322.0,
6453488,17015.0,
6453485,245963.0,
1134849,8924.0,
1134843,8924.0,
34021200,945430.0,
34021200,354773.0,Narrator
18161930,1221698.0,
8355689,2134487.0,
32580608,3865807.0,
25090918,15292.0,
48002,1654.0,
471560,26.0,
471562,26.0,
330786,1077326.0,
330785,1077326.0,
13491655,5755699.0,
1054357,16939.0,
1054357,1007623.0,Illustrator
16040421,5820327.0,
10264769,589.0,
10264769,44767.0,Narrator
10264769,55831.0,Narrator
2233407,17061.0,
31450636,8446648.0,
12067,1654.0,
12067,1221698.0,
6424184,19954.0,
6398385,2898479.0,
20783287,823146.0,
9860784,485441.0,
13455553,5626138.0,
8074967,71688.0,
8074963,17061.0,
23676484,72451.0,Editor
23676484,59165.0,
23676484,3396842.0,
20578512,7169579.0,
7766830,2936674.0,
7766830,6472670.0,Illustrator
7766830,82526.0,Translator
9517639,2905297.0,
25076057,5481957.0,
5055481,7581.0,
27040335,7220977.0,
27040335,14686249.0,
1257796,60177.0,
23281886,4890834.0,
28507382,46976.0,
13623939,5825239.0,
28412354,37168.0,
6355118,150038.0,
6355118,2667240.0,Narrator
185230,1301649.0,
11201534,2895706.0,
11201534,2895707.0,
21412311,4757071.0,
494602,99326.0,
494602,71097.0,
23175859,7307477.0,
18747824,457300.0,
18782855,1691206.0,
23573606,9860211.0,
1183025,5814050.0,
1205572,5329.0,
1205572,158961.0,Illustrations
3284192,1391437.0,
3284192,3179973.0,Illustrator
2272515,1024403.0,
320357,17739.0,
818360,4432.0,
818360,3132865.0,Narrator
4955576,27498.0,
9256371,4336568.0,
410927,26.0,
410927,34859.0,
34234639,14672377.0,
15767912,179153.0,
28729,3583.0,Editor
28729,14454.0,Contributor
28729,589.0,Contributor
28729,8685.0,Contributor
28729,8694.0,Contributor
28729,10518.0,Contributor
28725,8685.0,
12779838,379444.0,
11070385,34049.0,
28524669,1228468.0,
34324434,483588.0,
34324434,16796786.0,Illustrator
6419563,155990.0,
33509082,5436815.0,
9766063,71081.0,
6350486,8695.0,
7092395,379444.0,
7092399,38531.0,
16093908,6559113.0,
6713798,268722.0,
20816036,4305414.0,
29394,10746.0,
29396,10746.0,
34051373,5137530.0,
332854,122302.0,
332853,122302.0,
332853,190954.0,Illustrator
17131858,131337.0,Editor
17131858,41942.0,
17131858,17061.0,
17131858,4798562.0,
17131858,58971.0,
17131858,8988.0,
17131858,108173.0,
17131858,10746.0,
17131858,2358.0,
17131858,69771.0,
17131858,36501.0,
17131858,198305.0,
17131858,723801.0,
17131858,315657.0,
17131858,1967.0,
17131858,234115.0,
17131858,72451.0,
17131858,22123.0,
17131858,510191.0,
17131858,128570.0,
17131858,6859517.0,
17131858,107744.0,
17131858,40563.0,
17131858,1221698.0,
17131859,3001246.0,
17131859,2918731.0,Introduction
22889912,73097.0,
886131,48960.0,
29995243,4489132.0,
4894646,8988.0,
6436602,2917750.0,
20759393,4428.0,
7552323,1194340.0,
258336,1067608.0,
258335,1067608.0,
6656935,38550.0,
6656935,8435196.0,Narrator
17619013,41032.0,
7740225,17046.0,
22443909,989897.0,
22443909,99790.0,Illustrator
61998,3619.0,
47620,8347.0,
47621,8347.0,
47622,8347.0,
47624,8347.0,
47625,8347.0,
47625,2837486.0,Illustrator
47626,8347.0,
47627,8347.0,
47627,2837486.0,Illustrator
47628,8347.0,
47629,8347.0,
17655238,815.0,
17655238,221645.0,Translator
413963,28946.0,
413963,1310149.0,
11455170,2891596.0,
11100298,150038.0,
7180320,3182455.0,
18528582,4629194.0,
15824169,3219496.0,
15824168,7031278.0,
15824168,6256.0,
333722,7577.0,
333727,7577.0,
12389247,5137999.0,
6369113,324620.0,
6369113,441126.0,Illustrator
15793093,123835.0,
15731796,194256.0,
6658573,5009050.0,
12184913,4124325.0,
13330913,7581.0,
18404232,285812.0,
23505867,9830676.0,
983203,157663.0,
983203,619712.0,Illustrations
5781321,323486.0,
5781321,2602221.0,
17332287,23069.0,
20948348,71688.0,
827968,3618.0,
18681291,4305414.0,
1021395,9355.0,
642327,22549.0,
6477531,803873.0,
362888,870.0,
18667913,7341056.0,
154105,41942.0,
10345642,2891503.0,
3944693,162678.0,
18484774,293603.0,
1913193,170985.0,Pseudonym
1913193,5614141.0,Ghostwriter
764484,3389.0,
764484,10365.0,Illustrator
23309742,3095890.0,
643750,73149.0,
2530555,239579.0,
18285765,6888955.0,
29241319,1077326.0,
29241319,3911856.0,Illustrator
16085465,8649.0,
16085468,5444795.0,
1847000,9766.0,
6391211,2895706.0,
6391211,2895707.0,
6391211,3031590.0,Narrator
23383896,2860219.0,
18144593,6521898.0,
23525795,7906727.0,
1282266,346732.0,
1282266,12052.0,
1282266,13557729.0,
871,4698899.0,
871,1945379.0,Translator
2381041,196212.0,
10409278,3027554.0,
11946245,3780.0,
47085,26417.0,
29634295,5186274.0,
6892514,2232265.0,
25673410,7092218.0,
11100431,2063919.0,
23206075,5284782.0,
899109,28517.0,
57041,989968.0,
57040,989968.0,
57042,989968.0,
17290555,1391437.0,
13533690,93757.0,
13533691,5791.0,
26049,625.0,
17667916,5752145.0,
700382,23503.0,
9027853,17015.0,Editor
9027853,2958464.0,Contributor
9027853,17010.0,Contributor
9027853,940521.0,Contributor
9027853,4430487.0,Contributor
9027853,101078.0,Contributor
9027853,231481.0,Contributor
9027853,2916205.0,
9027853,4105961.0,Contributor
9027853,56019.0,Contributor
9027853,144814.0,Contributor
9027853,785795.0,Contributor
9027853,4945187.0,Contributor
17997591,7111589.0,
120566,1630.0,
607466,24830.0,
607466,59749.0,Illustrator
13495219,5757476.0,
17262407,32912.0,
12924419,145926.0,
12924415,183495.0,
91965,12949.0,
91965,3524830.0,
5928023,51118.0,
7938503,8649.0,
23012503,13557732.0,
424019,57990.0,Pseudonym
424019,1077326.0,
5463394,11047.0,
30334186,13532302.0,
13556068,5781637.0,
55463,31265.0,
93003,1069006.0,
768950,6779.0,
12608311,5201074.0,
6286042,17061.0,
6286042,71688.0,
6286042,21748.0,
6286042,24009.0,
22037456,1077326.0,
9805317,3508354.0,
24537359,7581.0,
2702704,48206.0,
13298628,4163056.0,
16280868,815259.0,
6062032,2769067.0,
3381197,1425940.0,
17675434,5822465.0,
259598,72237.0,
259598,2834339.0,Illustrator
12591532,3101058.0,
102241,23001.0,
102248,23001.0,
12933542,5028484.0,
16054806,357601.0,
16054807,110249.0,
20687440,7812262.0,
7428697,3098913.0,
663871,24902.0,
9462812,3353516.0,
25416768,6592100.0,
13367329,4430487.0,
13367329,336011.0,
47241,26546.0,
33158526,5241601.0,
34542,1654.0,
34541,1654.0,
34540,1654.0,
34540,19440.0,Illustrator
10576365,2973783.0,
7436142,941441.0,
23847967,2765760.0,
23847966,4086715.0,
24706448,4349837.0,
17722,8164.0,
17722,180439.0,Illustrator
6192165,99642.0,
228665,6252.0,
336410,15590.0,
10854410,3780.0,
10854410,13613.0,with
10854410,304060.0,Illustrator
7775764,2885318.0,
29410991,15099546.0,
29410991,15099547.0,
29410991,15099548.0,
29410991,15099549.0,
29410991,5303668.0,
219677,18684.0,
3195533,66700.0,
6512191,375626.0,
17624010,10317.0,
15726673,6431699.0,
756109,332185.0,
7428520,20248.0,
317518,1069006.0,
317518,25523.0,Illustrator
7882806,4735.0,
5863627,184516.0,
8430908,50873.0,Creator
8430908,4101698.0,
10822373,8835.0,
1799011,9550.0,
1799011,1992760.0,
1799011,242006.0,Text
1799011,8621.0,Text
1799011,822927.0,Illustrations
31338832,101078.0,
144007,83267.0,
144006,83267.0,
12104686,4971535.0,
432020,243395.0,
1801939,5621.0,
290436,723801.0,
290437,723801.0,
290437,3959577.0,Designed by
321645,53574.0,
321646,53574.0,
10661424,1654.0,
28186296,28569.0,
18374572,1958136.0,
13502970,5286855.0,
22675928,6244.0,
22675924,15872.0,
7767021,588356.0,
9780131,190887.0,
768889,346732.0,
29438610,2060858.0,
6764803,431092.0,
6764806,3041984.0,
23282679,1599723.0,
5898,656983.0,
17335353,3011844.0,
153193,1429808.0,
12207683,4428962.0,
6574915,21701.0,
884006,165466.0,
35226184,4575289.0,
1698713,237638.0,
30063474,38550.0,
372091,127082.0,
372092,127082.0,
21525757,375626.0,
21525757,1141209.0,
21525757,4201.0,
21525757,40881.0,
17188654,6526309.0,
170210,17061.0,
7739887,3267859.0,
7739887,2876710.0,Illustrator
849126,3299.0,
268186,131208.0,
1781673,5542.0,
18090029,381166.0,
18090029,11672.0,
18090026,146374.0,
18090026,7127265.0,Illustrations
15852259,2909019.0,
6527739,137902.0,
31186223,7460109.0,
13554596,1425239.0,
10834397,4730228.0,
63339,20575.0,
63339,196012.0,Illustrator
258474,8185168.0,
258475,8185168.0,
29737444,363130.0,
29737444,6836.0,
29737444,459448.0,Illustrations
26721433,48348.0,
17976979,25027.0,
34495,1654.0,
34492,1654.0,
15927006,2526.0,
1335568,52074.0,
64305,1654.0,
64305,19439.0,Adaptor
3349088,25205.0,
6250212,1373880.0,
6250211,1373880.0,
6250210,1373880.0,
6339989,137902.0,
13539198,4175419.0,
13539198,334840.0,Reading
13539191,3405346.0,
978173,213510.0,
151242,22018.0,
10281904,4698899.0,
10281904,1945379.0,Translator
104159,32637.0,
104159,56968.0,Translator
597644,1221698.0,
18221489,7182231.0,
13623856,3377501.0,
13623856,3377502.0,
13623856,337207.0,Illustrator
13623856,93391.0,Cover Illustrator
13623856,2714501.0,Cover Illustrator
13623854,17054.0,
13623855,85088.0,
23590634,7179557.0,
148809,4432.0,
17982144,2917423.0,
5985499,4260.0,
5985499,222204.0,Illustrator
33375622,6860265.0,
1406197,9550.0,
1406197,675363.0,Narrator
7688834,71688.0,
6736704,3031982.0,
16099782,6506571.0,
8890729,3849415.0,
8890729,2580449.0,Narrator
303251,6268.0,
303251,50886.0,
303251,4708.0,
303251,23892.0,
12935433,2168689.0,
26582,437669.0,
26582,7577.0,
18114183,1276004.0,
8228634,2944621.0,
22041005,8159090.0,
27827627,8730.0,
1137217,221253.0,
1137215,221253.0,
6266872,108424.0,
13596803,14817829.0,
806314,1221698.0,
806314,10365.0,Illustrations
3607393,110234.0,
28260585,3433047.0,
10567183,4134859.0,
28426,15987.0,
7884898,8685.0,
10483223,6988.0,
7628695,26738.0,
9664976,4427603.0,
22693160,5833183.0,
23010073,15872.0,
26368662,13599320.0,Translator
26368662,14137786.0,Illustrator
26368662,6378.0,
26368662,14291063.0,Designer
409594,66700.0,
409594,1627.0,
15954713,2834177.0,
15954713,2774902.0,
15954713,535923.0,
16043857,4432.0,
5886744,1192311.0,
30115958,15872.0,
13519397,3433047.0,
11297580,4107314.0,
7739950,17015.0,Editor
7739950,293603.0,
7739950,15292.0,
7739950,1192311.0,
7739950,27206.0,
7739950,56019.0,
7739950,3408349.0,
7103829,1332.0,
11964923,3002235.0,
1082721,13677.0,
1082721,443858.0,Narrator
7842471,41942.0,
30166675,1221698.0,
18478208,49177.0,
47920,26878.0,
77678,656983.0,
77678,9533.0,Editor
9647626,8988.0,
24714927,276660.0,
29939048,6535659.0,
29939047,13695109.0,
2414516,452671.0,
11338646,2867375.0,
2547481,223343.0,
333664,1077326.0,
333664,123344.0,Narrator
16247871,4444277.0,
9640847,125308.0,
18167025,5300237.0,
20726853,276660.0,
10739664,4705142.0,
116475,3995.0,
116473,3995.0,
116471,3995.0,
116470,3995.0,
11500217,4890182.0,
7731996,3353674.0,
17570538,1370283.0,
23599075,3433047.0,
10562069,4124791.0,
29922440,72545.0,
22546577,7267262.0,
9409458,1330292.0,
10630777,3155347.0,
1731752,32665.0,
12663557,2891665.0,
12663557,526142.0,Narrator
17251435,30819.0,
7653352,2232265.0,
1569110,87306.0,
10930660,2905297.0,
17262247,20575.0,
17262247,122651.0,Illustrations
3007625,12534.0,
3007625,39099.0,
10367314,3165706.0,
3307144,1310735.0,
28247,15890.0,
28246,15890.0,
28249,15890.0,
28248,15890.0,
304295,17060.0,
13018395,4428962.0,
216445,12479.0,
31294360,14252282.0,
12351174,165168.0,
6421588,1192311.0,
16071969,25422.0,
1375898,157663.0,
1375898,619712.0,Illustrations
267768,589.0,
267768,1156431.0,Illustrator
15831705,5360266.0,
222387,130129.0,
222387,967474.0,Illustrator
17910044,56.0,
17910044,4845.0,
287861,27379.0,
45492,3618.0,
18143802,732829.0,
5602828,82453.0,
122885,10105.0,
12371865,2895706.0,
12371862,2895706.0,
29873919,7152490.0,
29873919,6587520.0,
13096218,2444658.0,
7091747,2890288.0,
1476260,9172.0,
1476260,4947.0,Introduction
6892479,3085379.0,
2281052,153394.0,
10433925,4638863.0,
502556,153733.0,
15773126,6450754.0,
11954263,2837821.0,
1001563,5339.0,
1001564,1654.0,
1001564,1221698.0,
8181487,10746.0,
80689,6376.0,
6986721,17064.0,
6986721,71688.0,
6986721,7941.0,
6986721,2465550.0,
24851662,7043823.0,
26720078,4475150.0,
3241366,1375697.0,
11017767,540845.0,
32671619,15986018.0,
9970042,363130.0,
12368303,5130837.0,
12751687,2876763.0,
11455096,3429117.0,
30197398,6588780.0,
4062214,150038.0,
618178,60960.0,
10853751,7581.0,
10853751,4870718.0,Illustrator
73906,28083.0,
2311681,941441.0,
2311682,941441.0,
93101,5158478.0,
93101,4197526.0,Translator
93101,1169504.0,Introduction
1826195,208650.0,
1150191,178924.0,
23197290,7539408.0,
23197296,415731.0,
15789462,2895706.0,
15789462,2895707.0,
17273306,3130124.0,
15983835,15292.0,
25507687,10109690.0,
28512486,6947727.0,
30687916,40563.0,
291260,8732.0,
32710790,7920918.0,
529612,1023510.0,
6280653,9766.0,
6470065,644349.0,
9305414,3408173.0,
21898304,421434.0,
6322323,50873.0,
8393104,2129854.0,
16004807,6525721.0,
6131164,150038.0,
15772667,6450613.0,
42668,24009.0,
429890,34828.0,
7095691,196212.0,
7095690,1005984.0,
7095698,6268.0,
17902141,4499623.0,
378366,23284.0,
23398668,7581.0,
18211208,682045.0,
18492487,6462472.0,
18492489,17061.0,
23783930,415967.0,
18160126,7160536.0,
541867,31232.0,
8498353,136127.0,
497118,214.0,
497118,5116.0,Illustrator
497118,4489.0,Appreciation
497114,1069006.0,
33384164,7219081.0,
25175898,6520834.0,
24431,8596.0,
9758765,4074044.0,
32509376,15974644.0,
17831316,38951.0,
13526154,613805.0,
46486,7941.0,
46481,7941.0,
1832933,199919.0,
12360447,4637539.0,
359581,3619.0,
187065,6252.0,
755806,16967.0,
28637696,5109302.0,Preface
9795684,76360.0,
289453,949947.0,
289453,3193580.0,Created by
139849,80880.0,
10575783,250784.0,
1921383,156522.0,
3475047,196212.0,
17562900,40563.0,
12663991,5217831.0,
7687527,61659.0,
10841336,1651952.0,
13573396,9432.0,
382450,346732.0,
23197837,7359319.0,
17971573,335956.0,
25323112,6889443.0,
423120,7308.0,
423120,16461.0,Illustrator
8686026,3014690.0,
1433355,12339.0,
17727253,6583458.0,
23510089,9831940.0,
2752371,1101077.0,
16536,10089.0,
7128767,5816.0,
26369339,6543639.0,
1490237,49177.0,
33574161,15231588.0,
6440677,2901559.0,
301001,24183.0,
17888374,804399.0,
532266,4260.0,
25885733,6448210.0,
2429032,1654.0,
2429032,13869.0,
9917879,767547.0,
28628533,4959062.0,
28628533,4590842.0,
92060,1221698.0,
92060,23069.0,
21558275,8084320.0,
1018925,4429.0,
16171223,3849415.0,
13414674,2546.0,
293616,76423.0,
20650531,7798544.0,
8665113,1827868.0,
17415094,974195.0,
9359810,652133.0,
9359818,4369922.0,
17305421,6429243.0,
24452922,234115.0,
11179538,4805272.0,
9784940,340054.0,
292046,136127.0,
2151356,656983.0,
30264201,15276749.0,
1116393,87306.0,
29236424,15401758.0,
13576676,4105707.0,
2969455,1630.0,
13260515,4949972.0,
1146475,349971.0,
6469154,150038.0,
32802514,7012437.0,
18131016,6950877.0,
2332145,1047356.0,
2398197,51118.0,
18221588,11654.0,
8905731,1035739.0,
10954369,3091065.0,
10954369,1411091.0,Translator
519663,4708.0,
519663,2614.0,
519663,96909.0,
519663,24009.0,
28811016,6524620.0,
426550,168090.0,
7456030,40823.0,
7456034,63983.0,
7456038,1096399.0,
8063852,2943699.0,
248874,145435.0,
248874,241687.0,Translator
248876,145435.0,
248876,42506.0,Translator
248871,145435.0,
248871,241687.0,Translator
248870,145435.0,
248870,42506.0,Translator
248873,145435.0,
248873,241687.0,Translator
248872,145435.0,
248872,42506.0,Translator
248879,145435.0,
248879,42506.0,Translator
248878,145435.0,
248878,42506.0,Translator
23214381,4101698.0,
26130914,7277852.0,
18106165,6451403.0,
260454,99776.0,
510342,3385008.0,Editor
510342,10710.0,
510342,162231.0,
510342,49111.0,
510342,27528.0,
510342,1589549.0,
510342,57827.0,
510342,29535.0,
510342,1048131.0,
510342,715521.0,
510342,806782.0,
510342,20058.0,
510342,109823.0,
510342,39426.0,
510342,92999.0,
510342,851632.0,
510342,103764.0,
510342,45973.0,
510342,6939630.0,
510342,150741.0,
510342,20850.0,
510342,372819.0,
510342,497402.0,
510342,695783.0,
510342,353845.0,
510342,23417.0,
510342,2788408.0,
13099703,5133625.0,
2299685,40881.0,
10449432,4121709.0,
1204341,16159.0,
222909,656983.0,
295184,46130.0,
13414055,15292.0,
11736997,88685.0,
9732198,2687.0,
26236443,7168230.0,Pseudonym
528021,426944.0,
8685644,3020684.0,
104917,5989.0,
6376772,38531.0,
6376776,11663.0,
181087,410653.0,
181087,190377.0,Illustrator
181087,230701.0,Translator
13623012,815.0,
30166719,670242.0,
30166719,13746479.0,Illustrator
30166719,1638503.0,Translator
2355575,40563.0,
16436765,15872.0,
16436765,3343082.0,Narrator
23846048,34049.0,
13562007,5784286.0,
5739760,4845.0,Editor
5739760,26935.0,Contributor
5739760,773420.0,Contributor
5739760,48542.0,Contributor
5739760,7581.0,Contributor
5739760,4430.0,Contributor
5739760,54475.0,Contributor
5739760,58971.0,Contributor
5739760,53306.0,Contributor
5739760,1241378.0,Contributor
5739760,859609.0,Contributor
5739760,207708.0,Contributor
5739760,2851726.0,Contributor
5739760,2904744.0,Contributor
5739760,2904745.0,Contributor
5739760,6447223.0,Contributor
5739760,17061.0,Contributor
5739760,317.0,Contributor
5739760,133460.0,Contributor
5739760,10746.0,Contributor
5739760,137270.0,Contributor
5739760,20561.0,Contributor
5739760,27206.0,Contributor
6447037,2921071.0,
10243045,5376167.0,
444331,15873.0,
444331,25355.0,Translator
444332,8596.0,
444338,14199.0,
444339,8924.0,
12604939,28569.0,
11276935,26796.0,
8253037,54475.0,
17288638,3389.0,
18490713,6909783.0,
17288633,18874.0,
507690,275125.0,
24585761,5335865.0,
24885734,1330287.0,
25401833,5100336.0,
6767573,43697.0,
870821,119755.0,
12072288,4678361.0,
11842057,4577009.0,
6744417,1290625.0,
101483,16155.0,
6622569,165168.0,
9884272,4127933.0,
4979435,1077326.0,
1098714,5255014.0,
1098714,3121241.0,Introduction
1098714,7610927.0,Illustrations
6058042,4430.0,
28954093,6563247.0,Editor
28954093,14579849.0,Editor
28954093,96300.0,
28954093,19305.0,
28954093,3405346.0,
28954093,7943922.0,
28954093,11890.0,
28954093,277536.0,
28954093,2918731.0,
28954093,5258016.0,
28954093,4098207.0,
28954093,8730.0,
28954093,2860219.0,
28954093,4394928.0,
28954093,1343790.0,
28954093,4918514.0,
28954093,3400079.0,
28954093,4175512.0,
28954093,338705.0,
28954093,8347.0,
7148787,19954.0,
112879,65335.0,
112879,65334.0,Illustrator
12275680,2384.0,
13154571,7742.0,
34373958,8059023.0,
17845816,146374.0,
17845816,2738043.0,Illustrator
8706,4.0,
8709,4.0,
62031,34878.0,
62031,285212.0,Translator
12098371,2503028.0,
761381,1630.0,
6237416,263964.0,
1112383,122001.0,
13337255,2503028.0,
13337255,2995869.0,Narrator
61904,16094.0,
1405310,15987.0,
16071827,1005381.0,
16071824,17152.0,
834538,989968.0,
6150473,153732.0,
6150473,1411091.0,Translator
18132925,3486415.0,
18132923,3486415.0,
25970139,33919.0,
15808866,211729.0,
8928051,277359.0,
567657,1654.0,
567656,1654.0,
567653,1654.0,
21888427,9494.0,
16233191,5255014.0,
16233191,123344.0,Narrator
13228487,374504.0,
27823750,14673850.0,
10084976,128849.0,
11737387,849723.0,
3100159,3995.0,
25164304,13659072.0,
25866430,6451816.0,
6870505,421434.0,
9684527,144323.0,
24611995,9013537.0,
774175,70772.0,
9099130,752898.0,
799072,371202.0,
799073,371202.0,
17557803,6979427.0,
15790858,4773763.0,
15790858,6450142.0,
9844075,588356.0,
582402,26738.0,
582402,4552367.0,
24999067,13532302.0,
12448740,2980674.0,
3175530,6943.0,
3175530,1221698.0,
34826946,5796286.0,
6316125,2868311.0,
2487695,826097.0,
2487696,826097.0,
27427049,14595504.0,
435440,12991.0,
13624772,5825471.0,
13624772,579919.0,
13624772,22297.0,
13624772,5825472.0,
821597,128041.0,
68034,874602.0,
68034,43001.0,illustrator / cover artist
34410197,4600197.0,
6553352,8988.0,
12444166,48206.0,
6289599,87495.0,
9439989,580315.0,
13167775,644349.0,
11468029,4610078.0,
673206,10366.0,
10546,4874418.0,
10546,2738900.0,Illustrator
10546,2847482.0,Translator
20929,6436872.0,Editor
20929,12300.0,Editor/Contributor
20929,84604.0,Contributor
20929,34861.0,Contributor
20929,69803.0,Contributor
20929,172490.0,Contributor
20929,33502.0,Contributor
20929,2779581.0,Contributor
20929,11735.0,Contributor
20929,1375697.0,Contributor
20929,3439391.0,Contributor
20929,253624.0,Contributor
20929,360591.0,Contributor
20929,1223.0,Contributor
20929,88608.0,Contributor
20929,560014.0,Contributor
20929,8591.0,Contributor
20929,26354.0,Contributor
13450339,4428.0,
7403981,1327642.0,
6090919,10896.0,
20498423,7753988.0,
23399228,771.0,
35736,656983.0,
35736,20255.0,Illustrator
20766595,6474348.0,
33276673,16727429.0,
18908825,1654.0,
6403882,693782.0,
25985241,2526.0,
26265459,14071077.0,
29102956,17015.0,
84136,4430.0,
84139,4430.0,
8679140,7031278.0,
8679140,6256.0,
23513571,4384107.0,
21947629,7765793.0,
9300749,8695.0,
6676603,15872.0,
8109141,3508354.0,
13005731,5313027.0,
31211256,13835635.0,
20790777,3891598.0,
20790777,16650544.0,illustrator
8789052,4175512.0,
8789052,4175513.0,Illustrator
13057047,1228621.0,
18693684,142270.0,
262742,12075.0,
6241599,10366.0,
6241599,2767108.0,Illustrator
18813639,6547911.0,
23263425,8547032.0,
12891107,4721536.0,
1981412,32530.0,
6573776,50873.0,
6573775,50873.0,
722086,9766.0,
17876692,7073992.0,
13445306,5265998.0,
17377165,5441556.0,
26114463,4735144.0,
27204179,484534.0,
9266804,1818261.0,
7155027,46474.0,
72230,40823.0,
13634083,2743065.0,
11779366,4540563.0,
24093,8596.0,
77207,9465.0,
77206,9465.0,
22916532,5785692.0,
9273570,1330292.0,
9273570,655707.0,Narrator
9273570,781561.0,Narrator
17737063,326992.0,
1740356,2860058.0,
21412152,57980.0,
17333340,2988406.0,
17333340,1411091.0,Translator
6267775,1654.0,
6267775,1221698.0,
6267775,25251.0,Narrator
8490112,324620.0,
5414,3389.0,
5414,45978.0,Narrator
5415,3389.0,
5418,3389.0,
5419,3389.0,
8117491,56019.0,
304687,27704.0,
304687,3619.0,Introduction
22703456,8347.0,
23582513,9867438.0,
372299,4.0,
850962,31232.0,
850963,31232.0,
11987206,5027020.0,
18122,3618.0,
18127,3389.0,
18127,748899.0,Illustrator
18128,3389.0,
7962617,1654.0,
7962617,102571.0,Illustrator
28245487,4280.0,
17886307,7077739.0,
17381965,14756566.0,
23163065,4721536.0,
13507828,3965895.0,
9542904,5025620.0,
86737,23138.0,
86736,28135.0,
15864513,6483061.0,
6520659,25052.0,
6520659,2086916.0,Illustrator
24397055,7245339.0,
24397055,343553.0,Illustrations
84405,13387.0,
84405,1630.0,Foreword  
3933078,3780.0,
2168860,669810.0,
2168861,17064.0,
2168861,669810.0,
2168861,431825.0,
2168861,41874.0,
15818254,5833183.0,
2167829,15872.0,
16034227,1141209.0,
16034228,1141209.0,
31451081,3431194.0,
31451081,16155.0,
31451081,100764.0,
6449596,2921661.0,
16095765,5139754.0,
477732,10746.0,
477733,10746.0,
6695665,72451.0,
21825398,7190903.0,
668709,65335.0,
668709,65334.0,Illustrations
16103155,17015.0,
16103155,17010.0,
6767166,5768539.0,
81042,46138.0,editor
81042,46137.0,Editor
81042,25422.0,Contributor
81042,144814.0,Contributor
81042,12991.0,Contributor
81042,25.0,Contributor
81042,7025.0,Contributor
81042,87495.0,Contributor
81042,2765760.0,Contributor
81042,1221698.0,Contributor
81042,508808.0,Contributor
81042,10763.0,Illustrator
81042,19305.0,Contributor
81042,22548.0,Contributor
81042,662546.0,Contributor
81042,8185168.0,Contributor
81042,24.0,Contributor
81042,8694.0,Contributor
81042,194172.0,Contributor
81042,24902.0,Contributor
81042,224189.0,Contributor
81042,2998967.0,Contributor
81042,2998968.0,Contributor
6377359,17015.0,
6377359,17010.0,
101914,58846.0,
15738296,2961326.0,
13483233,1152263.0,
10094969,1938234.0,
7432648,1440203.0,
1843531,6988.0,
1843531,24041.0,Introduction
1843531,6853.0,Afterword
18760014,90340.0,
8618596,696805.0,
1127444,128041.0,
11483834,4558309.0,
19346407,37557.0,
1189399,100752.0,
13639182,5831672.0,
18755773,2503028.0,
10381195,363130.0,
10586035,88609.0,
18051296,150038.0,
7507890,970554.0,
7660688,2847542.0,
11166901,2936691.0,
18080504,4720363.0,
264225,14002.0,
1814961,829488.0,
1814961,417798.0,
5557651,348878.0,
16043758,329391.0,
9964976,100752.0,
13418951,4175419.0,
12608185,38531.0,
33532,6988.0,
33531,6988.0,
33531,472667.0,Editor
33536,18880.0,
17347379,1077326.0,
17347379,2927.0,Illustrator
11692299,28375.0,
12988004,833687.0,
12988002,2946451.0,
11804728,6584197.0,
18698884,6953956.0,
24737104,6540057.0,
2327958,64364.0,
618221,1654.0,
17971345,7102756.0,
20454095,543080.0,
1612302,31425.0,
2833308,32401.0,
19161852,2917917.0,
7756722,150038.0,
7756722,2879517.0,Translator
15793118,3121280.0,
20822778,3152411.0,
20822778,4620386.0,
1195044,581186.0,
32075825,545.0,
32075825,270277.0,
6597080,153732.0,
6597080,1411091.0,Translator
26236860,40881.0,
18460033,146374.0,
18456025,7176787.0,
1454116,3389.0,
1454118,3389.0,
8306741,22542.0,
8306745,25052.0,
4556058,15872.0,
333423,191220.0,
333423,285212.0,Translator
8181143,3222611.0,
2505609,1111303.0,
30363359,22542.0,
22529360,49177.0,
3770158,293603.0,
8521630,75334.0,
10363749,415967.0,
1135426,15619.0,
17256087,4105961.0,
7716140,3369676.0,
983100,1221698.0,
19154146,4921525.0,
11546834,3493128.0,
975461,732829.0,
21845757,4097555.0,
582876,15291.0,
18454480,25421.0,
773693,8924.0,
876315,451384.0,
732897,79593.0,
1188297,8476.0,
1188297,362098.0,Translator
10156959,4566700.0,
6619930,17061.0,
16087861,8649.0,
545435,38120.0,
15734773,48192.0,
28953953,9212.0,
11717567,4817371.0,
13086835,10896.0,
13086835,73234.0,Narrator
18165175,101078.0,
6662436,25307.0,
7824314,2172337.0,
18510,656983.0,
2472565,421434.0,
896455,7308.0,
7205214,3174636.0,
6534874,1241978.0,
27782650,2917917.0,
27782650,158074.0,Narrator
6178574,1127619.0,
18193751,1077326.0,
85253,48828.0,
85253,69376.0,Illustrator
24820291,10303.0,
24820291,10181.0,
24820291,2831771.0,Illustrations
2712967,48192.0,
777423,408864.0,
777422,408864.0,
777421,408864.0,
777420,408864.0,
777425,408864.0,
777425,5725459.0,
777424,408864.0,
17312156,8596.0,
1022209,138702.0,
614780,46540.0,
219284,40173.0,
282284,103321.0,
282286,103321.0,
7295501,2868678.0,
27348722,6429243.0,
596963,324620.0,
3474915,431825.0,
38522,4430.0,Contributor
38522,1356336.0,Contributor
38522,164485.0,Contributor
38522,21665.0,Contributor
38529,17059.0,
175203,656983.0,
13579352,5806079.0,
20564056,1030664.0,
10508424,1520317.0,
7507920,2958157.0,
140671,13026.0,
1105505,110234.0,
22090434,4747895.0,
10353049,10741.0,
10353049,428566.0,Illustrator
34315020,6446815.0,
16030663,253358.0,
6599344,4430.0,
6599344,510877.0,adaptor
6599344,2987414.0,art
6599344,2987413.0,adaptor
40885,5376.0,
25686886,5149973.0,
6574928,21701.0,
17287570,4537524.0,
16065477,267687.0,
5152561,175855.0,
1388813,375626.0,
10846226,303833.0,
7242100,1827868.0,
6412809,421434.0,
20342498,6989028.0,
12993580,191748.0,
7058022,1562974.0,
7097842,241301.0,
3427378,27498.0,
20257448,6426393.0,
17694511,6583988.0,
11717388,4175419.0,
2324416,950140.0,
20696040,7770772.0,
24816175,6588802.0,
357794,17064.0,
7186426,3184606.0,
25925238,38550.0,
7969760,1440114.0,
17795668,3267859.0,
17795668,7047042.0,Narrator
10708694,4894780.0,
17295139,4755336.0,
6571723,15292.0,
14780453,8185168.0,
14780453,10763.0,Illustrator
18660669,137902.0,
7726420,221608.0,
20819685,6538289.0,
24271,13652.0,
15534541,2876763.0,
21854696,6439448.0,
2444163,9432.0,
7351574,61939.0,
6261170,215620.0,
8848847,257412.0,
734747,138702.0,
18527753,2924930.0,
18527753,6572297.0,Narrator
497819,277536.0,
15808592,6177334.0,
2318136,821504.0,
18369100,5181752.0,
5220121,21770.0,
13642,874602.0,
405586,28083.0,
833111,10366.0,
13196,8238.0,
3371584,237195.0,
50715,10359.0,
13414615,19391.0,
30755704,4480131.0,
6339664,2876763.0,
17562700,38550.0,
12437907,7031278.0,
12437907,6256.0,
1027640,9320.0,
2282133,137902.0,
24934734,13505992.0,
227283,21198.0,
2344297,30819.0,
331010,48397.0,
18226374,7183355.0,
15745886,4684322.0,
15745886,3124176.0,Narrator
16082550,445303.0,
633628,8110.0,
613939,19733.0,
3240083,180392.0,
12969596,3115036.0,
12969596,653688.0,
142652,8730.0,
32072924,3868039.0,
77307,3231.0,
20723801,6468949.0,
437788,246590.0,
437787,246590.0,
437786,246590.0,
437782,246590.0,
6114777,1373880.0,
5374,4777916.0,
5374,475166.0,Illustrator
5372,869.0,
8945977,1445909.0,
8608257,27379.0,
54607,1630.0,
12779251,4556168.0,
15799011,711760.0,
9595650,4414255.0,
11337143,3295277.0,
11337143,6459302.0,
12870151,1441.0,
12870151,427839.0,Contributor
11558268,4615776.0,
2408602,2845500.0,
12987118,4707967.0,
147801,74046.0,
17168300,3222611.0,
1840934,110234.0,
6603364,21748.0,
9525723,2761947.0,
33921998,46097.0,
293414,26399.0,
293413,56125.0,
293413,18015.0,Creator
12558610,5113138.0,
10301749,1201844.0,
10301749,290553.0,Translator
10301749,7741814.0,Illustrator
2429973,25027.0,
13507967,9237.0,
11381030,778281.0,
11381030,4857363.0,
17328635,415967.0,
491889,193296.0,
491887,193296.0,
13834,8596.0,
13835,8596.0,
13836,8596.0,
13837,8596.0,
13830,8596.0,
13831,8596.0,
13832,8596.0,Editor
13832,1223.0,Editor
13832,26875.0,Contributor
13832,1095924.0,Contributor
13832,54475.0,Contributor
13832,665641.0,Contributor
13832,16908.0,Contributor
13832,2794097.0,Contributor
13832,25422.0,Contributor
13832,127492.0,Contributor
13832,66268.0,Contributor
13832,8691.0,Contributor
13832,33502.0,Contributor
13832,168090.0,Contributor
13832,128057.0,Contributor
13832,3020457.0,Contributor
13833,8596.0,
23015589,4446076.0,
32333246,14431134.0,
19083237,48190.0,
19083232,153738.0,
3230873,201504.0,
3230873,1732212.0,Illustrator
34935820,16764241.0,
34935820,2060858.0,Foreword
58068,22543.0,
18506004,3105432.0,
2430731,17064.0,
386298,8146.0,
23352590,6920317.0,
210331,7308.0,
18624843,3178457.0,
6713076,15888.0,Editor
4135826,641508.0,
16178575,48206.0,
16178575,212101.0,Narrator
16178575,521640.0,Narrator
31451186,33919.0,
17130466,6474204.0,
9307506,167605.0,
9307506,202311.0,
1598837,26.0,
6910709,4430.0,
30283334,150038.0,
30283334,836009.0,
30283334,10317.0,
30283334,21981.0,
58972,17967.0,
25375990,7343261.0,
607437,24830.0,
607437,59749.0,Illustrator
23507509,9766.0,
1422253,17059.0,
1422250,17059.0,
30363412,175855.0,
13508421,835348.0,
47728,1221698.0,
111012,64216.0,
97526,20602.0,
9553,6268.0,
26046,625.0,
6344237,17054.0,
7943678,11654.0,
18635085,7307458.0,
13516027,5767839.0,
13516027,5767840.0,
11254850,25052.0,
8680240,4147639.0,
148026,44103.0,
19561925,835348.0,
27883214,14137787.0,
27883213,14137787.0,
27883213,3124176.0,Narrator
472778,4841825.0,
6238069,15292.0,
519828,32279.0,
1281575,27704.0,
281573,4841825.0,
6325690,1876620.0,
620486,57728.0,Editor
620486,27075.0,
620486,34429.0,
620486,1141781.0,
620486,33502.0,
620486,128466.0,
620486,86475.0,
620486,23069.0,
620486,18253.0,
620486,7415.0,
620486,3619.0,
620486,20561.0,
620486,20331.0,
620486,38689.0,
620486,9558.0,
620486,60697.0,
620486,58856.0,
620486,18879.0,
620486,52310.0,
7912701,221253.0,
7912701,37075.0,Narrator
7912701,494654.0,Narrator
17264131,6533864.0,
17264131,5607896.0,
17264131,5607897.0,
439100,13677.0,
31456593,9013537.0,
538253,16218.0,
9409614,125308.0,
2392459,47792.0,
11938582,767317.0,
13593527,7683853.0,
18515732,5149795.0,
27406008,6570694.0,
27468996,14602980.0,
493536,12935.0,
18667877,137902.0,
18667875,3100027.0,
18667875,427430.0,Illustrations
11824590,73933.0,
2828595,5339.0,
18142592,4843795.0,
28554825,14881425.0,
30037865,89439.0,
308449,2594.0,
11686611,4938797.0,
6508952,2923539.0,
71419,40397.0,
71413,27528.0,
9645351,1005984.0,
2072153,7742.0,
29614594,6889207.0,
21481566,2917917.0,
12084655,1045593.0,
33976371,6423717.0,
33976371,16022577.0,
299069,17618.0,
299069,546590.0,Illustrator
28595941,38550.0,
18632855,94091.0,
831194,27498.0,
820589,8164.0,
16033551,363130.0,
16033551,4945241.0,Narrator
1599302,552457.0,
7976029,109005.0,
23126362,7907957.0,
186569,108693.0,
20903363,5276341.0,
10755377,4707967.0,
10755377,3854467.0,Illustrator
10755377,4707968.0,Illustrator
10755377,4875513.0,Illustrator
17834122,5351355.0,
218696,19317.0,
893791,6988.0,
893791,14197239.0,Introduction
6658679,3396368.0,
17262149,6968449.0,
17262144,6897702.0,
1891120,16939.0,
11779667,28946.0,
11779667,1310149.0,
11984131,157663.0,
12893742,15872.0,
561867,6558469.0,
561867,4055248.0,Illustrator
685370,9550.0,
685379,625.0,
10571,426944.0,
10571,32349.0,Afterword
10572,346732.0,
23168747,1362876.0,
23168743,57461.0,
15729137,150038.0,
16104821,5890982.0,
21098320,38550.0,
6089263,34049.0,
2964700,8596.0,
760573,9355.0,
760573,4845.0,
943253,1077326.0,
18619288,7313617.0,
11669085,107170.0,
23597253,2941990.0,
9727683,54989.0,
16234269,830098.0,
23267873,7577.0,
23383399,123719.0,
16102099,2988406.0,
16102099,1411091.0,Translator
20498767,4951964.0,
25586821,7060225.0,
28487279,497467.0,
28487279,5835138.0,
1535273,715521.0,
1535273,8185168.0,Introduction
39672,22303.0,
588704,5816.0,
116561,11761.0,
24612069,7798544.0,
17205745,82732.0,
11515975,4130469.0,
33113495,16114393.0,
7747168,3380848.0,
891586,213980.0,
1898443,8164.0,
1829709,3780.0,
17370986,6527401.0,
17286685,12425.0,
17286685,350494.0,
9636777,507943.0,
9636778,507943.0,
2953103,83291.0,
18950880,7410009.0,
579562,165466.0,
579563,165466.0,
21840424,88609.0,
3292046,1394555.0,
30753494,13994108.0,
30753493,26546.0,
248622,145307.0,
248622,16304.0,
289011,1077326.0,
12074933,123835.0,
15829015,5407284.0,
145172,26930.0,
337100,12980.0,
10248518,4698899.0,
10248518,1945379.0,Translator
29233832,7704723.0,
30795484,13451368.0,
18114797,4343092.0,
30070430,14124424.0,
2485836,3020656.0,
6420988,15292.0,
94729,4766.0,
13416853,5447836.0,
92956,589.0,
999140,9629.0,
11410430,4864634.0,
6972157,65137.0,
302032,65335.0,
20299706,46540.0,
19156338,7438666.0,
10788968,1949.0,
10788968,14920.0,Illustrator
10788968,107812.0,
22314178,7210024.0,
7620631,2018764.0,
498561,8694.0,
293984,50873.0,
293981,50873.0,
293983,50873.0,
293982,50873.0,
2443783,356164.0,
631233,230692.0,
20483084,5348132.0,
12154335,560012.0,
12154330,47104.0,
2038020,26773.0,
2038020,237985.0,
2038020,413367.0,Illustrator
325379,1654.0,
774557,18393.0,Editor
774557,7363007.0,
774557,3486237.0,Illustrator
11904255,36276.0,
28117964,7170196.0,
63952,9072.0,
63952,3856217.0,
63953,9072.0,
13531026,682212.0,
13528379,3504189.0,
13528370,2917750.0,
1142011,16094.0,
20727893,6556689.0,
569465,656983.0,
10993032,6268.0,
34593534,9060953.0,
421036,86475.0,
282438,164187.0,
28118570,26306.0,
7242941,50.0,
1187138,346732.0,
48044,426944.0,
27411212,7822301.0,
27411212,13960652.0,
9784709,941441.0,
5266733,72678.0,
12024,941441.0,
3933510,833687.0,
15754031,27209.0,
346282,140686.0,Editor
346282,65391.0,
346282,741116.0,
346282,81096.0,
346282,110234.0,
346282,2526.0,
346282,31688.0,
346282,25422.0,
346282,24902.0,
346282,5833.0,
8873458,15337.0,
18382145,5002639.0,
106085,21911.0,
11290495,4805617.0,
2276553,97284.0,
25106480,240840.0,
16431540,6625104.0,
839967,3618.0,
13400139,3035791.0,
8592303,78111.0,
14487684,568299.0,
14487684,63539.0,
16110382,3145809.0,
30196357,3409936.0,
9730082,190887.0,
147908,346732.0,Editor
147908,48960.0,Contributor
147908,725899.0,Contributor
147908,150432.0,Contributor
147908,4601681.0,Contributor
147908,15018.0,Contributor
147908,4659292.0,Contributor
147908,70454.0,Contributor
147908,55409.0,Cover Artist
147908,61914.0,Illustrator
147908,113942.0,Contributor
147908,3619.0,Contributor
147908,2924742.0,Contributor
12987033,16309509.0,
1191411,20559.0,
22299648,4124325.0,
12418684,3849415.0,
2292175,1301649.0,
29213589,1136158.0,
11395320,67481.0,
650775,2995925.0,
24453065,1375697.0,
28762,8685.0,
28760,8685.0,
861541,5816.0,
27158850,240708.0,
27158853,1048153.0,
16149577,34049.0,
20900888,7882997.0,
20361650,7579061.0,
45685,3565.0,
45685,279134.0,Illustrator
957648,10366.0,
3392898,505695.0,
366086,23704.0,
10765906,969638.0,
13531094,53322.0,
5178537,33958.0,
24525093,6554504.0,
24525093,6982197.0,
18134013,4649677.0,
1468912,550450.0,
954838,1077326.0,
2173611,4260.0,
11101486,217944.0,
15766602,5149795.0,
13570854,20248.0,
616678,8732.0,
18087897,2975312.0,
827373,431012.0,
47666,8347.0,
7970131,169377.0,
13083038,3389.0,
515814,25307.0,
16000044,5295120.0,
16000044,38531.0,
26777168,4305414.0,
31213086,15515427.0,
21538656,6863455.0,
17798991,2995873.0,
8621466,3097903.0,
8621462,370361.0,
8621462,3911856.0,Illustrator
8621462,80760.0,Conception
9612470,1357414.0,
11212350,12444.0,
11212350,55811.0,Illustrator
11814613,3988619.0,
23314885,8620804.0,
400878,13026.0,
23548155,6953956.0,
28321038,421434.0,
13316328,4432.0,
6314659,9355.0,
200538,49103.0,
12846739,5266986.0,
12846739,3455037.0,Illustrations
11478407,580315.0,
11478401,580315.0,
9513722,146374.0,
9513722,660076.0,Illustrator
125408,72237.0,
125408,170751.0,Illustrator
125409,72237.0,
11715276,4718528.0,
23309705,5752145.0,
8684418,1362876.0,
34027316,2931654.0,
27405350,9845715.0,
27405351,9845715.0,
643792,1293688.0,
8152848,2995873.0,
8152848,2899437.0,Narrator
7685261,153738.0,
492486,8596.0,
29241350,38954.0,
29241350,1221698.0,Foreword
29241350,41878.0,Introduction
9680728,421667.0,
27865615,1077326.0,
27865615,10917.0,Narrator
270977,158033.0,
33233918,16152414.0,
33233918,16291179.0,
110494,17061.0,
25121768,8446650.0,
17714035,5807648.0,
22890979,5345100.0,
18143940,490342.0,
18143946,98903.0,
18143948,177466.0,
18143948,1317270.0,cover
6333584,172490.0,
3992598,15872.0,
14498,9018.0,
14498,205493.0,Illustrator
14498,1221698.0,
14497,1221698.0,
20493947,1654.0,
2090640,953371.0,
25972177,5804101.0,
23006161,7581.0,
13750446,3064305.0,
20445452,71688.0,
12107990,1630.0,
16268911,6637152.0,
16117036,19006.0,
9608252,836009.0,
13634791,5829788.0,
8581936,3027554.0,
30242428,13767305.0,
18580977,7300862.0,
14806740,54201.0,
6503718,74046.0,
2610426,145092.0,
163294,6268.0,
23845952,342135.0,
16158558,625.0,
16158553,1375697.0,
11706669,276660.0,
232022,82540.0,
20759641,4428.0,
31336,7577.0,
6370272,17015.0,
6370272,17010.0,
17864649,2834177.0,
17864649,2774902.0,
17864649,535923.0,
13573616,4107314.0,
6034660,12052.0,Editor
6034660,56352.0,Editor
6034660,56353.0,Contributor
6034660,8347.0,Contributor
6034660,31321.0,Contributor
6034660,34429.0,Contributor
6034660,12444.0,Contributor
6034660,427315.0,Contributor
6034660,10518.0,Contributor
6034660,6587.0,Contributor
6034660,224518.0,Contributor
6034660,4763.0,Contributor
6034660,54475.0,Contributor
6034660,58124.0,Contributor
6034660,27276.0,Contributor
6034660,27167.0,Contributor
6034660,73421.0,Contributor
6034660,12581.0,Contributor
6034660,45596.0,Contributor
6034660,43989.0,Contributor
6034660,234088.0,Contributor
74455,22369.0,
17453202,2995873.0,
28953491,234115.0,
13486564,4476934.0,
18247598,38569.0,
18247597,38569.0,
18247597,54497.0,Translator
17332310,4430.0,
16045246,6539577.0,
16045240,4154802.0,
614866,8840.0,
614866,2387.0,
1668764,1077326.0,
6641796,27498.0,
6641796,73351.0,
6641796,1871685.0,Illustrator
462448,4766.0,
23411347,8152069.0,
6014861,26.0,
13554480,4906436.0,
13004927,17060.0,
34964938,4979301.0,
17164644,4428.0,
25730912,6938728.0,
15775101,5582891.0,
33158561,6434877.0,
1382251,555805.0,
1382251,555804.0,
8706185,107170.0,
9711628,32912.0,
6725785,7581.0,
15757971,190887.0,
28821387,2995873.0,
24706405,4349837.0,
13139452,5360651.0,
1832894,59401.0,
616966,1069006.0,
24109423,3330668.0,
25372801,4918514.0,
24733803,2898479.0,
18053568,4458590.0,
27230665,8107261.0,
274416,31247.0,
12964324,150038.0,
12964326,4353097.0,
5495243,119848.0,
2662169,277536.0,
2009052,127492.0,
358615,8835.0,
23531413,6938728.0,
22179446,5877921.0,
23524878,5898355.0,
2124830,941441.0,
2124830,494654.0,Narrator
74271,42110.0,
74270,42110.0,
74273,42110.0,
74275,42110.0,
74274,42110.0,
18051183,5265998.0,
15806786,46138.0,Editor
15806786,27841.0,
15806786,20561.0,
15806786,23704.0,
15806786,22993.0,
15806786,4022207.0,
15806786,3017135.0,
15806786,14032.0,
15806786,64107.0,
15806786,12339.0,
15806786,107744.0,
15806786,86475.0,
15806786,91717.0,
15806786,19305.0,
15806786,765702.0,
15806786,24902.0,
15806786,6941.0,
15806786,3036323.0,
15806786,26767.0,
15806786,12535.0,
15806786,4798562.0,
15806786,3524.0,
15806786,40983.0,
15806786,1221698.0,
15806786,3381686.0,
7788549,1530555.0,
271359,103321.0,
271356,103321.0,
9918128,1290625.0,
13226194,4890182.0,
26704850,11248716.0,
13630171,1405152.0,
350866,196212.0,
20555443,6540057.0,
20555440,1654.0,
2828180,1275451.0,
3546735,1500144.0,Editor
3546735,966332.0,Editor
3546735,18879.0,
3546735,237154.0,
3546735,3048060.0,
3546735,2005035.0,
3546735,4024955.0,Artist
3546735,157914.0,
3546735,243017.0,
3546735,3166448.0,
3546735,10333.0,
3546735,3936246.0,
3546735,1212570.0,
3546735,1403046.0,
3546735,162936.0,
12279483,4414255.0,
12279483,2978188.0,Narrator
15705459,5442345.0,
13414791,4414255.0,
13414791,2978188.0,Narrator
8277486,78305.0,
2650712,941441.0,
25952931,1222405.0,
15826934,2261547.0,
34916,9629.0,
34917,9629.0,
34919,9629.0,
3678443,1562881.0,
25362662,5360266.0,
18628138,3251728.0,
25187640,4499623.0,
13287308,941567.0,
6801614,208650.0,
294937,93858.0,
294936,93858.0,
29379042,8270.0,
658242,4145.0,
331212,11078.0,
6354623,8360.0,
6354623,331805.0,Illustrator
13539159,313399.0,
13539152,8685.0,
13539152,8686.0,
22568155,7138546.0,
8515176,2884866.0,
20943650,5321667.0,
25827242,7226905.0,
13623817,4890182.0,
12618794,104514.0,
2224451,1005984.0,
11869038,10359.0,
464685,26771.0,
464682,26771.0,
1182350,484018.0,
22859788,1375697.0,
22859781,10746.0,
22859784,3174636.0,
652783,87506.0,
1462020,685776.0,
18008074,830098.0,
22838025,137902.0,
10677715,3380908.0,
296211,170985.0,Pseudonym
296211,191975.0,Illustrator
296211,220345.0,Ghostwriter
7094592,3153783.0,
1691582,25052.0,
1691582,2086916.0,Illustrations
170972,589.0,
170970,19564.0,
12925395,12350.0,
24886378,7170939.0,
420416,237195.0,
420415,237194.0,
9681214,767317.0,
15923725,656983.0,
15923724,656983.0,
8160897,13730.0,
8160897,38809.0,
8160897,30819.0,
8160897,168844.0,
8160897,305504.0,
8160897,99836.0,
8160897,8048.0,
8160897,293603.0,
8160897,24403.0,
8160897,126895.0,
8160897,301071.0,
8160897,20561.0,
8160897,11654.0,
12400152,4957254.0,
22668720,6429303.0,
2111520,276660.0,
9606627,4434456.0,
16094679,6469948.0,
122999,15620.0,Editor
122999,4955836.0,
122999,341985.0,
122999,35760.0,
122999,184741.0,
122999,5442755.0,
122999,6378.0,
122999,2938140.0,
122999,2938141.0,
122999,5442756.0,
122999,273501.0,
7108656,1488908.0,
7108653,3158545.0,
27872519,852078.0,
9848368,2750251.0,
12451769,3340475.0,
24586291,101078.0,
17234645,137902.0,
24727571,24902.0,
11788440,4575326.0,
6345977,12695.0,
18122779,4323055.0,
530190,941441.0,
530190,511951.0,Narrator
8475747,2261547.0,
2575572,10746.0,
2575572,10182.0,Illustrator
3360369,12075.0,
3360369,8347.0,Introduction
3360369,63143.0,Introduction
30364791,4942228.0,
6344832,17061.0,
17929423,5332306.0,
18295806,1637418.0,
27015385,1051591.0,
27015385,3387675.0,
7095420,1290625.0,
30050287,38313.0,
12198712,40563.0,
23604333,101078.0,
11319430,4188120.0,
17876228,1055343.0,
1081372,3389.0,
1081372,10365.0,Illustrator
534676,3389.0,
534676,40573.0,Narrator
12958037,1857564.0,
12958034,1857564.0,
6434104,2772067.0,
5312125,2282707.0,
5312124,2282707.0,
5312123,2282707.0,
280716,72538.0,
10439630,2961326.0,
7743782,190887.0,
227779,6206.0,
227778,6206.0,
30229062,57983.0,
30229062,1077326.0,
400914,13026.0,
400911,13026.0,
34831421,6551798.0,
819219,8349.0,
819219,12434.0,Narrator
819218,8349.0,
819218,12434.0,Narrator
22980192,13499400.0,
22980192,13016630.0,
22980192,247692.0,With
25892116,46540.0,
11346078,10896.0,
13061289,4785031.0,
61974,26.0,
305486,43784.0,
30260,17054.0,
11350552,375143.0,
6561976,7581.0,
9297525,6206.0,
13612676,15872.0,
17262208,2546.0,
2132280,6988.0,
16070918,13677.0,
13330100,5402447.0,
878879,8161.0,
13530566,5771853.0,
3843654,1638953.0,
2456909,26897.0,
23168406,2995873.0,
35273447,1228468.0,
84644,48433.0,
23278586,276660.0,
44687,8732.0,
44689,8732.0,
44689,11358.0,
44688,8732.0,
24903031,20248.0,
93276,53519.0,
93276,4041274.0,Editor
8309055,9766.0,
34927780,8224620.0,
404223,12980.0,
25861903,6244.0,
13104080,4637539.0,
27842346,55547.0,
27842346,7711592.0,Narrator
476542,48192.0,
6453270,6886129.0,
6453270,6430719.0,Pseudonym
6202318,17061.0,
13249204,47287.0,
20381983,4832976.0,
3213520,53193.0,
20409684,7429443.0,
12793778,1330292.0,
15809856,5265741.0,
9955669,3377941.0,
16135254,4666971.0,
6282066,505695.0,
233674,1654.0,
233674,10336.0,
233674,19441.0,
233679,1654.0,
7832957,191475.0,
110051,2465550.0,
61146,34408.0,
61146,34409.0,
7704943,8587.0,
13455189,2905789.0,
6978770,498072.0,
17262541,51167.0,
17554595,6978502.0,
15471,8516.0,
30288429,15283009.0,
16147399,25824.0,
13452375,38550.0,
17160673,71688.0,
17683,10746.0,
32714261,73084.0,
32714267,338705.0,
32714267,3193036.0,Illustrations
32714264,11890.0,
13261372,30819.0,
33676,3780.0,
13023410,5319212.0,
10345489,800019.0,
2050179,723652.0,
8288246,25422.0,
26891429,45315.0,
8144743,3519233.0,
13262764,2949152.0,
6290240,42110.0,
349470,13026.0,
5937597,2725468.0,
235749,38822.0,
235749,460917.0,Illustrator
235749,7593767.0,Illustrator
235749,17013943.0,Illustrator
235749,298413.0,Illustrator
235749,17013944.0,Illustrator
235749,4152004.0,Illustrator
235749,163021.0,Foreword
18089942,10741.0,
18089942,428566.0,Illustrations
3819326,71688.0,
6267237,21911.0,
11594286,296540.0,
4945081,6268.0,
114149,625.0,
317521,106.0,
317522,106.0,
317523,106.0,
33336580,150038.0,
603189,50873.0,
29102838,14005449.0,
25489567,13905555.0,
16074733,137553.0,
16074739,6459715.0,
6676742,3127624.0,
6676744,23023.0,
34484,1654.0,
6495082,656983.0,
8320840,9494.0,
8320840,406026.0,
456920,7717.0,
7113,4747.0,
7113,571819.0,Illustrator
2330711,146374.0,
19357385,7060225.0,
1236298,172490.0,
13024138,5244611.0,
561166,2938140.0,
561166,2938141.0,
561166,68038.0,Illustrator
7747374,3380908.0,
9371403,175855.0,
11809168,4637539.0,
17786279,346732.0,
21528372,346732.0,
10551947,34049.0,
1326258,17015.0,
1326258,17010.0,
108224,62586.0,
10822250,17152.0,
17349063,4074051.0,
2972472,17059.0,
28448877,7152490.0,
17428653,33467.0,
289915,656983.0,
11478390,580315.0,
924073,95132.0,
924073,471627.0,
20747635,5830526.0,
11264999,346732.0,
9666844,2983966.0,
6750738,93220.0,
16129491,445303.0,
19477973,3441.0,
216849,127082.0,
432808,52527.0,
432808,75497.0,
432808,97088.0,
26114263,1988739.0,
690949,57720.0,
690949,8471749.0,Editor
690949,23069.0,Introduction
18216608,5786232.0,
7965123,2868311.0,
18458653,3145809.0,
7248501,15292.0,
937122,477469.0,
6457229,3377941.0,
34964436,5042201.0,
34964436,3439408.0,
34964436,1077326.0,
13581917,2310121.0,
8084228,1499377.0,
964211,4699102.0,
964211,305055.0,Translator
30628688,14759054.0,
13253102,346732.0,
6715752,12948.0,
13421146,298438.0,
13421146,25355.0,Translator
13421146,5333638.0,Narrator
15716157,2883426.0,
8171792,3009541.0,
5138488,2125760.0,
11946938,2938140.0,
11946938,2938141.0,
11946938,26405.0,Illustrator
9515446,17015.0,
9515446,17010.0,
16032275,1136158.0,
16032275,2895898.0,Narrator
317474,20331.0,
63213,9494.0,
63213,12540.0,
63213,20598.0,Editor
63213,406026.0,Editor
9848566,505695.0,
8493755,10992.0,
2969219,27168.0,
7765054,417798.0,
20561761,146768.0,
18463179,345026.0,
12109372,108173.0,
9608960,73977.0,
15985364,10604071.0,Adapter
15985364,435038.0,Illustrator
15985364,4240402.0,Illustrator
15985364,40563.0,
485873,1069006.0,
12952129,8476.0,
32196125,1077326.0,
22453253,5321960.0,
16078220,1221698.0,
16078221,1221698.0,
355089,16094.0,
21519284,6542620.0,
1537678,490342.0,
1537678,207823.0,
13564311,4732289.0,
13516621,73149.0,
13516621,13165.0,Narrator
28449045,59390.0,
15841140,4928927.0,
6295173,182166.0,
6295173,63924.0,Illustrator
29079130,5181752.0,
29229799,370361.0,
6487308,2905297.0,
809835,205075.0,
2346649,8516.0,
3556419,38066.0,
11451287,379444.0,
7507931,4874418.0,
7507931,2847482.0,Translator
10508431,359109.0,
2771426,13014.0,
295107,23138.0,
10796535,4717601.0,
16149739,5066179.0,
15704459,38550.0,
10335072,48206.0,
487953,57462.0,
31702788,5806715.0,
2246092,33919.0,Editor
2246092,410598.0,Editor
2246092,58971.0,
2246092,347821.0,
2246092,130698.0,
2246092,162927.0,
2246092,6984757.0,
2246092,146286.0,
2246092,545.0,
2246092,61920.0,
2246092,713340.0,
2246092,93457.0,
2246092,16939.0,
2246092,58654.0,
2246092,234088.0,
2246092,2715.0,
2246092,207286.0,
2246092,86475.0,
7952502,4941.0,
13183921,3000519.0,
24242488,1429808.0,
18079596,6923558.0,
16468,214.0,
16468,5116.0,Illustrator
22665494,7031278.0,
985159,4.0,
13372875,5430216.0,
29753302,4684322.0,
2181371,725899.0,
8435071,116581.0,
7980,5329.0,
7983,5329.0,
7983,158961.0,Illustrations
7987,5329.0,
7989,5329.0,
7989,163933.0,Illustrator
48420,4522.0,
20494169,1654.0,
5646082,1251054.0,
5646082,1086478.0,Translator
5646082,3957285.0,Illustrator
13104964,357601.0,
443765,66700.0,
443765,3305.0,
443765,4947.0,
36178500,5804537.0,
13273777,11889.0,
13273777,286382.0,Narrator
13273777,436308.0,Narrator
13273777,712655.0,Narrator
13273777,49675.0,Narrator
13273777,405334.0,Narrator
9790778,815.0,
12394032,5139707.0,
12716317,1141209.0,
7942042,3159299.0,
7942042,452346.0,Translator
12604973,21911.0,
21991206,421434.0,
8564790,88506.0,
353016,202438.0,
96278,10518.0,
1575243,15873.0,
21570066,317741.0,
25821750,1194340.0,
3120541,8840.0,
3120541,2387.0,
1918062,1023510.0,
6070065,2772067.0,
28186364,119888.0,
625858,101078.0,
28114413,5127816.0,
6652893,20248.0,
10772954,3219496.0,
28954050,13481724.0,
342095,196212.0,
398218,5255014.0,
398218,7610927.0,Illustrator
398218,26.0,Introduction
6321845,99117.0,
18129100,4735144.0,
23611985,4919495.0,
11101181,4127933.0,
1369202,27379.0,
11249451,4980097.0,
12377549,85094.0,Editor
12377549,33919.0,
12377549,4798562.0,
12377549,7242419.0,Contributor
12377549,234088.0,Contributor
12377549,3400079.0,Contributor
12377549,1014253.0,Contributor
12377549,2438981.0,Contributor
12377549,2918731.0,Contributor
12377549,2917917.0,Contributor
12377549,2847544.0,Contributor
12377549,5779980.0,Contributor
12377549,338705.0,Contributor
12377549,2731828.0,Contributor
12377549,14454.0,Contributor
12377549,1307441.0,Contributor
12377549,107891.0,Contributor
12377549,4127611.0,Contributor
12377549,277536.0,Contributor
12377549,4175512.0,Contributor
12377549,401492.0,Contributor
12377549,19305.0,Contributor
12377549,22631.0,Contributor
12377549,221253.0,Contributor
12377549,2125760.0,Contributor
12377549,2978423.0,Contributor
12377549,773064.0,Contributor
12377549,2868678.0,Contributor
12377549,1105690.0,Contributor
12377549,193861.0,Contributor
12377549,2716954.0,Contributor
12377549,572738.0,Contributor
28869534,41942.0,
12648435,98903.0,
23485190,8061325.0,
13488718,4353097.0,
18782854,2876313.0,
17181509,5276341.0,
15808829,35023.0,
10482973,4652041.0,
25707090,116617.0,
29569660,14107529.0,
15700527,173493.0,
15700527,436308.0,Narrator
8571801,4115952.0,
26047310,13505420.0,
15808784,3297526.0,
6304918,7025.0,
13513299,417954.0,
15749124,6470520.0,
15749124,6431865.0,
2574397,177048.0,
279969,68082.0,Editor
279969,23001.0,
279969,8726.0,
279969,12540.0,
279969,45896.0,
279969,26932.0,
279969,140778.0,
279969,20598.0,
279969,1031911.0,
279969,102920.0,
279969,717781.0,
279969,57720.0,
279969,36998.0,
279969,6988.0,
279969,7317085.0,
279969,490342.0,
279969,2995925.0,
279969,246684.0,
279969,13479797.0,
279969,2768688.0,
279969,52005.0,
279969,38840.0,
279969,40173.0,
279969,6478378.0,
279969,18253.0,
279969,952333.0,
279969,5209023.0,
279969,52468.0,
279969,44407.0,
279969,26930.0,
279969,8694.0,
279969,5481957.0,
8017244,756861.0,
4619331,345275.0,
6329337,2937372.0,
6329335,2937372.0,
13733426,85545.0,
2272510,48190.0,
9277335,200317.0,
673158,4841825.0,
9583227,3387675.0,
10552088,6245.0,
10552088,6244.0,
186669,43784.0,
186668,43784.0,
27209420,74488.0,
22812019,49177.0,
15790816,13557729.0,
7438039,38550.0,
7438039,3154390.0,Narrator
13547135,4126827.0,
30653776,17059.0,
11843,106.0,
11841,106.0,
13011828,5227552.0,
24611454,625.0,
26115647,7361703.0,
23572569,8146388.0,
10611,3389.0,
176790,8685.0,
176790,8690.0,
176796,8685.0,
176797,8685.0,
655707,3389.0,
655707,748899.0,Illustrator
14288358,3222611.0,
35273455,1228468.0,
12995284,3406550.0,
25817702,6947727.0,
7745095,8443452.0,
327685,9629.0,
2401681,870.0,
7251081,30973.0,
7251081,2086916.0,Illustrations
15456561,5753870.0,
25776221,13505420.0,
20498467,359109.0,
161037,14870.0,
161037,262549.0,Introduction
19106050,6591475.0,
30840364,7074943.0,
23634448,4794993.0,
389099,221253.0,
389098,221253.0,
389098,2760606.0,Illustrator
13586905,14756566.0,
9377301,1370283.0,
7992102,137902.0,
20564828,1080585.0,
13397978,4719838.0,
13397978,5351025.0,Illustrator
7979788,1077326.0,
13631207,5828129.0,
1956954,326338.0,
7636552,2847542.0,
330110,10885.0,
28446392,7770873.0,
13057003,4086715.0,
25944812,43784.0,
13596160,5051193.0,
6172788,2803969.0,
28109970,18327.0,
28109970,7337942.0,
18244506,324620.0,
16582734,4575289.0,
16582734,3144008.0,Narrator
700769,6252.0,
7092396,468200.0,
6398824,57990.0,Pseudonym
6398824,1077326.0,
23219020,5137999.0,
925726,7308.0,
18131799,165168.0,
6001758,1373880.0,
26860475,941441.0,
23442007,3431194.0,
14759651,298438.0,
14759651,25355.0,translator
23262675,4372737.0,
15846011,445303.0,
23719427,715443.0,
289870,656983.0,
253155,147857.0,
253153,147857.0,
253153,3165318.0,Editor
1348596,103028.0,
13339767,7025.0,
59263,33467.0,
14799281,3020684.0,
13034561,3404577.0,
841974,10885.0,
6523876,784067.0,
185637,108173.0,
185636,108173.0,
185639,108173.0,
6324672,82453.0,
632800,11889.0,
18329357,6551703.0,
18329357,6551704.0,
20519465,116981.0,
18216708,5374955.0,
13722513,4684322.0,
29090898,14780791.0,
21337,9355.0,
21337,4845.0,
21337,44554.0,Narrator
8084361,545315.0,
1069434,41942.0,
25816768,31597.0,
7490472,123719.0,
10779905,660996.0,
8037634,4090397.0,
20556439,1857564.0,
20556438,1857564.0,
13024972,4124788.0,
24886019,338705.0,
24886019,7705923.0,Illustrator
2216132,773064.0,
1839075,4431689.0,
1839075,4431689.0,
569361,311365.0,
569361,1411091.0,Translator
9349915,4366471.0,
9349915,4474929.0,
9349915,32168.0,Introduction by
24942688,25307.0,
5978909,9494.0,
15704486,38550.0,
17847127,283727.0,
28220629,162810.0,
226486,4764.0,
610762,1429808.0,
16193519,2975887.0,
20494765,3112212.0,
9833184,137902.0,
29201141,8179024.0,
16004680,6525667.0,
25798596,8523418.0,
23441596,6572366.0,
6513549,2948436.0,
15840611,4146823.0,
6306686,497291.0,
6185409,1100089.0,
3420361,89622.0,
3420360,79589.0,
15745371,4154802.0,
8810098,24843.0,
8406607,191456.0,
20308308,7574619.0,
11078546,3387293.0,
20649133,4486715.0,
3080279,5339.0,
29502645,1369219.0,
15206714,6265027.0,
16180772,48192.0,
16180772,5989661.0,
2855034,1654.0,
18670392,4550595.0,
12406114,175855.0,
26367032,7168230.0,Pseudonym
26367032,358889.0,Narrator
2854878,28946.0,
28326264,6526309.0,
13037566,1938234.0,
126431,8347.0,
126437,142717.0,editor
126437,12052.0,editor
126437,1221698.0,contributor
126437,8347.0,contributor
126437,241236.0,contributor
126437,53193.0,contributor
126437,10896.0,contributor
126437,5989.0,contributor
126437,6587.0,contributor
126437,25.0,contributor
126437,40983.0,contributor
126437,331704.0,contributor
126437,1067608.0,contributor
126437,21158.0,contributor
126437,19305.0,contributor
126437,8694.0,contributor
126437,73422.0,contributor
126437,22993.0,contributor
126437,23069.0,contributor
126437,589.0,contributor
8662410,3200239.0,
6595466,1443712.0,
6595465,1443712.0,
6595461,277536.0,
9542082,4416306.0,
9542082,1132755.0,
200734,70854.0,
200734,11495.0,
2049823,8347.0,
21528313,28544.0,
6135854,982805.0,
22842001,1077326.0,
15793154,6154478.0,
97126,3389.0,
97126,6941.0,
13078298,45315.0,
9600796,3111338.0,
24466609,800381.0,
29939285,7012713.0,
21066968,9550.0,
16029965,1221698.0,
16029965,59749.0,Illustrator
13547873,4428.0,
3237247,53597.0,
11421556,2743065.0,
3439778,1202850.0,
22753787,8394925.0,
25198255,4558309.0,
15803907,17047.0,
229724,5158478.0,
229724,503641.0,Translator
16128254,6572062.0,
20440598,7172819.0,
21853753,8123145.0,
22673038,38550.0,
7991200,3465557.0,
427066,240708.0,
427062,240708.0,
502015,10317.0,
23215466,5255014.0,
23215466,13746479.0,Illustrator
23215464,24567.0,
5391115,7581.0,
13085609,6579126.0,
13085609,460870.0,
13085609,1000381.0,
11424566,545315.0,
21911709,2924930.0,
7485762,53212.0,
20256783,7690970.0,
363425,10087.0,
363425,1179548.0,Illustrator
22521580,7314532.0,
22521588,2261547.0,
99441,5339.0,
99449,8516.0,
11832549,136127.0,
19395125,7152490.0,
23754884,12570705.0,
23754884,7423027.0,Illustrator
7343947,17010.0,
7343947,7581.0,
7343947,137902.0,
7343947,9072.0,
7343947,200317.0,
21635564,7898495.0,
27038914,7710.0,
27038915,7710.0,
12980161,2958157.0,
8108225,293603.0,
34430839,3389.0,
34430839,14008944.0,
11439413,251542.0,
15808485,6919077.0,
15808485,4798562.0,
6987557,3780.0,
6987557,3022554.0,Narrator
6987557,3022555.0,Narrator
6987550,3780.0,
20748874,4666971.0,
4885190,323656.0,
8891899,941441.0,
21243216,3508219.0,
243272,38550.0,
6690798,45315.0,
11958874,355500.0,
20707052,833687.0,
7843500,3413873.0,
7843500,44524.0,Illustrator
7843500,5672314.0,
3422075,7581.0,
16003526,815259.0,
1260721,87086.0,
944076,276660.0,
944073,276660.0,
18490849,287923.0,
17261347,6552446.0,
10396652,346732.0,
13455782,4637539.0,
15730776,3384189.0,
18587384,445303.0,
6140185,1045593.0,
22819449,4575289.0,
15729539,88506.0,
8088201,17082.0,
7505716,8164.0,
7505716,180439.0,Illustrator
4352708,4430.0,
13547964,30819.0,
15768498,6448958.0,
133771,8360.0,
133772,8360.0,
6478502,2594.0,
32493793,3046613.0,
30244024,7233453.0,
16064625,588356.0,
21488061,457300.0,
912911,466971.0,
124119,12275.0,
17335881,4340243.0,
15826112,3486415.0,
6322122,2465550.0,
7972098,2988406.0,
7972098,1411091.0,Translator
17182125,2905297.0,
27005,4432.0,
27002,4432.0,
27003,4432.0,
27000,4432.0,
27001,4432.0,
858668,8596.0,
13572607,5053436.0,
2406857,48397.0,
22042788,64364.0,
2621383,31232.0,
17080266,5361693.0,
27154986,6974899.0,
34281,4260.0,
34282,4260.0,
34283,4260.0,
34284,4260.0,
34286,4260.0,
34287,4260.0,
34288,4260.0,
18052875,5027236.0,
18052871,17059.0,
10762697,25307.0,
33656433,6916708.0,
8452340,8649.0,
300986,8588.0,
300985,8588.0,
262401,49111.0,
28603205,14881027.0,
28603205,15071137.0,Illustrator
13611136,995289.0,
12385114,692437.0,
7171453,457300.0,
18806230,6938728.0,
50756,28550.0,
50750,28550.0,
22449288,15872.0,
289695,24818.0,
17345299,54989.0,
9765849,136127.0,
960493,36289.0,
56886,17618.0,
56886,546590.0,Illustrator
25820270,2973783.0,
9813826,4.0,
9813826,10917.0,Narrator
21912226,8144249.0,
9482067,17060.0,
11524833,3174636.0,
182547,7415.0,
31172294,8441270.0,
31172294,6878812.0,Translator
13574102,375143.0,
176521,11761.0,
176521,3920344.0,Designed by
176520,11761.0,
4791054,17060.0,
3096914,8349.0,
25801632,48192.0,
21469076,125984.0,
21469076,202254.0,Illustrations
6931246,33918.0,
177928,26.0,
177928,34859.0,
177928,832609.0,illustrator
177927,26.0,
6590551,52527.0,
18402115,5808037.0,
865029,732829.0,
179715,27072.0,
1173006,874602.0,
20555148,4721536.0,
114521,4260.0,
114520,4260.0,
731580,101078.0,
7101579,2937372.0,
551536,179712.0,
8664327,8588.0,
856030,426944.0,
8976692,150038.0,
8976692,5455609.0,Narrator
8976692,5455612.0,Narrator
11557982,580315.0,
26064257,550450.0,
18166890,4453028.0,
23398978,463914.0,
64401,65471.0,
26801274,12824805.0,
933547,10518.0,
17737091,54475.0,
2915837,27140.0,
146690,84803.0,
17399863,6082024.0,
12879875,5145815.0,
10093823,60577.0,
18624809,4423580.0,
6375862,142717.0,Editor
6375862,12052.0,Editor
6375862,61073.0,
6375862,8730.0,
6375862,33467.0,
6375862,53193.0,
6375862,5989.0,
6375862,58017.0,
6375862,34828.0,
6375862,1067608.0,
6375862,3252210.0,
6375862,3617.0,
6375862,8347.0,
6375862,31321.0,
6375862,6587.0,
6375862,29479.0,
6375862,4260.0,
6375862,7025.0,
6375862,10087.0,
6375862,8694.0,
6375862,8596.0,
6375862,241236.0,
6375862,331704.0,
9722241,105805.0,
16034320,6535416.0,
7303820,6252.0,
7303820,38550.0,
27408710,9990.0,
672875,53519.0,
672875,1885084.0,
672875,3012988.0,Introduction
19486775,669810.0,
7007561,153394.0,
646951,74488.0,
8475505,2261547.0,
530758,874602.0,
530759,874602.0,
613099,4.0,
29356118,150038.0,
6944583,752898.0,
1267905,5369.0,
1267905,7710.0,
1267905,15291.0,
1267905,119158.0,
8712343,71688.0,
29496535,8685.0,Editor/Contributor
29496535,2772185.0,Contributor
29496535,3247074.0,Contributor
29496535,28045.0,Contributor
29496535,32262.0,Contributor
29496535,721481.0,Contributor
29496535,5324146.0,Contributor
29496535,7226911.0,Contributor
29496535,16172721.0,Contributor
29496535,8647520.0,Contributor
29496535,38234.0,Contributor
29496535,7161255.0,Contributor
29496535,8591.0,Contributor
29496535,5294897.0,Contributor
29496535,897490.0,Contributor
29496535,207695.0,Contributor
29496535,2799345.0,Contributor
29496535,8690.0,Contributor
29496535,4080505.0,Contributor
29496535,919348.0,Contributor
29496535,878623.0,Contributor
29496535,69803.0,Contributor
29496535,1071572.0,Contributor
29496535,316778.0,Contributor
29496535,8691.0,Contributor
11841579,4126827.0,
6900601,1440203.0,
31380398,5032196.0,
6387565,3780.0,
6387565,13613.0,
9248345,1312879.0,
6261182,4874418.0,
6261182,2847482.0,Translator
8619943,4051426.0,
2887211,1251054.0,
2887211,1086478.0,Translator
12357615,1025280.0,
1294624,1077326.0,
1294624,2927.0,Illustrator
17295909,237787.0,
4346365,184987.0,
4346365,4396040.0,Translator
9915228,3380908.0,Pseudonym
9915228,1134021.0,Narrator
170758,3387850.0,
9669552,346732.0,Editor
9669552,15018.0,Contributor
9669552,4659292.0,Contributor
9669552,4601681.0,Contributor
9669552,2851727.0,Contributor
9669552,104676.0,Contributor
9669552,725899.0,Contributor
9669552,221253.0,Contributor
9669552,214232.0,Contributor
9669552,63341.0,Contributor
9669552,13029.0,Contributor
23367265,5295120.0,
23367261,5295120.0,
22465726,4103366.0,
35529904,4575289.0,
13594769,5309409.0,
18222556,1011572.0,
18222555,136146.0,
12781016,5121644.0,
21456821,34049.0,
4702664,1957584.0,
6380822,2891503.0,
2468596,38531.0,
17349181,146374.0,
10573384,213980.0,
618166,6252.0,
618162,6252.0,
16001043,54989.0,
5999949,128231.0,
23584923,9845024.0,
6249757,27498.0,
351640,171921.0,
9902193,221608.0,
20693807,7731179.0,
332753,190887.0,
332756,190887.0,
28361285,7742.0,
34791,19651.0,
8171449,10746.0,
12940394,90340.0,
13237492,2895111.0,
9738483,71688.0,
29939389,4499623.0,
29939388,1301649.0,
25716620,7798544.0,
12255711,1353301.0,
27272506,137902.0,
568104,11586.0,
568102,11586.0,
15923738,656983.0,
21411388,38550.0,
23214396,18445.0,
23214393,18445.0,
23591097,5041072.0,
23591092,437669.0,pseudonym
23591092,7577.0,
7831742,2891503.0,
13260130,580315.0,
23197620,21911.0,
6389303,2894899.0,
6557805,1691206.0,
12015441,2765760.0,
360973,656983.0,
360973,9545.0,Illustrator
8038219,48192.0,
29863883,5665572.0,
12381269,17061.0,
12988101,3169806.0,
20799109,3099544.0,
7369018,3249026.0,
18007558,32916.0,
1450967,8924.0,
6979554,282919.0,
6749996,2922003.0,
6428035,7577.0,
9219239,4325564.0,
27800707,7375751.0,
84144,4430.0,
84145,4430.0,
84146,4430.0,
84147,4430.0,
84142,4430.0,
84149,4430.0,Contributor
84149,48190.0,Contributor
84149,1356336.0,Contributor
84149,17060.0,Contributor
13604637,2956938.0,
13604637,3488176.0,
615919,1429808.0,
7850577,2977214.0,
656420,3389.0,
656420,133241.0,Illustrator
20902825,7883823.0,
7285498,3220024.0,
24088,11078.0,
24087,11078.0,
24087,4517970.0,Illustrator
13136967,5359732.0,
590205,19475.0,
13409499,123719.0,
22181319,410598.0,Editor
22181319,33919.0,Editor
20662728,8347.0,
25350996,4208569.0,
11030005,116581.0,
17204984,4134859.0,
9466840,410598.0,Editor
9466840,33919.0,Editor
9466840,8988.0,Contributor
9466840,8730.0,Contributor
9466840,25422.0,Contributor
9466840,130698.0,Contributor
9466840,4851069.0,Contributor
9466840,86768.0,Contributor
9466840,33918.0,Contributor
9466840,16939.0,Contributor
9466840,221253.0,Contributor
9466840,817578.0,Contributor
9466840,3293319.0,Contributor
9466840,10182.0,Illustrator
9466840,3090466.0,Illustrator
9466840,4798562.0,Contributor
9466840,3961.0,Contributor
9466840,5347935.0,Contributor
9466840,221608.0,Contributor
9466840,19305.0,Contributor
9466840,8347.0,Contributor
9466840,142270.0,Contributor
9466840,97284.0,Contributor
9466840,668710.0,Contributor
9466840,3095885.0,Contributor
9466840,6587.0,Contributor
9466840,15661.0,Contributor
1712569,5816.0,
16300814,6654039.0,
780878,241301.0,
12358349,298438.0,
12358349,25355.0,Translator
9618561,375143.0,
9618561,40881.0,
9618561,64364.0,
9618561,1395810.0,
10021764,26764.0,
6400017,355223.0,
17909373,7085810.0,
12119529,21748.0,
25114259,13613071.0,
141757,4099.0,
141757,9640.0,
542605,8516.0,
542605,135029.0,
542608,23894.0,
28220825,38550.0,
28220826,6434877.0,
23848113,6434877.0,
12296595,5307635.0,
2412563,668710.0,Editor / Contributor
2412563,146768.0,Contributor
2412563,143699.0,Contributor
2412563,510191.0,Contributor
2412563,1014253.0,Contributor
2412563,234088.0,Contributor
2412563,1957584.0,Contributor
2412563,1011829.0,Contributor
2412563,224189.0,Contributor
2412563,1890154.0,Contributor
2412563,1884632.0,Contributor
2412563,560014.0,Contributor
2412563,285812.0,Contributor
2412563,1207458.0,Contributor
2412563,560012.0,Contributor
2412563,401492.0,Contributor
2412563,338705.0,Contributor
2412563,1957587.0,Contributor
2412563,2915792.0,Contributor
2412563,2915794.0,Contributor
2412563,1346588.0,Contributor
2412562,668710.0,
23403402,7168230.0,Pseudonym
530848,293603.0,
579527,19475.0,
579527,117837.0,
13479530,12076.0,
13479530,254412.0,Illustrator
2508164,1112218.0,
22310860,4485813.0,
5151405,17015.0,
8667848,3849415.0,
28954137,150038.0,
28954137,836009.0,
28954137,10317.0,
28954137,21981.0,
16000975,30819.0,
4618860,8661.0,
7670661,4611069.0,
1179967,346732.0,
395871,50873.0,
395873,50873.0,
395875,50873.0,
61967,26.0,
61965,26.0,
61965,11906.0,
61965,34859.0,
145134,10517.0,
145134,34430.0,
15789722,2895706.0,
15789722,2895707.0,
8434922,2895111.0,
9817275,21748.0,
9817275,2146135.0,Narrator
33489,2991.0,
33489,18837.0,
740038,25.0,
740037,29535.0,
740030,392174.0,
20797388,5399219.0,
2272641,3995.0,
1144523,110234.0,
277189,25422.0,
277189,25421.0,Author/Illustrator
11552090,221073.0,
16059444,1301649.0,
3030080,34997.0,
26760091,8306309.0,
18157967,6000436.0,
25876872,7176787.0,
493383,275252.0,
23700532,1136158.0,
23700532,2895898.0,Narrator
94764,3389.0,
94767,3389.0,
94767,7431.0,Illustrator
18849738,4521954.0,
13209618,2891665.0,
13403217,2868678.0,
21412133,3912.0,
8679704,153732.0,
25566671,4573275.0,
18453183,3095.0,
25944798,123463.0,
17620279,1357414.0,
17675349,4122867.0,
7796794,24830.0,
7796794,59749.0,
2412493,18738.0,
15711341,26897.0,
6081612,17061.0,
1046363,5329.0,
17267392,6899335.0,
13325869,3187904.0,
13325869,2780539.0,
6719735,34049.0,
6719736,47104.0,
32560592,7360538.0,
295803,101070.0,
295801,101070.0,
295801,21578.0,Illustrations
295809,131683.0,
295809,385574.0,Illustrator
6453405,1051591.0,
13528330,59390.0,
17331295,2313312.0,
12964966,5298949.0,
15721733,79589.0,
6659411,17015.0,
20708754,72545.0,
6870698,6543097.0,
16028045,1569666.0,
16028045,5300258.0,Narrator
17908520,375626.0,
18761296,4542621.0,
741480,732829.0,
741481,732829.0,
741482,732829.0,
2575034,4522.0,
2575034,59165.0,
23719268,3130505.0,
2888317,2614.0,
2888317,7941.0,
2888317,71688.0,
2888317,139575.0,
68418,1023510.0,
6022863,167737.0,
23380120,7438156.0,
21566652,7084186.0,
6963653,8476.0,
263208,8589.0,
750609,37060.0,
22864855,468149.0,
232035,82540.0,
6293900,119830.0,
18217505,656983.0,
21496342,8023747.0,
11298,3354.0,
11298,323598.0,Translator
11290,2687.0,
12971643,241301.0,
22351151,4750529.0,
865324,6252.0,
2801914,6464383.0,
2801914,121364.0,
26835834,5335865.0,
28818217,4969406.0,
31837359,15723232.0,
23718561,7235297.0,
551454,7267068.0,
551454,302895.0,
551454,5775621.0,
551454,47586.0,Introduction
1542837,1040250.0,
88495,50873.0,
9944235,4518241.0,
33651972,370361.0,
33651972,80760.0,Original Idea
13160434,5367387.0,
17758805,1221698.0,
17758805,59749.0,Illustrator
29453893,6552446.0,
16102693,6562334.0,
6937878,153734.0,
619891,33461.0,
6891728,3085098.0,
5132915,28550.0,
9047566,155990.0,
16061083,6517970.0,
24453021,2860219.0,
27161228,1221698.0,
20551629,1204165.0,
16170191,656983.0,
16170191,16191.0,Narrator
9300804,276660.0,
25820414,7152490.0,
25852759,4414255.0,
61898,16094.0,
566752,1023510.0,
16059382,347319.0,
16059382,3998339.0,Illustrator
3077004,4763.0,
1085806,15299.0,
6644109,415967.0,
6644109,2995869.0,Narrator
1308762,26906.0,
12865120,73977.0,
12967,8146.0,
15468,8516.0,
29661618,7176787.0,
15460,8516.0,
15464,8516.0,
15466,8516.0,
2704776,55474.0,
7623110,15872.0,
28512547,144323.0,
1095395,1977.0,
228337,8660.0,
29773163,1076161.0,
23715018,4464118.0,
2888973,944594.0,
12106746,3389.0,
12106746,12738.0,Illustrator
10479750,4651111.0,
3267488,4260.0,
91929,6988.0,
91929,52850.0,Editor
7576123,33918.0,
23434427,5149973.0,
17149158,4629194.0,
824729,34049.0,
6261081,123719.0,
2770316,20983.0,
116398,8476.0,
10592898,1140298.0,
592949,17082.0,
14743234,5127366.0,
6567599,133838.0,
6302224,104514.0,
77197,25307.0,
77198,25307.0,
11120367,4759071.0,
11120367,4759072.0,Illustrator
43916,8588.0,
43915,8588.0,
43915,9933.0,
43915,4350009.0,
43915,24684.0,Illustrations
43919,8588.0,
9857540,321303.0,
16094002,4.0,
26529699,4476934.0,
7767952,2743065.0,
24854664,108424.0,
25057705,4005010.0,Editor
25057705,43989.0,Contributor
25057705,3418947.0,Contributor
25057705,4701504.0,Contributor
25057705,13461530.0,Contributor
25057705,1957584.0,Contributor
25057705,90780.0,Contributor
25057705,4447138.0,Contributor
25057705,6563092.0,Contributor
25057705,2917920.0,Contributor
25057705,16463085.0,Contributor
15981347,5335601.0,
410304,157663.0,
410304,178972.0,Illustrator
410306,157663.0,
410306,178972.0,Illustrator
410307,157663.0,
410307,178972.0,Illustrator
963508,8649.0,
6914086,7581.0,
1525091,693782.0,
25774452,63341.0,
6439630,348878.0,
6439630,2979462.0,Illustrator
11019938,852078.0,
603397,326338.0,
23247631,6082927.0,
3418156,25421.0,
6707693,3020684.0,
9727730,46138.0,Editor
9727730,5113251.0,Contributor
9727730,1067608.0,Contributor
9727730,108173.0,Contributor
9727730,107744.0,Contributor
9727730,40563.0,Contributor
9727730,10746.0,Contributor
9727730,27841.0,Contributor
9727730,52074.0,Contributor
9727730,19305.0,Contributor
9727730,3912.0,Contributor
9727730,4798562.0,Contributor
9727730,4127611.0,Contributor
9727730,11889.0,Contributor
9727730,175855.0,Contributor
9727730,8730.0,Contributor
9727730,162930.0,Contributor
9727730,26767.0,Contributor
9727730,24.0,Contributor
9727730,572738.0,Contributor
9727730,25422.0,Contributor
15804098,4735.0,
31311526,6469490.0,
22609112,3091065.0,
22609112,1411091.0,Translator
13414875,3342342.0,
364949,208650.0,
332032,5376.0,
25814363,7144440.0,
7830913,12350.0,
29775263,15148134.0,
6740756,1312879.0,
10886827,4744683.0,
480569,26.0,
817019,389792.0,
6052510,169523.0,
225781,108693.0,
23845997,6693411.0,
22070198,52752.0,
7862931,11858.0,
70587,22548.0,
70582,22548.0,
481559,7577.0,
93000,53348.0,
6611024,1857564.0,
219584,4699102.0,
219584,29574.0,Translator
15733023,4959800.0,
27069953,30819.0,
16007855,4279785.0,
11727777,3425403.0,
560721,4432.0,
967634,88608.0,
3465309,435114.0,
10380505,4611069.0,
17899113,3431194.0,
17899116,4610078.0,
513254,8659.0,
513253,8659.0,
15793149,46138.0,Editor
15793149,4687563.0,Editor
15793149,1207458.0,Contributor
15793149,1651952.0,Contributor
15793149,91717.0,Contributor
15793149,4022202.0,Contributor
15793149,338705.0,Contributor
15793149,11889.0,Contributor
15793149,36175.0,Contributor
15793149,5989.0,Contributor
15793149,7025.0,Contributor
15793149,8694.0,Contributor
15793149,24.0,Contributor
15793149,11890.0,Contributor
15793149,19305.0,Contributor
15793149,3400079.0,Contributor
15793149,4625773.0,Contributor
15793149,8125999.0,Contributor
15793149,52320.0,Contributor
15793149,108173.0,Contributor
15793149,86475.0,Contributor
7927971,2961326.0,
11726303,835348.0,
11823941,4979194.0,
16146662,3406550.0,
8820029,71688.0,
8820028,71688.0,
8820027,71688.0,
6659480,1307342.0,
25744617,276660.0,
7416872,1948907.0,
7416873,56352.0,Editor
7416873,4067140.0,Editor
7416873,25422.0,
7416873,589.0,
7416873,346732.0,
7416873,26.0,
7416873,271200.0,
7416873,14454.0,
7416873,3619.0,
7416873,4260.0,
7416873,8685.0,
7416873,10518.0,
7416873,8347.0,
7416873,108173.0,
7416873,7415.0,
7416873,4338.0,
7416873,8694.0,
7416873,76288.0,
7416873,81037.0,
7416873,86475.0,
7416873,38631.0,
7416873,12991.0,
7416873,277536.0,
7416873,13218.0,
7416873,25.0,
7416873,15188.0,
7416873,57814.0,
7416873,26767.0,
7416873,5989.0,
7416873,8185168.0,
7416873,989968.0,
7416873,874602.0,
7416873,8730.0,
7416873,1067608.0,
6297,4263.0,
6297,8486.0,Translator
6294,4260.0,
6291,1023510.0,
16099213,5089521.0,
381072,217051.0,
381072,44524.0,Illustrator
11120949,2921810.0,
1961516,48192.0,
7954223,2876763.0,
499415,33918.0,
16045203,5323170.0,
12951328,153703.0,
16092145,5299577.0,
419363,8794.0,
286338,166104.0,
15845719,4446076.0,
18371589,18967.0,
18371589,104179.0,
18371588,18967.0,
18371588,104179.0,
30294279,15284813.0,
17707700,6456015.0,
9664909,44003.0,
8614631,3397290.0,
23609445,150038.0,
23609445,836009.0,
23609445,10317.0,
1226,811.0,
13132237,5355675.0,
2363092,1005984.0,
277190,25422.0,
277190,25421.0,
277191,25422.0,
277191,25421.0,
15824178,172490.0,
3309615,7031278.0,
141036,81338.0,
30152785,8587788.0,
7278720,36122.0,
591402,1112441.0,
23848072,8446648.0,
2029361,8454.0,Adapter
2029361,8455.0,Artist
2029361,346732.0,
11018854,492365.0,
11018856,28569.0,
11018851,35022.0,
49281,27704.0,
25073764,8164.0,
25073764,180439.0,Illustrations
23591,656983.0,
23591,9533.0,Editor
23591,9545.0,illustrator
23596,1582.0,Editor
23596,4988270.0,Contributor
23596,364195.0,Contributor
23596,454151.0,Contributor
23596,4633123.0,Contributor
23596,18393.0,Contributor
23596,51422.0,Contributor
23596,708105.0,Contributor
23596,29974.0,Contributor
23596,684446.0,Contributor
23596,2413.0,Contributor
23596,33546.0,Contributor
23596,16022666.0,Contributor
23596,3242.0,Contributor
23596,351924.0,Contributor
23596,8127.0,Contributor
23596,92665.0,Contributor
23596,9172.0,Contributor
23596,485215.0,Contributor
23596,2944392.0,Contributor
23596,7935185.0,Contributor
6797476,2397976.0,
6797476,253498.0,Translator
10594929,7025.0,
10594929,6543253.0,Illustrator
15763857,81096.0,
4497978,375143.0,
2153427,361963.0,
1000049,58.0,
70453,8164.0,
70453,78071.0,Illustrator
70453,433174.0,Afterword
8244021,811.0,
10468701,2755160.0,
112753,48206.0,
459822,80984.0,
459820,80984.0,
1063376,20602.0,
1063378,20602.0,
1479426,7622049.0,
25111061,3389.0,
25111061,443701.0,Narrator
25111061,5777705.0,Narrator
25111061,183421.0,Narrator
25111061,141947.0,Narrator
25111061,1572776.0,Narrator
25111061,3114310.0,Narrator
25111061,3132853.0,Narrator
25111061,3032350.0,Narrator
25111061,708623.0,Narrator
25111061,13471300.0,Narrator
25111061,680734.0,Narrator
25111061,473481.0,Narrator
25111061,105602.0,Narrator
25111061,1004238.0,Narrator
291628,23895.0,
1037242,13026.0,
13184403,5375087.0,
13184403,5375088.0,Illustrator
1011086,40593.0,
10841290,1365342.0,
6631944,2687.0,
28208687,2559520.0,
28208687,4532873.0,
7556058,2895111.0,
34861977,8434494.0,
4028900,17015.0,Editor
4028900,15292.0,
4028900,17010.0,
4028900,1192311.0,
4028900,27206.0,
4028900,8694.0,
4028900,137902.0,
4028900,202438.0,
4028900,415967.0,
16142081,12479.0,
11210965,359573.0,Editor
11210965,81698.0,Editor
11210965,833164.0,
11210965,556794.0,
11210965,901360.0,
11210965,3038507.0,
11210965,234088.0,
11210965,108173.0,
11210965,172490.0,
11210965,2860219.0,
11210965,6555304.0,
11210965,1259835.0,
11210965,215177.0,
11210965,4427602.0,
11210965,572256.0,
11210965,4427603.0,
11210965,6555313.0,
951749,5376.0,
13574640,3389.0,
13574640,19365.0,Narrator
11721960,4776314.0,
18880,8732.0,
18880,11358.0,
6764886,4260.0,
6764888,182166.0,
7292936,8185168.0,
16692,656983.0,
16692,9498.0,Editor
16692,9497.0,Editor
16690,205.0,
16694,656983.0,
16694,15513625.0,Cover Designer
16694,9545.0,Cover Illustrator
14367071,2876763.0,
13406329,767547.0,
19004412,4201733.0,
1116627,550367.0,
1116627,5759417.0,Translator
45978,8349.0,
17196290,5875014.0,
22718758,144690.0,
15765529,410993.0,
22618934,3415820.0,
22618934,1346653.0,
13528218,4730894.0,
13528218,3132865.0,Reading
16054801,2384.0,
16059424,4111146.0,
16059426,9072.0,
13350,8349.0,
526071,11586.0,
1169808,50873.0,
30241,9550.0,
30246,9550.0,
2319385,194172.0,
2319381,1042536.0,
2573116,8596.0,
18693878,359573.0,
13108221,17152.0,
6801652,153732.0,
6801652,1411091.0,Translator
1103543,108693.0,
23129755,3370128.0,
37586,10896.0,
285985,4.0,
6447415,746724.0,
18338679,6535416.0,
1320105,3857639.0,
371698,1429808.0,
371698,36730.0,
371698,212024.0,
371698,177049.0,
18464576,5768382.0,
846616,12695.0,
846613,12695.0,
79259,4.0,
8557812,78111.0,
952462,8835.0,
15769991,6150459.0,
2763660,9355.0,
7932568,17061.0,
9362495,3023964.0,
15826570,6452190.0,
23530428,7375708.0,
35098412,14926516.0,
32600771,1400540.0,
32600771,14079950.0,
17184046,6869437.0,
9440324,815.0,
9440324,221645.0,Translator
85866,49111.0,
18681553,6466369.0,
12285415,128040.0,
12285415,2517916.0,illustrator
28577883,5421050.0,
16108150,94868.0,
13548152,3497970.0,
26113776,24818.0,
26113776,777907.0,
9939254,205075.0,
21858453,1370283.0,
861482,13663.0,
861482,121656.0,illustrator
24059820,3486415.0,
18042620,5294897.0,
271060,5989.0,
1018241,4260.0,
1018243,4260.0,
7179268,71688.0,
18077958,2915851.0,
15736007,4965091.0,
1066078,5816.0,
13538824,38550.0,
9852529,277536.0,
18079746,6463972.0,
13533668,1951011.0,
13127397,4323055.0,
22699416,300145.0,
17159412,6467424.0,
13533644,27206.0,
13533644,174708.0,
18486492,5133625.0,
29509610,4900972.0,
29509610,6543639.0,
13538849,781242.0,
13508220,4430.0,
7876300,466494.0,
29988414,15201503.0,
331478,7135042.0,
531127,1221698.0,
17934459,355175.0,
18665617,5808037.0,
12908993,4428.0,
12908993,2889695.0,narrator
23014760,7046918.0,
18136779,5124235.0,
18318648,2843991.0,
7839170,7581.0,
13349,8349.0,
12387628,3387675.0,
618230,1301649.0,
15547,9629.0,
13031257,1025280.0,
6561933,7581.0,
18509623,7055613.0,
9662110,3988619.0,
32067510,15813968.0,
13451182,4610078.0,
3586934,81338.0,
24866,26.0,
24866,1948907.0,
24869,26.0,
7823600,3342174.0,
644336,122995.0,
644335,122995.0,
2689742,1180263.0,
10848294,11654.0,
3493019,22018.0,
703870,172490.0,
7846430,28064.0,editor
7846430,162927.0,Foreword
65633,37048.0,
65633,1098474.0,Foreword by
65633,1069006.0,
65636,1069006.0,
65636,25523.0,Illustrator
28963393,38550.0,
28963393,7711592.0,Narrator
25944381,7074943.0,
25944385,2987125.0,
25944389,7074943.0,
6543755,1312879.0,
20897351,17719.0,
20897351,915053.0,Illustrator
8968,5816.0,
8963,5816.0,
8962,5816.0,
8960,5816.0,
8967,5816.0,
8965,5816.0,
29497,16589.0,illustrator
29497,16591.0,
2731336,184504.0,
2731336,571819.0,Illustrations
13531598,86475.0,
33517549,108173.0,
225683,132091.0,
1685995,58.0,
11751163,20248.0,
216698,126996.0,
317385,34878.0,
317385,285212.0,Translator
2658545,245963.0,
6916562,826097.0,
1685350,24830.0,
1685350,59749.0,Illustrations
1017777,4260.0,
1017777,222204.0,Illustrator
28562419,5768611.0,
15808640,28550.0,
22386002,17061.0,
18054074,4074051.0,
16248247,1221698.0,Editor
16248247,27075.0,Contributor
16248247,27528.0,Contributor
16248247,83357.0,Contributor
16248247,1067608.0,Contributor
16248247,4682018.0,Contributor
16248247,588356.0,Contributor
16248247,4260.0,Contributor
16248247,12534.0,Contributor
16248247,49111.0,Contributor
16248247,6904801.0,Contributor
16248247,2454.0,Contributor
16248247,4088681.0,Contributor
16248246,1221698.0,"Editor, Contributor"
16248246,12534.0,Contributor
16248246,49111.0,Contributor
16248246,6904801.0,Contributor
16248246,2454.0,Contributor
16248246,27528.0,Contributor
16248246,83357.0,Contributor
16248246,1067608.0,Contributor
16248246,27075.0,Contributor
16248246,4682018.0,Contributor
16248246,4988270.0,Contributor
16248246,4260.0,Contributor
16248246,6076026.0,Contributor
16248246,7935185.0,Contributor
16248246,144323.0,"Editor, Contributor"
16248246,588356.0,Contributor
5892240,344618.0,
6911755,2921661.0,
10618137,4555930.0,
6364657,2885316.0,
650584,7144810.0,
650584,7144814.0,Avatar Project Pseudonym
650583,7144814.0,Avatar Project Pseudonym
650583,8154.0,
40214,9237.0,
17061189,5424286.0,
21487693,728092.0,Writer
21487693,4698899.0,Artist
21487693,13480257.0,
816828,9550.0,
6739768,48192.0,
6739768,17064.0,
6739768,17063.0,
31563982,4637539.0,
22237141,39839.0,
22237141,296516.0,Translation
6082128,630285.0,
13055677,3471272.0,
10891987,48206.0,
20566064,6869934.0,
7353243,61741.0,Editor
7353243,92149.0,
7353243,322402.0,
7353243,35022.0,
7353243,25376.0,
7353243,12444.0,
7353243,225692.0,
7353243,63341.0,
7353243,9018.0,
7353243,14024.0,
7353243,1343790.0,
7353243,45103.0,
7353243,20295.0,
7353243,162936.0,
7353243,13681.0,
7353243,4756989.0,
7353243,3483225.0,
27220377,843234.0,
27220377,999289.0,
10196565,34049.0,
10196565,5158478.0,
7786629,102987.0,
21523444,4721318.0,
3671826,833164.0,
23450710,6423161.0,
2424001,2493.0,
2662886,13677.0,
2662886,7877.0,Illustrations
13294746,5354958.0,
31423572,230991.0,
334042,191475.0,
526722,17061.0,
2371491,1061934.0,
2371491,380242.0,Illustrator
16081758,4632663.0,
1124895,3619.0,
12040447,589.0,
1065971,5816.0,
13383122,13733.0,
2440646,12695.0,
2440645,12695.0,
9003597,4245438.0,
14758712,270487.0,
23255448,7268279.0,
25752041,14112744.0,
539428,28083.0,
11767287,4962350.0,
605562,106.0,
17610485,4412038.0,
15731772,5757476.0,
304940,99776.0,
351015,139575.0,
12506433,5172281.0,
17978137,272814.0,
13540519,1415543.0,Editor
13540519,2884780.0,
13540519,3228055.0,
13540519,2188726.0,
13540519,2761947.0,
13540519,2885316.0,
13540519,2828923.0,
13540519,2096360.0,
13540519,1487748.0,
13540519,4018722.0,
13540519,1443712.0,
13540519,2261547.0,
13540519,836009.0,
13540519,3111338.0,
13540519,6470642.0,
13540519,5009050.0,
9544818,3100200.0,
13031380,5321960.0,
13031380,5392744.0,Narrator
45436,10896.0,
23454794,4983109.0,
17281364,4670048.0,
3845819,50709.0,
13512929,28550.0,
13512929,2503028.0,
13512929,4720629.0,
102549,1069006.0,
18850627,33508.0,
16130530,5278088.0,
10822395,4668167.0,
89018,51118.0,
322067,23069.0,
12981174,37613.0,
2550219,32401.0,
18940399,5147170.0,
18915086,7421120.0,
18655944,7307477.0,
18655944,524200.0,Narrator
1192756,580315.0,
9868970,375143.0,
944555,217735.0,
7150756,12695.0,
7150757,12695.0,
672843,117339.0,
22740196,15872.0,
12169250,250784.0,
1258928,106.0,
887858,10518.0,
17286840,93547.0,
10697427,3407883.0,
7243411,1045593.0,
24224363,3229176.0,
32320661,16022936.0,
13479773,5020443.0,
1111615,6252.0,
140128,28083.0,
140127,28083.0,
882258,8694.0,
4923484,408864.0,
31829155,8546572.0,
24885853,4126827.0,
24885851,150038.0,
24885851,836009.0,
24885851,10317.0,
8752893,3857639.0,
17826203,7054485.0,
11778435,4965591.0,
34335023,13592900.0,
8008339,941441.0,
8008339,3472681.0,Read by
25361876,7742.0,
25361875,74488.0,
17692873,2891665.0,
13277796,21489.0,
13277796,380596.0,Illustrations
201345,5329.0,
22016387,25307.0,
17795362,7046918.0,
25394030,3406550.0,
21473811,739875.0,
25328876,7085366.0,
6391467,8649.0,
20804029,5053831.0,
20804029,5781888.0,
20804029,5815639.0,
20804029,7847409.0,
20804029,7847410.0,
20804029,5694181.0,
12670884,4768263.0,
3157877,93220.0,
9744175,5125372.0,
6951861,498072.0,
7005878,3124999.0,
10118444,13730.0,
11099141,4446076.0,
34775591,15108914.0,
301082,17061.0,
20565724,6441917.0,
2202052,621058.0,
201991,23069.0,
18367581,13957.0,
10848789,4764.0,
25868043,8348634.0,
15705572,5823058.0,
9830133,33918.0,
9830133,5774051.0,Narrator
137627,41202.0,
62005,3619.0,
62005,27075.0,Illustrator
62005,348401.0,cover artist
62004,3619.0,
333953,46474.0,
9311591,4815851.0,
34871,19710.0,adaptor
34871,2751991.0,Artist
34871,10366.0,Based On Work by
12561585,2870420.0,
13051355,1136158.0,
32075842,4827710.0,
11970994,38569.0,
11970994,54497.0,Translator
7430840,2905297.0,
7430840,1144378.0,Narrator
4928007,41032.0,
2504935,27.0,
47536,4260.0,
26117652,370361.0,
18184424,4845.0,
18184424,521640.0,Reading
10487466,4493935.0,
7957420,823146.0,
5648871,790918.0,
15818573,2261547.0,
9799608,1221698.0,
7114825,8660.0,
25430703,9629.0,
239252,10089.0,
239252,146952.0,Foreword
239252,54475.0,Introduction
27973757,5868487.0,
22611561,923789.0,
11545542,128041.0,
25734163,2261547.0,
17667009,2860219.0,
6265977,1388626.0,
682681,4633123.0,
11388187,74863.0,
11388187,4859381.0,
263407,8516.0,
104078,60177.0,
874977,427315.0,
18281064,1228468.0,
11777864,4260.0,
11777864,64039.0,Illustrator
11512712,375143.0,
321647,53574.0,
30257523,15872.0,
7297559,1282287.0,
31140332,12479.0,
18068907,8660.0,
28936334,240840.0,
16091323,560412.0,
16091323,328981.0,
32714776,16001400.0,
1191652,1654.0,
13121817,5355031.0,
15788084,1429808.0,
18006096,4476934.0,
319260,23704.0,
21873092,32401.0,
18176657,5047249.0,
4446826,214232.0,
29877824,2828923.0,
25797414,7778856.0,
2444203,7581.0,
12754915,13014.0,
23460900,18111.0,
18079646,74488.0,
3094593,625.0,
606969,22547.0,
91836,7540.0,
11196925,3036291.0,Editor
11196925,4798562.0,Contributor
11196925,18253.0,Contributor
11196925,8794.0,Contributor
11196925,34429.0,Contributor
11196925,4088550.0,Contributor
11196925,3064456.0,Contributor
11196925,3400076.0,Contributor
11196925,58856.0,Contributor
11196925,108173.0,Contributor
11196925,1141781.0,Contributor
11196925,19472.0,Contributor
11196925,715521.0,Contributor
11196925,128466.0,Contributor
11196925,53193.0,Contributor
11196925,118465.0,Contributor
11196925,221253.0,Contributor
11196925,4747895.0,Contributor
11196925,58889.0,Contributor
11196925,335132.0,Contributor
11196925,376166.0,Contributor
11196925,58971.0,Contributor
11196925,20602.0,Contributor
11196925,121364.0,Contributor
11196925,23069.0,Contributor
11196925,5132157.0,Contributor
11196925,7083555.0,Contributor
11196925,466494.0,Contributor
14781491,38569.0,
14781491,54497.0,Translator
22735855,6569623.0,
378639,23284.0,
215463,13867.0,
215463,466437.0,Illustrator
3437310,1445909.0,
339448,20560.0,
16038839,6537150.0,
6745760,73154.0,
6745760,3015195.0,Illustrator
11487809,3020656.0,
11487807,4025591.0,
7740064,19954.0,
7740061,421434.0,
7740060,1159584.0,
6308153,136127.0,
12157252,2310121.0,
7169578,45315.0,
31334226,6879348.0,
18746357,4786551.0,
12979337,4721318.0,
60836,20602.0,
60837,20602.0,
13126214,1847256.0,
2712887,35022.0,
239066,1023510.0,
10439597,4.0,
116591,14765007.0,
116591,3242.0,
26114130,806782.0,
13260668,5265998.0,
343285,48192.0,
6354496,1443712.0,
6354496,2881407.0,Narrator
832116,3618.0,
805425,239579.0,
19580,6941.0,
19278261,79589.0,
22718726,2958157.0,
8643407,1136158.0,
22537667,7087082.0,
200335,4988270.0,
123408,40563.0,
53132,30033.0,
53135,30033.0,
53134,30033.0,
53136,30036.0,
6050363,58997.0,
16101069,590558.0,
20893389,17061.0,
20893389,2895111.0,
20893389,5784534.0,
20893389,28656.0,
20893389,27206.0,
20893389,3237942.0,
20893389,1292596.0,
20893389,2358.0,
20893389,1429808.0,
20893389,15292.0,
20893389,4522.0,
20893389,7155219.0,
20893389,6573790.0,
20893389,2860219.0,
20893389,329391.0,
20893389,72451.0,
20893389,81016.0,
10410973,25307.0,
147646,5194.0,
26109086,265011.0,
7495184,40563.0,
19286662,23704.0,
22545870,1330292.0,
22545870,737890.0,Narrator
22545870,6080025.0,Narrator
13389182,324620.0,
33570520,4097558.0,
13012603,2274221.0,
6632166,6244.0,
18586128,7302815.0,
12534692,5179624.0,
6681184,17061.0,
8014225,3780.0,
16650652,3508354.0,
27209460,119888.0,
17242445,833687.0,
15717651,2895706.0,
15717651,2895707.0,
6600527,5369.0,
628445,1630.0,
7230309,3200239.0,
2725169,11858.0,
3244125,418784.0,
16158569,43393.0,
6503152,17059.0,
6503152,267687.0,
6503152,2168689.0,
6503154,17059.0,
6503156,17059.0,
1788166,86265.0,
66678,1023510.0,
66676,1023510.0,
66675,1023510.0,
6767883,835348.0,
27862076,7326382.0,
93282,585.0,
6962792,167605.0,
6962792,202311.0,
24722156,5355122.0,
16719966,6767293.0,
17946659,7097656.0,
17332556,266470.0,
17332550,4864634.0,
30075733,15011553.0,
30090252,15211832.0,
30090252,295793.0,Translation
31134210,14674797.0,
29954,138207.0,
565595,60478.0,
8606522,3486415.0,
13402805,277536.0,
16158511,463914.0,
28962883,2924955.0,
9683521,656983.0,
1042546,8347.0,
3099787,50873.0,
541923,2413.0,
541923,1069006.0,Introduction
18139978,63341.0,
2152871,9237.0,
29624,8840.0,
29624,2387.0,
29623,8840.0,
29623,2387.0,
23848236,38550.0,
11135458,498980.0,
17286947,992207.0,
540998,10885.0,
11896968,37613.0,
7698251,10746.0,
7698251,169487.0,Narrator
297876,48190.0,
15765663,2387.0,
395551,224518.0,
8918559,1239645.0,Editor
8918559,445303.0,Contributor
8918559,345572.0,Contributor
8918559,3027554.0,Contributor
8918559,3009541.0,Contributor
8918559,3111338.0,Contributor
8918559,823146.0,Contributor
8918559,777907.0,Contributor
8918559,1312879.0,Contributor
8918559,1058653.0,Contributor
8918559,2885316.0,Contributor
8918559,27100.0,Contributor
8918559,835348.0,Contributor
8918559,4431689.0,Contributor
13316241,4983109.0,
2788968,1182729.0,
18309663,7163501.0,
152427,11889.0,
32618126,16274241.0,
13412960,5044405.0,
10754266,4522335.0,
10754265,4522335.0,
905656,463850.0,
905656,43745.0,
905656,463849.0,
1293881,12014.0,
987825,88523.0,
987825,210154.0,Foreword
987825,422445.0,Foreword
14794891,13547939.0,
14794891,4993738.0,
248884,145435.0,
248884,42506.0,Translator
248881,145435.0,
248881,42506.0,Translator
248882,145435.0,
248882,42506.0,Translator
248883,145435.0,
248883,42506.0,Translator
108166,947.0,
108166,6460726.0,
15801595,136127.0,
24900805,4880860.0,
24900805,13490241.0,Illustrator
17349164,88506.0,
27068671,1058268.0,
23488236,8224327.0,
7011403,25307.0,
16686018,2876763.0,
17334529,4428.0,
13625929,4132968.0,
13625929,6464112.0,Illustrator
13625929,4315436.0,Editor
7039742,165466.0,
17348191,8794.0,
493808,3389.0,
1148721,60177.0,
22504626,8936025.0,
24218164,7144849.0,
17165026,4432.0,
22051429,7323620.0,
7945006,8685.0,Editor
7945006,1967.0,Contributor
7945006,69803.0,Contributor
7945006,41194.0,Contributor
7945006,34861.0,Contributor
142776,82467.0,
142778,51513.0,
142778,3510823.0,
6740409,3389.0,
6740409,473481.0,Narrator
17571913,172879.0,
77289,874602.0,
19911,23.0,
19911,11853.0,
19910,23.0,
19912,23.0,
19914,23.0,
19916,23.0,
19916,1429808.0,
19916,11858.0,
19916,11859.0,
7662235,8988.0,
21901453,4575289.0,
20446802,336058.0,
5997734,17597.0,
5997734,786250.0,
5997734,7941.0,
884288,1654.0,
9917957,99117.0,
92762,25.0,
92769,25.0,
9094324,117339.0,
4286100,1802330.0,
810838,19564.0,
29431527,4959062.0,
29431527,4590842.0,
6374994,20295.0,
13759,4260.0,
12986169,4074044.0,
2878713,86475.0,
24663516,38066.0,
15754767,6443222.0,
12954989,1635425.0,
386376,7577.0,
386375,1654.0,
386374,1654.0,
386373,1654.0,
386371,1654.0,
13411612,3415819.0,
3349087,25205.0,
27190371,8388731.0,
27190371,9345.0,Illustrations
11165590,38951.0,
383129,171139.0,
383129,40574.0,Introduction
15727731,48192.0,
9373635,4431689.0,
9373635,158961.0,Illustrator
298463,172130.0,
298464,50873.0,
18159196,4430.0,
18525706,504038.0,
6990420,137386.0,
7454295,149897.0,
13411964,5445166.0,
9400850,9550.0,
9400850,2959421.0,narrator
9419570,4386136.0,
9533378,4414255.0,
6303144,28550.0,
9630,1630.0,
6505358,2945301.0,
8715787,3418947.0,
22105019,8203542.0,
3287236,224518.0,
148324,85813.0,
25622828,4838926.0,
11000229,415967.0,
8940208,3112114.0,
18910286,995289.0,
18423,874602.0,
18423,2966914.0,Translator
9151103,692437.0,
20821163,136127.0,
488450,272814.0,
15796748,51167.0,
17790217,5815432.0,
13458800,83308.0,
10335112,48206.0,
222656,5339.0,
222656,3936678.0,Illustrator
222659,5339.0,
18616975,7044164.0,
16161779,6584385.0,
489608,273399.0,
18371691,5369.0,
1866352,127492.0,
6621017,9494.0,
17318894,6915219.0,
17190382,3329042.0,
31486,17618.0,
31486,546590.0,Illustrator
26159959,7032969.0,
8489034,3297526.0,
5169728,15872.0,
16250637,876105.0,
18730500,9355.0,
11827476,8588.0,
6249838,9072.0,
10446243,10746.0,
361119,4841825.0,
2436617,108173.0,
13508069,415967.0,
352701,24830.0,
352701,59749.0,
352700,125984.0,
352700,3980090.0,
12392156,354490.0,
12392156,4987918.0,Contributor
4045691,573850.0,
4045691,26170.0,
21920692,88506.0,
18523130,7082436.0,
22125258,24902.0,
1033662,6245.0,
1033662,6244.0,
1033662,337207.0,Illustrator
7241962,3090324.0,
15822336,4308706.0,
13265293,60478.0,
14760394,6154201.0,
2185147,41942.0,
774368,5158478.0,
774368,365385.0,Translator
774368,15743202.0,
30842347,6244.0,
8480676,3681.0,
7655716,74488.0,
13642647,17082.0,
24895536,137902.0,
7953079,2072970.0,
13018514,2964564.0,
17560541,771.0,
6609694,345739.0,
7511070,79589.0,
23551456,19157.0,Editor
23551456,1183314.0,Editor
23551456,43043.0,Editor
23551456,342139.0,Contributor
23551456,347427.0,Contributor
23551456,26878.0,Contributor
23551456,273399.0,Contributor
23551456,795846.0,Contributor
23551456,3193908.0,Contributor
23551456,277536.0,Contributor
23551456,30033.0,Contributor
23551456,9848415.0,Contributor
23551456,7094798.0,Contributor
23551456,846270.0,Contributor
23551456,422436.0,Contributor
23551456,1351982.0,Contributor
23551456,81309.0,Contributor
23551456,377417.0,Contributor
23551456,2103067.0,Contributor
13515091,41942.0,
13515095,767317.0,
3304393,53574.0,
12513132,4951964.0,
420388,213980.0,
18001355,4575289.0,
6278121,5244478.0,
14759306,771.0,
645180,71155.0,
11476658,4883038.0,
13665100,5837868.0,
9761771,4476934.0,
9761778,4476934.0,
23165006,12068522.0,
15753128,47991.0,
1002736,12534.0,
15802452,137553.0,
15802450,137553.0,
4700482,579649.0,
4700482,15730468.0,
28188348,5028484.0,
32673847,14831545.0,
30983474,3389.0,
30983471,3389.0,
30983478,3389.0,
15842705,498072.0,
623976,38550.0,
219205,12980.0,
17081065,2331.0,
278462,162220.0,
278462,162219.0,
562253,16939.0,
40159,22542.0,
40158,22542.0,
40157,22542.0,
1593623,25307.0,
10886703,137553.0,
10886703,413379.0,
742576,1077326.0,
11901,7577.0,
11985913,2761947.0,
9985697,3353516.0,
34089632,57983.0,
34089632,1077326.0,
34089632,14228473.0,Narrator
110692,8732.0,
110692,11358.0,
110694,8732.0,
15513156,504038.0,
18656203,152309.0,Adapter
18656203,4821221.0,Illustrator
18656203,3510823.0,
22546584,4337106.0,
34356928,6452869.0,
17729100,7032969.0,
18186117,7169176.0,
3052408,153394.0,
23704416,6543639.0,
18528159,7280200.0,
9637479,4443809.0,
13279716,5769441.0,
16152467,6580884.0,
3856277,30819.0,
17570001,4888434.0,
7668350,9320.0,
876208,1630.0,
1366744,3502.0,
13419139,74488.0,
6585955,44003.0,
17707647,14002.0,
17707641,2924930.0,
25111269,7340907.0,
26210,771.0,
26212,771.0,
13124125,4108184.0,
572519,17739.0,
24918812,6478732.0,
13069874,3961.0,
13429654,656983.0,
6464141,1141209.0,
3233381,771.0,
28199,15873.0,
28199,3203.0,Illustrator
28198,15873.0,
28198,6093938.0,Translator
28195,15873.0,
28195,25355.0,Translator
28194,15873.0,
28194,25355.0,Translator
28196,15873.0,
28190,15872.0,
28193,15873.0,
28193,948969.0,Illustrator
28193,3861831.0,Translator
478894,9629.0,
17875524,445303.0,
16120370,5135449.0,
8253182,8516.0,
17756559,1238111.0,
17731347,1395810.0,
1228894,83378.0,
22456292,15872.0,
12700306,4414255.0,
6809118,16625.0,
23597960,9830676.0,
21032488,108424.0,
23267301,4480131.0,
6706844,8591.0,
137664,874602.0,
29127,1067608.0,
29124,426944.0,
29124,10831.0,Illustrator
6614277,2961326.0,
6614271,90866.0,
6614271,38820.0,
2952941,1275225.0,
7827221,2755160.0,
20483100,7280844.0,
6122181,723801.0,Editor / Contributor
6122181,40563.0,Contributor
6122181,10746.0,Contributor
6122181,15292.0,Contributor
6122181,38066.0,Contributor
6122181,17061.0,Contributor
6122181,234115.0,Contributor
6122181,823146.0,Contributor
6122181,245963.0,Contributor
23346503,146374.0,
18694012,15872.0,
25795221,8936025.0,Preface
15743468,101078.0,
1973857,10885.0,
1973857,35815.0,Introduction
633446,9432.0,
20518827,38550.0,
12666103,119830.0,
18206985,150038.0,
16101027,3100027.0,
16101027,427430.0,Illustrations
16101026,4718528.0,
16101025,1666468.0,
16101024,321303.0,
6483360,2936674.0,
6483360,6472670.0,Illustrator
6483360,82526.0,Translator
1317181,1077326.0,
6569426,2969634.0,
17409835,71688.0,
15729350,941441.0,
9821653,9345.0,
9821653,10900.0,
28429,15987.0,
17148630,3219496.0,
21796912,8109273.0,
2344214,17015.0,
2344218,1429808.0,
2344218,90455.0,
2344218,48192.0,
2344218,17015.0,
17910546,346732.0,
6381988,1375697.0,
355,205.0,
358,4.0,
7937462,941441.0,
10132286,3112090.0,
841817,7581.0,
111332,27498.0,
93436,53597.0,
22403015,5355031.0,
29507621,568632.0,
342445,13681.0,
342445,3470.0,
342445,12738.0,Illustrator
342445,156274.0,Illustrator
342445,3389.0,original story
7573098,3995.0,
24327445,338705.0,
2136943,1221698.0,
202544,240708.0,
6237768,276660.0,
447937,41878.0,
447937,5989.0,Contributor
447937,8694.0,Contributor
447937,27500.0,Contributor
447937,15062939.0,Contributor
29430675,3389.0,
29430671,3389.0,
29430670,3389.0,
12993867,2789878.0,
12993867,1411091.0,Translator
1492132,870.0,
92623,874602.0,
92625,874602.0,
25066999,28550.0,
20821763,7751826.0,
811335,3995.0,
811335,3142052.0,Illustrations
10129062,4559822.0,
18395131,7151265.0,
7804123,25422.0,
428039,88922.0,
25741639,7074943.0,
25741639,14980963.0,Narrator
17409842,71688.0,
28814883,1023510.0,
13109354,54856.0,Retelling
13109354,1109616.0,
13109354,11214.0,Introduction
13109352,17059.0,
11464383,4817656.0,
17213837,2869550.0,
10137823,38550.0,
10137823,7561075.0,Illustrator
51948,10442.0,
45709,25551.0,
636650,1069006.0,
774846,33546.0,
25752813,6526309.0,
2093204,65783.0,
6590600,101078.0,
23398607,15292.0,
23398606,3409936.0,
23398605,74488.0,
111021,27498.0,
111020,64216.0,
7489530,8347.0,
7959022,31.0,
7959022,2936691.0,
13599888,17152.0,
938544,31232.0,
2142543,974022.0,
15927484,5763301.0,
21870863,790143.0,
250260,874602.0,
250260,242296.0,Editor
19088511,7111227.0,
31932151,328151.0,
3801649,275125.0,
3801649,108424.0,Introduction
29851645,2951127.0,
952769,3780.0,
8957,5816.0,
24336355,1599723.0,
17316516,2905297.0,
30108734,14350105.0,
34643773,14880958.0,
1518666,341266.0,
6654313,1330292.0,
857926,88922.0,
857920,88922.0,
857920,505236.0,Illustrator
7102464,74488.0,
33257974,16013138.0,
202039,8660.0,
202038,28083.0,
149847,1654.0,
149847,19439.0,Adapter
23199314,2839407.0,
18475596,62448.0,
18475593,1074989.0,
16115626,15292.0,
26522207,4105961.0,
10726280,4702610.0,
22875438,8431080.0,
592806,2614.0,
592807,170985.0,Pseudonym
592807,191975.0,Illustrator
592807,5614141.0,Ghostwriter
22875435,215907.0,
9968921,239579.0,
9968921,2964770.0,Illustrator
838626,656983.0,
24321026,8646.0,
3097745,73154.0,
3097745,3015195.0,Illustrator
24991337,13530245.0,
31491581,3865807.0,
13049069,293603.0,
23164910,33505.0,
33957059,16317671.0,
17801911,6880615.0,
64222,1654.0,
64221,1654.0,
64225,1654.0,
64225,10336.0,
64225,19441.0,
13477883,137902.0,
23666493,10219868.0,
740744,367043.0,
597852,324975.0,
13457458,1563059.0,
1008042,3389.0,
1008042,19365.0,Narrator
7629756,3339347.0,
17899647,3099544.0,
15722281,9355.0,
7014041,42550.0,
30166599,6520834.0,
12288524,4134859.0,
9798470,4486715.0,
10769811,137902.0,
18723590,4245438.0,
10473853,1421475.0,
2430620,108173.0,
2985500,50873.0,
11640897,564425.0,
6378455,17015.0,
6378455,17010.0,
6378458,17015.0,Editor
6378458,22636.0,Asst editor
6378458,202438.0,
6378458,17010.0,
6378458,15292.0,
6378458,8694.0,
6378458,137902.0,
6378458,27206.0,
6378458,1192311.0,
6378459,17015.0,
6378459,17010.0,
10409347,10317.0,
25548911,6914411.0,
18490594,1957584.0,
8268924,10746.0,
25390583,5393419.0,
6760761,3040642.0,
6760760,27206.0,
15811646,4245438.0,
8220745,8988.0,
7204516,2789878.0,
7204516,4636983.0,
34913836,6427501.0,
879525,233667.0,
127455,73149.0,
274397,1023510.0,
10393851,472395.0,Editor
10393851,25422.0,
10393851,1221698.0,
10393851,40563.0,
10393851,8185168.0,
10393851,8842.0,
10393851,8347.0,
10393851,1448.0,
10393851,6941.0,
10393851,24902.0,
10393851,12444.0,
10393851,7025.0,
10393851,3400079.0,
10393851,113942.0,
10393851,22545.0,
10393851,11890.0,
10393851,172490.0,
10393851,173493.0,
10393851,137404.0,
10393851,5989.0,
10393851,6256.0,
10393851,34429.0,
10393851,3378249.0,
10393851,52872.0,
10393851,902641.0,
10393851,1079183.0,
10393851,147966.0,
10393851,162927.0,
10393851,33919.0,
10393851,194172.0,
10393851,1182450.0,
10393851,1524842.0,
10393851,21158.0,
10393851,33502.0,
10393851,16086.0,
159205,7577.0,
159206,7577.0,
9510104,315657.0,Editor
9510104,226035.0,Contributor
9510104,213510.0,Contributor
9510104,823146.0,Contributor
9510104,121364.0,Contributor
9510104,131208.0,Contributor
9510104,8988.0,Contributor
9510104,269065.0,Contributor
9510104,15292.0,Contributor
9510104,168090.0,Contributor
9510104,335956.0,Contributor
9510104,41942.0,Contributor
9510104,9496.0,Contributor
9510104,1967.0,Contributor
9510104,11663.0,Contributor
1026508,16939.0,
20493888,1654.0,
2956822,83308.0,
25706485,17059.0,
84183,34820.0,
84183,4430.0,
663720,12980.0,
32912370,7091823.0,
14806965,11137.0,
3919080,498980.0,
177911,26.0,
13603677,5818055.0,
8640970,183662.0,
536982,74046.0,
12395241,4178213.0,
88009,24183.0,
25704028,7367300.0,
28234308,4279785.0,
5996791,1077326.0,
13497677,4330590.0,
31423605,692829.0,
31423605,6459715.0,With
401454,130654.0,
13618611,5081315.0,
338593,10885.0,
563309,94868.0,
563308,94868.0,
5126859,566874.0,
543814,116617.0,
2917816,8649.0,
24805673,150038.0,
6488043,12949.0,
6488043,3524830.0,
18245052,94868.0,
25151797,7012713.0,
18779666,7095068.0,
110778,64109.0,
10438093,17054.0,
18669180,6953956.0,
18669180,436308.0,Narrator
5961140,276660.0,
8731447,27206.0,
552886,3780.0,
17729340,5116661.0,
6435253,1325446.0,
10291890,38951.0,
16208685,5764273.0,
61922,26.0,
61926,26.0,
61924,26.0,
61928,26.0,
26968129,941441.0,
15768774,4370565.0,
2248573,8349.0,
216368,4764.0,
216369,4764.0,
216369,2219389.0,
216369,3619.0,Introduction
2776789,45315.0,
16112714,6566089.0,
28525389,3378120.0,
871158,76248.0,
7860544,12728.0,Editor
7860544,74416.0,Contributor
7860544,234088.0,
7860544,60697.0,
7860544,7083555.0,
7860544,141334.0,
7860544,1674927.0,
7860544,7243366.0,
7860544,1142180.0,
7860544,194172.0,
7860544,84604.0,
7860544,7601.0,
7860544,466494.0,
7711726,1372374.0,
7711726,2440736.0,Narrator
7711726,4976009.0,Narrator
818056,1077326.0,
18278888,5895608.0,
13450478,5392304.0,
20455954,3046613.0,
22370400,19729.0,
23700570,7236316.0,
18039194,6701541.0,
18039197,6701541.0,
248482,49177.0,
248484,49177.0,
248484,3849945.0,Illustrator
1717889,2901559.0,
201054,5989.0,
30253091,125308.0,
21082129,15872.0,
82765,47287.0,
17905376,4684322.0,
18805154,6456912.0,
1622,947.0,
1622,569383.0,Editor
1622,8140.0,Editor
1622,270160.0,Contributor
12363795,5140626.0,
5058029,2599416.0,
6147279,521916.0,
29345916,119888.0,
12910751,3849415.0,
12910751,2580449.0,Narrator
20565526,7772360.0,
20565526,4558016.0,
172740,16024.0,
20686206,7808247.0,
20686206,7808248.0,
20686206,7750718.0,
20686206,6582898.0,
20686206,7808249.0,
20686206,3145809.0,editor
17904701,5042322.0,
13062645,5130924.0,
25489100,1351375.0,
15765427,6447627.0,
16059529,8685.0,
16059529,8686.0,
16059525,3387675.0,
25953366,107170.0,
2639437,1754585.0,
3227063,1370283.0,
5416415,67037.0,
5416415,88584.0,
5416415,669810.0,
5416415,240488.0,
5416415,259488.0,
13584422,5020435.0,
18528417,30819.0,
15712063,6425797.0,
330748,12948.0,
330747,12948.0,
330747,198168.0,Translator
330747,16515.0,Adapted by
330745,12948.0,
330744,12948.0,
1081560,42158.0,
1081560,656983.0,
4389888,1837593.0,
10681429,4693729.0,
24929067,119164.0,
20850731,497865.0,
13547481,8646.0,
6936339,2905297.0,
3559788,153733.0,
13010310,5314499.0,
9482762,656983.0,
176261,10333.0,
176267,10333.0,
176268,10333.0,
18075916,6446003.0,
21801144,6474348.0,
21801144,4132657.0,Narrator
17571712,2503028.0,
25332004,355175.0,
362917,17060.0,
362919,17060.0,
11754293,3504189.0,
5499874,1221698.0,
5499874,59749.0,Illustrator
9504212,3205604.0,
9504214,3125711.0,
13092515,5344384.0,
179639,3242.0,
15818260,4686495.0,
15818260,4684643.0,Illustrations
6236809,155990.0,
6236809,7376837.0,Translator
6236809,790145.0,Editor
8076197,191456.0,
7268583,276660.0,
759718,6928.0,
224220,131208.0,
6934395,50873.0,
13233397,1532873.0,
13615256,5819560.0,
21524042,6549281.0,
367162,4260.0,
25545284,852078.0,
3119223,1332605.0,
30841101,13695109.0,
30841101,15427011.0,Editor
25785660,4880860.0,
25785660,427430.0,Illustrations
25785662,1441847.0,
6069970,234088.0,
27270657,8288991.0,
13542680,78305.0,
76783,1630.0,
2592190,67481.0,
6390465,19564.0,
17315048,6540057.0,
17315048,6478373.0,Narrator
11746839,50873.0,
210250,123087.0,
18079804,7314532.0,
31296952,15556009.0,
7987843,417798.0,
33357627,8016035.0,
15425,8516.0,
15424,8516.0,
12151120,71688.0,
15420,8516.0,
34097209,1221698.0,
23871035,4051426.0,
6261242,2789542.0,
11016870,4835396.0,
1292496,73789.0,
13533709,5791.0,
165955,42540.0,
12427659,1343790.0,
12427659,21158.0,Introduction
21479322,8061325.0,
6087491,2778890.0,
3067189,330649.0,
11508357,4108184.0,
17171950,5826477.0,
10066376,1636014.0,
11111343,34049.0,
31351,589.0,
31352,589.0,
31354,589.0,
31357,589.0,
22046891,4430.0,
176845,8685.0,
176845,8690.0,
176846,8685.0,
176846,19673.0,
176846,34854.0,
176843,8685.0,
176843,8686.0,
28691932,190578.0,
28691933,2264238.0,
68582,5376.0,
6238768,8730.0,
74586,1630.0,
30764,17262.0,
30764,17266.0,
30764,164531.0,
30764,17265.0,
30764,17264.0,
118017,874602.0,
12852730,4363648.0,
544331,1977.0,
4703553,16496.0,
18838102,7262875.0,
2336321,88608.0,
2336321,7941.0,
2336321,335956.0,
2336321,24009.0,
2336322,7941.0,
17190009,38550.0,
17190009,8435196.0,Narrator
7304203,48206.0,
29892500,3064305.0,
3358608,941441.0,
12672567,580090.0,
8411749,15890.0,
6414013,25052.0,
6414013,2086916.0,Illustrator
122096,5989.0,
122096,285208.0,Illustrator
122097,5989.0,
258658,151155.0,
258657,151155.0,
21942230,5822331.0,
581275,8349.0,
20512062,6889132.0,
13414835,5446913.0,
20492095,5139659.0,
13432219,5582891.0,
16145639,4959800.0,
2157243,165168.0,
25790,9545.0,
25790,18409.0,Foreword
13539454,2860745.0,
15241,656983.0,
3985660,625.0,
17305016,8649.0,
31565981,15647572.0,
7775631,53574.0,
12814612,805184.0,
18050226,38.0,
18050224,14660369.0,
2255114,1429808.0,
57084,989968.0,
57080,989968.0,
186425,8185168.0,
186427,8185168.0,
186426,8185168.0,
186421,8185168.0,
186420,8185168.0,
186423,8185168.0,
101701,14765007.0,
101701,1069006.0,
101701,1916020.0,
101701,711535.0,Illustrations
101701,11353.0,Illustrations
88551,15590.0,
6362689,17061.0,
6460577,153734.0,
7457545,15872.0,
7457545,2119344.0,Narrator
7457545,436308.0,Narrator
11765920,7581.0,
24581979,2918731.0,
159501,7577.0,
28571861,1674725.0,
12034287,4727909.0,
3566345,15292.0,
19153880,2894399.0,
6528333,1330292.0,
8116377,1363475.0,
10861857,8349.0,
10861857,12434.0,Narrator
17823134,6437412.0,
9956230,17059.0,
23705140,32638.0,
23705140,7772196.0,
14575371,3097905.0,
12511105,3486415.0,
17239242,8516.0,
10240153,6268.0,
17612776,6996143.0,
525293,10885.0,
13125234,669810.0,
293974,50873.0,
293972,50873.0,
293973,50873.0,
23658272,152309.0,
23658272,3510823.0,Illustrations
2401818,8695.0,
16177185,1077326.0,
18702686,7202492.0,
10928630,4752492.0,
12658862,3046613.0,
12658862,465708.0,Reading
6615618,16496.0,
2507284,630285.0,
219403,20561.0,
6365102,137902.0,
6365102,2752476.0,Narrator
17236613,5184237.0,
3112824,1330287.0,
2073480,8730.0,
25689038,3212743.0,
2349065,794667.0,
16131832,38550.0,
16131832,4498376.0,Narrator
1033528,515686.0,
9634035,19729.0,
536520,4522.0,
102287,16939.0,
102287,11492.0,dustjacket
6375794,145129.0,
6375794,2874870.0,Illustrator
15723286,2891665.0,
12891555,5278088.0,
12024430,1217665.0,
7963752,63983.0,
9065265,4430.0,
31741417,4684322.0,
31741417,3124176.0,Narrator
16106444,5360266.0,
10428229,3027554.0,
11709245,363130.0,
11709245,4945241.0,Narrator
18046472,6914411.0,
23274805,172490.0,
26802894,4499623.0,
2354522,504484.0,
29379137,14556898.0,
7198023,2883426.0,
12392681,33918.0,
17261185,4670825.0,
17261183,338705.0,
17261183,403244.0,Illustrations
13062080,345630.0,
10890463,153734.0,
892971,10087.0,
13501564,200124.0,
3744599,1594651.0,
1895792,50873.0,
454575,19564.0,
7235532,38550.0,
7235532,8435196.0,Narrator
7235532,494654.0,Narrator
7235533,38550.0,
9702148,354378.0,
248760,145370.0,
1228406,594898.0,
140260,81096.0,
18668056,7303977.0,
20697410,6474348.0,
8816415,1077326.0,
6968828,1207458.0,
12410324,4573983.0,
202061,8660.0,
2873356,179733.0,
2873356,3068958.0,Illustrator
21509333,41942.0,
6648020,56019.0,
6477931,273567.0,
17987869,7093291.0,
12268318,5157217.0,
1281165,23284.0,
28055271,370361.0,
28055271,8573642.0,Narrator
1012343,432899.0,
28799,16143.0,
1137327,941441.0,
1137327,511951.0,Narrator
33641215,7272056.0,
7092308,1159584.0,
4193454,373985.0,author
7966168,167605.0,
7966168,4522.0,
7966168,202254.0,Illustrator
7966168,52925.0,Illustrations
91475,10746.0,
6950499,23894.0,
11478192,580315.0,
771225,21665.0,
7713851,417798.0,
6397097,2897946.0,
6397097,2897947.0,Illustrator
13499365,5346249.0,
12086690,48206.0,
12170420,137553.0,
13589131,5989.0,
9307674,10896.0,
10165727,47104.0,
12414417,207498.0,
7802254,137902.0,
6304756,40330.0,
23251880,7855471.0,
16059463,4671517.0,
15746527,150038.0,
13007632,276660.0,
2927126,30033.0,
312250,179805.0,
6416903,53574.0,
22055276,107170.0,
10429045,4637539.0,
349596,119830.0,
2794955,2357.0,
727800,656983.0,
16000235,13733.0,
23719368,99117.0,
96460,26.0,
6061728,2768953.0,
8559047,21748.0,
7668731,10522.0,
263549,24827.0,
12390040,4493935.0,
17332218,38550.0,
26404831,7314532.0,
23281944,17061.0,
21798470,8108129.0,
28078289,4042181.0,
15706309,3084517.0,
176327,65335.0,
176327,65334.0,Illustrator
176326,65335.0,
176326,65334.0,Illustrator
3379051,237175.0,
17571671,580315.0,
15995188,15872.0,
2195178,105839.0,
7923183,4636.0,
715058,3242.0,
14758840,5345162.0,
304306,2526.0,
1780124,20936.0,
6298470,25052.0,
12399257,10746.0,
17836528,4615377.0,
13420904,102987.0,
18160307,18451.0,
2234033,1441.0,
17828166,6268.0,
8173813,566874.0,
8173813,2738857.0,Narrator
18006134,445303.0,
20946333,5890982.0,
20821363,849723.0,
932782,656983.0,
932782,9533.0,Editor
295086,27498.0,
7193686,3187114.0,
1543965,24009.0,
208174,121825.0,
16057050,5097017.0,
32071039,3389.0,
23795267,10788120.0,
8585830,4641832.0,
25823950,14134947.0,
1555398,103359.0,
3122173,4430.0,
150932,34828.0,
738228,26.0,
12544993,99650.0,
18079705,202807.0,
13538868,992207.0,
13538863,5820827.0,
1499469,5255014.0,
71629,3780.0,
6681393,3009541.0,
15568,9629.0,
15564,9629.0,
15566,9629.0,
15567,9629.0,
15560,9629.0,
15561,9629.0,
8789405,60577.0,
13484271,4.0,
13484271,10917.0,Narrator
13588959,4823432.0,
20613571,3433047.0,
23899193,7390210.0,
25966743,14180337.0,
2266021,941441.0,
2266021,511951.0,Narrator
2266021,2567014.0,Narrator
5981496,2740765.0,
836888,1069006.0,
24893241,48192.0,
9441425,479779.0,
9441425,39043.0,
13636400,5830526.0,
25076719,40563.0,
25076719,7213364.0,Artist
25076719,1520490.0,Artist
10609400,35022.0,
7511118,552457.0,
7576029,77172.0,
9077707,17061.0,
8230486,4851127.0,
8230486,4714037.0,Illustrator
82192,15590.0,
16039808,3116816.0,
899781,656983.0,
30628,1069006.0,
7897851,3433502.0,
4502507,15872.0,
20941198,816561.0,
20941198,946615.0,
7269507,6436872.0,Editor
7269507,360092.0,Editor/Contributor
7269507,36344.0,Contributor
7269507,27206.0,Contributor
7269507,131208.0,Contributor
7269507,329391.0,Contributor
7269507,1967.0,Contributor
7269507,833164.0,Contributor
7269507,43989.0,Contributor
7269507,172490.0,Contributor
7269507,4080498.0,Contributor
7269507,662867.0,Contributor
7269507,34861.0,Contributor
7269507,4080504.0,Contributor
7269507,12991.0,Contributor
25914821,3046613.0,
12213758,4753797.0,
18490660,3508219.0,
222575,7308.0,
222576,7308.0,
13034113,5322924.0,
478628,267677.0,
17446626,5898355.0,
1501665,9629.0,
15797015,7742.0,
27833803,1616154.0,
27833800,5874526.0,
30220948,53597.0,
770794,607.0,
770794,58846.0,
770794,19954.0,
770794,3524.0,
770794,30819.0,
770794,2998.0,
770794,27798.0,
770794,4688154.0,
770794,17082.0,
770794,411977.0,
770794,21981.0,
770794,1141781.0,
770794,117582.0,
770794,21911.0,
770794,2916952.0,
770794,158947.0,
770794,153734.0,
770794,14554680.0,
20831904,7138069.0,
2251777,48535.0,
2251777,2050238.0,Translator
2394187,1067608.0,
4039512,8660.0,
6372263,4430.0,
6372263,2987414.0,Illustrations
5983694,59390.0,
6947949,3105432.0,
17228158,2954265.0,
17163514,2063919.0,
7531654,3377941.0,
7531654,2904488.0,Narrator
975331,221019.0,
13518588,25422.0,
17713508,7044164.0,
13617933,4785031.0,
24785,8924.0,
24781,8924.0,
24782,8924.0,
24783,8924.0,
18301663,48192.0,
403355,10885.0,
403355,2731071.0,Illustrator
403355,73812.0,Introduction
403355,3866857.0,Afterword
684780,15016.0,
17281848,6557179.0,
873922,27500.0,
46777,25422.0,
22460416,6579126.0,
22460416,460870.0,
22460416,1000381.0,
7828879,153733.0,
385001,346732.0,
23849140,445303.0,
29279339,13551422.0,
16056430,3084816.0,
16056430,2943103.0,Foreword
607014,13677.0,
729876,51118.0,
23637380,130698.0,
373915,88506.0,
373915,4522.0,Introduction
313264,41032.0,
358355,3155347.0,
775971,191456.0,
775976,191456.0,
775975,191456.0,
775974,191456.0,
2856130,5329.0,
60133,16939.0,
60132,16939.0,
34859192,16722575.0,
26794855,6875729.0,
9831807,669810.0,
9831807,2743336.0,Narrator
1930326,1630.0,
13014414,3406550.0,
16006945,21701.0,
7687477,99836.0,
169826,73699.0,
11212855,11654.0,
1354323,644349.0,
25527157,13974563.0,
23360257,7230868.0,
526764,291916.0,
36609,18880.0,
6908832,42211.0,
6908832,2387.0,
99383,10746.0,
99386,10746.0,
23567293,150038.0,
23567293,836009.0,
23567293,10317.0,
525371,291382.0,Adapter
525371,10116.0,Creator
22328567,143659.0,
620750,202312.0,
28450969,8685.0,
28450966,4788719.0,
776910,5345.0,
533809,10896.0,
6593451,48192.0,
20447642,33505.0,
23168815,644349.0,
23168813,5029662.0,
12578077,4476934.0,
2291458,4432.0,
59389,18684.0,
93109,8105.0,Editor
93109,5975632.0,Editor
93109,11613.0,Illustrator
1311496,627571.0,
18751913,186145.0,
4278916,1292596.0,
23174274,7074943.0,
1022787,107170.0,
11788809,346732.0,
20519000,346732.0,Editor
20519000,725899.0,Editor
18007632,143691.0,
8150408,78111.0,
866502,3389.0,
866502,641791.0,Narrator
866502,2930846.0,Narrator
866502,599923.0,Narrator
866502,434904.0,Narrator
866502,432320.0,Narrator
667837,8596.0,
13623760,4090847.0,
6760380,1441.0,
1145427,659178.0,
8086283,1045593.0,
6356170,33508.0,
6356170,913909.0,
25459663,3326303.0,
7978457,20561.0,
4328472,479779.0,
6750765,1292596.0,
22016392,25307.0,
11127,1069006.0,
11127,25523.0,Illustrator
11129,1069006.0,
11129,25523.0,Illustrations
61823,34820.0,
61823,4430.0,
9218086,45315.0,
23221260,4575223.0,
24885814,88922.0,
24885814,3118934.0,Illustrations
17844546,4412038.0,
17454136,4558309.0,
18114114,809030.0,
18114110,6872325.0,
4495481,18111.0,
4495482,18111.0,
17586456,1194340.0,
17453523,6968144.0,
6366368,102987.0,
18521091,1330292.0,
18521091,1004238.0,Narrator
13136581,7581.0,
13136581,4870718.0,illustrator
17669298,7012732.0,
8525631,2503028.0,
2192092,32637.0,
2192092,56968.0,Translator
424609,73418.0,Editor
424609,73421.0,Editor
424609,1448.0,Contributor
424609,19305.0,Contributor
424609,773064.0,Contributor
424609,2715.0,Contributor
424609,11890.0,Contributor
424609,113942.0,Contributor
424609,126765.0,Contributor
424609,54462.0,Contributor
424609,34429.0,Contributor
424609,5285.0,Contributor
424609,24902.0,Contributor
424609,6404.0,Contributor
424609,8885.0,Contributor
424609,33919.0,Contributor
424609,130698.0,Contributor
22518400,10896.0,
29356087,150038.0,
7092402,303833.0,
7051826,17015.0,
12412086,4800436.0,
18775220,1637418.0,
17727299,4719155.0,
19480623,7561804.0,
19480623,109354.0,
13246736,4086715.0,
25893659,1023510.0,
17378527,1330292.0,
6431790,3780.0,
13281226,4921525.0,
13581990,2995873.0,
7467434,2996650.0,
590197,19475.0,
404857,229443.0,
22747808,280714.0,
9683241,230218.0,
23110070,7307477.0,
6348338,11663.0,
23766634,3433047.0,
16145361,1034567.0,Editor
16145361,36122.0,
16145361,1067608.0,
16145361,21158.0,
16145361,1194999.0,
16145361,6861257.0,
16145361,1468622.0,
16145361,948181.0,
24612598,72896.0,
24612590,57983.0,Pseudonym
24612590,1077326.0,
24612590,14877156.0,Foreward
1344000,8538.0,
1344000,6456544.0,
1344000,8536.0,Illustrator
1344000,1041777.0,irasuto
1344000,8537.0,Translator
1344000,3855865.0,Translator
23846151,27528.0,
11532160,4464118.0,
12453199,5152573.0,
70956,40119.0,
7055355,2895706.0,
7055355,2895707.0,
7055355,3130980.0,Narrator
7055355,3031590.0,narrator
18490681,123463.0,
18490688,5805455.0,
1455332,200504.0,
17910048,6949698.0,
23531315,10108.0,
17745703,4864215.0,
17745703,6591473.0,
15748883,34049.0,
8731979,17015.0,
2260675,18880.0,
18735912,4637539.0,
10345708,58846.0,
30240178,15369854.0,
8887031,3780.0,
8887031,13613.0,
30753743,5331983.0,
6912654,8347.0,
13184962,5390266.0,
25017130,13020518.0,
11164626,3497970.0,
18748012,790143.0,
862856,4.0,
2654980,435114.0,
5098,3389.0,
5091,3389.0,
5092,3389.0,
5093,3389.0,
5093,2777560.0,Illustrations
5094,3389.0,
5095,3389.0,
5096,3389.0,
5096,10365.0,Illustrator
15847972,849723.0,
15815376,48190.0,
9109813,953612.0,
716329,8516.0,
10576071,4089093.0,
8585694,3449368.0,
6389874,2895111.0,
1691409,18111.0,
1691409,2964772.0,
1691409,1624847.0,Illustrations
193770,12350.0,
1210754,359109.0,
544891,79589.0,
18427989,20248.0,
8662135,1628012.0,
6372501,7581.0,
26074135,157676.0,
23528089,2997834.0,
2272813,293603.0,
15723550,1025280.0,
9549283,4417841.0,
23496336,1310735.0,
32498052,8427407.0,
13091829,3387293.0,
13049260,4899523.0,
11506107,4602804.0,
9873630,1330292.0,
13542761,1005984.0,
17166341,4735.0,
1167876,1077326.0,
1167876,10917.0,Narrator
62032,34878.0,
62032,285212.0,Translator
7095692,379444.0,
12344321,5122868.0,
24611805,136127.0,
3437354,128570.0,
430787,7025.0,
10579099,4670825.0,
7441947,56125.0,
7441947,26399.0,
7441947,169469.0,
7441947,18015.0,Creator
12146537,202438.0,
23698892,6082024.0,
8428050,3387285.0,
8428056,153734.0,
6607799,221073.0,
16050829,3290920.0,
6000352,26878.0,
31213721,9291.0,
13541592,346732.0,
12930172,137902.0,
127262,73084.0,
18182076,4175419.0,
18182076,334840.0,Narrator
68380,869.0,
68380,868.0,
16239655,7124979.0,
21969455,4814975.0,
344935,23069.0,
22749695,4239539.0,
22749698,5351849.0,
32766049,13452447.0,
244475,6259.0,
23718100,6535359.0,
13061500,11654.0,
773690,8924.0,
458268,34854.0,
6583205,153741.0,
28114497,65335.0,
334643,8347.0,
6937498,953371.0,
15995396,3187149.0,
31145163,7979840.0,
8534875,8202779.0,
761146,15393.0,
7790460,669810.0,
7790460,20983.0,
7790460,1046722.0,
24963,7308.0,
26109041,6950818.0,
22609356,8344204.0,
3114281,103321.0,
18718925,7128.0,
18718925,5106204.0,
7898018,5270204.0,
7898018,5770397.0,Illustrations
13378876,1451404.0,
976422,33918.0,
12737082,5237120.0,
21292484,7278389.0,
6437740,2918480.0,
19485109,7562932.0,
5264847,48192.0,
11756650,2748537.0,
5957312,175855.0,
22449471,7204487.0,
12891034,1378521.0,
6256512,2845655.0,
6256512,2845656.0,Illustrator
23497656,7055582.0,
23497656,9826989.0,
22867,12980.0,
601462,73699.0,
12309315,4107314.0,
20587574,18111.0,
20587574,27550.0,Illustrations
6339053,19733.0,
11029566,116581.0,
15790895,97284.0,
15790894,6572837.0,
15790898,1351500.0,
17860621,50873.0,creator
17860621,5760167.0,
589977,8588.0,
589979,8588.0,
589979,8591.0,
31304766,5042201.0,Adaptation
31304766,3439408.0,
31304766,1077326.0,
16078492,46540.0,
18480539,2300692.0,
413492,11663.0,
413492,5845.0,
413492,132468.0,
12780764,5028484.0,
5014860,692437.0,
2890090,73149.0,
10430194,4400405.0,
6678045,88609.0,
31625351,130698.0,
18457506,5014564.0,
10690,6988.0,
10690,5918.0,
676679,17015.0,
437932,131208.0,
23397698,6578820.0,
7850899,1923475.0,
281921,5329.0,
281921,158961.0,Illustrator
768424,58011.0,
133450,27704.0,
133451,27704.0,
133452,27704.0,
133452,1221698.0,Afterword
133453,27704.0,
133455,27704.0,
133456,27704.0,
133458,27704.0,
22705139,8381085.0,
25456839,8111269.0,
15794103,200317.0,
17707586,9237.0,
16092702,4124325.0,
32827398,1343790.0,
27161833,7170939.0,
2073686,65335.0,
2073686,65334.0,Illustrations
23249649,7190350.0,
6692673,17061.0,
18144176,4107314.0,
98780,56835.0,
98780,56834.0,
23770294,34765.0,
22527615,8185159.0,
5321699,8538.0,
5321699,6456544.0,
5321699,8536.0,Illustrator
5321699,1041777.0,irasuto
5321699,8537.0,Translator
5321699,3855865.0,Translator
84150,4430.0,
18139931,4684322.0,
30312855,7246482.0,
20765985,21748.0,
7114817,2924930.0,
26541448,38550.0,
17244430,25052.0,
7929931,8164.0,
25688977,12071884.0,
22841994,1077326.0,
853871,214.0,
853871,4260.0,Introduction
12270931,4336590.0,
6285252,10746.0,
6285252,203762.0,Adaptation
6285252,1186079.0,Illustrator
6285252,8621.0,Illustrator
897461,329782.0,
881851,1417529.0,
18667858,25125.0,
6323514,9018.0,
978999,32913.0,
18148202,6466778.0,
12157403,5073471.0,
6318238,2869203.0,
96725,55646.0,
3720514,7577.0,
5633958,1112218.0,
3252975,234088.0,
9645632,4446076.0,
9351647,3095890.0,
17334566,4814317.0,
152328,45596.0,
2194861,656983.0,
7092508,911081.0,
7092508,2743261.0,Illustrator
642071,345914.0,
21528380,346732.0,
16231403,5308881.0,
16231403,5308882.0,
9917996,3389.0,
2530600,96909.0,
13515848,6472225.0,
25476118,2918424.0,
9633279,133804.0,
9633279,43989.0,
367367,65471.0,
6579183,10518.0,
104069,60172.0,
12844699,172490.0,
18371031,8146.0,
141454,1967.0,
32852217,15417864.0,
1493618,230218.0,
5989515,25422.0,
5989515,25421.0,Illustrator
8962065,4228374.0,
19370974,396931.0,
8840097,137902.0,
13519942,5783775.0,
13519942,5769734.0,
32867404,7340907.0,
12849210,385966.0,
25521109,3433047.0,
25521109,2580449.0,Narrator
7141610,7581.0,
3992020,4430.0,
6055694,61659.0,
20818259,2929888.0,
11339302,4625596.0,
13224118,5386594.0,
682742,2413.0,
682742,4489.0,Illustrations
27969099,14705410.0,
23471529,9808145.0,
9689150,15292.0,
3496266,119830.0,
14760286,5183827.0,
7693649,101078.0,
14059265,5308881.0,
14059265,5308882.0,
2075778,656983.0,
2075778,9545.0,Illustrator
2909017,346732.0,
2909017,579648.0,Narrator
24400466,656983.0,
24400466,10269.0,editor 
18281168,4721536.0,
13411920,28550.0,
4224458,13867.0,
4224458,15872.0,Introduction
4224458,466437.0,Illustrator
3315928,108424.0,
15802506,11195.0,
7995207,1383409.0,
21480854,7581.0,
6503486,114283.0,
7306067,497291.0,
9199346,3353667.0,
6099737,1149276.0,
17301154,6576139.0,
1507013,427753.0,
16061340,17216.0,
16061340,2828543.0,Illustrator
33605563,14986807.0,
34606064,7705004.0,
34311452,625.0,
2444340,167737.0,
2444340,33262.0,
21525330,7462654.0,
6549447,145129.0,
12987853,27140.0,
24402708,5276341.0,
13542629,241301.0,
119489,3995.0,
13375677,30819.0,
13375675,30819.0,
6973516,2876763.0,
29970373,6982197.0,
12344422,10182.0,
12344422,4522.0,
23582628,25307.0,
25364026,2559520.0,
25364026,4532873.0,
17373764,760553.0,
258099,50408.0,
891775,9629.0,
2696305,4522.0,
370897,10089.0,
370899,10089.0,
39622,21665.0,
18813006,7393090.0,
418273,589.0,
830497,3389.0,
30333115,4428.0,
3487878,16496.0,
6149946,2803630.0,
6149946,82080.0,
31383927,48190.0,
10207041,155990.0,
22522805,4280.0,
22522808,1221698.0,
27272484,71688.0,
11956370,4959103.0,
212682,3995.0,
212682,571556.0,Illustrator
23492716,4720629.0,
156492,1967.0,
9572293,4423626.0,
6334518,93726.0,
30462067,4101955.0,
5322135,724724.0,
6736971,1405152.0,
16180723,5698327.0,
685529,7338.0,
685529,42156.0,Illustrator
25667027,3041743.0,
25667027,252914.0,Illustrations
768287,404733.0,
10395530,1405152.0,
6659604,40983.0,
7969452,2471183.0,
30751286,15401188.0,
9597831,73933.0,
940127,273399.0,
4640134,108173.0,
13518388,13595524.0,
13518388,3636.0,
6064622,237194.0,
25647300,5218360.0,
6734395,2168689.0,
10793020,4718112.0,
25908720,7060225.0,
15980368,4528793.0,
25194442,7372483.0,
30240799,19729.0,
9444221,3060067.0,
27416143,13527172.0,
27416143,13527171.0,
27416143,16019261.0,Illustrator
27416143,8117366.0,Illustrator
27416146,21911.0,
15808401,28375.0,
7863163,410993.0,
7489851,760392.0,
10558499,1375697.0,
9182478,3228055.0,
4807975,1641228.0,
289740,24818.0,
12786908,257412.0,
22544926,4632661.0,
11308387,4336590.0,
8546671,117339.0,
5577077,2357.0,
8626241,340054.0,
7507908,3023658.0,
30248,9550.0,
30240,9550.0,
30243,9550.0,
30245,9550.0,
20893366,8685.0,
20893366,2803557.0,Narrator
6294228,2614.0,
6294228,23.0,
6294228,116581.0,
6294228,156522.0,
32873790,4444087.0,
5790991,409775.0,
5790991,83342.0,
5790991,215772.0,
5790991,2608381.0,Illustrator
13541721,5774830.0,
114190,625.0,
114190,66128.0,
114190,2912746.0,
114190,66129.0,
18770411,24902.0,
18961360,338705.0,
18961361,338705.0,
18961361,403244.0,Illustrator
13572828,150810.0,
13572828,362098.0,Translator
17285883,17054.0,
20886354,38550.0,
20886354,331805.0,Illustrator
28175701,4864634.0,
17797431,7047591.0,
1536818,14617.0,
1172383,5816.0,
362496,16094.0,
362496,8283771.0,Narrator
92065,1221698.0,
22909812,4116488.0,
260025,869.0,
260025,868.0,
4497883,823146.0,
22740195,346732.0,
22740195,6952853.0,
22740195,5813075.0,
146744,48192.0,
9840319,17064.0,
12700342,581549.0,
9111100,1938680.0,
11250674,4097828.0,
62479,1023510.0,
20800297,7846308.0,
26721642,3432323.0,
6614238,28550.0,
29160,869.0,
29160,16028.0,
29169,869.0,
29169,868.0,
25973595,14179498.0,
8537082,457300.0,
7293120,3222611.0,
6600807,3408349.0,
6600807,131208.0,
8180231,207694.0,
20518867,1301649.0,
20518868,20561.0,
96981,8516.0,
96980,8516.0,
96984,8516.0,
16101063,5188888.0,
22584190,276660.0,
22584190,623693.0,Narrator
18244920,2891665.0,
20757532,6983061.0,
8719737,25027.0,
7684939,1445909.0,
34016909,16354343.0,
68493,25307.0,
68495,33918.0,
1603393,743343.0,
16146215,17047.0,
10331050,852078.0,
22618338,4106197.0,
182342,8185168.0,
18809484,165168.0,
1731486,116581.0,
446945,28544.0,
446946,28544.0,
534595,111214.0,
534595,874602.0,Translator
6043781,38569.0,
23451034,5403541.0,
23299584,8649392.0,
93478,35022.0,
93479,35022.0,
329661,36122.0,
2638810,150038.0,
2638810,2616914.0,Narrator
17333287,1067243.0,
25703752,14258737.0,
25703752,5068487.0,
25703759,14031594.0,
11825915,696372.0,
18142402,3396842.0,
17707758,70885.0,"Editor, Contributor"
17707758,2741263.0,Contributor
17707758,753573.0,Contributor
17707758,5989255.0,Contributor
17707758,748566.0,Contributor
17707758,10739.0,Contributor
17707758,410947.0,Contributor
17707758,122546.0,Contributor
17707758,176372.0,Contributor
17707758,144565.0,Contributor
17707758,215907.0,Contributor
17707758,171618.0,Contributor
17707758,49237.0,Contributor
17707758,5463981.0,Contributor
17707758,1762294.0,Contributor
17707758,4097558.0,Contributor
17707758,73450.0,Contributor
17707758,26347.0,Contributor
17707758,3405346.0,Contributor
17707758,183760.0,Contributor
17707758,120948.0,Contributor
17707758,218826.0,Contributor
17707758,106247.0,Contributor
17707758,996279.0,Contributor
17707758,4819322.0,Contributor
17707758,1022231.0,Contributor
17707758,302278.0,Contributor
17707758,36120.0,Contributor
17707758,24586.0,Contributor
17707758,6941.0,Contributor
17707758,1983563.0,Contributor
17707758,73187.0,Contributor
17707758,218818.0,Contributor
17707758,161399.0,Contributor
17707758,3124973.0,Contributor
17707758,489126.0,Contributor
17707758,43504.0,Contributor
17707758,3042470.0,Contributor
17707758,162930.0,Contributor
17707758,45650.0,Contributor
17707758,7255050.0,Contributor
17707758,6633.0,Contributor
17707758,5105261.0,Contributor
17707758,33297.0,Contributor
17707758,3100361.0,Contributor
17707758,4971676.0,Contributor
17707758,6884287.0,Contributor
17707758,5393895.0,Contributor
17707758,1718040.0,Contributor
17707758,5285.0,Contributor
17707758,13121173.0,Contributor
29065859,3329042.0,
27876170,1077326.0,
27876170,5446186.0,Narrator
11250053,4823432.0,
21816737,5989.0,
21816737,218908.0,Illustrator
10034291,190887.0,
28957353,46138.0,Editor
28814845,6897717.0,
6453847,445303.0,
837144,16667.0,
12963277,2916205.0,
33566871,6567825.0,
9645248,4430.0,
7349,656983.0,
13519844,4951964.0,
774806,16218.0,
17413095,4305414.0,
12177832,21748.0,
836176,27206.0,
836176,18015.0,Creator
1898916,153732.0,
1898916,1411091.0,Translator
14781171,5260599.0,
20706635,21616.0,
20706635,14474.0,
20706635,44524.0,Illustrations
10917096,3427995.0,
2043599,32637.0,
2043599,56968.0,Translator
32926036,3865807.0,
16217523,6580373.0,
12425774,38550.0,
12425774,460693.0,Narrator
189509,11890.0,
189509,46137.0,Introduction
8337574,3380908.0,
15714133,580315.0,
6371243,2888063.0,
34733250,324620.0,
34733250,441126.0,Illustrator
7476122,415967.0,
7476120,137902.0,
7476121,137902.0,
10803121,38550.0,
9594,2778055.0,
28650516,8474826.0,
1100941,53256.0,
6773540,2714197.0,
10428848,2357.0,
28940574,14953008.0,
20529381,7762889.0,
15833761,6446066.0,
22726660,4558016.0,
291252,168524.0,
10718699,270624.0,
17741066,6547911.0,
16104802,72678.0,
30258320,14235866.0,
1057502,75750.0,
848654,1077326.0,
16044997,796869.0,
22005854,6903785.0,
3665811,50873.0,
16248123,418792.0,
1707240,2614.0,
15814500,13014.0,
1111086,507943.0,
26802017,8186790.0,
11401915,50873.0,Creator
11401915,29840.0,
11401915,4101698.0,
4006156,272813.0,
17428643,172512.0,
18624069,6565420.0,
24809058,7133276.0,
9214714,2958842.0,
9214714,8164.0,
268437,43734.0,
268439,43734.0,
6340340,8685.0,
10536993,3299.0,
8259397,3105432.0,
18773989,815.0,
7977037,191456.0,
23372728,12949.0,
13539458,1141209.0,
13539457,4517253.0,
13539451,41032.0,
7672427,303833.0,
2880573,28544.0,
23686004,5260678.0,
15927438,6506537.0,
17302136,5192582.0,
219407,20561.0,
219405,20561.0,
219402,20561.0,
20558569,7742330.0,
20558569,7876757.0,Cover Artist
25663529,7214344.0,
16153575,656983.0,
16153575,3853096.0,Editor
8478133,1654.0,
25316540,919024.0,
25316540,2957952.0,Illustrator
25316540,14073990.0,Translator
21853633,566874.0,
21853637,1106214.0,
17795915,6586436.0,
7725009,4431689.0,
27173614,13402627.0,
11253959,8164.0,
11253959,45230.0,illustrator
3046001,20561.0,
253540,102143.0,
25135749,8306428.0,
13001274,4432.0,
16059327,4470523.0,
13438677,2936493.0,
13438677,2738900.0,Illustrator
100491,58011.0,
1132457,1077326.0,
1132457,10917.0,Narrator
13269570,2669754.0,
16638435,4684322.0,
16638435,3124176.0,Narrator
22297786,7881911.0,
5895933,2699594.0,
23168788,8531097.0,
7113271,10896.0,
24903355,5386283.0,
11736535,78111.0,
22432732,5149973.0,
22432732,9375501.0,
7247965,3206478.0,
6082282,270624.0,
7904769,393138.0,
7904769,2086916.0,
10637748,2755160.0,
385706,153394.0,
15808503,492365.0,
1418830,668710.0,
22543648,6988.0,
14015,8685.0,
14014,8685.0,
14013,8685.0,
14013,8694.0,
14013,8695.0,
14012,8685.0,
1364113,8342728.0,
25327426,13801450.0,
16130371,15292.0,
16130371,121825.0,
16130371,5135449.0,
16130371,4414255.0,
16130371,848968.0,
16130371,1938234.0,
16130371,3965895.0,
16130371,6568888.0,
16130371,580315.0,
16130371,2846074.0,
16130371,2895111.0,
16130371,213510.0,
16130371,2869203.0,
16130371,2860219.0,
23628916,1221698.0,
13629948,5827587.0,
183274,31688.0,
8666610,162678.0,
20582841,17152.0,
21523103,1077326.0,
13547778,5778099.0,
11072325,4370565.0,
8626348,246590.0,
6976882,38550.0,
13448434,7941.0,
13448434,76423.0,
3292087,941441.0,
13260670,5265998.0,
662702,19472.0,
23466036,7171979.0,
22852803,8425246.0,
20906536,1654.0,
16146956,6578457.0,
15810845,35022.0,
15810848,74488.0,
12839794,2988406.0,
12839794,1411091.0,Translator
6658097,497788.0,
18103578,6473496.0,
8659601,3380908.0,
17214357,2990843.0,
17214357,3143450.0,Narrator
16097723,6560692.0,
17879401,7149797.0,
7600922,15292.0,
7853705,1654.0,
23308084,4600197.0,
23308087,4600197.0,
10321405,1188608.0,
13086546,4966012.0,
88504,26738.0,
18010180,6439448.0,
22841998,1077326.0,
6539039,46138.0,Editor
6539039,1226866.0,Contributor
6539039,1268198.0,Contributor
6539039,177466.0,Contributor
6539039,58971.0,Contributor
6539039,277536.0,Contributor
6539039,107744.0,Contributor
6539039,1431510.0,Contributor
6539039,2830642.0,Contributor
6539039,376166.0,Contributor
6539039,307629.0,Contributor
6539039,207729.0,Contributor
6539039,20435.0,Contributor
6539039,2125760.0,Contributor
6539039,466494.0,Contributor
6539039,3036323.0,Contributor
6539039,3036324.0,Contributor
6539039,3036325.0,Contributor
6539039,3036326.0,Contributor
6539039,3036327.0,Contributor
6539039,3036328.0,Contributor
6539039,74416.0,Contributor
17944,3389.0,
11457525,3486415.0,
6715367,3023507.0,
13631001,5828053.0,
125956,1441.0,
125955,1441.0,
8511702,3087558.0,
8511702,3149363.0,Illustrator
25494344,4428.0,
25494343,150038.0,
13342813,136127.0,
9544621,66280.0,
21857321,2357.0,
18165325,5831306.0,
11515955,5103225.0,
13997,8685.0,
87234,50041.0,
13052105,4201.0,
17413361,6953485.0,
504430,10746.0,
13591876,40983.0,
13591878,874602.0,
13591879,874602.0,
1628260,5255014.0,
6313798,6941.0,"Editor, Contributor"
6313798,13387.0,Contributor
6313798,7659.0,Contributor
6313798,6944.0,Contributor
6313798,5152.0,Contributor
6313798,1630.0,Contributor
6313798,246684.0,Contributor
6313798,502042.0,Contributor
6313798,202192.0,Contributor
6313798,57736.0,Contributor
6313798,7415.0,Contributor
6313798,8726.0,Contributor
6313798,23001.0,Contributor
6313798,1141781.0,Contributor
6313798,14444.0,Contributor
6313798,60697.0,Contributor
6313798,52074.0,Contributor
6313798,23704.0,Contributor
6313798,3524.0,Contributor
6313798,128466.0,Contributor
6313798,33919.0,Contributor
6313798,3389.0,Contributor
6313798,8885.0,Contributor
6313798,7751.0,Contributor
6313798,4798562.0,Contributor
6313798,166779.0,Contributor
6313798,2715.0,Contributor
6313798,88506.0,Contributor
6313798,9558.0,Contributor
6313798,12589.0,Contributor
6313798,126765.0,Contributor
6313798,48355.0,Contributor
6313798,24902.0,Contributor
6313798,8835.0,Contributor
6313798,2912820.0,Contributor
6313798,23069.0,Contributor
6313798,215907.0,Contributor
6313798,2454.0,Contributor
6313798,431149.0,Contributor
6313798,101080.0,Contributor
6313798,7464.0,Contributor
6313798,13388.0,Contributor
8369784,30819.0,
1980737,581186.0,
6587879,88506.0,
30827786,13787489.0,
30254933,771.0,
30254933,157676.0,
30254933,13899.0,
18621651,767547.0,
18528453,3389.0,
16000243,5041072.0,
157799,95013.0,
157799,570317.0,Illustrator
13163248,2922003.0,
28765598,349456.0,
6897432,3087209.0,
7433668,3234100.0,
6610489,1045593.0,
68494,33918.0,
68496,33918.0,
68497,33918.0,
68498,33918.0,
18621227,7014014.0,
14896701,6886885.0,
18404320,5778486.0,
6285903,81096.0,
29087788,891354.0,
936434,10896.0,
6368611,175855.0,
6368610,175855.0,
10841914,72374.0,
773989,10333.0,
291912,8185168.0,
291912,10763.0,Illustrator
9339901,4344369.0,
9339901,4075932.0,
18366739,5830526.0,
18366739,7233443.0,Narrator
362956,207746.0,
17864396,131337.0,Editor
17864396,11890.0,
17864396,4798562.0,
17864396,8694.0,
17864396,3400079.0,
17864396,5989.0,
17864397,588356.0,
17864397,95614.0,Foreword
17864397,11735.0,Contribuitor
17864395,131337.0,Editor
17864395,445303.0,Contributor
17864395,8988.0,Contributor
17864395,61958.0,Contributor
17864395,56162.0,Contributor
17864395,4798562.0,Contributor
17864395,466494.0,Contributor
17864395,72451.0,Contributor
17864395,1819311.0,Contributor
17864395,4451294.0,Contributor
17864395,38680.0,Contributor
17864395,40173.0,Contributor
17864395,167606.0,Contributor
17864395,28045.0,Contributor
17864395,26935.0,Contributor
17864395,2964564.0,Contributor
17864395,237154.0,Contributor
17864395,96300.0,Contributor
17864395,490342.0,Contributor
17864395,207823.0,Contributor
17864398,108173.0,
84950,47792.0,
15738579,852078.0,
18636196,15872.0,
17333180,21748.0,
4588949,27100.0,
23482780,6953956.0,
399352,165105.0,
34619522,13530245.0,
23398891,142270.0,
23398897,4449940.0,
23398894,4349837.0,
15784860,863686.0,
7719355,2891665.0,
13575986,4369922.0,
3754026,1370283.0,
19381626,31232.0,
13993,8685.0,
13992,8685.0,
13992,8690.0,
13990,8685.0,
13996,8685.0,
13995,8685.0,
13994,8685.0,
13999,8685.0,
13999,8686.0,
13998,8685.0,
13542560,8649.0,
370073,33502.0,
50852,205.0,
50856,205.0,
18741309,6888220.0,
22429623,8294212.0,
12788061,5251026.0,
12043770,4175419.0,
20524616,5828129.0,
406459,143699.0,
7577116,3321132.0,
18588383,27498.0,
120253,9345.0,
120253,4687563.0,Editor
10836484,542967.0,
10836484,14834295.0,
56348,13891.0,
13056767,14219.0,
7793985,283108.0,
7793985,1018954.0,Illustrator
7990783,3465436.0,
25645561,3312940.0,
23351890,7343261.0,
31313,625.0,
176804,8685.0,
176804,8690.0,
733952,389486.0,
8230540,40563.0,
1603125,21198.0,
3396458,315657.0,
140974,6252.0,
13573784,4907398.0,
13573784,4907397.0,
7124095,767547.0,
2108198,1221698.0,
2108198,55811.0,Illustrator
15760523,4966012.0,
6093294,811.0,
6093294,528191.0,Narrator
6093294,586284.0,Narrator
10077103,5791.0,
26859093,14434144.0,
567224,193861.0,
567223,193861.0,
1441722,24827.0,
7100759,9237.0,
77115,12521.0,
3331431,64364.0,
804148,275252.0,
23653549,8842.0,
4371533,415731.0,
6650737,46540.0,
13378361,5432032.0,
13614666,5808420.0,
14781221,6535608.0,
22609198,4831360.0,
22609198,1733780.0,
68400,38531.0,
723801,337831.0,
345966,164102.0,
17331828,2995873.0,
7876746,6587.0,
213652,13014.0,
13083063,3389.0,
10048834,3174636.0,
25272178,6893006.0,
9647909,1025498.0,
11736996,249843.0,
6587387,40563.0,
9794562,4485597.0,
188276,7941.0,
188275,17064.0,
188275,7941.0,
188275,71688.0,
188275,2465550.0,
19286674,4175419.0,
27426624,3389.0,
6678974,27704.0,
6678976,246590.0,
17977415,7036526.0,
9347801,8660.0,
9908712,1226866.0,Editor
9908712,2917917.0,
9908712,3390749.0,
9908712,4510562.0,
9908712,198732.0,
9908712,4447961.0,
9908712,175143.0,
9908712,2967939.0,
9908712,4127611.0,
9908712,2733519.0,
9908712,4103780.0,
9908712,4510560.0,
9908712,4510558.0,
9908712,2438981.0,
9908712,4175512.0,
9908712,74416.0,
218574,22631.0,
218572,22631.0,
10747756,445303.0,
8389126,120918.0,
12347362,142270.0,
12347362,15011468.0,Narrator
17262684,61958.0,
17262686,96767.0,
159543,7577.0,
397400,46138.0,Editor
397400,46137.0,Editor
397400,2858449.0,Contributor
397400,44889.0,Contributor
397400,53256.0,Contributor
397400,5989.0,Contributor
397400,3619.0,Contributor
397400,113942.0,Contributor
397400,6941.0,Contributor
397400,144814.0,Contributor
397400,45816.0,Contributor
397400,1182450.0,Contributor
397400,21158.0,Contributor
397400,36122.0,Contributor
397400,5814050.0,Contributor
397400,10330.0,Contributor
397400,4584080.0,Contributor
397400,410354.0,Contributor
397400,22545.0,Contributor
397400,157655.0,Contributor
20317802,88506.0,
317484,870.0,
22318573,2699594.0,
23485434,88506.0,
17802744,5097017.0,
22864842,6953956.0,
18952,11390.0,
33956,146374.0,
8138331,26.0,
8138331,11906.0,
18001518,324620.0,
18172465,780120.0,
18513759,4556932.0,
7951296,304060.0,
7951296,12878419.0,Toning artist
7951296,13709050.0,Lettering
3212912,4594585.0,
3212912,56968.0,Translator
189835,8732.0,
20413430,5816.0,
3411292,941441.0,
18044380,583990.0,
11286,2687.0,
12143316,5069707.0,
176802,8685.0,
176803,8685.0,
32713449,16001139.0,
234489,14078.0,
12058660,56370.0,
17164686,3064305.0,
10211811,3002235.0,
13506133,5314516.0,
258569,151109.0,
15748535,2860219.0,
17336078,5256725.0,
17336078,5256726.0,
10841115,174708.0,
17978095,230018.0,
25670162,130698.0,
13455504,93220.0,
15803925,3091065.0,
15803925,1411091.0,Translator
22584974,234115.0,
795034,6587.0,
20168816,346732.0,Editor/Contributor
20168816,12052.0,Editor
20168816,276660.0,Contributor
20168816,2383.0,Contributor
20168816,257412.0,Contributor
20168816,58971.0,Contributor
20168816,14454.0,Contributor
20168816,3388323.0,Contributor
20168816,8988.0,Contributor
20168816,73149.0,Contributor
20168816,198305.0,Contributor
20168816,221253.0,Contributor
20168816,13557729.0,Contributor
20168816,63341.0,Contributor
20168816,42919.0,Contributor
20168816,8347.0,Contributor
20168816,48960.0,Contributor
20168816,2745.0,Contributor
20168816,38313.0,Contributor
20168816,1221698.0,Contributor
20168816,14032.0,Contributor
20168816,108424.0,Contributor
18773657,73149.0,
13623987,1221698.0,
16064347,145946.0,
10368915,4105961.0,
17385231,5421050.0,
11089464,3295277.0,
11089464,6459302.0,
588369,7116.0,
11539233,346732.0,
1450407,240708.0,
8723009,20248.0,
41899,57983.0,Pseudonym
41899,1077326.0,
41899,14877156.0,Foreword
1856301,589.0,
117991,5791.0,
117991,43587.0,Narrator
117991,73423.0,Narrator
117991,44736.0,Narrator
117991,4423545.0,Narrator
117991,4370909.0,Narrator
117991,432320.0,Narrator
117991,12718.0,Narrator
117991,563121.0,Narrator
117991,4423546.0,Narrator
117991,4423547.0,Narrator
117991,144334.0,Narrator
117991,2976694.0,Narrator
117991,393249.0,Narrator
117991,140042.0,Narrator
117991,3039826.0,Narrator
117991,4423549.0,Narrator
117991,2782636.0,Narrator
117991,4423550.0,Narrator
117991,4423551.0,Narrator
8583883,421434.0,
9473383,62444.0,
147915,346732.0,
10846905,282919.0,
17566584,4175419.0,
7802883,7581.0,
25445352,669810.0,
13418380,346732.0,
776212,346732.0,
1107632,546427.0,
6419511,724724.0,
17973145,6420147.0,
114218,625.0,
114218,66128.0,
114218,66129.0,
114218,2912746.0,
25852782,48206.0,
399415,1654.0,
3157718,13677.0,
14150,8794.0,
7947591,1356336.0,
23492109,4430.0,
12422629,60957.0,
12962037,51167.0,
29324,7993.0,
28916530,1221698.0,
28916530,59749.0,Illustrator
20631613,234115.0,
16123804,6570230.0,
1396528,16667.0,
58889,8596.0,
24830,1630.0,
16244759,2358.0,
13513660,1141209.0,
22152434,6268.0,
103,58.0,
106,58.0,
104,58.0,
8253920,6252.0,
8253920,38550.0,
47699,1221698.0,
47699,188344.0,Illustrator
16072981,6462472.0,
7933814,131208.0,
12963116,1127619.0,
25991136,13695109.0,
25991136,6925433.0,Narrator
15828525,6469660.0,
22730712,2769036.0,
29500704,14422472.0,
15712167,4062676.0,
15712167,13635.0,
6924798,823146.0,
116343,15590.0,
19430954,5186274.0,
10798722,5816.0,
10798722,3067498.0,
23676581,10297635.0,
8531229,8544646.0,
10908954,48206.0,
29506631,3005246.0,
8960577,3193723.0,
17332257,4906436.0,
16240750,1164105.0,
581126,8726.0,
9637907,131337.0,Editor
9637907,452559.0,Contributor
9637907,137270.0,Contributor
9637907,329391.0,Contributor
9637907,26417.0,Contributor
9637907,7581.0,Contributor
9637907,18879.0,Contributor
9637907,918877.0,Contributor
9637907,12339.0,Contributor
9637907,26935.0,Contributor
9637907,806782.0,Contributor
9637907,237154.0,Contributor
9637907,15292.0,Contributor
9637907,110215.0,Contributor
9637907,88608.0,Contributor
9637907,8694.0,Contributor
9637907,1967.0,Contributor
9637907,3256822.0,Contributor
9637907,4798562.0,Contributor
9637907,8988.0,Contributor
9637907,17061.0,Contributor
9637907,8185168.0,Contributor
9637907,40173.0,Contributor
9637907,51420.0,Contributor
9637907,25422.0,Contributor
9637907,7083555.0,Contributor
20880386,5804101.0,
27406791,7340907.0,
3235477,276660.0,
30689357,1657883.0,
10558533,24009.0,
1175893,573850.0,
1175893,26170.0,
100085,9494.0,
100085,20598.0,Introduction
689952,43538.0,
29905987,3046613.0,
7989712,10746.0,
7989712,169487.0,Narrator
9532302,37613.0,
24698864,25307.0,
28284684,1330292.0,
7822865,2861133.0,
13591141,3077405.0,
6076675,1435883.0,
6076675,812957.0,Illustrator
6076675,5392955.0,Translator
13003565,34049.0,
155104,1077326.0,
12544664,4507090.0,
2219694,348878.0,
887201,9345.0,
887201,9545.0,
21416690,119888.0,
15703486,137902.0,
21947239,2961134.0,
13542421,88609.0,
6453321,421434.0,
8790787,206295.0,
14058691,300523.0,
535144,8347.0,
13057436,468945.0,
17057264,4.0,
15096052,4867939.0,
7245329,3205604.0,
30032302,5785692.0,
13118885,1301649.0,
18801345,7729378.0,
17349203,1221698.0,
17349203,62104.0,Illustrator
1160083,9355.0,
1160083,925.0,Narrator
9462784,27032.0,
20559783,7770772.0,
15800507,11047.0,
7211922,3193723.0,
22429853,7314532.0,
50001,14602227.0,
50001,656983.0,Based On Work by
750129,397047.0,
15783083,2526.0,
2748241,6573790.0,
2748241,27205.0,
8076919,777375.0,
127122,27.0,
9458220,2873209.0,
937706,3618.0,
13926,8649.0,
13923,8649.0,
15796200,275908.0,
6439449,1035609.0,
126192,72538.0,
92204,28699.0,
92204,3887533.0,
92201,28699.0,
20646690,36346.0,
25092129,4476934.0,
8704448,4105961.0,
774571,18393.0,Editor
774571,7363007.0,
6831917,19564.0,
23401438,48206.0,
12829446,200317.0,
621490,335956.0,
10434701,1221698.0,
10434701,10365.0,
13415723,106.0,
64028,6268.0,
963683,4432.0,
6914102,7581.0,
91479,10746.0,
91476,10746.0,
91474,10746.0,
31702797,1988739.0,
554168,4798562.0,
14781525,6158098.0,Creator
18222819,6914204.0,
10790018,588558.0,
7081571,588246.0,
23278546,7128.0,
23278546,5106204.0,
23278546,63924.0,Illustrations
23737023,4149342.0,
13695982,4983261.0,
34510,1654.0,
34511,1654.0,
34515,1654.0,
34515,10336.0,
34515,19441.0,
34517,1654.0,
34519,1654.0,
93297,53519.0,
93297,3887959.0,Editor
225606,63669.0,
225605,63669.0,
15309,9550.0,
2903799,8685.0,
2903799,8686.0,
8538301,4106944.0,
8538305,4087495.0,
421905,11633.0,
421905,576681.0,Illustrator
22798853,8199394.0,
187315,3155347.0,
373951,1221698.0,
2820533,58846.0,
17786326,6869349.0,
17624060,6466778.0,
8486636,190887.0,
6644117,2995873.0,
30025154,3334999.0,
3475012,101078.0,
2808554,9018.0,
60177,3242.0,
60179,3242.0,
60179,5044885.0,Illustrator
139994,32279.0,
13606054,5694181.0,
18529573,2301413.0,
6919827,436788.0,
169867,36122.0,
7025097,11654.0,
2570856,1136158.0,
2969785,656983.0,
2969785,9533.0,Editor
17289947,6907729.0,
27396571,3046613.0,
3908591,179712.0,
3908591,122651.0,Illustrator
6981805,88506.0,
6981805,386543.0,Reading
7198988,200317.0,
2496546,8347.0,
2496546,258912.0,Narrator
20665577,43322.0,Editor
20665577,9494.0,
20665577,3961.0,Introduction
559528,13958.0,
920342,16218.0,
28866,6268.0,
28868,1069006.0,
22596135,4180775.0,
3934321,50873.0,
25090719,15872.0,
26542535,6953956.0,
26309792,6868825.0,
2653584,165168.0,
15783514,1221698.0,
1018832,16218.0,
1018832,431771.0,Narrator
27823184,7334288.0,
29775943,15148269.0,
6641635,2830341.0,
13227064,5387551.0,
90618,52074.0,
1627906,80127.0,
31298064,6539087.0,
18160216,5571.0,
13518975,5234352.0,
1607595,2465550.0,
17679373,6437336.0,
18061792,7129846.0,
16225157,4116333.0,
12982059,3152411.0,
10634910,1330287.0,
23163610,3084816.0,
23465064,6993053.0,
27804013,184090.0,
18249280,85545.0,
7067782,25422.0,
7067782,3969234.0,Narrator
5071514,2101598.0,
5071514,2101660.0,
1022825,58.0,
346087,10746.0,
346089,10746.0,
346088,10746.0,
25814176,8685.0,
25814176,2742751.0,
25811,449812.0,
17162437,5446913.0,
847735,255165.0,
847735,14569264.0,Translator
20601784,3020684.0,
8880275,3512625.0,
810881,41942.0,
18769734,429197.0,
12850146,1140298.0,
18388431,5042322.0,
11492727,2984032.0,
11492727,337207.0,Illustrator
18087428,4693729.0,
280125,1023510.0,
4779599,48192.0,
608906,27498.0,
2310633,484480.0,
769483,157663.0,
1896805,194172.0,
838865,3618.0,
838865,470769.0,Illustrator
6377125,324620.0,
18269916,5335865.0,
12993848,2789878.0,
12993848,4636983.0,Illustrator
12993848,7579477.0,Translator
9643425,15292.0,
27396942,6545831.0,
428300,82467.0,
27068793,15292.0,
12840440,1395810.0,
21538202,9355.0,
18114152,26897.0,
18402014,3500801.0,
6636138,3502.0,
11264950,4826711.0,
23127048,8306309.0,
13182274,5374297.0,
19401348,5303332.0,
21075386,6466778.0,
28471,869.0,
28471,868.0,
28477,869.0,
1042367,18451.0,
28478,869.0,
28478,868.0,
81612,46540.0,
23670080,5804537.0,
13069014,5607899.0,
13069014,5607900.0,
17339335,5321960.0,
25817389,37557.0,
30213129,221253.0,
16065783,1080585.0,
21532109,567167.0,
8187560,3912116.0,
20897649,7152490.0,
9942081,4517806.0,
21936988,8152069.0,
13033947,510991.0,
10823507,4443809.0,
137896,6244.0,
137896,505236.0,Illustrator
944334,413783.0,
208738,38530.0,
47970,26906.0,
7048880,3780.0,
27133894,14542821.0,
12267497,5102036.0,
18594622,1357414.0,
24612558,1030094.0,
535174,4432.0,
535174,329957.0,Narrator
11674348,346732.0,
11674348,579648.0,Narrator
552344,65471.0,
552349,65471.0,
31554691,2917917.0,
31554691,158074.0,Narrator
10314147,869.0,
10314147,3056312.0,
18490649,3020656.0,
18243852,5022765.0,
10815209,4725624.0,
3223890,1369219.0,
18803194,2915782.0,
23340,6587.0,
305417,48190.0,
7170273,36122.0,
25309550,13651527.0,
13259261,1630.0,
2382052,437669.0,
2382052,7577.0,
27688741,4342215.0,
771710,19954.0,
808828,408864.0,
5323390,2287512.0,
15851511,5446913.0,
1063142,109823.0,
16129272,3471272.0,
23995270,18684.0,
815163,48206.0,
12730052,1724.0,
862815,1221698.0,
862814,1221698.0,
862816,1221698.0,
764354,10746.0,
740506,4841825.0,
6790955,15872.0,
6790955,465708.0,Narrator
6261097,40823.0,
1253331,13023.0,
768528,28569.0,
13003421,1141209.0,
6137518,2752627.0,
20735129,7327976.0,
62544,20561.0,
62547,20561.0,
20821265,8840.0,
20821265,2387.0,
6322517,2995925.0,
6114921,445303.0,
26835101,10746.0,
26835101,2961721.0,Narrator
222338,1023510.0,
2150466,17061.0,
2150466,2729427.0,Narrator
1102162,3780.0,
26074170,3099544.0,
10722553,3342342.0,
7302517,217944.0,
78753,696805.0,
78753,16667.0,Afterword
78753,34429.0,Introduction
18796312,6585392.0,
12578568,5191012.0,
9584310,4124572.0,
18077836,168647.0,
18054085,2995873.0,
7450931,17061.0,
6065429,4698899.0,
6065429,1945379.0,Translator
4932435,47104.0,
13509155,40881.0,
26594092,9060953.0,
349090,40119.0,
18180495,7168230.0,Pseudonym
18180495,3099544.0,
26222983,14022629.0,
13538703,10182.0,
13538703,4522.0,
914886,3441.0,
7021,4735.0,
3002310,145129.0,
3002310,2874870.0,Illustrator
13107963,24009.0,
17910665,346732.0,Editor
17910665,12052.0,Editor
17910665,852078.0,
17910665,3617.0,
17910665,8988.0,
17910665,15989960.0,
17910665,58971.0,
17910665,53255.0,
17910665,17613.0,
17910665,38550.0,
17910665,24655.0,
17910665,142270.0,
17910665,21158.0,
17910665,14002.0,
17910665,3252210.0,
17910665,27841.0,
17910665,222813.0,
17910665,29593.0,
17910665,276660.0,
17910665,61073.0,
17910665,10746.0,
17910665,4430.0,
17910665,7010242.0,Narrator
17910665,725899.0,
17910665,6941369.0,Narrator
17910665,156118.0,Narrator
17910665,865718.0,Narrator
17910665,7037826.0,Narrator
17910665,16529938.0,Narrator
17910665,44554.0,Narrator
17910665,946298.0,Narrator
17910665,10037.0,Narrator
17910665,128057.0,Narrator
17910665,16119203.0,Narrator
17910665,547911.0,Narrator
17910665,655707.0,Narrator
17910665,5264182.0,Narrator
17910665,607528.0,Narrator
17910665,5667167.0,Narrator
17910665,13871473.0,Narrator
6753727,1069006.0,
41334,23284.0,
5750628,1488908.0,
12369705,5131290.0,
33541526,21748.0,
6979924,2938140.0,
6979924,2938141.0,
6979924,69163.0,Illustrator
17999114,6540057.0,
26136490,14226698.0,
30963250,2917917.0,
264499,45596.0,
177406,103308.0,
121121,1077326.0,
121121,2927.0,Cover artist and Illustrator
2330041,4874418.0,
15796303,3396842.0,
972188,3624.0,
13356686,874602.0,
6353999,96909.0,
515382,105839.0,
515384,167568.0,
7196830,35022.0,
17924035,6644836.0,
10188580,4573983.0,
21972431,7202492.0,
20623254,5046525.0,
7816298,2905789.0,
18458800,13557729.0,
27821729,5181752.0,
20972951,26897.0,
20972951,2937325.0,Narrator
9897164,4476934.0,
13549375,5778695.0,
17904985,7084159.0,
5280597,21911.0,
16130787,6572696.0,
6101718,142270.0,
17158920,396497.0,
13515176,5767418.0,
8755785,150038.0,
13492625,2941990.0,
33384139,7219081.0,
14078007,5171255.0,
14078007,5139410.0,
2464778,275252.0,
640181,38605.0,
799075,371202.0,
7605246,28550.0,
496131,276748.0,
496139,48190.0,
23279496,5806077.0,
18693758,108007.0,
10803710,38550.0,
17948772,6457430.0,
29055255,7277852.0,
16248141,6981617.0,
226151,132369.0,
11629974,2261547.0,
17842040,5404521.0,
18046383,7124792.0,
25317443,4971535.0,
10153069,20248.0,
17702579,7024194.0,
22571663,4349837.0,
659469,28709.0,Adapter
659469,656983.0,Creator
659469,42156.0,Illustrator
659469,150123.0,Adapter
30116958,15235727.0,
12434581,5152709.0,
7316440,60577.0,
7316441,60577.0,
24694233,4945.0,
4476999,1868743.0,
253046,3441.0,
18480576,6506571.0,
2866413,125308.0,
6653693,40563.0,
6288362,17061.0,
10164948,25422.0,
18004320,780120.0,
314254,4841825.0,Editor / Contributor
314254,23503.0,Contributor
314254,855385.0,Artist
12566298,3091065.0,
12566298,1411091.0,Translator
4361989,3441.0,
7937675,941441.0,
21531492,346732.0,Editor
21531492,12052.0,Editor/Introduction
21531492,142270.0,Contributor
21531492,24655.0,Contributor
21531492,14002.0,Contributor
21531492,222813.0,Contributor
21531492,3252210.0,Contributor
21531492,21158.0,Contributor
21531492,3617.0,Contributor
13609665,5820493.0,
20579053,4449940.0,
19346338,4074051.0,
15758323,1194999.0,
21412009,41202.0,
865698,338705.0,
301053,90037.0,
3191189,1343790.0,
901690,7717.0,
1704159,101078.0,
10401084,4629194.0,
6615021,40563.0,
8535693,346732.0,
3113386,8695.0,
18301308,61741.0,
11774295,2917917.0,
8707334,168090.0,
9461971,2988406.0,
9461971,1411091.0,Translator
6351469,57983.0,Pseudonym
6351469,1077326.0,
22701387,5329496.0,Editor
22701387,4025591.0,
22701387,1067608.0,
22701387,293603.0,
22701387,10746.0,
22701387,15292.0,
22701387,2895706.0,
22701387,27206.0,
22701387,2742182.0,
22701387,5989.0,
22701387,6573134.0,Illustrator
12686372,5173683.0,
12983100,4890182.0,
2083991,27498.0,Creator
2083991,73351.0,Writer
2083991,469607.0,Illustrator
7121598,9550.0,
6555008,823146.0,
23281789,588356.0,
17927134,89393.0,
17927134,7091983.0,
2321974,652938.0,
49006,27498.0,
25453426,2973783.0,
13552268,5759851.0,
23012630,56328.0,
23012630,56327.0,
13159888,3046613.0,
23507759,15291877.0,
23507758,7377526.0,
6771442,1221698.0,
6771442,122651.0,Illustrator
32150704,4491649.0,
6794855,145926.0,
17449197,5186274.0,
12478507,1025280.0,
7982855,3462566.0,
33970903,5785094.0,
20620652,7060506.0,
26031261,4788719.0,
26031268,3285599.0,
26031268,14820458.0,Illustrator
8474746,284897.0,
13595011,4831561.0,
113436,8349.0,
22446630,7184104.0,
6294549,2860219.0,
20484563,5773867.0,
9814682,346732.0,
5843145,927454.0,
1183696,7577.0,
11202715,51118.0,
28374007,4086715.0,
6567600,133838.0,
395420,224439.0,
7819820,1555396.0,
20736630,478745.0,
20736630,4427.0,
20736630,9345.0,Illustrations
18040275,5212441.0,
2539487,102987.0,
6383537,944594.0,
153792,8596.0,
153797,8596.0,
4117,2828.0,
22291630,10087.0,
18756972,1177779.0,
18301716,7212275.0,
11672184,346732.0,
7261549,165168.0,
3422254,1440114.0,
10370700,137902.0,
8121665,1161372.0,Editor
18273949,8988.0,
18273946,8988.0,
33009276,8164.0,
16131107,1370283.0,
6006373,137902.0,
23846037,35855.0,
23846037,2682658.0,
710178,32590.0,
13624637,275908.0,
10194775,510991.0,
15849472,6458963.0,
10713851,4700417.0,
17910103,644349.0,
9602030,108693.0,
9602030,214134.0,Illustrator
5111133,2115739.0,
23249,13143.0,
23244,11663.0,
23241,11663.0,
23242,11663.0,
2020473,8649.0,
31019838,143659.0,
27131517,19305.0,
6933901,6206.0,
9273057,13663.0,
13612962,25422.0,
13612962,150038.0,
13612965,25422.0,
13612965,150038.0,
35116827,4575289.0,
6391901,6244.0,
6019882,752898.0,
21480819,6472959.0,
20759421,202960.0,
23525644,9841919.0,
11824280,4843915.0,
685455,4430.0,
5801741,827236.0,
5801741,2541147.0,Illustrator
781124,25.0,
242827,7935185.0,
242827,738091.0,Illustrator
10122126,2860745.0,
25853069,20248.0,
44734,4698899.0,
44734,1945379.0,Translator
17790298,6887988.0,
27160926,8587.0,
2223967,83308.0,
18476843,5819903.0,
18042063,7122995.0,
26352523,5340653.0,
242793,6252.0,
242793,9631.0,
16067232,5139046.0,
2011835,24818.0,
25614934,9833.0,
13510477,190887.0,
14460,8988.0,
13519598,6587.0,
13519596,6587.0,
10806119,28375.0,
2191733,16218.0,
6989932,7577.0,
596878,1654.0,
1011193,257591.0,
1011193,3389.0,
13050840,21748.0,
7553944,282919.0,
23286931,7770873.0,
9598203,375143.0,
15722300,6429917.0,
7933699,23894.0,
7171902,323656.0,
18457987,1077326.0,
12947735,1080585.0,
21870140,3305386.0,
9215459,207961.0,
104571,60478.0,
22009866,8178159.0,
16250908,6625011.0,
16250908,6625012.0,
16250908,2902285.0,Illustrations
435415,43835.0,
22342670,3408349.0,
3798711,1312879.0,
13035325,2988406.0,Creator
13035325,1411091.0,Translator
18187690,27379.0,
18187690,210551.0,Illustrator
68041,874602.0,
16116259,266502.0,
13154387,2918731.0,
22911719,5430378.0,
22911719,2877033.0,
23197321,8122326.0,
23197321,8544583.0,Visual Art
23197326,9640322.0,
23197326,7123169.0,Visual Art
23197325,9640322.0,
23197325,13794825.0,Visual Art
21066604,276660.0,
11468074,4880398.0,
33385230,8202155.0,
167038,4788867.0,
167038,4107044.0,
17332588,249025.0,
429621,13677.0,
429621,363780.0,Illustrator
1441266,380289.0,
12875436,4984399.0,
25667060,8835824.0,
25667060,7164135.0,Translator
29065483,7834745.0,
10395576,1005984.0,
25648141,150038.0,
69169,38968.0,
290725,133364.0,
290725,173658.0,Illustrator
20695547,580315.0,
18141262,7154612.0,
10215349,2995873.0,
28449254,14690221.0,
25610661,10943489.0,
25610661,10943490.0,
2896122,103359.0,
16907,656983.0,
16907,10269.0,Editor
223822,8596.0,
32469783,15935255.0,
333707,7577.0,
8533993,8202779.0,
8533993,4173731.0,Translator
7706484,15872.0,
12342454,4105961.0,
22180790,6912725.0,
9652412,321863.0,
240815,16215.0,
33295236,33467.0,
15932273,4823432.0,
24949940,7062845.0,
18459434,131208.0,
476733,26115.0,
7171362,2809249.0,
18079491,41942.0,
47588,9558.0,
47581,4260.0,
47580,9558.0,Editor
47580,15497.0,Contributor
47580,27206.0,Contributor
47580,124933.0,Contributor
47580,142679.0,Contributor
47580,48325.0,Contributor
47580,26764.0,Contributor
47580,8185168.0,Contributor
47580,4497.0,Contributor
47580,8125999.0,
47580,76288.0,
47580,490342.0,
47580,15116939.0,
47580,56162.0,
47580,3064456.0,
47580,167606.0,
47580,255580.0,
47580,155759.0,
47580,368349.0,
47580,171921.0,
47580,207766.0,
47580,1159575.0,
47580,23069.0,
47587,4260.0,
21878763,7949493.0,
81121,8694.0,
81122,8694.0,
14742503,324620.0,
873632,7025.0,
16098340,4888434.0,
26365897,14290289.0,
9411628,4062676.0,
9411628,13635.0,
29770450,8588556.0,
22718798,123463.0,
22292967,3486225.0,
25813250,7340907.0,
30200,17015.0,
30203,15708586.0,
30203,17355.0,Translator
30203,544208.0,Adaptation
1012276,5255014.0,
1012276,3121241.0,Introduction
29346927,4519247.0,
13542609,71688.0,
542820,3389.0,
22031465,17061.0,
22031465,5445059.0,Narrator
31933977,38569.0,
100397,4777916.0,
100397,5169211.0,
281825,56140.0,
704626,95026.0,
17085959,6592670.0,
7841666,76360.0,
22219679,20512.0,
22219679,331596.0,
22219679,26797.0,
22219679,16213.0,
22219679,288043.0,
18853210,28083.0,
13581407,5335592.0,
31050237,3433047.0,
43545,426944.0,
43544,854076.0,
43544,350820.0,
19399520,7543536.0,
932854,191475.0,
7819220,11394.0,
1206544,8924.0,
2498202,470453.0,
89698,51507.0,
22033356,8185856.0,
13120273,3131402.0,
22929592,1095066.0,
1399268,661579.0,
23510548,7728542.0,
13506255,5616191.0,
210482,589.0,
23310722,7219195.0,
4413273,66700.0,
3242353,205.0,
23011732,3942561.0,
13558167,225033.0,
1505922,703538.0,
15848509,237175.0,
8492291,53984.0,
11060241,2891665.0,
1082252,869.0,
1082252,868.0,
13730598,4941.0,
352299,6986.0,
352299,504535.0,Illustrator
352299,255288.0,Illustrations
352298,6986.0,
352298,504535.0,Illustrator
27852569,7116446.0,
28220758,4154802.0,
3474898,241301.0,
17401837,4089093.0,
12304209,1311806.0,
229157,8476.0,
229157,299142.0,Translator
229156,8476.0,
229156,299142.0,Translator
28963886,267124.0,
2933082,941441.0,
6815247,345630.0,
32460,18253.0,
17355332,236723.0,
40220,9237.0,
40223,9237.0,
40222,9237.0,
6082415,17064.0,
27406805,580315.0,
6600732,836009.0,
18375048,7236218.0,
25033829,7797304.0,
15995860,3219566.0,
100933,1069006.0,
22208252,7539408.0,
7637398,1221698.0,Editor
7637398,26813.0,Editor
7637398,7128.0,Contributor
7637398,14454.0,Contributor
7637398,6941.0,Contributor
7637398,17613.0,Contributor
7637398,19305.0,Contributor
7637398,2546.0,Contributor
7637398,4260.0,Contributor
7637398,18341.0,Contributor
7637398,23069.0,Contributor
7637398,15089992.0,Contributor
7637398,10108.0,Contributor
7637398,4098207.0,Contributor
7637398,23704.0,Contributor
7637398,1612.0,Contributor
7637398,8835.0,Contributor
7637398,33050.0,Contributor
7637398,16939.0,Contributor
7637398,40983.0,Contributor
7637398,88506.0,Contributor
7637398,3524.0,Contributor
7637398,9432.0,Contributor
7637398,12339.0,Contributor
7637398,58971.0,Contributor
7637398,20850.0,Contributor
7637398,7717.0,Contributor
11733900,25052.0,
7091296,309018.0,
7091296,780075.0,
22094961,4499623.0,
13634387,207708.0,
499118,24818.0,
24900469,3891598.0,
24900469,1291826.0,Illustrator
10426573,125308.0,
982630,8164.0,
982630,7105.0,Editor
982630,180439.0,Illustrator
30267872,6474348.0,
23137382,203762.0,
23137382,10746.0,
23137382,506641.0,Illustrations
23137382,617155.0,Illustrations
12970580,1221698.0,
12970580,860368.0,Narrator
1131133,10727.0,
15702972,2872255.0,
480811,268722.0,
3372431,815.0,
8452642,93029.0,
6320247,2869923.0,
6463595,12444.0,
6463595,74339.0,Illustrator
8675071,6252.0,
18143290,4761781.0,
29419777,15058478.0,
13565028,4343092.0,
6871031,5542.0,
16164484,4832147.0,
25821928,14134410.0,
13406959,316632.0,
13406959,3303278.0,
25901506,7843051.0,
2678758,13681.0,
1071955,481045.0,
1071955,648360.0,Translator
22303684,21748.0,
7283567,2933833.0,
11890222,168090.0,
299758,23069.0,
6604644,19564.0,
17245747,150038.0,
11651477,50091.0,Editor
11651477,49237.0,
9302283,3396910.0,
23302835,5047249.0,
15720987,6429321.0,
2295534,6244.0,
18885585,346732.0,Editor
18885585,12052.0,Editor
18885585,852078.0,
18885585,3617.0,
18885585,8988.0,
18885585,58971.0,
18885585,53255.0,
18885585,17613.0,
18885585,38550.0,
18885585,24655.0,
18885585,142270.0,
18885585,21158.0,
18885585,14002.0,
18885585,3252210.0,
18885585,27841.0,
18885585,222813.0,
18885585,276660.0,
18885585,29593.0,
18885585,61073.0,
18885585,10746.0,
18885585,4430.0,
18885585,725899.0,
6334780,150810.0,
6334780,362098.0,Translator
17694650,5806077.0,
331830,190403.0,
11700785,3449368.0,
27689,15590.0,
13125960,3112212.0,
17994760,3431194.0,
8408981,36276.0,
25843088,3005246.0,
6503545,2778890.0,
216638,126955.0,
878307,35007.0,
6105402,21071.0,
16148986,1330292.0,
16148986,1004238.0,Narrator
20257238,26546.0,
13206760,4684322.0,
25394547,5761580.0,
15723908,6430454.0,
1160416,21184.0,
8467464,9072.0,
5148720,137902.0,
17372472,3041100.0,
21898414,2300692.0,
279679,1036736.0,
279673,1036736.0,
279672,1036736.0,
279671,1036736.0,
279670,1036736.0,
26883558,1762294.0,
26883552,4423928.0,
26883555,2868678.0,
13244372,5393357.0,
10387419,2924955.0,
10387413,2924955.0,
6134826,200317.0,
1561766,4708.0,
9407534,1005984.0,
8425213,3504189.0,
1829655,836009.0,
13611700,4584263.0,
12826714,240708.0,
755011,1831.0,
10945140,137902.0,
1243420,14403.0,
15840662,543233.0,
18039030,1443712.0,
24611565,2851725.0,
6422595,25422.0,
263021,23503.0,
263023,23503.0,
263023,3950341.0,Illustrator
23479194,7801879.0,
23479194,6582051.0,Narrator
6333003,8476.0,
8705784,4154802.0,
176408,1967.0,
176406,1967.0,
176403,13730.0,
455669,39792.0,
13560111,415967.0,
361943,207235.0,
289149,8349.0,
8355296,8164.0,
23492477,17054.0,
6505695,1100593.0,
12009478,5046525.0,
6202861,9629.0,
12752529,5241424.0,
25325771,8441258.0,
6314293,168090.0,
6314295,1069006.0,
20959422,4684322.0,
20959422,3124176.0,Narrator
30139665,6620.0,
18751236,150038.0,
18751236,2507198.0,Co-author
20617636,3433047.0,
2801440,883425.0,
2801440,2988527.0,Contribution by
478846,4841825.0,
18762479,7377484.0,
1228841,224004.0,
2196178,995186.0,
22108627,7375007.0,
3373198,375626.0,
9606839,50873.0,
59822,625.0,
59829,625.0,
11753475,4666971.0,
11736574,589.0,
18675338,7264230.0,
8951449,3486415.0,
301538,8587.0,
23267242,3354.0,
23267242,7353265.0,Illustrator
4835871,697710.0,
4835871,3929150.0,translator
13575605,3995.0,
2871250,17061.0,Editor / Contributor
2871250,81016.0,Editor/Contributor
2871250,60646.0,Contributor
2871250,41942.0,Contributor
2871250,2358.0,Contributor
2871250,81017.0,Contributor
2871250,165198.0,Contributor
2871250,8988.0,Contributor
2871250,158170.0,Contributor
2871250,7742.0,Contributor
2871250,137270.0,Contributor
2871250,40563.0,Contributor
2871250,49538.0,Contributor
2871250,38066.0,Contributor
2871250,121825.0,Contributor
2871256,4845.0,Editor
2871256,4430.0,Contributor
2871256,26935.0,Contributor
2871256,207708.0,Contributor
2871256,353528.0,Contributor
2871256,17061.0,Contributor
2871256,317.0,Contributor
2871256,133460.0,Contributor
2871256,10746.0,Contributor
2871256,137270.0,Contributor
2871256,20561.0,Contributor
2871256,773420.0,Contributor
2871256,48542.0,Contributor
2871256,7581.0,Contributor
2871256,54475.0,Contributor
2871256,58971.0,Contributor
2871256,53306.0,Contributor
2871256,1241378.0,Contributor
2871256,859609.0,Contributor
2871256,27206.0,Contributor
2871256,2851726.0,Contributor
2871256,2904744.0,Contributor
2871256,2904745.0,Contributor
24994123,20248.0,
24994123,2870757.0,Reading
22678141,4519247.0,
385742,153394.0,
489456,3399330.0,
489456,185594.0,Illustrator
13414569,656983.0,
16248746,151973.0,
569712,656983.0,
3389671,1428675.0,
3754898,8202779.0,
8036458,200448.0,
289601,87534.0,
421129,1429808.0,
29356046,150038.0,
6339619,477469.0,
7948945,2812835.0,
1110034,167980.0,
817216,8516.0,
25577715,89439.0,
22837755,344352.0,
3137561,5369.0,
8708376,237175.0,
18405537,4722094.0,
1309367,106.0,
23640554,6569197.0,
2571305,5032196.0,
3558003,15292.0,
15710530,1563059.0,
6618187,65391.0,
9440171,3002543.0,
21284,12433.0,
29415474,2809083.0,
30460927,505695.0,
6058533,1654.0,
6058533,1221698.0,
31453592,4428.0,
22130074,1145041.0,
7036997,273705.0,
10793701,41942.0,
28677,16094.0,
28671,8591.0,
16072988,849723.0,
10484178,3465557.0,
18361624,7111759.0,
21562651,3396842.0,
33306227,367994.0,
18745163,580315.0,
12159331,3500801.0,
18171112,6627289.0,
64818,26906.0,
1256157,13652.0,
90188,17064.0,
5575916,53574.0,
34275589,8730.0,
1116806,1221698.0,
30121770,7177350.0,
502101,14828.0,
502101,4698899.0,Illustrator
502101,8537.0,Translator
3465594,1067608.0,
2368381,1749.0,
2368381,1411821.0,Illustrations
27840861,4575289.0,
20708790,1923475.0,
209594,2938140.0,
209594,2938141.0,
209594,79861.0,Illustrator
209594,586023.0,Translator
9274499,703055.0,
18635036,418792.0,
14288739,5989661.0,
7877549,800019.0,
6234428,53193.0,
6234428,58223.0,Illustrator
28483515,4558309.0,
143180,8685.0,
13077588,153732.0,
915664,824163.0,
249855,46137.0,Editor
249855,46138.0,Editor
249855,10763.0,Illustrator
249855,19305.0,
249855,8185168.0,
249855,8694.0,
249855,5989.0,
249855,330853.0,
249855,25.0,
249855,12991.0,
249855,54462.0,
249855,53256.0,
249855,7025.0,
249855,22548.0,
249855,325368.0,
249855,8125999.0,
249855,1221698.0,
249855,108828.0,
249855,24.0,
249855,611015.0,
249855,22545.0,
291950,10366.0,
850960,31232.0,
7442693,48192.0,
9750872,1036925.0,
9750872,1036924.0,
9639859,78111.0,
12278214,5047249.0,
7294513,21748.0,
18775169,1136158.0,
6721385,4522.0,Editor 
6721385,38951.0,Contributor
6721385,584827.0,Contributor
6721385,9018.0,Contributor
6721385,5791.0,Contributor
6721385,5285.0,Contributor
6721385,27142.0,Contributor
6721385,6587.0,Contributor
6721385,27148.0,Contributor
6721385,58971.0,Contributor
6721385,24827.0,Contributor
6721385,88506.0,Contributor
6721385,27874.0,Contributor
6721385,4340377.0,Contributor
6721385,59165.0,Contributor
6721385,7581.0,Contributor
6721385,4340378.0,Contributor
6721385,52050.0,Contributor
6721385,4340380.0,Contributor
6721385,72451.0,
9415956,2761947.0,
11556615,259021.0,
8534799,4428.0,
7268509,89973.0,
800388,12521.0,
27203016,780120.0,
18583347,38550.0,
18583347,7711592.0,Narrator
372491,45309.0,
372490,45309.0,
372493,45309.0,
18006456,42110.0,
822995,346732.0,
822991,346732.0,
822993,346732.0,
28116133,1221698.0,
25263927,7055613.0,
25814230,580315.0,
871224,941441.0,
15793066,1161372.0,Editor
15793066,71155.0,
15793066,29479.0,
15793066,2860219.0,
15793066,1988739.0,
15793066,1916425.0,
15793066,33773.0,
15793066,3337132.0,
15793066,83308.0,
15793066,1356336.0,
15793066,11735.0,
15793066,3400079.0,
15793066,11890.0,
15793066,3617.0,
15793066,8988.0,
15793066,466494.0,
15793066,1301649.0,
15793066,8730.0,
15793066,2868678.0,
15793066,35022.0,
15793066,19305.0,
15793066,4826394.0,
15793066,735413.0,
15793068,589.0,
5585788,234115.0,
13322609,5413207.0,
116349,7308.0,
116349,697300.0,Illustrator
1581365,15872.0,
7314376,2803627.0,
29939337,7168230.0,
5604848,669810.0,
25241477,9355.0,
16065811,38550.0,
16065811,748787.0,Narrator
638254,1069006.0,
638254,25523.0,Illustrator
18490540,7086094.0,
7933156,16349342.0,Contributor
7933156,99190.0,Editor
7933156,52050.0,Contributor
7933156,2896146.0,Contributor
7933156,2972043.0,Contributor
7933156,3145533.0,Contributor
7933156,2498608.0,Contributor
7933156,3104881.0,Contributor
7933156,3141966.0,Contributor
7933156,3145526.0,Contributor
7933156,3145527.0,Contributor
7933156,3145528.0,Contributor
7933156,2856179.0,Contributor
7933156,3145531.0,Contributor
7933156,308894.0,Contributor
7933156,2678.0,Contributor
7933156,1625305.0,Contributor
7933156,20214.0,Contributor
7933156,9072.0,Contributor
7933156,1214140.0,Contributor
7933156,12339.0,Contributor
7933156,3060067.0,Contributor
23460830,16218.0,
8146007,3520466.0,
9565045,4175419.0,
13553459,5780445.0,
12937491,4949972.0,
9968073,8587.0,
18050390,3167424.0,
6284391,41032.0,
36186255,16166249.0,
7988764,3464702.0,
20931705,7898116.0,
13330943,4370565.0,
7786474,13730.0,
22129146,8835.0,
22129146,58223.0,Illustrations
25883016,238277.0,
12905583,4517253.0,
11799123,4971675.0,
8803932,415967.0,
41539,23417.0,
41536,23417.0,
41537,23417.0,
41534,23417.0,
12924326,94868.0,
12042279,375626.0,
26067633,8416442.0,
21882134,8347.0,
32714413,4414255.0,
10319157,4430.0,
10319157,1383797.0,
7743175,6252.0,
7743175,38550.0,
8896213,249843.0,
8896213,3132865.0,Narrator
327336,51535.0,
11293102,165168.0,
12099550,114504.0,
12393154,5171255.0,
12393154,5139410.0,
8675835,3432663.0,
32179294,4684322.0,
6386678,217944.0,
15814441,17046.0,
15814444,86265.0,
13409405,24009.0,
13382321,3389.0,
13382321,19365.0,Narrator
22390385,8344204.0,
651260,8732.0,
41865,941441.0,
23924355,10909117.0,
24808746,7579061.0,
12432229,4687048.0,
293395,8694.0,
1312502,78763.0,
17234284,3377941.0,Editor
2038677,266391.0,
16049030,4653530.0,
7992477,3399559.0,
11540658,1375697.0,
1375,903.0,
1375,1005.0,Translator
1375,280215.0,Introduction
20256556,4432.0,
165405,13677.0,
20613605,63116.0,
21416483,150038.0,
30969741,15455603.0,
20729307,7184104.0,
6566955,81338.0,
3356979,36344.0,
189022,110153.0,
35434530,9809076.0,
10048876,123719.0,
10048874,3353667.0,
7404415,825538.0,
16072132,225033.0,
1062774,8185168.0,
32182684,15857834.0,
1974134,1654.0,
6996918,7581.0,
7885589,108693.0,
1182136,37107.0,
1182136,54993.0,Introduction
1182136,219618.0,Translation
434442,123087.0,
1408586,27500.0,
9743200,1965926.0,
9743200,162927.0,Introduction
25476303,4562483.0,
26046482,102385.0,
33135740,1228468.0,
6295117,498072.0,
9640591,114283.0,
10836790,313399.0,
144113,83308.0,
144116,83308.0,
32972153,5286855.0,
25387595,6904187.0,
1920642,874049.0,
12629670,2905297.0,
688191,19564.0,
20893608,803402.0,
22668541,7010202.0,
18667948,3023658.0,
30724961,5553877.0,
23734628,4208569.0,
593791,15188.0,
593792,15188.0,
234893,11654.0,
34624615,1332605.0,
9004758,1562974.0,
13537830,2895706.0,
13537830,2895707.0,
28266640,4388953.0,
12441448,490342.0,
12441448,19291.0,Illustrator
18100372,7141007.0,
18100373,7033323.0,
16705,2715.0,
16702,2715.0,
160256,12014.0,
1703097,784176.0,
9480534,2868678.0,
18365400,7200339.0,
22391592,8287635.0,
11595931,4686495.0,
6374361,6252.0,
6374361,38550.0,
6374361,8435196.0,Narrator
6374361,494654.0,Narrator
25066567,3399559.0,
20830630,7762889.0,
29933704,8176981.0,
23419133,48206.0,
23419133,521640.0,Reading
23419133,212101.0,Reading
323152,124153.0,
323152,1184486.0,Illustrator
11338984,11890.0,
11338984,78071.0,Illustrations
11338986,3185565.0,
6575656,15890.0,
7234828,51118.0,
569431,311098.0,
569433,311098.0,
569435,311098.0,
569434,311098.0,
1068972,116897.0,
17340103,9237.0,
263173,153732.0,
263173,1411091.0,Translator
263172,153734.0,
263176,153741.0,
20698199,5091902.0,
25065179,4280.0,
25065179,1095769.0,Narrator
28013511,17010.0,
17887631,1599723.0,
90622,52074.0,
3395318,158170.0,editor / contributor
3395318,17061.0,contributor
3395318,9756.0,contributor
3395318,17739.0,contributor
3395318,28544.0,contributor
3395318,114746.0,contributor
3395318,60646.0,contributor
3395318,67644.0,contributor
3395318,189204.0,contributor
3395318,168090.0,contributor
3395318,6760.0,contributor
3395318,41942.0,contributor
13646087,11654.0,
29639774,3097905.0,
23351877,5753883.0,
23351877,4611597.0,
18693920,74488.0,
18693921,81017.0,
17860567,50873.0,creator
17860567,5760167.0,
24944889,150038.0,
13616278,6535608.0,
18774022,49177.0,
18774021,7539408.0,
18774025,833687.0,
18774025,1251403.0,Illustrations
9736493,4470523.0,
471920,7308.0,
475442,20561.0,
23281894,3849415.0,
12260585,81017.0,
29286934,4994980.0,
22824819,6535659.0,
31364790,3504189.0,
6693729,19005.0,
6693729,19006.0,
676817,4432.0,
33828904,324620.0,
18197222,6437336.0,
18197223,73754.0,
9464737,4735.0,
1451694,48206.0,
260220,869.0,
260220,868.0,
11076156,38164.0,
871575,33467.0,
2305862,1036925.0,
2305862,1036924.0,
22313308,5099194.0,
489994,26875.0,
27246149,4712375.0,
18482271,1938234.0,
23909755,2916869.0,
699857,373569.0,
71303,33918.0,
71304,33918.0,
16300029,5805814.0,
17364172,6934877.0,
590036,4764.0,
10634443,40563.0,
10634443,334840.0,Narrator
3697927,359109.0,
736350,390481.0,Illustrations
25291997,1563059.0,
258340,11586.0,
258345,11586.0,
13568563,3427995.0,
102853,21198.0,
23507476,71155.0,
10954417,746724.0,
10954417,589146.0,Illustrator
13169857,6252.0,
13169857,28709.0,
13169857,2831771.0,Illustrations
16096167,4181354.0,
3596225,15292.0,
10121801,1330292.0,
9675439,1365342.0,
692227,1267442.0,
27213224,2937730.0,
1393280,8349.0,
113113,58325.0,
20868374,3379695.0,
358674,10896.0,
20706317,7210024.0,
762053,625.0,
7885091,3780.0,
22129829,4990135.0,
25269311,167605.0,
25269311,2782638.0,
3677902,271908.0,
20869705,7226905.0,
24885506,150038.0,
24885507,150038.0,
24885508,150038.0,
9268487,1405152.0,
1879966,856819.0,
13093629,2789878.0,
13093629,4682198.0,Illustrator
18250383,100752.0,
15093976,2950435.0,
898671,35064.0,
827970,3618.0,
17342701,5295120.0,
17342701,38531.0,
25906891,137902.0,
362877,870.0,
362875,870.0,
28588061,370361.0,
18045583,91168.0,
6077427,214232.0,
29749098,3433047.0,
18667909,4953639.0,
186438,8185168.0,
6905569,3090324.0,
20821525,4476934.0,
1691307,23419.0,
1691307,5602.0,Narrator
10553065,78305.0,
52318,29535.0,
44537,23613.0,
62482,1023510.0,
62485,1023510.0,
1094933,249843.0,
736392,70853.0,
736391,70853.0,
34069813,13922215.0,
7885220,2924930.0,
11183622,224004.0,
25121739,3420702.0,
22337,1221698.0,
29868611,874602.0,
763510,85858.0,
763510,170442.0,
18079782,40563.0,
25885292,6268.0,
370118,211269.0,
591805,258818.0,
17703434,1407193.0,
22215757,10303.0,
22215757,10181.0,
22215757,2831771.0,Illustrations
6917229,17015.0,co-author
6917229,17010.0,co-author
23492381,4715088.0,
6506483,2945688.0,
189745,8127.0,
189745,11782.0,Editor
13533683,5791.0,
13533687,3453685.0,
13586485,756556.0,
23574250,6154201.0,
6933600,79589.0,
13511496,21701.0,
16065496,41762.0,
7171748,25422.0,Editor
7171748,30033.0,Editor
7171748,546427.0,
7171748,10317.0,
7171748,1443712.0,
7171748,13957.0,
7171748,11654.0,
7171748,8347.0,
7171748,179733.0,
7171748,277536.0,
7171748,8730.0,
7171748,119848.0,
7171748,2526.0,
7171748,150038.0,
239924,3619.0,
15829923,4629065.0,
6271063,175006.0,
12924426,1164105.0,
159750,7577.0,
7938510,4195533.0,
18809475,4476934.0,
25558821,10746.0,
25558821,203762.0,
25558821,506641.0,Artist
25558821,617155.0,Artist
238959,26.0,
238959,11906.0,
8230409,3091065.0,
8230409,1411091.0,Translator
11350263,760392.0,
9813,155517.0,
24926017,745284.0,
768929,158033.0,
13383074,13733.0,
23523012,969639.0,
16160048,30819.0,
17238,6988.0,
17238,41007.0,
7196959,167605.0,
7196959,202311.0,
544257,15292.0,
7137810,33958.0,
30687806,48192.0,
16101233,4400405.0,
6062002,1463193.0,
21465178,6583988.0,
18129488,2988406.0,
18129488,1411091.0,Translator
259583,151717.0,
259585,151717.0,
29790541,6538289.0,
3678729,875054.0,
15814865,78305.0,
16044447,3389.0,
179406,63509.0,
179406,170508.0,Illustrator
7402393,3041100.0,
16054816,1654.0,
16054816,1169504.0,Introduction
222837,12350.0,
429983,874602.0,
10859323,8349.0,
25152641,1011572.0,
7199485,56019.0,
828775,162929.0,
25489473,26897.0,
160414,28375.0,
160416,93029.0,
8850140,1938234.0,
8835379,298438.0,
8835379,25355.0,Translator
1085761,125308.0,
24703,13926.0,
24703,613580.0,Illustrator
11543195,38550.0,
25902535,1427650.0,
6753329,1923475.0,
29623561,2161876.0,
189166,110249.0,
793298,101078.0,
8517332,566874.0,
607090,49066.0,
8331312,25052.0,
7279365,88685.0,
3189901,17082.0,
11870160,9498.0,
11870160,9497.0,
11870160,656983.0,Illustrator
7775755,3377941.0,
7775757,99117.0,
294967,93858.0,
25115384,4489132.0,
25605731,7758781.0,
3475054,128231.0,
20873145,2782638.0,
20873145,167605.0,
13571591,2995873.0,
1475288,16218.0,
1475288,31505.0,Narrator
9794942,103359.0,
2224813,276133.0,
164726,5816.0,
164722,5816.0,
164720,5816.0,
164721,5816.0,
28186287,1429808.0,
25271792,7357990.0,
6294062,121825.0,
680370,26359.0,
680370,68992.0,Introduction
18877,8587.0,
18879,8732.0,
18878,8732.0,
29502231,14808166.0,
13155987,346732.0,
13155987,579648.0,Reading
5886,4008.0,
5886,369374.0,Illustrator
22608400,7351593.0,
16600,10116.0,
16600,4743.0,Illustrator
425187,142894.0,
7017219,142270.0,
7017219,15011468.0,Narrator
12987423,2868678.0,
7886302,200317.0,
17188648,6526309.0,
3244135,445303.0,
15808348,103359.0,
13418583,588329.0,
6657648,8347.0,
11137919,4796470.0,
13227027,10333.0,
340381,656983.0,
340381,9545.0,illustrations
9697214,108905.0,
366977,17618.0,
366977,546590.0,Illustrator
28595084,13467894.0,
8308455,940521.0,
3026012,133908.0,
10429092,4074051.0,
258468,50873.0,
737453,3619.0,
737453,27075.0,Illustrator
22395433,85545.0,
2081569,944594.0,
17286888,4906436.0,
17286880,386853.0,
6982754,145926.0,
685655,10896.0,
25431440,6549285.0,
744322,1332.0,
744320,1332.0,
744321,1332.0,
568213,124153.0,
22151672,6268.0,
624716,337831.0,
28052700,16936766.0,
229318,1654.0,
229318,1221698.0,
25155747,13650045.0,
16000437,4970892.0,
9643469,287923.0,
8786481,1077326.0,
23281917,3178457.0,
7352840,1045593.0,
26575,5369.0,
26571,8924.0,
7059393,36276.0,
23881203,6543639.0,
6578909,129092.0,
3168234,1221698.0,
3168234,10365.0,Illustrator
18705209,15872.0,
12618763,37613.0,
18246288,30819.0,
7545000,2089928.0,
19317575,3076677.0,
27064416,8339367.0,
10922506,4648669.0,
3587238,3381686.0,
8952,5816.0,
23462649,1221698.0,
9653291,315657.0,
16173186,6588778.0,
7130788,109354.0,
756980,3619.0,
1396008,426944.0,
12958067,324620.0,
12958067,2899437.0,Narrator
23573834,491707.0,
17881356,7044596.0,
13650334,5836035.0,
16172171,4430.0,
16172171,1383797.0,
18490602,31232.0,
391931,10087.0,
391931,423163.0,Illustrator
5215879,9550.0,
23403710,1357414.0,
2873691,953612.0,
22246738,5360266.0,
6990121,209873.0,
1888214,2990613.0,
66361,7577.0,
15823512,6451059.0,
7923006,2917917.0,
437289,47792.0,
28251,15890.0,
6979061,1965926.0,
6979061,22631.0,Introduction
6979061,3116858.0,Illustrator
7902515,3017160.0,
7116709,4195533.0,
7823691,13014.0,
2246941,97228.0,
2246941,17059.0,
2246941,213510.0,
2246941,137902.0,
32636,10366.0,
32639,10366.0,
11063646,2988406.0,
11063646,1411091.0,Translator
18966345,6592670.0,
6863668,48206.0,
362021,207286.0,
20646696,36346.0,
989072,78024.0,
557332,11654.0,
557332,17054.0,
557332,268304.0,
557332,941441.0,
557332,157676.0,
23485391,7801879.0,
22489107,4684322.0,
18079680,3408349.0,
754004,6928.0,
754004,45294.0,
754004,469286.0,
754004,5790737.0,
7992995,88685.0,
27391008,8596977.0,
5968007,1294984.0,
24611882,12980.0,
14427009,4106222.0,
14427009,4946295.0,Cover_design
462182,28525.0,
7337447,54989.0,
297566,1077326.0,
18340566,15872.0,
7114458,2895706.0,
7114458,2895707.0,
15797050,5806077.0,
10364849,3354.0,
10364849,403782.0,Translator
2963899,6777.0,
30205219,4149342.0,
10593401,33918.0,
7304345,46138.0,Editor
7304345,46137.0,Editor
7304345,11889.0,
7304345,5989.0,
7304345,1067608.0,
7304345,26767.0,
7304345,8694.0,
7304345,396931.0,
7304345,107744.0,
7304345,24.0,
7304345,58013.0,
7304345,54462.0,
7304345,87495.0,
7304345,194172.0,
7304345,19305.0,
7304345,4100461.0,
7304345,4100462.0,
7304345,1670340.0,
7304345,53256.0,
7304345,2438981.0,
7304345,67272.0,
7304345,224189.0,
7304345,662546.0,
7304345,2951127.0,
73932,28083.0,
73931,28083.0,
305234,175855.0,
514778,1429808.0,
17884103,1407193.0,
18371573,47290.0,
12983701,5305353.0,
17315,10517.0,
17316,10518.0,
13262797,4766257.0,
2292060,1031911.0,
2292060,2742900.0,Introduction
92141,7025.0,
2939570,24902.0,
2939570,38954.0,Illustrator
6478602,179712.0,
2141877,4260.0,
20556698,4747143.0,
23058600,7190280.0,
15772673,4747143.0,
12005076,4641832.0,
42672,656983.0,
12727768,4094557.0,
1022756,14219.0,
222915,8185168.0,
222910,656983.0,
91478,10746.0,
91477,10746.0,
429883,8732.0,
24885610,338705.0,
24885610,7705923.0,Illustrator
7095686,108007.0,
7095689,28550.0,
7095689,78305.0,
7095689,63611.0,
16046550,5303332.0,
696820,1202850.0,
378356,32590.0,
18492491,136127.0,
13581818,53574.0,
16074769,46097.0,
7175089,142270.0,
17668968,5356562.0,
33384170,7219081.0,
8843801,375143.0,
7911377,479779.0,
7911377,4491563.0,translator
16114201,5296727.0,
31451267,5830526.0,
15045,9399.0,
9671126,4134859.0,
7329,656983.0,
7329,9533.0,Editor
18114094,6919077.0,
18114094,4798562.0,
1008820,56019.0,
6257523,1654.0,
6719241,33262.0,
19272409,5321960.0,
14691,9172.0,
14691,7780181.0,Introduction
14691,4947.0,Introduction
6022056,25205.0,
383618,2978119.0,
722192,1983147.0,
722192,140894.0,
10493660,4493935.0,
15801226,6459572.0,
23129323,4506281.0,
30841984,15388346.0,
757041,346732.0,
13259855,380770.0,
158788,92018.0,
158788,92019.0,Translator
158785,92018.0,
158785,416085.0,Translator
865964,106.0,
10564165,1069006.0,
23461831,9806108.0,
6610562,2964564.0,
12989424,4317450.0,
16138392,4670048.0,
7770715,3388865.0,
4325405,566874.0,
6106486,2786247.0,
6106486,2962463.0,illustrator
5776788,37557.0,
16509,10082.0,
28695374,35022.0,
28695374,377312.0,Illustrator
23285687,269342.0,
18719332,7336832.0,
7841522,48192.0,
10445084,10885.0,
15810918,28375.0,
22037483,1077326.0,
9601989,125984.0,
20499930,4103366.0,
18143087,2788789.0,
6313326,2754199.0,
17886210,7077804.0,
25665352,7144440.0,
8388595,10333.0,
26827079,11040025.0,
86666,5791.0,
31567282,5032196.0,
13647,874602.0,
7363955,27100.0,
31144003,6549285.0,
11431896,4074051.0,
5071433,208650.0,
8493781,3619.0,
794424,13014.0,
518845,8516.0,
6052600,1332605.0,
922114,7742.0,
49047,27528.0,
49041,941441.0,
6564342,941441.0,
6998617,20575.0,
6998617,196012.0,Illustrations
131936,5339.0,
6695996,76423.0,
23507711,28550.0,
11888804,8695.0,
10954370,3091065.0,
10954370,1411091.0,Translator
4020526,27100.0,
4020526,753611.0,Narrator
8715032,3111338.0,
444462,6206.0,
7619397,13677.0,
7619397,363780.0,Illustrator
327945,22547.0,
23349901,15872.0,
23349901,14920.0,Illustrator
14322410,321303.0,
1274345,11859.0,
356280,6878.0,
15780370,5152709.0,
33115566,130698.0,
12846930,5240334.0,
31195632,15124195.0,
12730666,1214140.0,
7911067,221253.0,
66683,1023510.0,
806009,15890.0,
10148930,589.0,
8456124,50873.0,Creator
8456124,29840.0,
8456124,4101698.0,
644171,3389.0,
644171,2777560.0,Illustrator
13069372,5335920.0,
25852947,65137.0,
6839020,27379.0,
10044191,1054429.0,
10044191,5815513.0,
10044191,4539389.0,
10044191,4539390.0,
10044191,4539391.0,
10044191,255868.0,
10044191,640490.0,
10044191,1054427.0,
10044191,1054428.0,
10044191,4539392.0,
10044191,40331.0,
10044191,4539393.0,
21410653,8033763.0,
21410653,16639937.0,Pen Name
11736986,4260.0,author
11736986,874602.0,introduction
11736985,4260.0,
11736985,8347.0,introduction
91885,1630.0,
91884,1630.0,
1509992,330393.0,
270166,4699102.0,
270166,29574.0,Translator
15438,8516.0,
25489888,2526.0,
7979699,1325446.0,
5422304,1380435.0,
16069600,2905297.0,
52639,10366.0,
7664713,223885.0,
208493,122001.0,
5313289,3565.0,
5313289,41878.0,Afterword
5313289,210683.0,Introduction
32073145,5008398.0,
9394010,48192.0,
6871358,3077893.0,
13004491,48206.0,
200780,9494.0,
200780,406026.0,Editor
373009,8694.0,
4504345,153732.0,
4504345,1411091.0,Translator
15079819,5773867.0,
14061955,4575289.0,
3430775,208650.0,
847071,16208.0,
847071,16209.0,
847071,16207.0,
1421978,121825.0,
4479186,122302.0,
23846071,414681.0,
29939130,15189045.0,
5069868,175855.0,
5069868,4008668.0,Illustrations
444323,49177.0,
444322,49177.0,
444321,14617.0,
444327,1077326.0,
444328,13677.0,
444328,7877.0,Illustrations
13583463,3380908.0,
22754818,5784430.0,
21462130,6519682.0,
6897351,17061.0,
23014879,1106214.0,
22789111,7581.0,
22789111,2104168.0,Illustrations
22789111,4870718.0,Illustrator
116504,53414.0,
8694522,1106214.0,
16111258,5073459.0,
10380657,16309509.0,
7912474,2274221.0,
6611038,580315.0,
25057819,6539556.0,
15783828,37557.0,
17729791,2898479.0,
6528962,481829.0,Editor
6528962,98890.0,
6528962,12479.0,
6528962,96160.0,
6528962,32968.0,
6528962,13730.0,
6528962,304303.0,
6528962,2988.0,
6528962,6587.0,
6528962,6169.0,
6528962,60459.0,
6528962,18454.0,
6528962,7581.0,
6528962,95125.0,
6528962,48897.0,
6528962,6859638.0,
6528962,54475.0,
6528962,9756.0,
6528962,58971.0,
6528962,3154018.0,
6528962,2226.0,
28114461,8204028.0,
18657327,1312879.0,
7308837,1141209.0,
13154568,9355.0,
12455491,4327516.0,
17845806,4134859.0,
17845804,7062570.0,
9657860,1857564.0,
9414140,477469.0,
13356163,179162.0,
9716929,53988.0,
7872180,4428.0,
7872180,48192.0,
3598830,26897.0,
19521039,5091902.0,
19521039,5300258.0,Narrator
19521037,5091902.0,
19521037,5300258.0,Narrator
5072533,1221698.0,
5072533,10365.0,Illustrator
103035,10366.0,
39346,21701.0,
225669,2357.0,
15808873,6893513.0,
13721357,277536.0,
13721357,4023682.0,editor
13721357,5989.0,introduction
2302537,1035739.0,
26074093,2936493.0,
26074093,14046331.0,
24402500,7581.0,
533625,1654.0,
533625,19439.0,Narrator
11737399,4953744.0,
6987482,146374.0,
6987482,660076.0,Illustrator
777575,7577.0,
8343916,44003.0,
24958022,13177248.0,
22633363,1332605.0,
1225741,317079.0,
17564270,6517970.0,
23943137,4632661.0,
3422160,27944.0,
175312,1967.0,
25603695,7128.0,
25603695,5106204.0,
13063825,4522335.0,
30612669,8179024.0,
13495067,4629194.0,
13584876,73149.0,
13584876,13165.0,Narrator
27152521,14528707.0,
20706290,450828.0,
11187932,4808225.0,
111782,656983.0,
111782,13290.0,Illustrator
24795823,17010.0,
92755,25.0,
29326301,46976.0,
13425149,5565007.0,
6490942,8516.0,
20426917,17054.0,
6334590,17061.0,
12274576,4062676.0,
12274576,13635.0,
13167769,3143458.0,
8562565,51118.0,
51286,2614.0,
377291,8694.0,
377291,613663.0,Illustrator
2433893,328151.0,
17163744,3871461.0,
8935153,9550.0,
10261812,3023658.0,
25110977,1136158.0,
27833683,6554477.0,
13450223,5622645.0,
27812298,1227888.0,
7179272,71688.0,
2497690,24830.0,
2497690,59749.0,
27242525,4558309.0,
1381691,393138.0,
1381691,732517.0,Illustrator
23399232,745284.0,
35729,20248.0,
23525571,7036845.0,
10644236,150038.0,
12901365,5005267.0,
155291,41942.0,
777396,4874418.0,
10543233,3849415.0,
21847375,38550.0,
21847375,748787.0,Narrator
12480602,793892.0,
6964765,1445909.0,
10778761,200317.0,
12812657,2313312.0,
316876,3619.0,
7263,4861.0,
31356376,20248.0,
1458868,218749.0,
10857421,4845.0,
10857421,10746.0,
10857421,4265362.0,
10857421,5179982.0,
10857421,1020603.0,
10857421,54475.0,
10857421,3154018.0,
10857421,773420.0,
10857421,30819.0,
10857421,2982216.0,
10857421,12991.0,
10857421,1356336.0,
10857421,4020322.0,
10857421,1112860.0,
10857421,1346653.0,
10857421,353528.0,
10857421,2937732.0,
10857421,5179983.0,
10857421,1241378.0,
10857421,1139420.0,
10857421,4430.0,
10857421,345026.0,
10857421,7581.0,
10857421,4387361.0,
10857421,53306.0,
10857421,4522.0,
10857421,5179984.0,
10857421,2851726.0,
10857421,207708.0,
10857421,2904745.0,
10857421,1163804.0,
10857421,14024.0,
15749143,7742.0,
25407926,22159.0,
13570764,440975.0,
6661321,285730.0,Editor
6661321,1067608.0,Contributor
6661321,1221698.0,Contributor
6661321,13388.0,Contributor
6661321,11072.0,Contributor
6661321,3389.0,Contributor
6661321,48888.0,Contributor
6661321,874602.0,Contributor
6661321,126765.0,Contributor
6661321,12531.0,Contributor
6661321,14454.0,Contributor
6661321,44808.0,Contributor
6661321,10992.0,Contributor
6661321,9860453.0,Contributor
6661321,2778055.0,Contributor
6661321,73422.0,Contributor
6661321,1630.0,Contributor
6661321,130698.0,Contributor
6661321,4764.0,Contributor
6661321,7415.0,Contributor
6661321,19305.0,Contributor
6661321,6566350.0,Contributor
12891111,4721536.0,
10863079,2310121.0,
6782468,2860219.0,
6782465,2860219.0,
25664562,7012713.0,
18038336,6551703.0,
11455111,27209.0,
27835882,445303.0,
7170750,445303.0,
12139510,4684322.0,
7765642,401053.0,
5927462,1051591.0,
1778691,814354.0,
1778693,814354.0,
1778692,814354.0,
12677913,3097905.0,
13144469,1221698.0,
4259869,49177.0,
6328409,4861.0,
7953518,3380908.0,
7953517,3380908.0,
7428806,3270624.0,
18667797,4873609.0,
613866,15873.0,
6616579,31232.0,
21093828,137902.0,
9688895,4446674.0,Editor
9688895,18841.0,
9688895,85377.0,
9688895,3019932.0,
9688895,4070668.0,
9688895,4088550.0,
9688895,2609438.0,
9688895,4457933.0,
9688895,4457932.0,
9688895,4457934.0,
9688895,630572.0,
9688895,1313234.0,
9688895,515027.0,
9688895,7578152.0,
21412146,193300.0,
21412146,11762.0,
4633273,4522.0,
4633273,1929531.0,
6041009,1429808.0,
6041009,117339.0,
6041009,282917.0,
6041009,49268.0,
18130,106.0,
17168521,2232265.0,
491435,83291.0,
43509,1077326.0,
367390,65471.0,
259836,869.0,
259836,868.0,
43805,7577.0,
13622919,669810.0,
13622919,2743336.0,Narrator 
20821386,6259.0,
2465823,270447.0,
24397041,8685.0,
24397040,4788719.0,
24397045,12260635.0,
22395684,4971535.0,
13180484,5373614.0,
9450406,17061.0,Editor
9450406,81016.0,Editor
9450406,111012.0,
9450406,40563.0,
9450406,204615.0,
9450406,30819.0,
9450406,132225.0,
9450406,175855.0,
9450406,103321.0,
9450406,2860219.0,
9450406,414457.0,
9450406,1045593.0,
9450406,1292596.0,
9450406,41942.0,
21463865,2759153.0,
13238691,410951.0,
18217960,4575289.0,
16034235,3433047.0,
7123179,82453.0,
7278120,48190.0,
2115046,38550.0,
60510,445303.0,
32149236,1332605.0,
28179865,55547.0,
28179865,7711592.0,Narrator
12581738,2876763.0,
33123849,357601.0,
8960470,50873.0,Creator
10735287,5808145.0,
6907879,663.0,
9717468,89439.0,
784222,153732.0,
784222,1411091.0,Translator
81073,25.0,
81070,25.0,
10428994,64364.0,
24823232,8440277.0,
18071000,4096668.0,
107375,4432.0,
107378,4432.0,
6377326,1428675.0,
6984608,293603.0,
18481791,6653864.0,
18153436,7152490.0,
7557548,1654.0,Creator
7557548,19439.0,Adapter
16135109,91168.0,
4583489,27209.0,
164312,9494.0,
164312,20598.0,
577177,3389.0,
18398734,3380908.0,
879215,50873.0,
157055,86265.0,
13068409,7031278.0,
13068409,2899437.0,Narrator
3304,2238.0,
3304,30209.0,Translator
25779243,6951730.0,
25779243,164576.0,
26814043,6579126.0,
26814043,460870.0,
26814043,1000381.0,
7507885,1312605.0,
18505823,20560.0,
18505829,32637.0,
18505829,56968.0,Translator
7616379,31688.0,
20935599,4720363.0,
16043745,1975671.0,
8530685,811.0,
8530685,528191.0,Narrator
15797384,1023510.0,
6167746,17015.0,
6167746,17010.0,
7947676,8476.0,
539112,272814.0,
91981,6587.0,
13512759,5766043.0,
91989,8730.0,
8724659,4333.0,
1440965,18454.0,
16700536,36276.0,
20743686,6951222.0,
618211,25307.0,
7315600,1562881.0,
20454084,6588780.0,
23710701,4888434.0,
1136932,73149.0,
65567,49381.0,
65567,37013.0,
7864057,479779.0,
7740152,2905297.0,
30531873,4849468.0,
22693143,27498.0,
22693143,610353.0,
7022317,3112114.0,
7022317,3073576.0,
15791107,215907.0,
23391999,7793751.0,
21950253,25052.0,
21950253,2925860.0,
21950253,123040.0,
21950253,930100.0,
21950253,5442759.0,
7862148,712759.0,
89528,51411.0,
24109853,30819.0,
18249114,7192524.0,
6752378,150038.0,
537107,19475.0,
10353365,14777734.0,
8136796,524582.0,
8136796,64364.0,
30363360,22542.0,
30363361,22542.0,
22529357,272814.0,
22529351,3433047.0,
212671,3995.0,
212671,571556.0,Illustrator
212672,3995.0,
212672,571556.0,Illustrator
7527588,5158478.0,
20937791,6422993.0,
13547802,771.0,
1035887,941441.0,
8305308,828855.0,
394734,106823.0,
470916,4430.0,
15712903,7581.0,
10437150,36276.0,
30177399,6950743.0,
7705774,6268.0,
1410206,27704.0,
626709,64222.0,
13573520,504038.0,
15852288,5826477.0,
7923602,26738.0,
181439,33461.0,
181432,33461.0,
11768366,1221698.0,
833428,1654.0,
833429,1654.0,
833423,1654.0,
833420,1654.0,
833426,1654.0,
833427,1654.0,
833424,1654.0,
833425,1654.0,
18061790,5826477.0,
6390162,2759175.0,
1041706,67481.0,
19549137,3433047.0,
19549137,13615251.0,Narrator
7205224,3174636.0,
7840878,104514.0,
7840876,35023.0,
304922,38313.0,
25142937,40577.0,
225699,34872.0,
7986212,78984.0,
7986212,162799.0,Illustrator
114956,10896.0,
114955,10896.0,
30250405,76360.0,
18193743,1077326.0,
18193741,1077326.0,
862041,1077326.0,
17452242,2741642.0,Editor
17452242,644349.0,Contributor
17452242,919348.0,Contributor
17452242,589.0,Contributor
17452242,13026.0,Contributor
17452242,3020656.0,Contributor
17452242,31232.0,Foreword
17452242,61073.0,Contributor
17452242,510991.0,Contributor
17452242,387612.0,Contributor
17452242,26796.0,Contributor
17452242,121072.0,Contributor
17452242,317667.0,Contributor
17452242,1014253.0,Contributor
17452242,38550.0,Contributor
17452242,287656.0,Contributor
17452242,2915870.0,Designer
17452242,6967618.0,Artist
1766590,75603.0,
17312145,8596.0,
17312145,6915400.0,
17312145,370507.0,
17312145,7755220.0,
31572149,323656.0,
6871616,669810.0,
6871617,669810.0,
2775759,125984.0,
15738358,4824985.0,
219293,40173.0,
6892626,404733.0,
282294,164132.0,
282294,153625.0,Translator
1170158,874602.0,
6359599,2883426.0,
23165218,551497.0,
8038401,46138.0,Editor
8038401,193861.0,Editor
8038401,338705.0,Contributor
8038401,132091.0,Contributor
8038401,2948891.0,Contributor
8038401,19305.0,Contributor
8038401,11508.0,Contributor
8038401,1924157.0,Contributor
8038401,1550534.0,Contributor
8038401,110215.0,Contributor
8038401,1460737.0,Contributor
8038401,466494.0,Contributor
8038401,27841.0,Contributor
8038401,18253.0,Contributor
8038401,58971.0,Contributor
8038401,107744.0,Contributor
8038401,1207458.0,Contributor
8038401,162930.0,Contributor
8038401,241490.0,Contributor
8038401,4798562.0,Contributor
8038401,668710.0,Contributor
8038401,2438979.0,Contributor
6882494,50873.0,
27064449,6953956.0,
2348157,37060.0,
4719232,114504.0,
40893,5376.0,
395963,9237.0,
34567771,4086715.0,
160149,9494.0,
160149,406026.0,Editor
5028912,25052.0,
6559316,16218.0,
18751430,7264582.0,
401427,53255.0,
290628,60177.0,
417656,8835.0,
21823,12521.0,
19210680,4094557.0,
6609571,174708.0,
24687626,4809417.0,
62831,15620.0,Editor 
6544486,50873.0,
80238,4764.0,
80238,44554.0,narrator
2981685,93726.0,
10170242,14454.0,
15894007,137902.0,
25174874,7581.0,
10492632,520196.0,
8431461,2594.0,
22891495,4400405.0,
16101090,6561851.0,
16101099,5188888.0,
108052,10366.0,
108051,10366.0,
29605078,3406550.0,
16028116,48192.0,
22293224,7754966.0,
6275436,8840.0,
6275436,2387.0,
1986356,8685.0,
1986356,902398.0,Contributor
1986356,2742751.0,Contributor
1986356,31255.0,Contributor
1986356,832426.0,Narrator
1986356,1091600.0,Narrator
1986356,2742752.0,Narrator
11545694,24902.0,"Editor, Author"
11545694,441180.0,Editor
11545694,91085.0,
11545694,8347.0,
11545694,24.0,
11545694,133908.0,
11545694,31688.0,
11545694,25422.0,
11545694,2526.0,
11545694,4089004.0,
11545694,150038.0,
11545694,12581.0,
11545694,42127.0,
11545694,3405063.0,
11545694,4690580.0,
15041918,2331.0,
15041918,2466427.0,Narrator
13455485,945430.0,
13455485,2738900.0,Illustrations
12763775,3149825.0,
331005,8840.0,
331005,2387.0,
1938303,486777.0,
22069799,7212275.0,
18708587,4755699.0,
728047,386969.0,
728047,6479863.0,
25293467,1563059.0,
1012351,206522.0,
2944083,492365.0,
9665047,3378351.0,
20579294,30819.0,
5778773,412433.0,
6303533,6245.0,
6303533,6244.0,
6303533,337207.0,Illustrator
21483760,7044164.0,
6931234,3099505.0,
34050917,13922215.0,
18365004,6905660.0,
26247019,8835824.0,
26247019,7164135.0,Translator
3115070,71688.0,
28953095,6538289.0,
28248583,4600197.0,
13160523,3395248.0,
23344222,8343775.0,
197457,27498.0,
18176505,1958136.0,
22313641,1010796.0,
2337583,9550.0,
31849565,13908397.0,
1802710,105220.0,
1802711,105220.0,
13843,8597.0,
19083223,4400405.0,
3936403,1221698.0,
3936403,10365.0,Illustrator
26219743,14249321.0,
319639,2614.0,
15954541,1549088.0,
15954540,1549088.0,
15954549,1549088.0,
12708927,137902.0,
9722219,46976.0,
672828,67434.0,
12749843,4823432.0,
23398942,41942.0,
27665639,6908249.0,
11297376,4607856.0,
25242184,108424.0,
2326730,941441.0,
14289306,3228055.0,
17594473,6984304.0,
18046413,3064305.0,
18046413,2429189.0,Narrator
6713166,199626.0,
6713166,2472310.0,Translator
25560303,150038.0,
229033,133908.0,
8116153,33508.0,
1406126,16391.0,
584975,319026.0,
9996331,1180263.0,
19561918,492365.0,
25077938,9845429.0,
1548482,103243.0,
1548482,2286514.0,Illustrations
30095,16939.0,
30097,16939.0,
28815449,6268.0,
8813957,4022548.0,
33359075,15184536.0,
8710437,27813.0,
1537540,58654.0,
8133097,17061.0,
8703732,9550.0,
8703732,4154297.0,
8703732,93095.0,Illustrator
712731,33508.0,
6177411,5329.0,
11479938,2909124.0,
2135181,75750.0,
2482930,41874.0,
22888714,268722.0,
22888714,8435087.0,Narrator
22665244,5295294.0,
26869939,63669.0,
9708616,12350.0,
20588643,6151960.0,
872333,21911.0,
943402,479779.0,
122104,5989.0,
122104,58017.0,
729757,108629.0,
6304351,7031278.0,
2982126,4431689.0,
13414964,519824.0,
13414964,848968.0,
17159305,5752810.0,
23590526,1654.0,
23590526,1221698.0,
18107892,6876493.0,
7812107,2885316.0,
34403549,4764.0,
480478,1077326.0,
26055409,3433047.0,
26055409,13615251.0,Narrator
18456157,6552446.0,
20635583,20248.0,
20635583,2870757.0,Narrator
20320779,7705105.0,
25994606,15872.0,
17213457,15021.0,
638211,1069006.0,
638211,25523.0,Illustrator
831186,42540.0,
831189,42540.0,
26594217,14677901.0,
17715377,7006618.0,
183272,31688.0,
1215032,108424.0,
714603,214.0,
714603,5116.0,Illustrator
17249478,5828387.0,
218684,19317.0,
218683,19317.0,
218681,19317.0,
10079311,2949152.0,
625603,33262.0,
16060302,4773763.0,
16060302,6450142.0,
16060302,6922624.0,Illustrator
12127810,15872.0,
13559386,17061.0,
20431673,3084816.0,
11089391,164187.0,
1918955,17061.0,
13096596,3219496.0,
41575,1831.0,
13546438,19954.0,
13546433,5777997.0,
55792,1069006.0,
329108,3389.0,
329108,40573.0,Narrator
219159,1831.0,
219159,162299.0,Introduction and Notes
9654818,4448495.0,
9654818,4020380.0,Illustrator
16160501,6583873.0,
26239013,14039683.0,
27217297,8216840.0,
893158,9072.0,
1034167,9766.0,
1034168,9766.0,
26150689,14230672.0,
7857711,40563.0,
28818314,5186274.0,
28818313,14757755.0,
15700338,560012.0,
7326141,88609.0,
16206228,102636.0,
26127014,6448929.0,
7507750,64364.0,
17679548,4693312.0,
9414014,2846074.0,
6093019,784067.0,
18310561,7210024.0,
15842216,4430.0,
9802707,3020684.0,
35385041,1211671.0,
35385041,15899045.0,
16074961,7128.0,
16074961,5106204.0,
16074961,63924.0,Illustrator
16074961,2738043.0,Illustrator
17739850,7036845.0,
17319882,4015097.0,
2721211,2594.0,
1025149,3619.0,
8377150,1407193.0,
20958865,6653864.0,
28474,869.0,
11388429,4610401.0,
17286698,479779.0,
17286698,39043.0,Translator
14475669,668710.0,
4825980,27813.0,
13535914,4.0,
30011014,13582922.0,
561311,23001.0,
25293695,20248.0,
13448689,45315.0,
13448689,44554.0,Narrator
13448689,4498764.0,Narrator
13448689,3283712.0,Narrator
24693021,5429309.0,
24693021,654976.0,Illustrations
15927599,4649344.0,
25169896,234253.0,
16104353,6549287.0,
6483730,2936805.0,
12972685,745284.0,
29523227,4388953.0,
23363928,8446300.0,
7045752,5816.0,
7045752,3067498.0,
291551,1023510.0,
30628786,7711109.0,
8200504,3965895.0,
19126,8469.0,
19126,54848.0,English adaption
19126,15080169.0,Translator
19126,234377.0,Touch-Up Art & Lettering
14296555,133804.0,
14296555,43989.0,
10708764,4699267.0,
92923,589.0,
271248,1977.0,
18513556,5529995.0,
18513554,2895706.0,
18513554,2895707.0,
17347383,1077326.0,
17347383,27372.0,Illustrator
17347383,2927.0,Illustrator
17347382,1077326.0,
17347382,2927.0,Illustrator
17347380,1077326.0,
17347380,27372.0,Illustrator
17347380,2927.0,Illustrator
2981786,1284806.0,
17797999,7047768.0,
17416057,767547.0,
774544,18393.0,Editor
774544,7363007.0,
3328392,1221698.0,
3328392,12537.0,
1003866,8185168.0,
15808281,103321.0,
13542928,71688.0,
13131080,2614.0,
13131080,5374995.0,Narrator
27774651,6268.0,
13528343,4823432.0,
9459086,38066.0,
7781495,648612.0,
6624702,121825.0,
15839984,6474354.0,
641910,7031278.0,
23719231,11761.0,
12799616,350507.0,
17230517,4558309.0,
12483970,3009541.0,
18396588,3380908.0,
18263469,110249.0,
108888,6461009.0,
13642229,815.0,
34037113,3502.0,
19089172,6474501.0,
264007,28083.0,
321353,1637418.0,
20617170,2891665.0,
15739817,15292.0,
28219402,26306.0,
28219400,26306.0,
28219404,26306.0,
10790277,2063919.0,
7094480,948181.0,
18744678,48192.0,
31409133,7867083.0,
31409133,7876039.0,Illustrations
7172680,17061.0,Editor
7172680,142412.0,
7172680,2358.0,
7172680,81016.0,
7172680,262084.0,
7172680,112338.0,
7172680,402430.0,
7172680,244452.0,
7172680,4278425.0,
7172680,12014.0,
7172680,50948.0,
7172680,107322.0,
7172680,71170.0,
7172680,61762.0,
7172680,39304.0,
7172680,296979.0,
7172680,746045.0,
7172680,809148.0,
7172680,3452047.0,
7172680,3452048.0,
7172680,3452049.0,
15758917,4293114.0,
717977,382081.0,
2251041,23157.0,
450225,5329.0,
450225,158961.0,Illustrator
1190638,552338.0,
4477758,200504.0,
4477758,2086916.0,Illustrations
18967182,72678.0,
76718,1067608.0,
17802439,46138.0,Editor
17802439,59151.0,Foreword
17802439,765702.0,contributor
17802439,113942.0,contributor
17802439,544860.0,contributor
17802439,88014.0,contributor
17802439,128466.0,contributor
17802439,307629.0,contributor
17802439,167606.0,contributor
17802439,60697.0,contributor
17802439,490342.0,contributor
17802439,7083555.0,contributor
17802439,1221698.0,contributor
17802439,58971.0,contributor
17802439,4798562.0,contributor
17802439,466494.0,contributor
17802439,18879.0,contributor
17802439,108173.0,contributor
17802439,193861.0,contributor
17802439,4723236.0,contributor
17802438,6587.0,
1211171,16667.0,
7620598,2018764.0,
10129880,9494.0,
13590724,3036291.0,Editor
13590724,466494.0,
13590724,3400076.0,
13590724,108173.0,
13590724,128570.0,
13590724,4396277.0,
13590724,440975.0,
13590724,307629.0,
13590724,18879.0,
13590724,5763119.0,
13590724,3312949.0,
13590724,2715.0,
13590724,679023.0,
13590724,1048153.0,
13590724,422207.0,
13590724,2860334.0,
13590724,88014.0,
13590724,1221698.0,
13590724,18841.0,
13590724,4798562.0,
13590724,23001.0,
13590724,2966042.0,
13590724,3064456.0,
13590724,335132.0,
13590724,322570.0,
13590724,4894780.0,
34084,3389.0,
34084,7431.0,Illustrator
574963,74488.0,
16122407,963702.0,
86889,1169504.0,
4513,815.0,
12931,2493.0,
7094635,2847534.0,
17229435,8695.0,
25414725,497467.0,
25414725,5835138.0,
2327608,1045593.0,
16103765,5430378.0,
9579634,4721536.0,
37234,20936.0,
37235,20936.0,
37238,20936.0,
12578305,3027554.0,
1140635,360816.0,
137972,19954.0,
137970,19954.0,
47619,8347.0,
47618,8347.0,
47615,8347.0,
18592912,7305513.0,
11178774,513829.0,
4138306,14169604.0,
4138306,1754585.0,
8087051,23894.0,
7933894,758992.0,
7926791,2870420.0,
599957,6259.0,
331562,1077326.0,
35611139,119830.0,
9678305,656192.0,
25480364,3020656.0,
2354843,19158.0,
23014676,5778486.0,
23014674,10366.0,
11396770,4862188.0,
6600137,345630.0,
23613731,2995873.0,
25708672,4951964.0,
762011,625.0,
12009173,277536.0,
7794569,3397290.0,
6266686,107170.0,
6266686,1112988.0,Introduction
10366637,5791.0,
2423981,35023.0,
9542259,20248.0,
6305025,2387.0,
3487420,1221698.0,
3487420,59749.0,Illustrator
17158457,6860531.0,
125411,72237.0,
125411,270252.0,Illustrations
53726,58.0,
3229373,150038.0,
3229372,150038.0,
3229372,2667240.0,Narrator
8701845,2995873.0,
15724834,6430924.0,
1041041,10885.0,
84537,34850.0,
84537,4841825.0,
84539,4841825.0,
729033,7132534.0,
15700595,108424.0,
15700595,2803557.0,Narrator
52358,4699102.0,
52358,29574.0,Translator
52358,215333.0,Editor
52357,4699102.0,
52357,29574.0,Translator
2240429,17054.0,Editor
2240429,6436872.0,Editor
2240429,1967.0,contributor
2240429,35022.0,contributor
2240429,26738.0,contributor
2240429,1356336.0,contributor
2240429,17063.0,contributor
2240429,7742.0,contributor
2240429,50.0,contributor
2240429,131208.0,contributor
2240429,16033.0,contributor
2240429,88608.0,contributor
2240429,8988.0,contributor
2240429,139575.0,contributor
14290102,4983109.0,
25700986,6538289.0,
23209942,716094.0,
3675644,125308.0,
15831653,1938234.0,
12739450,24009.0,
18493078,3084816.0,
10471456,345739.0,
18114350,1368122.0,
18114350,4767792.0,
8641129,190887.0,
13562515,5780197.0,
12355823,346732.0,
10416381,463850.0,
10416381,463849.0,
10416381,133838.0,
2113260,4432.0,
13012071,2847542.0,
2568513,8164.0,
2568513,59749.0,Introduction
23848604,38550.0,
18071466,4890182.0,
13553378,5780410.0,
8718281,146628.0,
8718281,7127265.0,Illustrator
35384793,4575289.0,
16057372,413783.0,
57017,989968.0,
57013,989968.0,
6458788,9355.0,
6458788,4845.0,
1060958,36122.0,
1060958,6603.0,Illustrator
132541,57462.0,
189783,9629.0,
6276214,96767.0,
577555,2413.0,
577555,38386.0,Editor
20758115,20513.0,
23315833,6981617.0,
3280988,327057.0,
28267725,1077326.0,
28267725,10917.0,Narrator
18296973,4388953.0,
15843604,6476148.0,
9919092,276660.0,
256598,146374.0,
256598,660076.0,Illustrator 
1111608,6252.0,
1111600,6252.0,
6582703,15292.0,
371030,9766.0,
3362870,38550.0,
27272698,5265998.0,
8442817,3380908.0,
8510492,1394555.0,
15843287,771.0,
28433405,5830526.0,
99218,56.0,
99218,4845.0,
13425505,1654.0,
13425505,20295.0,
13425505,2900346.0,Narrator
32200595,7168230.0,Pseudonym
15995728,6522075.0,
17878931,7074943.0,
10388796,4625737.0,
13278242,4388953.0,
357027,19564.0,
27211901,13467894.0,
12456298,5158514.0,
27415415,14590457.0,
12797981,347385.0,
23296234,5351355.0,
5661021,81678.0,
15700058,4193568.0,
10636358,47104.0,
28110857,8184486.0,
28110852,945430.0,
462451,4766.0,
13548909,5778486.0,
7789362,3395431.0,
1240662,20248.0,
15778735,6452986.0,
18135500,6966640.0,
13500402,5005267.0,
3381968,48190.0,
22550,3389.0,
2113443,31869.0,
10184855,42110.0,
2675261,9629.0,
28220957,7257289.0,
20919846,240708.0,
22667437,8338174.0,
1135851,8596.0,
23877993,6586641.0,
9811795,40563.0,
9811795,473481.0,Narrator
395727,153703.0,
5495234,104514.0,
18209344,7581.0,
23705479,5989313.0,
16065004,38550.0,
864835,5816.0,
18733699,5284725.0,
6570140,56370.0,
572381,133804.0,
572381,43989.0,
10747637,226816.0,
7932356,7717.0,
7932356,105442.0,Narrator
13511720,223787.0,
3410278,17061.0,
23013966,8475480.0,
9704083,4094993.0,
12780666,2905297.0,
22797672,8288688.0,
9918133,4814317.0,
1286971,15873.0,
1286971,405334.0,Narrator
1286971,325203.0,Translator
3080647,9756.0,
6149219,103359.0,
768878,10366.0,
768879,10366.0,
16718143,3334544.0,
586124,78305.0,
116567,11761.0,
6430718,9018.0,
1412138,40563.0,
18757051,7022586.0,
13555073,33467.0,
3268846,317079.0,
25868112,3097905.0,
8277490,4031054.0,
18194405,1221698.0,
5996153,137902.0,
1066608,27379.0,
17404295,6947727.0,
16059492,4575289.0,
25446799,9890847.0,
28595041,99117.0,
3456594,10746.0,
13078869,2789878.0,
13078869,4682198.0,Illustrator
30272307,10746.0,
30272307,203762.0,
30272307,506641.0,Illustrator
23146549,7770873.0,
14202,8842.0,
6801601,208650.0,
610370,330649.0,
9994765,23417.0,
25548744,4126827.0,
1652863,10325.0,
26114354,5778486.0,
6572844,153738.0,
18857916,4042181.0,
30751491,14246067.0,
104160,32637.0,
104160,56968.0,Translator
7052617,374504.0,Adapted By
7052617,8164.0,
24336400,8474362.0,
7913305,4343092.0,
11436723,4871930.0,Pseudonym
11436723,18130.0,
22559712,4430.0,
20578964,17719.0,
20578964,915053.0,Illustrations
15754484,202438.0,
464690,26771.0,
35025114,5354687.0,
35025114,8086967.0,Narrator
6096231,129092.0,
22394480,8288377.0,
28449150,8288991.0,
2225238,3618.0,
2225238,377138.0,Illustrator
25518205,2261547.0,
106584,61693.0,pseudonym
106584,4601681.0,
106582,61693.0,pseudonym
106582,12275.0,
106588,61693.0,pseudonym
106588,12275.0,
106589,61707.0,
17343,1069006.0,
825334,18111.0,
825334,1624847.0,
18744715,8649.0,
23277557,481586.0,
14848979,874602.0,
7123161,5158478.0,
7123161,2738410.0,editor
7123161,4153422.0,Translator
7123161,2765704.0,Translator
7123161,686.0,Introduction
10339954,4370565.0,
10339954,123344.0,Narrator
1137221,221253.0,
23446017,9757614.0,
23446017,9757615.0,
907581,423578.0,
27134514,15872.0,
16149408,5321960.0,
18967087,6860531.0,
11520555,656983.0,
23702427,10531683.0,
9766156,4636555.0,
1018215,4260.0,
10637959,122302.0,
10637959,4684643.0,Illustrator
19275608,7742.0,
22609606,645812.0,
20176552,2834177.0,
20176552,2774902.0,Illustrations
20176552,4905327.0,Illustrations
20176552,20026.0,Illustrations
790260,20936.0,
13049338,20850.0,
2539502,102987.0,
2539501,102987.0,
259052,7014283.0,
259055,656983.0,
259055,9533.0,Editor
13251805,5235537.0,
338139,1967.0,
338131,1967.0,
338132,1967.0,
30558033,14669076.0,
8884237,13681.0,
29464494,5244478.0,
18431722,4773763.0,
18431722,6450142.0,
18637628,6889132.0,
1397217,10885.0,
1162543,941441.0,
1162544,941441.0,
7739901,180392.0,
7739901,55869.0,Illustrator
8700058,150038.0,
8919985,131208.0,
13129274,56352.0,Editor
13129274,1221698.0,Contributor
13129274,4682018.0,Contributor
13129274,4798562.0,Contributor
13129274,1448.0,Contributor
13129274,338705.0,Contributor
13129274,4356849.0,Contributor
13129274,50408.0,Contributor
13129274,2768002.0,Contributor
13129274,20433.0,Contributor
13129274,27167.0,Contributor
13129274,27528.0,Contributor
13129274,240708.0,Contributor
13129274,24902.0,Contributor
13129274,12581.0,Contributor
13129274,14454.0,Contributor
13129274,126765.0,Contributor
13129274,2917920.0,Contributor
13129274,42127.0,Contributor
13129274,110206.0,Contributor
13129274,1067608.0,Contributor
13129274,19305.0,Contributor
13129274,20295.0,Contributor
13129274,57814.0,Contributor
13129274,128037.0,Contributor
13129274,34429.0,Contributor
13129274,277536.0,Contributor
13129274,2526.0,Contributor
13129274,588356.0,Contributor
13129274,25376.0,Contributor
13129274,110153.0,Contributor
13129274,24901.0,Contributor
13273621,5640137.0,
13273621,5757399.0,
13273621,54124.0,
13273621,5757400.0,
20661211,5445209.0,
23431347,6536659.0,
27015392,421434.0,
27015399,14469474.0,
18517185,7276512.0,
14060517,3500801.0,
10346457,191456.0,
20296950,2896654.0,
15815337,6951449.0,
6758332,3039800.0,
6758331,48192.0,
18012909,190887.0,
6948214,15872.0,
13610688,465309.0,
6924676,40563.0,
6924676,2981411.0,Illustrator
9640837,5816.0,
21417201,4794993.0,
280705,72538.0,
24790901,13435165.0,
26821954,4684322.0,
10454271,22542.0,
116449,14002.0,
116444,14002.0,
116445,14002.0,
116441,8924.0,
7832325,3409997.0,
899773,656983.0,
899777,656983.0,
8675569,8476.0,
400909,13026.0,
22475352,7349685.0,
400900,13026.0,
12834648,5263747.0,
400906,13026.0,
17910080,1106214.0,
25720838,5356562.0,
10415671,401053.0,
10415671,124365.0,Contributor
9409469,125308.0,
6379951,8646.0,
62549,20561.0,
20821263,40563.0,
157876,91382.0,
921553,470587.0,
11756117,3145809.0,
16161287,6584183.0,
83061,36175.0,
6289806,27944.0,
21474959,15872.0,
21474959,6537090.0,Narrator
168323,2614.0,
26197032,13651527.0,
511210,136127.0,
6720171,48190.0,
1822316,408864.0,
7846465,200317.0,
235111,137386.0,
65666,37060.0,
1373315,82969.0,
7759629,3084517.0,
2753843,21911.0,
12160936,3112114.0,
26113691,3126643.0,
989036,1654.0,
989030,1654.0,
13600168,324620.0,
14800530,262086.0,
20662430,3064305.0,
15808697,17061.0,
26025987,6425045.0,
299237,88608.0,
7976212,3441.0,
18554574,7285181.0,
1082754,22542.0,
11391978,78111.0,
20971472,3502.0,
7698740,445303.0,
902715,276660.0,
36321,9494.0,
36321,380649.0,
36321,1221698.0,Introduction
233649,6252.0,
11515333,4606508.0,
18635086,903992.0,
30653889,27498.0,
30653882,5976337.0,
30653882,3118938.0,Illustrations
30653880,8167946.0,
7171882,27206.0,
7171882,174708.0,
7171880,27140.0,
61152,34408.0,
61152,34410.0,
17661402,7009629.0,
7704979,11654.0,
7704978,11654.0,
18627447,7325602.0,
25646471,13616729.0,
6703198,1463436.0,
16099149,2925230.0,
584792,2465550.0,
16273471,3127068.0,
16273471,72748.0,translator
31288429,6575108.0,
7179261,71688.0,
30109231,8422672.0,
13425406,4384465.0,
13425406,4618495.0,Narrator
508517,3087.0,
508517,353585.0,Illustrations
6737172,468339.0,
13154202,2765617.0,
920395,12339.0,
6399294,1330287.0,
26891431,9629.0,
27284765,6916708.0,
168540,20560.0,
18691083,82969.0,
18691081,4105887.0,
18691080,4105887.0,
2520921,9018.0,
22675091,4.0,
22675091,64464.0,Foreword
18668150,42122.0,
18668150,212788.0,
6948437,25052.0,
6948437,2086916.0,Illustrator
10858437,1330292.0,
10858437,6080025.0,Narrator
10858437,737890.0,Narrator
10858434,1330292.0,
10858434,16506970.0,Narrator
10858434,6080025.0,Narrator
24380140,6563985.0,
17900212,2331.0,
13630629,4485813.0,
7940923,21701.0,
10740056,4705211.0,
30317891,4443809.0,
13543137,20248.0,
16054932,5374297.0,
317539,21071.0,
6288033,326310.0,
224530,9766.0,
224535,9766.0,
4908464,3389.0,
4908464,19365.0,Narrator
10120780,1192311.0,
7953186,2895706.0,
7953186,2895707.0,
22371104,8282527.0,
22924235,7212275.0,
22361859,7237038.0,
20464824,7453846.0,
24441,589.0,
141183,6988.0,
141183,288119.0,Introduction
13373791,355223.0,
394470,224004.0,
264765,58654.0,
6316518,34850.0,
10316626,4606082.0,
248470,49177.0,
28252551,4814169.0,
10194224,4575301.0,
17869212,5833089.0,
596307,12350.0,
596308,12350.0,
31694020,4637539.0,
12702553,2503028.0,
12702553,2995869.0,Narrator
2414039,5376.0,
2414039,2918113.0,Cover artist
6661062,12948.0,
32470603,2300692.0,
24885889,137553.0,
24885889,6922649.0,Illustrations
640136,43697.0,
2865228,34049.0,
33961568,15546486.0,
638610,344352.0,
28446487,6904187.0,
17349076,4476200.0,
17349076,44524.0,Illustrations
20761092,7833356.0,
27313170,4918514.0,
21518594,6899829.0,
22676443,105805.0,
924061,165168.0,
924062,165168.0,
19162620,33467.0,
23197845,4911639.0,
9666870,836009.0,
13505670,172487.0,
8857109,1356336.0,
8677266,355500.0,
2216760,3619.0,
12668517,5108886.0,
9659847,8685.0,
9659847,8691.0,
27876851,9550.0,
6289794,38531.0,
937133,54201.0,
2451090,32157.0,
33574150,2357.0,
389903,202355.0,
389903,221703.0,
2356304,334443.0,
12279393,4414255.0,
12279393,2978188.0,Narrator
18044109,6563931.0,
387339,20560.0,
6715729,1373880.0,
6715729,1012738.0,Narrator
6970361,1427650.0,
3125137,769868.0,
12030955,5039686.0,
8391566,239579.0,
8391566,40641.0,Introduction
16032242,4175419.0,
2315892,276660.0,
31579908,36276.0,
30312891,150038.0,
615947,1429808.0,
615947,333247.0,
18808392,5047249.0,
2314130,72451.0,
16083032,5621761.0,
891044,379444.0,
5986856,941441.0,
7959236,8660.0,
12643330,24827.0,
13260544,428662.0,
10665754,2168689.0,
6506079,4698899.0,
6506079,1945379.0,Translator
23399,11735.0,
485867,1069006.0,
19153883,4921525.0,
1244290,136127.0,
208,13557729.0,
6694531,10366.0,
72544,41032.0,
231012,26.0,
231012,34827.0,Illustrator
12680390,3353516.0,
28148263,6543639.0,
8140731,221253.0,
10860047,4370565.0,
764167,17618.0,
764167,546590.0,Illustrator
10846138,4372737.0,
9663855,4371018.0,
9663855,18130.0,
34128219,3618.0,
8713500,80984.0,
106489,61659.0,
177191,8588.0,
11034459,4167378.0,
6324645,38840.0,
2978188,1221698.0,
806040,15890.0,
4286737,28083.0,
26074185,5768611.0,
13538992,4175419.0,
13650543,8588.0,
13264701,150038.0,
223153,10992.0,
223153,1221698.0,Introduction
16122086,6569503.0,
15980677,234115.0,Editor
15980677,2803627.0,Editor
15980677,15292.0,Contributor
15980677,1857564.0,Contributor
15980677,121825.0,Contributor
15980677,114283.0,Contributor
15980677,2765438.0,Contributor
15980677,3409936.0,Contributor
15980677,335956.0,Contributor
28118108,11260701.0,
7993,5329.0,
7993,158961.0,Illustrations
7997,5329.0,
7997,163934.0,Illustrations
7996,5329.0,
7994,5329.0,
7999,5329.0,
7998,5329.0,
48435,4522.0,
48430,4522.0,
48430,18015.0,Creator
48433,4522.0,
21524446,7418796.0,
26060926,3486225.0,
12842828,5265998.0,
258108,11145.0,
258108,190760.0,
258108,722157.0,
258108,2739592.0,
258108,3948603.0,
41337,23284.0,
7740030,31775.0,
7863658,150038.0,
5981700,33502.0,Editor
1707287,4794.0,
23379431,5399219.0,
23456237,7771337.0,
47810,26835.0,
13599050,2896478.0,Author
13599050,5815882.0,Cover Artwork
6240917,146374.0,
6240917,660076.0,Illustrations
18989342,7155061.0,
49625,27944.0,
3430737,150810.0,
3430737,362098.0,Translator
930056,6878.0,
29939179,644349.0,
11732538,3305514.0,
18213394,7178071.0,
16247981,8588.0,
16247986,175855.0,
20443235,1238111.0,
23014836,7770772.0,
31450960,15552977.0,
13487029,4105961.0,
21089449,1938234.0,
7791997,2876763.0,
8661987,47290.0,
345627,137902.0,
3967980,21911.0,
15745446,65137.0,
730978,27140.0,
7670213,276660.0,
17283555,6889132.0,
7737900,3377501.0,
7737900,3377502.0,
7737900,93391.0,Illustrator
7737900,2714501.0,Illustrator
13423390,177305.0,
10652828,136127.0,
6321854,38569.0,
6321854,591108.0,Translator
9721690,3406550.0,
23611997,4919495.0,
23611992,4919495.0,
587582,8732.0,
363711,66700.0,
363711,1627.0,Illustrator
363711,3187780.0,ilustraciones
363711,9494.0,prologo
363711,409751.0,traduccion
3741525,38845.0,
307403,12531.0,
9532187,137902.0,
26227014,6936822.0,
11724244,96909.0,
13331044,4108184.0,
15808830,5782149.0,
25743790,2060858.0,
146842,19317.0,
567665,3618.0,
6596708,6464383.0,
6596708,121364.0,
13604997,150270.0,
6893353,4609969.0,
23557252,4712387.0,
23007306,7797304.0,
23433197,5047249.0,
26245003,7152490.0,
25502639,4649677.0,
7903901,52050.0,
7776444,28083.0,
7776445,28083.0,
12507214,4086715.0,
29547960,1330292.0,
28266590,4388953.0,
10482677,105839.0,
29937102,3433047.0,
2868146,116617.0,
257321,8661.0,
15803758,8695.0,
27209430,6268.0,
11958782,4404139.0,
10800904,4604180.0,
15822564,3354.0,
6276413,105220.0,
15790869,833687.0,
15790869,1251403.0,Illustrations
18192958,7581.0,
18192958,4870718.0,Illustrator
20613481,1488908.0,
1270841,22548.0,
15774661,6451403.0,
575523,200504.0,
13310549,48192.0,
24874358,2938140.0,
24874358,15424705.0,
24874358,29996.0,Translator
11388629,4843796.0,
8077372,3297510.0,
12768265,38821.0,
29281411,7429464.0,
13584837,5809064.0,
391993,14115493.0,
10607,3389.0,
10607,6941.0,
176789,8685.0,
176789,8686.0,
176788,8685.0,
7848083,11654.0,
2585258,27813.0,
111195,61958.0,
23832236,8425947.0,
29505433,4086715.0,
29505433,6953671.0,narrator
20342545,38550.0,
17610357,6527572.0,
22823730,21748.0,
22823730,2146135.0,Narrator
9774362,1463436.0,
13356705,656983.0,
13356705,9545.0,Illustrations
13356707,656983.0,
13356706,656983.0,
168441,10885.0,
168441,120056.0,Introduction
22537729,3486415.0,
2169223,685776.0,
18114567,3267859.0,
9542582,4416438.0,
9542585,3395248.0,
12970812,5265741.0,
23634452,6477522.0,
25088424,3203095.0,
317450,6587.0,
3689171,346732.0,Editor
3689171,14045235.0,Illustrator
3689171,12052.0,Editor
3689171,34827.0,Illustrator
3689171,40983.0,Contributor
3689171,193057.0,Contributor
3689171,8694.0,Contributor
3689171,10518.0,Contributor
3689171,54475.0,Contributor
3689171,26767.0,Contributor
3689171,33919.0,Contributor
3689171,261937.0,Contributor
3689171,113942.0,Contributor
3689171,34828.0,Contributor
3689171,48960.0,Contributor
3689171,6587.0,Contributor
3689171,58124.0,Contributor
3689171,2687.0,Contributor
3689171,1221698.0,Contributor
3689171,4338.0,Contributor
3689171,53193.0,Contributor
3689171,22993.0,Contributor
3689171,2745.0,Contributor
3689171,13026.0,Contributor
3689171,9355.0,Contributor
3689171,5376.0,Contributor
3689171,1578313.0,Contributor
22594209,143445.0,
369540,1630.0,
18722924,1463436.0,
18722924,7083991.0,
606488,5158478.0,
606488,4197526.0,Translator
606488,41878.0,Editor
739447,1069006.0,
13175466,5198413.0,
26889648,3005246.0,
1138654,9172.0,
823766,8842.0,
823766,329957.0,Narrator
823762,8842.0,
823769,8842.0,
6401002,175855.0,
25688984,184987.0,
25688980,8447057.0,
8635145,4134859.0,
23490950,8730.0,
23490950,5618684.0,Narrator
23490954,57858.0,
23490954,1656.0,
18486037,2880618.0,
9676673,4430.0,
9879200,823146.0,
25937835,49177.0,
25937835,1157440.0,
25937835,65333.0,Illustrations
7747285,21911.0,
23012480,2384.0,
23012480,385327.0,
25302072,7044164.0,
25302072,2978188.0,Narrator
12389880,4907397.0,
12389880,4907398.0,
22401692,7341923.0,
15743711,9629.0,
29064670,276660.0,
16101137,5989.0,
16101137,58017.0,
22449393,8299478.0,
11843017,4984923.0,
11455154,3409997.0,
11455155,153741.0,
17369278,6904635.0,
23643217,1136158.0,
23643217,2895898.0,Narrator
827763,656983.0,
20890541,14507930.0,
30288,9550.0,
30288,2950834.0,Text
30288,4154297.0,Text
30288,8621.0,Illustrations
30280,17065.0,
30280,625.0,
30280,9550.0,
30280,17063.0,
30280,17064.0,
30281,9550.0,
30282,9550.0,
30282,1429808.0,
30282,46540.0,
30282,8110.0,
6171732,758992.0,
6354310,90820.0,
17795053,153394.0,
3692209,65471.0,
15847229,816280.0,
9837154,4493935.0,
12436722,15298.0,
57913,5752454.0,
57913,2918.0,
13436345,6533864.0,
13436345,5607896.0,
13436345,5607897.0,
93383,4738.0,
27228341,3225845.0,
7041456,38531.0,
21528377,346732.0,
25101899,2503028.0,
25722504,6586877.0,
1654726,124055.0,
1654726,359532.0,
13415915,5447353.0,
15806868,79589.0,
13627169,108173.0,
11351181,15872.0,
30628197,4241741.0,
18431725,337831.0,
24326747,1332605.0,
16171313,6577884.0,
10706481,4610078.0,
29360229,8064114.0,
16131089,63669.0,
270641,5989.0,
611346,103080.0,
13049897,3497970.0,
20827735,7103612.0,
17247984,34854.0,Editor
10834868,3504189.0,
241060,1917064.0,
241060,8688.0,
17666976,2860219.0,
15781952,5828387.0,
8220527,5339.0,
36274721,7326881.0,
46202,445303.0,
6554735,137902.0,
27212432,3099544.0,
27212432,2964904.0,Narrator
217518,6878.0,
7877565,1827868.0,
13642528,7195.0,
13642528,173545.0,Illustrations
9462231,3425403.0,
149169,2238.0,
939645,3619.0,
939643,11735.0,
17999681,10359.0,
568454,311098.0,
568454,2855546.0,Translator
7997987,2357.0,
18746546,4428.0,
14454858,190403.0,
241976,28544.0,
241973,141587.0,
241973,2073019.0,Illustrator
19089212,7210511.0,
19089212,6550220.0,
2333041,251279.0,
274139,63783.0,
274139,63522.0,Series Creator
81037,46138.0,
81037,46137.0,
81034,27500.0,
81039,46138.0,Editor
81039,46137.0,Editor
81039,69469.0,Contributor
81039,2918057.0,Contributor
81039,2904155.0,Contributor
81039,1182450.0,Contributor
81039,26897.0,Contributor
81039,1231590.0,Contributor
81039,66268.0,Contributor
81039,22545.0,Contributor
81039,147966.0,Contributor
81039,207823.0,Contributor
81039,8694.0,Contributor
81039,1221698.0,Contributor
81039,5339.0,Contributor
81039,25.0,Contributor
81039,24.0,Contributor
81039,40563.0,Contributor
81039,4798562.0,Contributor
81039,329320.0,Contributor
81039,21158.0,Contributor
81039,27528.0,Contributor
81039,2902336.0,Contributor
1952259,9320.0,
7897258,12980.0,
4902793,17061.0,
222838,12350.0,
458960,45948.0,
458960,45949.0,
15799400,5832925.0,
2146957,25052.0,
25118836,4088550.0,Editor
25118836,1140370.0,Editor
25118836,765702.0,
25118836,13650211.0,
25118836,158894.0,
25118836,13650212.0,
25118836,335132.0,
25118836,13650213.0,
25118836,2847546.0,
25118836,8381732.0,
25118836,6569623.0,
25118836,3400076.0,
25118836,6094309.0,
25118836,2951127.0,
25118836,7849252.0,
25118836,13650214.0,
25118836,4605016.0,
25118836,4723236.0,
25118836,13650215.0,
25118836,12053252.0,
25118836,7834957.0,
25118836,5779980.0,
25118836,13650216.0,
25118836,4739029.0,
25118836,14713038.0,Kontro
9630902,4349456.0,
9630902,5300258.0,Narrator
23460931,17015009.0,
23460931,7728917.0,
61931,26.0,
28810197,5444060.0,
1955063,888413.0,
18329942,7221218.0,
10783476,9237.0,
6620129,8988.0,
19346438,4864634.0,
6409152,108693.0,
13135342,5791.0,
9842956,13957.0,
28235516,4794993.0,
15988996,664468.0,
18513621,15872.0,
26173919,7210024.0,
8649882,207708.0,
24819466,1443712.0,
24819466,6672327.0,
23249125,59749.0,
249832,60577.0,
17465467,5295120.0,
6150364,221073.0,
15767765,6430276.0,
5040719,8695.0,
29588505,4499623.0,
12853150,545.0,
12853150,5268599.0,
12853150,16024.0,
12853150,5268600.0,
12853150,270277.0,
12853150,5268601.0,
12853150,1890154.0,
20493019,4153170.0,
18106985,6456912.0,
503536,26738.0,
24999030,769868.0,
961743,486777.0,
23316524,447325.0,
13146312,767547.0,
13490777,5755316.0,
524758,291002.0,
471966,3299.0,
448873,22542.0,
448872,22542.0,
25909020,355173.0,
14686464,5374297.0,
11806617,10992.0,
7143047,6436872.0,Editor
7143047,12728.0,Editor/Contributor
7143047,54475.0,Contributor
7143047,2916952.0,Contributor
7143047,141334.0,Contributor
7143047,43248.0,Contributor
7143047,40173.0,Contributor
7143047,194172.0,Contributor
7143047,25422.0,Contributor
7143047,1067608.0,Contributor
7143047,8988.0,Contributor
7143047,38313.0,Contributor
7143047,23069.0,Contributor
7143047,33502.0,Contributor
7143047,8694.0,Contributor
7143047,484109.0,Contributor
18333656,5831353.0,
13284272,346732.0,
13284272,6574016.0,Narrator
17853280,90340.0,
18668428,589.0,
16290859,5783151.0,
437049,656983.0,
11222361,58325.0,
11222361,2478261.0,Illustrator
493121,58846.0,
493123,58846.0,
12922874,5228940.0,
13572214,2957040.0,
23299668,2761947.0,
23299668,1330292.0,
363431,10087.0,
363431,423163.0,Illustrator
833468,1654.0,
335958,192663.0,Illustrator
335958,232241.0,Translator
335958,4137634.0,
335958,6378.0,
335958,2938140.0,
335958,2938141.0,
335958,35760.0,
335958,4955836.0,
335958,4706567.0,
99450,8516.0,
99452,8516.0,
6390127,63669.0,
32831,696805.0,
32831,27779.0,Introduction
32831,168380.0,Translation
6451603,10746.0,
6662400,25307.0,
10643556,38531.0,
7840832,4845.0,Editor
7840832,1163804.0,Contributor
7840832,2982216.0,Contributor
7840832,7581.0,Contributor
7840832,353528.0,Contributor
7840832,53306.0,Contributor
7840832,79879.0,Contributor
7840832,1356336.0,Contributor
7840832,2904745.0,Contributor
7840832,26033.0,Contributor
7840832,14024.0,Contributor
7840832,70454.0,Contributor
7840832,4310289.0,Contributor
7840832,2095446.0,Contributor
7840832,1241378.0,Contributor
7840832,2981668.0,Contributor
7840832,52527.0,Contributor
7840832,317.0,Contributor
7840832,2851726.0,Contributor
7840832,22649.0,Contributor
7840832,26935.0,Contributor
7840832,12991.0,Contributor
7840832,3262493.0,Contributor
7840832,54475.0,Contributor
7840832,3154018.0,Contributor
7840832,490342.0,Contributor
7840832,207708.0,Contributor
7840832,128057.0,Contributor
7840832,30819.0,Contributor
7840832,1020603.0,Contributor
7840832,137270.0,Contributor
7840832,859609.0,Contributor
7840832,97045.0,Contributor
14741615,324620.0,
21940131,3433047.0,
21940131,13615251.0,Narrator
675615,191456.0,
675614,191456.0,
25479922,6429243.0,
19548182,365379.0,
26308512,7176787.0,
21843217,8119789.0,
968848,29535.0,
16176388,6444714.0,
792152,19729.0,
777418,408864.0,
777419,408864.0,
30983420,15455762.0,
8694389,338705.0,
20897852,2988406.0,
20897852,1411091.0,Translator
536790,3619.0,
25961438,3065284.0,
15861491,3380908.0,
2321296,175855.0,
6811278,37060.0,
15740462,15872.0,
13182968,969638.0,
17564519,4074051.0,
6093337,137902.0,
13057750,4721536.0,
121801,74046.0,
23045644,6575108.0,
975885,52468.0,
13496575,3145809.0,
6276734,1100593.0,
186337,27341.0,
15790920,2988406.0,
15790920,1411091.0,Translator
16114708,324620.0,
22067146,6886454.0,
23315714,8892745.0,
2248164,1015012.0,
17693064,5804101.0,
920795,410598.0,Editor
920795,33919.0,Editor
920795,234088.0,Contributor
920795,19305.0,Contributor
920795,128570.0,Contributor
920795,162927.0,Contributor
920795,16939.0,Contributor
920795,33918.0,Contributor
920795,143699.0,Contributor
920795,217735.0,Contributor
920795,1042536.0,Contributor
920795,124792.0,Contributor
920795,10765.0,Contributor
920795,10366.0,Contributor
920795,672375.0,Contributor
920795,7144790.0,
12974280,8685.0,
991909,58.0,
991909,5602.0,Narrator
991909,44554.0,Narrator
991909,524200.0,Narrator
991909,15154184.0,Narrator
1354730,234088.0,
288132,23069.0,
12675334,1550534.0,
444100,26.0,
816199,76423.0,
12974095,15872.0,
5899779,169377.0,
5899779,1265.0,
305036,38840.0,
305036,406026.0,Editor
8430099,177047.0,
24485148,3400076.0,
395922,50873.0,
732242,241301.0,
479798,1069006.0,
5930637,30819.0,
100368,12534.0,
100368,39099.0,
100369,12534.0,
100369,39099.0,
100364,12534.0,
100364,39099.0,
100364,126502.0,
327778,8842.0,
2822861,270887.0,
23876741,250598.0,
596340,145129.0,
21352088,150038.0,
4863441,4035.0,
17707611,7025889.0,
17707612,2918424.0,
23356038,4476934.0,
10645526,4686495.0,
23245595,14454.0,
23245593,13835294.0,Editor
23245593,835348.0,
23245593,3484883.0,
23245593,4684322.0,
23245593,3036304.0,
23245593,1238111.0,
23245593,4906436.0,
23245593,504038.0,
23245593,4575289.0,
23245593,1164465.0,
23245593,1879494.0,
23245593,7219195.0,
23245593,5241601.0,
23245593,6549106.0,
23245593,6420147.0,
334484,101070.0,
2302479,19564.0,
2037808,8476.0,
2037808,362098.0,Translator
30641218,7360538.0,
17572806,340054.0,
2201246,172977.0,
27242422,7371757.0,
10623784,214.0,
10623784,5116.0,Illustrator
10623784,22536.0,Contributor
8717849,9550.0,
271587,23069.0,
7062539,3143458.0,
17199504,5830526.0,
26097421,4178737.0,
3945300,431092.0,
25489159,33918.0,
24249,16391.0,
1244288,136127.0,
18368160,337831.0,
1932042,99836.0,
6382952,1239645.0,Editor
6382952,15292.0,
6382952,146783.0,
6382952,150038.0,
6382952,21911.0,
6382952,2916205.0,
6382952,445303.0,
6382952,25422.0,
6382952,7581.0,
6382952,2526.0,
6382952,836009.0,
6382952,27206.0,
6382952,174708.0,
6382952,131208.0,
6382952,2792373.0,
150739,36122.0,
150739,268524.0,Illustrator
7864587,24009.0,
5465066,1429808.0,
219182,5255014.0,
219182,2046.0,Afterword
219181,51589.0,
28220785,4088550.0,
13644064,1069006.0,
27240779,7303977.0,
12095951,25052.0,
2502066,656983.0,
27411345,5898355.0,
8113344,165168.0,
10264090,223096.0,
10264090,2517916.0,Illustrator
127645,8659.0,
127647,8659.0,
127647,4654216.0,Illustrator
706376,326310.0,
68765,27.0,
68765,272055.0,Illustrator
18621194,7314532.0,
5424730,497356.0,
10551037,1140298.0,
149865,1654.0,
24585386,53988.0,
6345021,275126.0,
6345021,2984075.0,
6345021,4749003.0,
6345021,1259282.0,
6345021,1259281.0,
6345021,6444282.0,
6345021,1855575.0,
30187,17015.0,
30186,17015.0,
30183,17015.0,
30183,17010.0,
32718027,16002992.0,
613964,164485.0,
6639491,8842.0,
6639491,1221698.0,Introduction
11285163,165168.0,
26114100,346732.0,Editor
26114100,725899.0,Editor
396929,35023.0,
25913699,7581.0,
7204531,2789878.0,
7204531,4636983.0,
93481,35022.0,
93483,35022.0,
93489,35022.0,
2195309,625.0,
180426,6268.0,
6746912,683939.0,
177938,26.0,
34861186,16541001.0,
21412282,375143.0,
8645598,2892154.0,
664553,26.0,
664553,14002.0,
28924910,276660.0,
1020102,111002.0,
4792273,1977.0,
16113606,1691206.0,
10694189,329391.0,
13334934,4984399.0,
22809783,5047249.0,
9464855,945430.0,
10471511,6468949.0,
23068265,5186274.0,
293426,157663.0,
293426,178972.0,Illustrator
7719245,3027554.0,
30212517,2851725.0,
18042455,7123176.0,
13809,8588.0,
13808,8588.0,
13808,8589.0,
13807,8588.0,
13806,8587.0,
58092,5329.0,
30227925,4337106.0,
13643021,117369.0,
13643021,198168.0,Translator
6283478,2855899.0,
7718013,78763.0,
13542294,4845.0,
23398677,4721536.0,
7095049,103359.0,
1644692,760392.0,
23871125,4051426.0,
25391348,421434.0,
26245950,9886850.0,
6345760,13663.0,
6345760,2878198.0,Illustrator
10803222,589.0,
22780816,1556719.0,
8479792,4090847.0,
127823,34049.0,
17343422,4484635.0,
30039062,110153.0,
9785225,1136158.0,
9504199,3002235.0,
202087,8660.0,
6367234,20561.0,
22271,9334.0,
6065889,13557729.0,
6065889,4837372.0,Illustrator
36068753,208338.0,
33785923,4600197.0,
18398619,2973783.0,
6931452,53793.0,
2725419,1023510.0,
15768191,4279785.0,
6567484,2998062.0,
29909523,2741079.0,
29909523,976311.0,
29909523,12572975.0,
29909523,5755229.0,
29909523,13540545.0,
29909523,14246567.0,
29909523,14414905.0,
29909523,14738027.0,
29909523,6950743.0,
29909523,14252866.0,
29909523,14792860.0,
29909523,13810189.0,
29909523,14055143.0,
29909523,14249822.0,
29909523,9871050.0,
28815482,2860219.0,
30228183,7426942.0,
3607394,110234.0,
17790521,7045075.0,
11634793,4925996.0,
544482,299364.0,
544482,589.0,
544482,299363.0,
10066415,17046.0,
17664919,7010913.0,
236703,138434.0,
13130788,26878.0,
12038533,2063919.0,
9083745,1584788.0,
11783484,804399.0,
442556,108693.0,
442554,108693.0,
618174,8185168.0,
618177,11586.0,
618171,6252.0,
28097860,5214733.0,
822912,11139.0,
822912,6988.0,
822912,854076.0,
822912,3389.0,Foreword
6249762,27498.0,
6249762,610353.0,Illustrator
16103129,1641503.0,
16103129,3122331.0,Translator
911954,466494.0,
203867,2001324.0,
7224154,19954.0,
9678708,415967.0,
344623,107170.0,
258872,11586.0,
7948410,1638953.0,
568116,11586.0,
219499,854076.0,
219499,350820.0,Introduction
767719,38840.0,
767719,147253.0,Introduction
23214380,30819.0,
2977480,65137.0,
2977480,153738.0,
2977480,107838.0,
2977487,137902.0,
25742635,5831672.0,
24265085,2891665.0,
24938,14014.0,
24938,7025.0,Based On Work by
24937,14013.0,
24937,14014.0,
24937,148442.0,
24937,3498741.0,
5489684,153734.0,
5489683,153734.0,
13594593,5814183.0,
1260933,7717.0,
1260933,377138.0,Illustrator
17902184,472395.0,Editor
17902184,2897358.0,Editor
17902184,6881794.0,Editor
17902184,4979171.0,Contributor
17902184,27209.0,Introduction
17902184,5117618.0,Contributor
17902184,1746019.0,Contributor
17902184,7241811.0,Contributor
17902184,599287.0,Contributor
17902184,360114.0,Contributor
17902184,144323.0,Contributor
17902184,121364.0,Contributor
17902184,5258016.0,Contributor
17902184,852078.0,Contributor
17902184,2915792.0,Contributor
17902184,7264674.0,Contributor
17902184,2860219.0,Contributor
17902184,4175512.0,Contributor
17902184,1343790.0,Contributor
17902184,1419586.0,Contributor
17902184,4027044.0,Contributor
17902184,2919603.0,Contributor
17902184,396931.0,Contributor
17902184,4098207.0,Contributor
17902184,1250101.0,Contributor
17902184,1014253.0,Contributor
17902184,1346588.0,Contributor
17881924,88506.0,
17881924,2751991.0,Illustrator
13547092,150038.0,
555500,6245.0,
555500,6244.0,
555500,337207.0,Illustrations
21944038,4430.0,
18961830,6576718.0,
25597060,5780686.0,
25597060,2917920.0,Translator
6978960,3116816.0,
8151112,3521172.0,
18007542,7742.0,
8025911,3479028.0,
1911378,13867.0,
1911378,13652.0,Introduction by
1911378,279919.0,Illustrator
84135,4430.0,
84134,4430.0,
400892,13026.0,
9729681,401053.0,
9729681,124365.0,Contributor
28953541,7179557.0,
24094,8596.0,
33299061,8634130.0,
29845906,4735144.0,
13374661,760553.0,
16176287,4502237.0,
9466833,6429144.0,
13281637,5286855.0,
6892166,3085265.0,
116295,19439.0,Adaptor
116295,1654.0,
1852521,10518.0,
15723139,1708209.0,
629071,41942.0,
6395291,53574.0,
780866,57461.0,
780868,82540.0,
8756401,180392.0,
17347381,1077326.0,
17347381,27372.0,Illustrator
17347381,2927.0,Illustrator
11550280,790143.0,
12964268,5298677.0,
68429,38550.0,
346272,198623.0,
7697372,1857564.0,
13547495,2937372.0,
10823956,246527.0,
141745,13677.0,
141745,363780.0,Illustrations
28220832,1488908.0,
195931,481146.0,
23848124,1432.0,
23848124,3957285.0,Illustrator
17286654,4810094.0,
17286656,4810094.0,
57950,23001.0,
13139589,2310121.0,
8873426,3100027.0,
700817,5255014.0,
2443516,13557729.0,
6767583,263547.0,
30795950,8390236.0,
61970,26.0,
61975,26.0,
61976,26.0,
9816086,40563.0,
9816086,473481.0,Narrator
21929537,4483617.0,
21929539,4606484.0,
9572054,1463193.0,
23705513,3398274.0,
5325456,17015.0,
3093686,1323236.0,
25796637,5860277.0,
34213608,119830.0,
435957,16218.0,
29554397,8588556.0,
22328058,5828179.0,
12620451,2803627.0,
41905,1077326.0,
28953200,2172337.0,
291513,1023510.0,
291514,31.0,
5427288,34049.0,
5427288,623693.0,Narrator
10560199,100752.0,
362705,207642.0,
362705,2901338.0,Editor
362705,767641.0,Editor
2144899,415731.0,
7725104,130129.0,
7725104,967474.0,Illustrator
10452604,1630.0,
27712,15619.0,
27712,38449.0,Translator
27712,262689.0,Illustrator
27719,15619.0,
27719,3861601.0,
27719,3861602.0,
27719,262690.0,Illustrator
27719,3861603.0,Photographer
417730,346732.0,
92961,589.0,
597790,656983.0,
597790,9533.0,Editor
597790,9545.0,Illustrator
5907,656983.0,
16789,9320.0,
16789,1221698.0,Introduction
16788,1221698.0,
17620248,5150716.0,
420180,50786.0,
29247184,6950743.0,
12722633,1909134.0,
18602406,7305254.0,
26889448,15193363.0,
15784,9766.0,
9660176,41942.0,
29904219,11230592.0,
176827,8685.0,
27774610,9013537.0,
24789575,4684322.0,
3904885,1201844.0,
3904885,7741814.0,Illustrator
3904885,290553.0,Translator
28386117,71688.0,
16068780,6549285.0,
13503808,5761611.0,
3838563,38598.0,
12017,5807106.0,
24941501,7855177.0,
32671298,33773.0,
33805955,16270030.0,
2194051,27498.0,Creator
2194051,73351.0,
2194051,1871685.0,Illustrator
371787,8732.0,
362921,17060.0,
17348327,48192.0,
232021,82540.0,
7052533,156522.0,
3944732,2465550.0,
178476,71688.0,
20791883,5820379.0,
764840,179733.0,
764840,571819.0,illustratar
13259034,18967.0,
13259034,104179.0,
13259034,1156431.0,Illustrations
6445359,17061.0,
612422,226035.0,
612422,269065.0,
18718879,6622356.0,
17980299,5265998.0,
12411687,3418947.0,
185287,8661.0,
185289,8661.0,
14812991,6162355.0,
179668,3242.0,
12568505,5188888.0,
5099597,1373880.0,
22404710,4005010.0,Editor
22404710,3149946.0,Contributor
22404710,7434788.0,
22404710,2127171.0,Contributor
22404710,8291167.0,Contributor
22404710,25376.0,Contributor
22404710,1343790.0,Contributor
22404710,3138686.0,Contributor
22404710,3122955.0,Contributor
22404710,3400079.0,Contributor
16113709,106969.0,
30688013,25307.0,
10480102,40881.0,
10480102,1332605.0,
10480102,232224.0,
10480102,3149825.0,
10480102,4505225.0,
28478066,7168230.0,
28478066,8435196.0,Narrator
28478066,494654.0,Narrator
3788482,67481.0,
29757901,4637539.0,
32061282,4575289.0,
32061282,14690841.0,Narrator
32061282,2960911.0,Narrator
32061282,13615251.0,Narrator
32061282,386543.0,Narrator
32061282,2975257.0,Narrator
32061282,3144008.0,Narrator
32061282,6503.0,Narrator
32061282,3031590.0,Narrator
25668535,6444153.0,
26889261,6953956.0,
26889260,6953956.0,
6599565,1221698.0,
9790396,3198547.0,
49613,27944.0,
49614,27944.0,
491972,16461.0,
491972,274554.0,
17379587,6549412.0,
8307302,30819.0,
20613470,3433047.0,
16685923,253358.0,
16685923,2891549.0,Narrator
210201,8660.0,
23167761,4722094.0,
15474,8516.0,
20947360,1238111.0,
25785807,7211914.0,
480575,199919.0,
21544228,5365396.0,Original Author
21544228,314367.0,Creator
21544228,4198583.0,Creator
28280602,14787640.0,
3873328,1651879.0,
444313,4260.0,
285224,40563.0,
14289042,5355122.0,
9672106,72853.0,
8493681,191456.0,
1928873,375626.0,
12872080,6162355.0,
27209459,5804101.0,
1358538,1221698.0,
7619076,974195.0,
6425725,735413.0,
6425725,1265.0,
3247292,48206.0,
3247292,521640.0,Read by
532837,1077326.0,
176896,8516.0,
176896,8685.0,
176892,4766.0,
176892,8685.0,
176891,8685.0,
5661348,90825.0,
5116480,23894.0,
382859,217944.0,
9751723,55820.0,
14116167,2310121.0,
6322865,2870843.0,
544381,226035.0,
544381,269065.0,
2208744,359109.0,
53732,58.0,
6771443,1221698.0,
6771443,10365.0,Illustrator
7047941,137902.0,
22238148,105839.0,
22238140,1957584.0,
25774444,5820379.0,
26205179,14108302.0,
21421609,8039839.0,
3188580,63983.0,
6855471,848968.0,
18006642,2096360.0,
13421230,835348.0,
7685237,3295277.0,
7685237,6459302.0,
30653721,7305254.0,
364959,208650.0,
364958,208650.0,
364953,208650.0,
364951,208650.0,
5944682,31247.0,
12569468,4862379.0,
29588,12581.0,
731821,5345.0,
731821,179383.0,Illustrator
16145662,4428.0,
12160890,2868678.0,
15298,656983.0,
1886019,869.0,
22238192,1343790.0,
15781464,5322962.0,
12715259,5170812.0,
2751329,9550.0,
9628111,2894399.0,
26642116,4575289.0,
604516,656983.0,
604516,9545.0,Illustrations
18733563,6498865.0,
374003,8842.0,
374003,10763.0,Illustrator
186457,83378.0,
18643060,5760240.0,
17932303,5044405.0,
22111277,150038.0,
8105616,46540.0,
9550620,191456.0,
18469791,105805.0,
18469798,105805.0,
7091973,41942.0,
13014543,5312381.0,
30233119,4039811.0,
30233110,4039811.0,
15708516,5823058.0,
1993860,5791.0,
25033448,7276101.0,
17202502,5047249.0,
113435,6252.0,
915341,4841825.0,
915341,23284.0,
915341,4766.0,
31922257,15746850.0,
25780917,3395248.0,
682933,365496.0,
8100283,3261705.0,
8100283,3261706.0,
1042542,8347.0,
6979420,2994893.0,
7967857,2740668.0,
17560793,26897.0,
17560793,2937325.0,Narrator
774928,7779.0,
35513821,4601855.0,
13486553,4486715.0,
7236997,1550534.0,
943361,479779.0,
943361,39043.0,Translator
13167808,20936.0,
13081309,1802330.0,
12361115,4189090.0,
13562334,5784534.0,
13562336,5784534.0,
254752,78303.0,
8148717,346732.0,
8148717,579648.0,Reading
13604523,6914204.0,
13604523,4490436.0,Narrator
277187,25422.0,
277187,25421.0,
18110734,7144849.0,
96131,48192.0,
23848066,162810.0,
13561724,670244.0,
7339755,137902.0,
140217,1069006.0,
140212,1069006.0,
140212,25523.0,Illustrator
836267,4260.0,
20412199,7076691.0,
20412199,4348137.0,
23129985,8511661.0,
61893,4841825.0,
61890,4841825.0,
61894,4841825.0,
1479413,692437.0,
28960222,1221698.0,
7242757,104925.0,
7242757,1346213.0,
1266051,10746.0,
11725462,53574.0,
13356208,36122.0,
5877213,35855.0,
5877213,2682658.0,
41804,16667.0,
8448478,4431689.0,
6244315,17054.0,
6244315,175855.0,
6244315,669810.0,
6244315,137386.0,
6244315,1080585.0,
157387,91085.0,
23811731,6378.0,
23811731,2939944.0,narrator
5598960,21912.0,
462379,4766.0,
18667112,5403541.0,
2951365,692437.0,
377889,2012967.0,
377889,718134.0,illustrator
377889,44524.0,illustrator
23871021,3380908.0,
9447878,4430.0,
6419700,37182.0,
272825,3441.0,
12363622,4605557.0,
13630144,4448495.0,
22499730,8073042.0,
16688,205.0,
16686,205.0,
24515547,5414574.0,
7940205,165168.0,
16054234,4608186.0,
13115184,27528.0,
617046,42110.0,
18812716,4051426.0,
25985861,25307.0,
12812539,5257588.0,
15803251,30819.0,
17915229,7010042.0,
6041689,346732.0,
3386492,1427650.0,
24331491,12071869.0,
3091315,8685.0,
6783155,57473.0,
6783155,124763.0,Translator
27774536,14660369.0,
12862980,3267859.0,
12862980,2892243.0,Narrator
308744,10087.0,Editor
308744,79319.0,Illustrator
16041031,6538148.0,Illustrator
1425469,8185168.0,
11375108,1373880.0,
11375108,163934.0,Illustrator
21399241,771.0,
13345,8347.0,
10429015,146986.0,
10429017,1192311.0,
6612005,2789878.0,
6612005,4636983.0,
18693868,3849415.0,
18693868,2580449.0,Narrator
6801645,208650.0,
6801646,208650.0,
11778202,4090088.0,
8291272,356164.0,
16238648,275252.0,
13332528,4576191.0,
21470669,6552441.0,
17281362,6425045.0,
13539168,8516.0,
8564208,8661.0,
6616667,27498.0,
23160575,7690616.0,
17855514,6420480.0,
11164732,4094048.0,
26877312,8546572.0,
264147,64216.0,
17348906,231574.0,
17348906,231575.0,
12559613,145129.0,
18374994,365379.0,
23067007,6637181.0,
6605730,186776.0,
1191527,1654.0,
1191527,19439.0,Narrator
5470195,82540.0,
18681547,6466369.0,
34372749,15200224.0,
13628855,5371025.0,
20821339,10317.0,
153795,8596.0,
13618440,324620.0,
23354036,4342215.0,
149302,8588.0,
23989889,13957.0,
23989889,277536.0,
23989889,2920678.0,
6855336,10746.0,
6855336,203762.0,
6855336,4686275.0,Illustrator
6890220,3084517.0,
18077961,7135390.0,
7234748,4522.0,
845576,13663.0,
845576,121656.0,Illustrator
565593,60478.0,
18196588,6583720.0,
17415983,29011.0,
638786,135396.0,
11860682,1106214.0,
18047809,3145809.0,
12759444,1035116.0,
12759444,359194.0,
12759444,756861.0,
12759444,1204165.0,
8724779,17015.0,
8724779,17010.0,
13508217,4430.0,
1140713,8596.0,
81516,344618.0,
25953488,12700597.0,
27787105,14430583.0,
6100790,24827.0,
18481271,4637539.0,
13568903,4863270.0,
13187162,5376046.0,
22561320,4796263.0,
31481,17618.0,
31481,546590.0,Illustrator
31482,17618.0,
31482,546590.0,Illustrator
31484,17618.0,
31484,546590.0,Illustrator
7913569,2891503.0,
24384089,6626169.0,
6124224,5989.0,
31030693,7426942.0,
23014712,5323170.0,
6261394,353030.0,
864798,5816.0,
116483,67481.0,
2974804,2387.0,
12133821,3486415.0,
6956621,79589.0,
396239,106969.0,
396239,2676580.0,Illustrator
2930157,30819.0,
3607590,10885.0,
3607590,14239619.0,Afterword
3607590,5657.0,Introduction
26127461,4342215.0,
32930224,14137787.0,
25508072,10788120.0,
33024,6620.0,
33024,323290.0,
33024,3247126.0,
33024,427704.0,
15999432,2060858.0,
398129,4708.0,
100745,22018.0,
8813018,4432.0,
541932,16391.0,
23309635,72451.0,
24872,26.0,
24870,26.0,
24874,26.0,
24874,11906.0,
21793439,7791997.0,
7225322,3198547.0,
31144269,1221698.0,
8951,5816.0,
29484,9550.0,
565335,214232.0,
30763950,13905555.0,
16156292,8730.0,
16156293,15987.0,
16156295,33408.0,
9816552,1067608.0,Editor
9816552,58971.0,Editor
9816552,22548.0,
9816552,8185168.0,
9816552,1221698.0,
9816552,19305.0,
9816552,7581.0,
9816552,56162.0,
9816552,8988.0,
9816552,40563.0,
9816552,463665.0,
9816552,52468.0,
9816552,9072.0,
9816552,29998.0,
9816552,78024.0,
9816552,25422.0,
9816552,43538.0,
9816552,8835.0,
9816552,26813.0,
489454,17054.0,
287892,27379.0,
287892,70032.0,Illustrator
7728889,2526.0,
15808652,21748.0,
3261010,27379.0,
18046079,7093656.0,
13553254,5767871.0,
13553258,146374.0,
13553258,660076.0,Illustrations
15821772,15292.0,
3392692,6076026.0,
289590,5345.0,
289590,2872983.0,Illustrator
25867895,765702.0,
722667,9494.0,
722667,380649.0,
28177280,5073330.0,
28177280,6971140.0,Narrator
568095,11586.0,
11328077,47287.0,
12280320,1077326.0,
10772368,3023658.0,
16207327,5758689.0,
7955580,1077326.0,
5931169,9237.0,
15706711,6268.0,
34002132,38550.0,
9779851,4428.0,
10805989,2828923.0,
3397728,177047.0,
22328533,5228256.0,
7994292,3466647.0,
21793259,3857639.0,
20646731,4369922.0,
18089977,4637539.0,
637926,344067.0,
7507191,150038.0,
7507191,3107213.0,Narrator
639197,344618.0,
282283,103321.0,
102554,1069006.0,
102550,1069006.0,
17225973,4768263.0,
17830944,33919.0,
985873,346732.0,
985870,346732.0,
25877103,7176787.0,
25489511,7973819.0,
297868,28550.0,
346039,196212.0,
1428609,672375.0,
1428609,683741.0,Translator
13579021,2997619.0,
172258,5816.0,
13531473,45315.0,
13531473,44554.0,Narrator
16117888,3486415.0,
315736,15348037.0,
315736,9266.0,Introduction
315736,551095.0,Illustrator
17290244,5186274.0,
17290243,5186274.0,
140078,17061.0,
21560619,33919.0,
21560619,899110.0,Narrator
22935767,3381686.0,
140138,5329.0,
20642277,4435742.0,
18657107,6563991.0,
1346584,41874.0,
1346586,41874.0,
22530,1630.0,
22530,44767.0,Read by
17834896,6458963.0,
313269,6268.0,
313268,6268.0,
313268,17064.0,
313268,4708.0,
313268,23.0,
313263,6268.0,
313262,6268.0,
313261,41032.0,
313260,6268.0,
313267,6268.0,
313266,6268.0,
313265,6268.0,
207682,167932.0,
207682,11654.0,
32098198,5441556.0,
13008049,580315.0,
13008049,3144008.0,Narrator
7008345,2876763.0,
7008345,511447.0,Narrator
13257978,505695.0,
797189,1654.0,
11035421,4772815.0,
7882025,4260.0,
7882025,686024.0,Narrator
18040325,963702.0,
99085,5329.0,
12087573,1005935.0,
23156342,2915870.0,Editor
23156342,13026.0,Introduction by
23156342,2851725.0,
23156342,246590.0,
23156342,32916.0,
23156342,3399559.0,
23156342,2669754.0,
23156342,5898355.0,
23156342,43784.0,
23156342,32912.0,
23156342,7047591.0,
23156342,4106222.0,
23156342,4721536.0,
23156342,3020406.0,
23156342,27148.0,
23156342,1362876.0,
23156342,3406.0,
23156342,1014253.0,
23156342,88609.0,
23156342,5804101.0,
23156342,11216890.0,
23156342,38.0,
23156342,4737243.0,
23156342,4161354.0,
23156342,2915851.0,
23156342,833164.0,
23156342,2063919.0,
23156342,639491.0,
23156342,7259172.0,
17383495,6941668.0,
22464760,8303764.0,
33574118,41032.0,
34006759,2300692.0,
16052112,4966012.0,
8724084,53574.0,
25663670,7095071.0,
18160774,7160746.0,
31353031,8317107.0,
25868031,4430.0,
2214059,167737.0,
870807,11586.0,
870807,449135.0,
870808,11586.0,
10599682,3041100.0,
62016,3619.0,
62017,3619.0,
62012,3619.0,
861540,5816.0,
23496751,4863270.0,
11647944,4928927.0,
25613630,25422.0,
25613630,150038.0,
4971790,8164.0,
12819289,169377.0,
15849807,3618.0,Retelling
15849807,2938140.0,
15849807,2938141.0,
13588435,25018.0,
13588435,2858333.0,Illustrations
17376132,4517253.0,
23596104,5761577.0,
13598026,5767064.0,
22926502,57858.0,
22926502,1656.0,
435239,103321.0,
25999628,37168.0,
25999628,2743336.0,Narrator
13182495,5357448.0,
13182495,3849556.0,Illustrator
22008761,6570694.0,
386372,1654.0,
33393824,13414088.0,
7132233,3166590.0,
34415420,5445209.0,
18525883,4414255.0,
18525883,2978188.0,Narrator
16652752,760392.0,
13260586,1441847.0,
11256624,4605.0,
6752764,613805.0,
1723246,492365.0,
189378,110365.0,
3306190,656983.0,
35479812,3389.0,
35479812,218826.0,
35479812,5804408.0,Narrator
1360681,3389.0,
228063,8476.0,
228063,362098.0,Translator
228064,8476.0,
228064,362098.0,Translator
228065,8476.0,
228065,362098.0,Translator
228066,8476.0,
228066,362098.0,Translator
228067,8476.0,
228067,362098.0,Translator
228069,8476.0,
228069,362098.0,Translator
7705587,43393.0,
7705587,443744.0,Contribution by
465904,26.0,
11593977,283727.0,
11594289,827236.0,
9767,6379.0,
16116963,6567444.0,
26840204,3046613.0,
31408305,7349685.0,
29918359,14848379.0,
23452731,30819.0,
21030057,1951011.0,
23587614,7906727.0,
16061295,4175419.0,
7507909,36276.0,
7507901,474489.0,
33635708,2898479.0,
22840398,386042.0,
17211934,6880125.0,
166794,46130.0,
9677045,3966593.0,Illustrations
6350211,2310121.0,
489718,1967.0,
10637834,26805.0,
137071,6373.0,
547448,338705.0,
7794018,33467.0,
28585686,6587.0,
7815982,15890.0,
12971630,4718186.0,
24388337,64364.0,
7839883,3055114.0,
142884,82540.0,
569413,311468.0,
14781178,2916869.0,
19402121,7334288.0,
828364,4432.0,
18149634,6590994.0,
2016005,2103666.0,
673252,34863.0,Adapter
673252,412273.0,illustrator
673252,261933.0,illustrator
673252,26.0,Creator
10494240,1370283.0,
18627947,38066.0,
9462637,145926.0,
16169846,6458963.0,
181010,1654.0,
910153,7581.0,
6875162,4430.0,
13599579,4717601.0,
11876043,4994753.0,
7169581,45315.0,
10910169,4749457.0,
23612540,833687.0,
6408523,2397976.0,
78878,1654.0,
78878,19440.0,
78876,1654.0,
15727086,6431873.0,
8474242,338705.0,
601238,1654.0,
601239,1654.0,
7015487,8349.0,
8680132,9494.0,
692946,33876.0,
20949528,1014374.0,
13148139,164187.0,
1,1077326.0,
1,2927.0,Illustrator
31014504,363050.0,Contributor
31014504,363048.0,
31014504,180417.0,
31014504,7389871.0,
31014504,60.0,
31014504,954100.0,
31014504,4179678.0,Illustrator
31014504,2352998.0,Illustrator
31014504,6216115.0,Illustrator
31014504,17229574.0,Illustrator
31014504,8246903.0,Illustrator
31014504,15906424.0,Illustrator
31014504,16890691.0,Illustrator
31014504,8396869.0,Illustrator
31014504,142315.0,Illustrator
31014504,9790879.0,Illustrator
31014504,17229575.0,Illustrator
16068956,7418796.0,
16668339,5344384.0,
61651,1654.0,
61653,1654.0,
9783478,11078.0,
9695482,4459980.0,
983097,1221698.0,
13483502,8840.0,
13483502,2387.0,
12939581,15292.0,
8643438,981069.0,
6716668,27100.0,
10796241,4719155.0,
9640024,15292.0,
28954021,7056449.0,
23306321,346732.0,
23306321,1627.0,Illustrator
626688,4430.0,
626681,4430.0,
626686,4430.0,
13119263,4875977.0,
2781819,105839.0,
2781816,105839.0,
7767483,13557729.0,
11468955,3849415.0,
18211066,4693312.0,
8488164,2918731.0,
27252716,13904978.0,
3567200,99642.0,
11451305,4878327.0,
18114578,4342215.0,
12494108,5044439.0,
6438404,3780.0,
25923471,580315.0,
13323039,4493935.0,
3657138,767547.0,
7298656,18014.0,
7298656,2932239.0,Illustrator
2042968,25182.0,
12431868,6456288.0,
12431868,5238.0,
11737311,5249972.0,
11737310,4953666.0,
11737314,3100027.0,
20519436,116981.0,
22353165,6543330.0,
10479340,48192.0,
3142429,10746.0,
3142429,169487.0,Narrator
7095563,13195.0,
7095563,305721.0,Illustrator
34728925,11890.0,
22671541,7303977.0,
394373,1429808.0,
26030700,6588780.0,
7081899,3149825.0,
28941103,10746.0,Editor
28941103,360092.0,Editor
28941103,2860219.0,Contributor
28941103,4845.0,Contributor
28941103,121825.0,Contributor
28941103,1967.0,Contributor
28941103,81017.0,Contributor
28941103,14953143.0,Contributor
28941103,833164.0,Contributor
28941103,948181.0,Contributor
28941103,43989.0,Contributor
28941103,320703.0,Contributor
51495,854076.0,
51495,54545.0,Illustrator
1365739,648882.0,
24549765,7979840.0,
34499216,14358948.0,
17979819,6473496.0,
13057977,19305.0,
16199296,4615377.0,
13601922,4966012.0,
10902111,346732.0,
17274667,3159299.0,
2582799,1141052.0,
6499670,169377.0,
6499670,1265.0,
6499670,436308.0,Narrator
25777000,11882525.0,
2163737,65335.0,
2163737,65334.0,Illustrations
8792631,2884780.0,
33744,19005.0,
33744,19012.0,
33744,13635.0,
22117059,5764543.0,
24585267,6549285.0,
24288069,5830526.0,
23995534,7265381.0,
20342504,836009.0,
11610337,4866638.0,
587977,160870.0,
12049774,4833657.0,
30795613,6559160.0,
17707533,9237.0,
6973671,3114883.0,
23965758,33505.0,
235417,48190.0,
6091497,2780417.0,
4548601,142270.0,
4548601,15011468.0,Reading
18371373,1014374.0,
18371377,4668167.0,
563659,308894.0,
563657,308894.0,
29008738,5829056.0,
67939,656983.0,
67939,25523.0,Illustrator
6677021,2096360.0,
17027804,6524620.0,
16130641,132091.0,
23282139,876216.0,
15769863,3849415.0,
15769863,2580449.0,Narrator
12500,7941.0,
18722968,4175419.0,
15818397,47792.0,
7023,4735.0,
7023,1100211.0,Illustrator
7022,4735.0,
7027,4735.0,
7026,4735.0,
7024,4735.0,
7029,4735.0,
7028,4735.0,
174948,2413.0,
7224584,3198312.0,
121127,3441.0,
7007788,50873.0,
7698228,10746.0,
7698228,169487.0,Narrator
7193485,602320.0,
10419436,4634606.0,
25687518,4476934.0,
2371124,272814.0,
6648578,833164.0,
15719338,16155.0,
13449934,2995873.0,
11455192,89622.0,
11455196,71688.0,
734115,33508.0,
127586,26.0,
127584,26.0,
20420174,5424286.0,
25513093,7849833.0,
367332,87305.0,
8288919,41942.0,
797088,26.0,
7911670,1391437.0,
6057020,398110.0,Editor
6057020,415225.0,Editor
6057020,33262.0,
6057020,167737.0,
6057020,158809.0,
6057020,32643.0,
6057020,46269.0,
6057020,17729.0,
6057020,333832.0,
35235484,14808943.0,
26218178,71688.0,
9067850,15872.0,
4051623,23894.0,
4051623,4022439.0,Narrator
66797,656983.0,
11724895,61659.0,
26531536,7074943.0,
6405143,106.0,
22875122,2809894.0,
19908,23.0,
19909,23.0,
7248435,347385.0,
1136569,259946.0,
7963986,3456705.0,
21025373,38809.0,
21025373,2525338.0,
9917942,150038.0,
9917942,5455609.0,Narrator
9917942,5455610.0,Narrator
699198,6223.0,
699198,146987.0,
699198,65137.0,
9467196,1691206.0,
22678827,7073461.0,
10115441,31247.0,
18753656,588356.0,
5181655,479779.0,
5181655,39043.0,Translator
18982027,7256929.0,
6962846,3111012.0,
802594,5339.0,
20525294,852078.0,
23443489,1108681.0,
313378,12521.0,
16122683,9355.0,
28190254,374504.0,
31451014,1141209.0,
11966216,3486415.0,
379197,150432.0,
18741153,6929808.0,
575840,38822.0,
575840,460917.0,Illustrator
575840,7593767.0,Illustrator
29201137,6563985.0,
283870,3618.0,
28186316,14002.0,
700620,6378.0,
700620,504876.0,Illustrator
9628,1630.0,
9626,1630.0,
9626,10365.0,Illustrator
12631512,2755160.0,
8804055,4178737.0,
20759498,6423161.0,
99298,1077326.0,
99298,2927.0,Illustrator
12075543,4981328.0,
12396218,4384465.0,
64819,26906.0,
17781,625.0,
118229,12521.0,
7701406,16579.0,
3018469,941441.0,
222669,5339.0,
472966,26932.0,
198514,25477.0,
386366,1654.0,
170604,1069006.0,
170604,25523.0,Illustrator
170604,9685.0,Illustrator
170605,1069006.0,
170605,25523.0,Illustrator
170605,16461.0,Illustrator
170608,1069006.0,
170608,25523.0,Illustrator
170608,16461.0,Illustrator
170609,1069006.0,
170609,25523.0,Illustrator
17696414,5823058.0,
22639535,5444060.0,
13378513,4097828.0,
13378519,4097828.0,
6336078,1304819.0,
6336078,5816.0,
8584853,137902.0,
1239933,137902.0,
1019686,7717.0,
8551159,1975671.0,
962781,16215.0,
555853,106463.0,
10627280,589.0,
15793168,2742182.0,
9755449,4475715.0,
263179,2357.0,
263178,19971.0,
263171,153734.0,
263170,153738.0,
8955,5816.0,
2161614,240708.0,
2913377,108424.0,
13584622,801712.0,
32828538,3409936.0,
13482259,5091902.0,
12180288,65137.0,
24470460,4882127.0,
17288745,4606508.0,
10133972,4553019.0,
9296707,67481.0,
227904,133364.0,
227903,133364.0,
227903,173658.0,Illustrator
23403993,6950698.0,
298568,146374.0,
298568,660076.0,Illustrator 
298567,146374.0,
298567,660076.0,Illustrations
17264568,5726831.0,
17938370,7096237.0,
10308452,4105961.0,
13355451,346732.0,
7241493,3204242.0,
25813986,4715088.0,
13380664,3780.0,
13380664,95190.0,
25057433,64364.0,
1891296,179712.0,
861539,5816.0,
28869444,6015788.0,
2744,1221698.0,
11875502,146374.0,
11875502,660076.0,Illustrator
13343752,32590.0,
24464123,8835824.0,
24464123,7164135.0,Translator
11387438,74488.0,
13515085,8685.0,
7823549,191456.0,
8046350,3486415.0,
30720860,8187427.0,
8884616,25422.0,
25970678,3222582.0,
18342305,26897.0,
27416130,15497917.0,
27416130,10296.0,Illustrator
22922172,21911.0,
22922172,140566.0,
7863194,90866.0,
13466202,5753331.0,
16248073,1221698.0,Story
16248073,12537.0,
16248073,6547885.0,
16248074,1654.0,
16248074,20295.0,
47510,4260.0,
47514,4260.0,
23510367,4768263.0,
9649605,3020553.0,
414139,234115.0,
20172134,7561804.0,
20172134,109354.0,
20172134,7014022.0,Illustrations
17349030,27318.0,Editor
17349030,3172535.0,
17349030,33958.0,
17349030,74046.0,
17349030,19564.0,
17349030,15872.0,
17349030,88922.0,
17349030,38954.0,
17349030,175329.0,
17349030,449217.0,Illustrations
22206715,903992.0,
23014376,7760963.0,
6376570,270463.0,
6376578,1197847.0,
828418,7025.0,
11938,1067608.0,
11935,1067608.0,
11935,25.0,Foreword by
11933,1067608.0,
11932,1067608.0,
7788266,17061.0,
22718709,8414750.0,
22718709,9874002.0,Illustrator
2358870,10896.0,
31944708,953453.0,
16173427,669810.0,
6547188,17054.0,
6547187,669810.0,
6547184,2961326.0,
6547184,67481.0,
6547185,2961327.0,
12114440,38066.0,
20645968,7797304.0,
9634047,4443070.0,
13279700,466494.0,
11083082,4330590.0,
15810910,639491.0,
16152454,6580884.0,
1525768,711760.0,
32711591,4615776.0,
437662,246526.0,
437663,246526.0,
13547956,2995873.0,
16040333,4181354.0,
26795377,1221698.0,
1548325,4094986.0,
1548325,3231.0,Story
6289428,2858177.0,
27171883,7105753.0,
65605,1069006.0,
15818029,374504.0,
15818029,6982782.0,
17707650,2917919.0,
20429000,5335601.0,
17571248,5376046.0,
16129182,4912242.0,
20980663,3399559.0,
20980662,1443712.0,
20980662,6672327.0,
20980667,2924955.0,
573909,81096.0,
29829,13026.0,
3151079,93029.0,
7972041,6436872.0,Editor
7972041,4338.0,Introduction
17572846,18130.0,
17333499,25422.0,
179182,51518.0,
179182,104391.0,
28188,15872.0,
28188,465708.0,Narrator
28186,15872.0,
28187,15872.0,
28185,15872.0,
17875517,445303.0,
2029736,869.0,
2029736,868.0,
12700337,3353516.0,
1171783,6886129.0,
24664038,13915443.0,Editor
29983681,7883823.0,
23173254,4705142.0,
6178065,293603.0,
39746,19305.0,
39747,19305.0,
39747,23704.0,Introduction
29133,16391.0,
29135,16391.0,
29137,16391.0,
8553350,225455.0,
8553350,4393224.0,
18052849,888893.0,
20483114,3380908.0,
17680025,7016651.0,
6307037,8685.0,
6307037,8691.0,
6307037,2779169.0,
6307037,186776.0,
6307037,1967.0,
6307037,69803.0,
6307037,41194.0,
6307037,32262.0,
6307037,15188807.0,
6307037,15188808.0,
6307037,4080505.0,
6307037,34861.0,
6307037,721481.0,
6307037,2799345.0,
6307037,28045.0,
6307037,2772185.0,
6307037,38234.0,
9732743,4175419.0,
774449,7267068.0,
774449,4489.0,Illustrator
774449,38449.0,Translator
17409752,6951898.0,
11849680,4980097.0,
18244432,3219496.0,
7961008,88685.0,
385487,219264.0,
12361729,5093822.0,
10626594,1330292.0,
104902,11078.0,
17412069,5829056.0,
16101015,1440114.0,
2071683,17061.0,
288756,57980.0,
288756,5829.0,
288759,57980.0,
288759,5829.0,
18185144,16625.0,
8203510,56370.0,
3950967,1077326.0,
1169073,32265.0,
7200351,4430.0,
10353632,1530555.0,
13515493,1654.0,
13515493,5764225.0,
13515493,14228244.0,
6927672,3098317.0,
8291070,240708.0,
33897662,1857564.0,
23109999,8504368.0,
430388,45954.0,
20518784,346732.0,
20518784,31257.0,Illustrator
17910579,7086152.0,
17910579,15496133.0,
17910572,48206.0,
17910570,1390474.0,
26114167,43784.0,
1231900,5614141.0,
10909677,3780.0,
10909677,2697291.0,
28504575,246753.0,
28504579,3178457.0,
29742867,6597194.0,
634771,2526.0,
349,205.0,
12075523,81096.0,
12075523,5051802.0,
17853114,5830526.0,
12969560,418792.0,
12969560,4411007.0,Illustrations
962452,8596.0,
176519,11761.0,
111306,64364.0,
5500,5835922.0,
5500,4273240.0,
5500,155401.0,Translator
793399,415967.0,
9890841,2096360.0,
498139,20331.0,
17333239,2895706.0,
17333239,2895707.0,
12970510,5179624.0,
114510,4260.0,
15812752,3415819.0,
304111,53062.0,
44369,3995.0,
44369,3142052.0,Illustrator
11098582,50873.0,
1166599,6252.0,
1166599,38550.0,
7839024,8649.0,
6236660,150810.0,
6236660,362098.0,Translator
1586111,4841825.0,
31411922,7770873.0,
31411922,6080025.0,Narrator
31411922,7787712.0,Narrator
31411922,737890.0,Narrator
25387799,207694.0,
29623647,6875729.0,
774855,8685.0,
13532264,45315.0,
172257,5816.0,
20642659,3240504.0,Editor
20642659,5137530.0,Editor
20642659,2885905.0,Illustrator
20642659,4023684.0,
20642659,23417.0,
20642659,3149946.0,
20642659,7796390.0,
20642659,7796391.0,
20642659,7796392.0,
20642659,5372462.0,
20642659,3147614.0,
20642659,7796393.0,
20642659,7796394.0,
20642659,7796395.0,
20642659,7796397.0,
20642659,7796398.0,
20642659,7796399.0,
20642659,7058667.0,
20642659,7796400.0,
20642659,2917920.0,
20642659,7796401.0,
20642659,6683690.0,
20642659,588356.0,
20642659,7796402.0,
20642659,7796403.0,
20642659,7796404.0,
20642659,1762294.0,
20642659,4446038.0,
20642659,1968553.0,
20642659,5258016.0,
23398630,4721536.0,
2986876,1356336.0,
23124916,4188120.0,
7069161,1407193.0,
8567502,5009050.0,
938534,31232.0,
762783,1435.0,
7303819,6252.0,
7303819,38550.0,
6479198,34878.0,
6479198,285212.0,Translator
7896141,2754199.0,
17316503,1405152.0,
1965996,76549.0,
9317452,363130.0,
30257379,4414255.0,
17572901,6579126.0,
17572901,460870.0,
17572901,1000381.0,
8507516,17054.0,
2261213,150038.0,
2261213,2616914.0,Narrator
2261214,150038.0,
728118,153732.0,
15715110,6427017.0,
28449252,47672.0,
28449252,2303624.0,Illustrator
18658063,25307.0,
25685479,470176.0,
25685479,55869.0,Illustrator
1030384,11586.0,
17662382,6701541.0,
632579,103321.0,
1746470,4430.0,
21857530,6522075.0,
5269236,10746.0,
5269236,169487.0,Narrator
17566943,4517253.0,
31480894,13500505.0,
8534064,4105707.0,
12925063,5286855.0,
1138475,61958.0,
1118396,130698.0,
15814555,6914204.0,
6177493,2614.0,
1524173,34049.0,
22557301,367994.0,
1018538,23284.0,
5003516,137386.0,
27215600,5804537.0,
53667,30384.0,
489612,273399.0,
12262305,170985.0,
9708692,4416995.0,
36383830,8573519.0,
3428935,1405152.0,
8737174,4195533.0,
18006496,3433047.0,
22595728,5047249.0,
21469109,6923638.0,
16244392,2990843.0,
17899657,152309.0,Adaptor
17899657,7020242.0,Design
569120,311365.0,
569120,1411091.0,Translator
18193187,15872.0,
27037568,14473205.0,
27037567,6462453.0,
3402344,1103981.0,
30189,7031278.0,
20875019,25422.0,
10356760,1238111.0,
11830982,4094825.0,
21842237,4134859.0,
20877669,7857387.0,
18490587,1301649.0,
18490585,38550.0,
15811653,5145815.0,
15835021,4134859.0,
20727560,7821912.0,
13483701,65137.0,
13483701,153738.0,
11253988,340054.0,
6432984,175855.0,
91964,12949.0,
91964,3524830.0,
1183270,145129.0,
10187685,617200.0,
83565,15619.0,
83565,38449.0,Translator
83565,262689.0,Illustrator
100448,8347.0,
100448,563656.0,Illustrator
526067,11586.0,
29921910,1058268.0,
22851464,7180813.0,
6106714,1023510.0,
6609587,71686.0,
6609580,4260.0,
12174312,2063919.0,
8249672,2845655.0,
84176,10359.0,Contributor
84176,37814.0,Contributor
84176,48206.0,Contributor
84176,4430.0,Contributor
615945,23.0,
615945,333248.0,
615945,212024.0,
615945,1429808.0,
615943,1429808.0,
615943,333247.0,
615941,17064.0,
615941,1429808.0,
615941,23.0,
615941,240519.0,
615940,1429808.0,
10199908,9629.0,
29422091,6947727.0,
17166774,4601855.0,
1989153,26738.0,
26426,4698899.0,
26426,1945379.0,Translator
6278019,8649.0,
12393892,5139659.0,
21857517,6522075.0,
17332272,2924955.0,
12277322,7581.0,
13731,1977.0,
13730,1977.0,
2262319,159787.0,
2262319,63522.0,
338580,10885.0,
234553,10746.0,
490292,273705.0,
402023,4260.0,
16130304,4720629.0,
19140641,5280531.0,
430480,3242.0,
430480,5044885.0,Illustrator
15766187,1227888.0,
257173,150344.0,
257173,3948281.0,Illustrator
257173,185018.0,Translator
7064529,119830.0,
38619,21748.0,
5898482,58325.0,
30971733,7719.0,
30971733,1391027.0,Illustrations
30971734,5012036.0,
30240773,4086715.0,
22928738,6574449.0,
22928738,2973240.0,Translator
14996,9355.0,
14997,9355.0,
14995,9355.0,
17367172,4798562.0,
1319412,630482.0,
22369392,6252.0,
7106816,118848.0,
7106816,118847.0,
22549202,5008815.0,
22549202,7191652.0,Narrator
7944853,116581.0,
61938,26.0,
61939,1948907.0,
16065507,669810.0,
20329835,4343092.0,
29510397,6451816.0,
769255,64364.0,
11239977,346732.0,
7954556,669810.0,
376976,696805.0,
376976,245812.0,Introduction
376976,3038637.0,Translator
18079492,6177334.0,
18039168,7121755.0,
22491026,6441452.0,
6903857,108173.0,
28687,6587.0,
28689,6587.0,
25370363,5238854.0,
6775682,2936674.0,
6775682,6472670.0,Illustrator
6775682,82526.0,Translator
21857371,246753.0,
84246,6376.0,
13113057,28375.0,
153220,6461009.0,
1997428,784067.0,
23365048,8440277.0,
172734,100752.0,
5820190,26738.0,
13062655,2951209.0,
9475932,119830.0,
926908,53530.0,
926908,58024.0,
26084478,9295505.0,
26084478,14212432.0,Translation
13498421,5759093.0,
19314543,7520394.0,
6929490,4763.0,
17371685,1330292.0,
6483210,108424.0,
6483210,2803557.0,Narrator
282440,164187.0,
6468718,1443712.0,
6793385,406491.0,
116296,1654.0,
68423,4105961.0,
68427,38550.0,
68428,38550.0,
4254923,25027.0,
7008041,3125711.0,
10077686,10746.0,
10752566,484534.0,
202769,338705.0,
9674479,4428.0,
6346305,479779.0,
6346305,39043.0,Translator
11456803,3380908.0,
176274,10333.0,
12854800,2917917.0,
612460,1069006.0,
12971616,3380908.0,
362926,88608.0,
362926,17064.0,
362926,17060.0,
362926,2944621.0,
362922,17060.0,
362923,17060.0,
17307331,6914204.0,
1148896,106.0,"Author, Narrator"
859694,26656.0,
43782,7577.0,
43781,7577.0,
43780,7577.0,
43780,375060.0,Narrator
43780,5148.0,Read by
43780,115040.0,Read by
43780,461046.0,Read by
43780,479016.0,Read by
17995764,7036571.0,
25467249,13904978.0,
6069946,37048.0,
28285588,1330292.0,
44930,25205.0,
18246269,5009050.0,Editor
18246269,2821144.0,
18246269,2995873.0,
18246269,3486415.0,
18246269,1192311.0,
18246269,2261547.0,
18246269,56019.0,
18246269,1415543.0,
18246269,2884780.0,
18246269,836009.0,
18246269,2761947.0,
18246269,3130410.0,
18246269,3101309.0,
18246269,3111338.0,
18246269,14165404.0,
18246269,2755160.0,
18246269,3228055.0,
25927255,5779135.0,
25927255,6907845.0,
8518892,8476.0,
13457309,4946569.0,
18456381,37557.0,
6889578,52527.0,
150864,8795.0,Adaptor
150864,8164.0,
150864,7245.0,Founding Editor
268917,21616.0,
268917,14474.0,
268917,38120.0,Illustrator 
129308,57461.0,
11003853,4175419.0,
25030446,5355122.0,
12813630,25422.0,
30242,9550.0,
23167722,8074855.0,
23167722,753637.0,
15435,8516.0,
15433,8516.0,
15430,8516.0,
20989321,4655152.0,
17675016,7014878.0,
2641208,2901559.0,
81021,27500.0,Editor
81021,550770.0,Illustrator
12794678,4735.0,
12788037,150038.0,
6066181,54989.0,
6011758,1159584.0,
17860380,48192.0,
33415234,40563.0,
33415234,334840.0,Narrator
33415234,3461329.0,Narrator
28872472,7105753.0,
12823428,6268.0,
13543005,6259.0,
25670943,2988406.0,
25670943,1411091.0,Translator
17071332,259431.0,
30205,15708586.0,
30205,17355.0,Translator
30205,544208.0,Adaptation
232647,4735.0,
232648,136127.0,
31342,7577.0,
31340,7577.0,
31341,7577.0,
2455482,165210.0,
6965828,3112090.0,
2454990,150810.0,
2454990,362098.0,Translator
9918317,4892080.0,
9918317,14920.0,Illustrator
11710189,4936836.0,
18523028,5759763.0,
11253020,599287.0,
11253020,4023682.0,editor
11253020,3282466.0,introduction
15779584,63341.0,
9612485,1357414.0,
400881,13026.0,
12407853,4167378.0,
17858622,4809417.0,
23561193,2995873.0,
101518,29479.0,
8549962,130617.0,
15808433,6259.0,
15808432,7941.0,
14623646,25205.0,
11918442,25307.0,
9471065,1276004.0,
828627,3780.0,
9663378,4721536.0,
13414829,4094048.0,
7740753,35634.0,
386765,7935185.0,
386765,55825.0,Illustrator
386765,236076.0,Introduction
13265092,9629.0,
574871,1429808.0,
17742026,868.0,
17742026,151890.0,
910154,7581.0,
910155,7581.0,
10224627,4582548.0,
20621650,17061.0,Editor
20621650,81016.0,Editor
20621650,15292.0,
20621650,1429808.0,
20621650,8187956.0,
20621650,72451.0,
20621650,2860219.0,
20621650,2729427.0,Narrator
13034956,2740668.0,
28254476,6545317.0,
6352078,259413.0,
12858444,445303.0,
12858444,7791300.0,Narrator
7830463,41032.0,
11830886,3395431.0,
3301978,166113.0,
21457212,6104410.0,
16248319,1221698.0,
23590373,7742.0,
9329511,184516.0,
2883,1977.0,
7091470,827236.0,
7091470,2541147.0,Illustrator
157088,61693.0,pseudonym
157088,4601681.0,
3475145,10746.0,
3475145,41942.0,
3475145,81017.0,
3475145,27140.0,
6256729,5833.0,
57096,989968.0,
12109772,3023658.0,
186417,8185168.0,
186418,8185168.0,
186419,8185168.0,
763538,4106.0,
3334563,15873.0,
15810387,4094993.0,
30653902,5833183.0,
16059411,3405346.0,
6481245,375626.0,
22088071,4348137.0,
7028070,17060.0,
9573401,27498.0,
9573401,1871685.0,Illustrations
9573401,73351.0,
526014,26738.0,
100394,4777916.0,
100394,5665404.0,
9792199,4485046.0,
1422252,17059.0,
6503780,12444.0,Writer
6503780,92149.0,Writer
6503780,3035546.0,Illustrator
6503780,1624574.0,Illustrator
6503780,55811.0,Illustrator
6503780,148765.0,Illustrator
10942400,644349.0,
11706617,174708.0,
21895852,7202532.0,
16046025,4789022.0,
6456934,2925451.0,
6456934,2925452.0,Director
6456934,2925453.0,Sound Engineers
10578304,4337106.0,
20665248,5109302.0,
14759013,6153661.0,
920541,433804.0,
32968540,588356.0,
25810168,14035666.0,
17416083,175855.0,
3056691,393138.0,
3056691,732517.0,Illustrator
3112850,1330292.0,
88179,6378.0,
88179,25914.0,
88179,163203.0,
88179,94673.0,Illustrations
10062358,4543672.0,
10062358,2738043.0,Illustrator
14741901,6151511.0,
493124,58846.0,
13147786,4558309.0,
18354467,2891665.0,
11357769,4175419.0,
16130200,375143.0,
28575361,14873908.0,
13369595,815.0,
13369595,221645.0,Translator
490130,6268.0,
15802987,5239344.0,
7862725,3420702.0,
15839976,6474348.0,
1061388,18111.0,
1061388,1624847.0,Illustrator
7217724,27498.0,
22008590,375626.0,
679364,1244.0,
679364,25385.0,
6308590,8164.0,
6308590,180439.0,Illustrator
6308590,354415.0,Illustrator
9709219,33918.0,
17261191,3500801.0,
17261190,4735144.0,
23848023,72451.0,
16078963,9494.0,
16078963,154123.0,Narrator
17286735,272814.0,
13412078,5791.0,Narrator
13412078,43587.0,Narrator
13412078,563121.0,Narrator
13412078,12718.0,Narrator
13412078,2782636.0,Narrator
13412078,73423.0,Narrator
13412078,4423551.0,Narrator
13412078,4423547.0,Narrator
13412078,4423550.0,Narrator
13412078,144334.0,Narrator
13412078,4370909.0,Narrator
13412078,4423546.0,Narrator
13412078,3039826.0,Narrator
13412078,140042.0,Narrator
13412078,393249.0,Narrator
13412078,44736.0,Narrator
13412078,432320.0,Narrator
13412078,2976694.0,Narrator
13412078,4423545.0,Narrator
13412078,4423549.0,Narrator
7614747,580315.0,
18169912,1141209.0,
21820919,121364.0,
12006176,3020684.0,
25978565,3433047.0,Goodreads Author
140258,81095.0,Editor
140258,210154.0,
140258,422445.0,
140258,3125144.0,Illustrator
140258,3906497.0,Foreword by
1128434,38569.0,
1128434,591108.0,Translator
25094569,359109.0,
30073153,2789848.0,
30073153,4427.0,
9702149,4090478.0,
23627080,2869149.0,
7721198,2357.0,
13416697,1180263.0,
28946535,6474348.0,
28946535,4132657.0,Narrator
825830,97228.0,
825830,17059.0,
20873188,7868319.0,
13696160,33918.0,
26422,4698899.0,
26422,1945379.0,Translator
19824385,7710.0,
8497486,17060.0,
12439057,200317.0,
13325005,4201.0,
272791,158947.0,
19395559,7155061.0,
12928703,5227963.0,
13154933,9355.0,
11743019,3389.0,
11563110,3290920.0,
12144652,5046101.0,
818540,3231.0,
818540,11735.0,
25804214,2828923.0,
6657006,355223.0,
4453371,8988.0,
12090332,346732.0,
12090332,579648.0,Narrator
1999627,2614.0,
12659042,7235297.0,
17572327,12521.0,
17572327,4384651.0,Illustrations
15766944,2854680.0,
18602341,7305254.0,
16058646,6544955.0,
12170410,5076860.0,
491075,6436872.0,Editor
491075,5989.0,Contributor
491075,29479.0,Contributor
491075,4766.0,Contributor
491075,8185168.0,Contributor
491075,52794.0,Contributor
491075,22548.0,Contributor
491075,130014.0,Contributor
491075,1067608.0,Contributor
491075,54475.0,Contributor
491075,76288.0,Contributor
491075,22645.0,Contributor
491075,12980.0,Contributor
491075,41194.0,Contributor
491075,1654.0,Contributor
491075,4338.0,Contributor
491075,11906.0,Contributor
491075,6580822.0,Contributor
491075,32278.0,Contributor
491075,23113.0,Contributor
491075,25.0,Contributor
491076,26.0,
491076,11906.0,
30172827,13957.0,
30172827,277536.0,
30172827,2920678.0,
12279431,4414255.0,
12279431,2978188.0,Narrator
9633020,104514.0,
507871,17064.0,
3831023,121825.0,
16059418,869.0,
16059418,3056312.0,
279562,5369.0,
23303089,8178159.0,
14624644,6094167.0,
22055280,7086094.0,
22055283,276660.0,
22055287,326992.0,
22055289,182452.0,
72192,1077326.0,
72192,2927.0,Illustrator
17212339,8588.0,
6338964,31869.0,
727810,656983.0,
13159052,463914.0,
27803778,14668511.0,
24476994,15872.0,
24476994,14290965.0,Narrator
276750,27500.0,
276750,55708.0,Introduction
32419641,6469080.0,
11308086,270312.0,
16241391,1019497.0,
11966655,8835.0,
10630620,48206.0,
10630620,191982.0,Artist
10630620,78084.0,Scripter
10630620,101873.0,Illustrations
33000428,6268.0,
282864,7717.0,
507872,17064.0,
18072607,101078.0,
18072609,101078.0,
864821,88608.0,
263550,24827.0,
108532,62840.0,
23569334,9857358.0,
30008825,5137530.0,
626096,165105.0,
78071,38598.0,
78070,38598.0,
19877735,7686588.0,
22859777,114283.0,
25312305,131208.0,
7280031,50873.0,
6913918,5158478.0,
6913918,4197526.0,Translator
10838776,767317.0,
85855,11859.0,
811161,13557729.0,
3284028,17729.0,
17335509,12521.0,
20821372,41942.0,
14501560,4606484.0,
820344,1077326.0,
22668755,7179557.0,
3609760,61939.0,
3609763,941441.0,
9879129,89973.0,
18077928,2891503.0,
32708664,656983.0,
32708664,9533.0,Editor
32708664,9545.0,Illustrator
763581,217944.0,
763583,217944.0,
18079712,5157472.0,
18079710,137902.0,
6441509,50873.0,
27313619,6938728.0,
13435888,874602.0,
24586201,8685.0,
15511,8516.0,
7430195,270479.0,
349320,9629.0,
985502,174708.0,
6186355,613805.0,
28397840,2987125.0,
872789,145307.0,
872789,16304.0,
25605109,18879.0,
527923,3502.0,
23555959,4452712.0,
8660752,4733031.0,
13485199,165168.0,
3312298,5158478.0,
3312298,53411.0,Translator
3312298,115530.0,Editor
20949421,7915669.0,
7694286,137902.0,
20946405,5303332.0,
12046013,1141052.0,
22914781,3433047.0,
16138644,6575812.0,
118769,68871.0,
429497,8546859.0,
43824,7577.0,
31145035,14554651.0,
7785917,3299.0,
10771027,10746.0,
29391251,14185645.0,
6285236,17126.0,
6285236,571819.0,Illustrator
6285236,5766244.0,
2287223,656983.0,
2287223,9545.0,Illustrator
17244558,99650.0,
870589,15393.0,
544237,26546.0,
27281393,8152069.0,
9397967,11654.0,
31371485,5768611.0,
13131931,876401.0,
13583324,4575398.0,
3208948,22018.0,
5864527,1073598.0,
11378402,4949972.0,
22908506,1023510.0,
22908506,3440476.0,Narrator
22908506,37075.0,Narrator
22908506,8331566.0,Narrator
22908506,254803.0,Narrator
22908506,614908.0,Narrator
22908506,3347337.0,Narrator
22908506,8442721.0,Narrator
22908506,1830665.0,Narrator
22908506,8467947.0,Narrator
22908506,136367.0,Narrator
22908506,8442734.0,Narrator
22908506,6890515.0,Narrator
8214792,4007811.0,
10869776,4522.0,Editor
10869776,117582.0,
10869776,4467098.0,
10869776,380770.0,
10869776,158170.0,
10869776,15021.0,
10869776,457300.0,
10869776,30819.0,
10869776,207708.0,
10869776,23417.0,
10869776,12339.0,
10869776,11508.0,
10869776,690619.0,
10869776,48557.0,
10869776,41942.0,
10869776,317.0,
10869776,7581.0,
10869776,27874.0,
10869776,4845.0,
10869776,72451.0,
110932,1077326.0,
15808618,48386.0,
15808618,4841825.0,Creator
15808613,8659.0,
763471,27500.0,
763471,3299.0,contributor
11053874,234115.0,
7069751,3145809.0,
15840340,5314516.0,
17931673,6888815.0,
12488364,5153546.0,
7933795,4428.0,
8305689,599287.0,
12561996,3190288.0,
775986,191456.0,
775987,191456.0,
775983,191456.0,
775980,191456.0,
775981,191456.0,
18513756,4308706.0,
10600187,8840.0,
10600187,2387.0,
6124802,172512.0,
15780558,2526.0,
11402002,2860219.0,
2370696,8726.0,
542312,13733.0,
11823873,5049521.0,
158615,24830.0,
158615,59749.0,
10063939,38550.0,
17262736,31775.0,
13110654,48190.0,
959245,30819.0,
11841693,4653530.0,
7686654,40881.0,
126747,13026.0,
12537426,5180626.0,
1186103,329391.0,
761732,3441.0,
66584,37557.0,
6261200,870.0,
7973328,10746.0,
6456851,17061.0,
6456850,17061.0,
11915,7581.0,
399373,16939.0,
8829406,20248.0,
8829407,20248.0,
8829405,20248.0,
13631837,5828387.0,
6519787,72678.0,
13048895,4446680.0,Editor
13048895,2937735.0,Editor
13048895,4446038.0,
13048895,5328364.0,
13048895,5185939.0,
13048895,4763727.0,
13048895,919348.0,
13048895,1077918.0,
13048895,4287334.0,
13048895,4170995.0,
13048895,5328369.0,
13048895,5328370.0,
13048895,4890077.0,
13048895,1996169.0,
13048895,5328371.0,
27188596,7074943.0,
13447670,5406978.0,
26622026,5050492.0,
18089930,38809.0,
18089930,2525338.0,
20555446,1654.0,
16130506,1782121.0,
25750003,6519682.0,
861167,6245.0,
861167,6244.0,
861167,123344.0,Narrator
15946134,7128.0,
15946134,5106204.0,
7881742,3175716.0,
13372368,25422.0,
8970727,18879.0,
10146440,413783.0,
1397889,108007.0,
561458,15872.0,
7150766,336058.0,
15818470,1369219.0,
15818476,1654.0,
15818475,1654.0,
13348320,5421861.0,
8074845,101078.0,
17286817,99117.0,
15730267,5335920.0,
12158272,346732.0,
12158272,579648.0,Narrator
229154,8476.0,
229154,299142.0,Translator
18803931,7116446.0,
248376,145129.0,
10819265,479779.0,
13096135,4191700.0,
2170094,656983.0,
2170094,3191623.0,illustrator
31348711,15571684.0,
31368276,8390236.0,
18710920,9629.0,
9565574,2803627.0,
13495947,5039646.0,
8530440,696372.0,
10902616,1168738.0,
6390249,2895271.0,
25538310,6578820.0,
106552,61693.0,pseudonym
106552,4601681.0,
106554,61693.0,pseudonym
106554,12275.0,
17393590,8185168.0,
17393590,10763.0,Illustrator
34218720,5989.0,
12328193,590743.0,
10202432,4577316.0,
9664994,2768002.0,
7046493,4430.0,
7046495,20248.0,
15784263,4449940.0,
7130616,21748.0,
16108867,1141209.0,
31199730,2995873.0,
23310214,2761947.0,
23310214,1330292.0,Author & Illustrator
25663635,1141209.0,
6450020,211649.0,
10323524,150038.0,
1743390,800019.0,
12420166,4877299.0,
4701550,375143.0,
22740435,240840.0,
4306973,941441.0,
20764288,7834158.0,
14429615,63094.0,
2213661,1221698.0,
2213661,10365.0,Illustrator
18166936,6441917.0,
1054581,4429.0,
6000096,153738.0,
24401179,3145809.0,
15754483,47104.0,
18490690,207729.0,
22463760,2809894.0,
13310805,3380908.0,
283498,25422.0,
283494,25422.0,
283495,25422.0,
283495,3957274.0,
8697584,2063919.0,
12268679,1169504.0,
17910053,108173.0,
7832158,3409936.0,
7832151,48397.0,
9689046,1880316.0,
18314097,4264615.0,
28053896,7212486.0,
2599655,566874.0,
8520684,2186463.0,
8520684,3211592.0,"author, editor"
8520684,2882966.0,"author, editor"
8520684,4101957.0,
8520684,3211594.0,
8520684,4101954.0,
8520684,3211588.0,
8520684,4101955.0,
8520684,4101956.0,
13482750,5752145.0,
4583888,415967.0,
28447390,1928765.0,
18777107,7382629.0,
1831563,259548.0,
2798159,157663.0,
2798159,178972.0,Illustrator
6766638,1713558.0,
20987118,4181354.0,
35164045,16270110.0,
8444951,182166.0,
189147,10089.0,
103386,25422.0,
103386,25421.0,Author/Illustrator
17727802,38550.0,
177112,1069006.0,
177112,25523.0,Illustrator
7507944,588356.0,
20804168,4346631.0,
222366,4766.0,
1332983,49177.0,
1332982,49177.0,
9306028,21701.0,
13121784,4984923.0,
45432,10896.0,
30324257,13452763.0,
23629836,2740668.0,
13542778,239128.0,
6002364,2748537.0,
18048665,324620.0,
21857722,6522075.0,
378606,11663.0,
7163862,426034.0,
2078017,78303.0,
18047944,8164.0,
11540581,20248.0,
11808950,4279785.0,
673211,10366.0,
29241447,7054831.0,
13265572,5294594.0,
4872347,93220.0,
25521894,13776517.0,
4457727,1356336.0,
14760859,5281726.0,
17612516,6996127.0,
22037377,1077326.0,
13484226,5752810.0,
207158,96909.0,
7171859,119933.0,
47891,26875.0,
47890,26875.0,
12972663,11654.0,
1800290,16218.0,
10457746,4180597.0,
3051686,175855.0,
3061457,1311806.0,
6637795,656983.0,
6637795,16191.0,Narrator
17999163,1372374.0,
17999163,40387.0,
9977014,4525660.0,
6682769,2232265.0,
1444912,78763.0,
6931171,2772365.0,
440496,6412.0,
13143456,1111602.0,
12988016,4428.0,
204279,36343.0,
12924307,164576.0,
24721903,12972243.0,
9340664,4363379.0,
6611059,21697.0,
20679844,620946.0,
21872436,7262875.0,
773688,8596.0,
773686,8596.0,
773681,8588.0,
773681,8591.0,
12089922,10746.0,
12089922,169487.0,Narrator
34569846,13990575.0,
142296,8835.0,
6487937,1691206.0,
6517808,13597.0,
32237463,8346771.0,
17788681,415967.0,
1947017,254291.0,
53168,5816.0,
53169,12177.0,
11617031,3409936.0,
16067444,1562974.0,
179397,104518.0,
18660040,15872.0,
12801656,466494.0,
10661081,38531.0,
10661081,137902.0,
8500172,3002543.0,
12038857,4687526.0,
6609744,2172337.0,
13451210,6914204.0,
29483403,8306309.0,
17797382,15872.0,
17797382,6537090.0,Narrator
17797381,9355.0,
1996409,26.0,
11536681,30819.0,
2321839,784176.0,
6633102,1567394.0,
6633102,44034.0,
13665230,4607856.0,
385136,8605.0,
15808775,4443809.0,
15808770,1000381.0,
607704,4260.0,
2917367,25.0,
6437770,25307.0,
89628,1967.0,
1937288,6464383.0,
1937288,121364.0,
1823237,833164.0,
16248113,780120.0,
11050827,4605229.0,
5933646,359109.0,
15713714,1048145.0,
15811134,4996736.0,
25938417,60177.0,
7831435,33467.0,
7831435,39414.0,
7831435,459448.0,Illustrator
7831435,3391834.0,Illustrator
7831435,5070327.0,Lettering
22692312,7264000.0,
8164526,415967.0,
22875,12980.0,
22876,12980.0,
618250,1276004.0,
23281690,4458590.0,
11016554,26878.0,
11016554,335170.0,Editor
11016554,4768908.0,
11016554,145273.0,
11016554,65171.0,
11016554,277536.0,
11016554,26875.0,
40081,21616.0,
40081,14474.0,
40081,38120.0,Illustrations
18167557,2909900.0,
8997810,346732.0,Editor/Contributor
8997810,12052.0,Editor
8997810,12476.0,
8997810,42919.0,
8997810,6587.0,
8997810,61073.0,
8997810,4338.0,
164695,500718.0,
164695,543628.0,Translator
164695,1110642.0,Illustrator
22839466,6473496.0,
12040895,110249.0,
589446,10746.0,
18080771,1221698.0,
10362658,33918.0,
1400307,4333.0,
1400307,4335.0,
28356624,4208569.0,
1669906,43538.0,
24867021,5752145.0,
11556960,4906436.0,
819058,9629.0,
23300336,7020231.0,
23300336,4476044.0,
23300336,4105707.0,
23300336,4053647.0,
13365532,3041100.0,
7139892,60177.0,
17156824,6859476.0,
6693473,2876763.0,
6069739,17061.0,
26721866,7822301.0,
26721866,13960652.0,
3451948,323656.0,
16276059,6642384.0,
29093031,3013716.0,
1741089,11586.0,
703323,119933.0,
9526658,15292.0,
28218948,6469490.0,
462658,5244478.0,
2454986,150810.0,
2454986,362098.0,Translator
13771833,4845.0,
3472820,1463436.0,
1156053,565747.0,
1156053,63522.0,Series Creator
9813753,3389.0,
7332664,4371018.0,
7332664,18130.0,
18805926,3059577.0,
17591757,568299.0,
17591757,63539.0,With
393146,32401.0,
393147,32401.0,
393145,32401.0,
1004097,9550.0,
23282174,225038.0,
29619,8840.0,
29619,2387.0,
231917,75603.0,
12961248,5234245.0,
231915,75603.0,
6158099,1938680.0,
259897,869.0,
259897,868.0,
7698261,10746.0,
7698261,169487.0,Narrator
11375883,3241992.0,
10421530,580315.0,
6255758,7581.0,
24769382,9788294.0,
7135858,3681.0,
712216,379444.0,
13625388,5825760.0,
13147230,1654.0,
13147230,20295.0,
18844839,6552446.0,
8530540,16625.0,
7098974,2120001.0,
18635622,346732.0,
18635622,1627.0,Illustrator
18949650,6538289.0,
1858349,108905.0,
17349153,5407300.0,
17349153,57050.0,Illustrator
11850266,8476.0,
11850266,362098.0,Translator
9339237,2768002.0,
9339238,2768002.0,
6968153,162678.0,
8531539,1637418.0,
8752885,13557729.0,
13528340,324620.0,
27860894,3152988.0,
30688517,2860219.0,
31702762,190905.0,
7100490,50873.0,
25663892,8120084.0,
25663892,7221459.0,Illustrations
450692,47792.0,
450696,47792.0,
450694,47792.0,
450695,47792.0,
1253424,10038.0,
1797057,1069006.0,
3157940,142894.0,
7165335,55474.0,
18232117,560012.0,
8084349,2895706.0,
8084349,2895707.0,
8084349,3031590.0,Reading
16368455,919348.0,Editor
16368455,3874125.0,Editor
16368455,2860219.0,Contributor
16368455,1136158.0,Contributor
16368455,10518.0,Contributor
16368455,186776.0,Contributor
16368455,13026.0,Contributor
16368455,83308.0,Contributor
16368455,32641.0,Contributor
16368455,4396277.0,Contributor
16368455,2936691.0,Contributor
16368455,4395892.0,Contributor
16368455,2923466.0,Contributoe
16368455,4606262.0,Contributor
16368455,7522871.0,Contributor
16368455,1014253.0,Contributor
16368455,4935608.0,Contributor
16368455,6870624.0,Contributor
16368455,4037363.0,Contributor
25450286,7054849.0,
17974745,7104087.0,
22291642,423163.0,
26597918,6588802.0,
9732136,4469352.0,
20454116,7212406.0,
18139344,7153840.0,
11672159,4719155.0,
23659164,6268.0,
23659164,17064.0,
23659164,679077.0,
13513419,5815.0,
11354719,4754377.0,
469208,4145.0,
3171884,1180263.0,
20809874,7849188.0,
153850,5255014.0,
153850,7308.0,Foreword by
13501,8454.0,Adapted by
13501,8455.0,Artist
13501,346732.0,
121749,1069006.0,
6262281,1831.0,
13588355,5782149.0,
12602129,5198413.0,
140673,13026.0,
497317,8154.0,
12849226,1666468.0,
3621648,12534.0,
3621648,39099.0,
3621648,4837568.0,Illustrator
15699024,10359.0,
6530472,198623.0,
27969088,2300692.0,
27969081,4824952.0,
14760299,6154156.0,
1168091,7935185.0,
1168091,64039.0,Illustrations
1168091,220245.0,Afterward
13511349,5726831.0,
285064,165549.0,
285064,2129572.0,Translator
6006518,3408349.0,
6006518,131208.0,
1859553,3857639.0,
17977063,6895372.0,
50789,28550.0,
10791807,1441.0,
10791807,427839.0,
25189584,13687893.0,
15988916,5752810.0,
7507845,3297510.0,
29847102,15872.0,
190554,8835.0,
167061,43784.0,
12558285,5186274.0,
17742,10765.0,
26367085,6535608.0,
67948,346732.0,
17211803,969638.0,
14553832,6075650.0,
14553832,120401.0,Introduction
14553832,283278.0,Introduction
14553832,346732.0,Preface
15942633,1194340.0,
2049893,40563.0,
746056,162678.0,
20786094,6981130.0,
30127551,4788719.0,
18371666,3418947.0,
17738894,26930.0,
10629334,14002.0,
22915617,3180076.0,
1476344,1637418.0,
535525,1301649.0,
2164409,5816.0,
11085530,4789042.0,
13491389,4444277.0,
12161371,32401.0,
929864,8726.0,
7941567,1857564.0,
7817785,21911.0,
5996209,137902.0,
18813034,7393101.0,
1707509,34878.0,
1707509,285212.0,Translator
10982560,386471.0,
17881641,7022647.0,
13149204,6268.0,
16173349,363130.0,
21920669,4637539.0,
460337,15890.0,
24336,13677.0,
25578558,47290.0,
31644,17740.0,
20307785,168353.0,
585265,211036.0,
585261,27379.0,
2887647,359109.0,
13572197,3201662.0,
22536182,4280.0,
6270027,30819.0,
8681082,712759.0,
8681082,1375224.0,pen name
6591459,2184228.0,
2411828,93726.0,
25431173,5814544.0,
28954123,13957.0,
28954123,277536.0,
28954123,2920678.0,
26047438,8306309.0,
5301005,31232.0,
25659647,2741079.0,
592158,3625.0,
13491299,5755523.0,
315939,4764.0,
21483054,144323.0,
21483054,4098207.0,
28225843,33919.0,
190378,9550.0,
24880107,13392529.0,
478996,83937.0,
6693332,27100.0,
15794871,4175419.0,
7332493,79589.0,
511492,13677.0,
182332,8185168.0,
71896,39852.0,
6652673,311365.0,
17797288,3396842.0,
6064635,165105.0,
759893,5158478.0,
759893,737432.0,Introduction
759893,6940159.0,Editor
759893,766447.0,Translator
23444482,5760737.0,
15177,9465.0,
18633587,5049521.0,
15808412,5041072.0,
16248037,2096360.0,
6550815,4431689.0,
6550815,4431689.0,
39309,1356336.0,
39306,1356336.0,
39304,1356336.0,
39305,1356336.0,
39302,1356336.0,
39303,1356336.0,
9459278,119830.0,
574676,26.0,
574676,10518.0,
22918,13014.0,
22918,1393991.0,Illustrator
22917,2938140.0,
22917,2938141.0,
22917,283944.0,Illustrator
22917,2726692.0,Introduction by
22917,20105.0,Commentary by
22917,4025890.0,Translator
22917,778357.0,Editor
22916,2938140.0,
22916,2938141.0,
22916,41878.0,Editor / Translator
22916,13013.0,Illustrator
22915,2938140.0,
22915,2938141.0,
15783452,2503028.0,
15783452,2995869.0,Narrator
18271937,1077326.0,
10403445,155990.0,
2992069,4430.0,
2992065,4430.0,
2992061,4430.0,
23299980,25422.0,
23299980,150038.0,
13177385,3418840.0,Editor
13177385,11889.0,Contributor
13177385,5372461.0,Contributor
13177385,24.0,Contributor
13177385,5372462.0,Contributor
13177385,338705.0,Contributor
13177385,529597.0,Contributor
13177385,4133755.0,Contributor
13177385,3271265.0,Contributor
13177385,4094532.0,Contributor
13177385,265279.0,Contributor
13177385,5372463.0,Contributor
13177385,125883.0,Contributor
13177385,4147012.0,Contributor
13177385,27528.0,Contributor
13177385,5372464.0,Contributor
13177385,5767815.0,Contributor
13177385,7733195.0,Contributor
12361693,8604.0,
177001,26.0,
177001,16036.0,Read by
12028255,125871.0,
6294553,4428.0,
6294553,48192.0,
464164,1077326.0,
1752611,7025.0,
2703450,9355.0,
2703450,925.0,Narrator
12541481,1441847.0,
15768409,4126827.0,
763473,49177.0,
12993570,3095890.0,
16638040,6751115.0,
21800397,1370283.0,
6522388,2951796.0,
7739916,1391437.0,
8314214,4042181.0,
23245584,723801.0,
1421990,669810.0,
28263394,1211671.0,
187809,167932.0,
187809,11654.0,
1404466,153732.0,
16053042,4573983.0,
23218581,8559964.0,
17365722,4983261.0,
17365727,3435992.0,
651901,237195.0,
14977,9345.0,
14977,209.0,
22929547,8446648.0,
29058352,2891503.0,
369645,99776.0,
8547338,2759175.0,
32766747,14129860.0,
1438096,46130.0,
141305,81466.0,
23340339,21748.0,
23340339,2146135.0,Narrator
16284783,6646137.0,
498116,9172.0,
21072991,4721536.0,
22567184,8649.0,
15749283,3380908.0,
256890,29535.0,
20518872,5780686.0,
20518872,2917920.0,Translator
22535463,5990137.0,
28220701,14772242.0,
6909642,3091721.0,
6909642,3118938.0,Illustrator
27067314,6540057.0,
464262,4630662.0,
464262,4777916.0,
25560294,150038.0,
15838356,2772365.0,
21051717,7776786.0,
567724,1221698.0,
138350,23561.0,
1656001,941441.0,
14288445,3404577.0,
7849903,20983.0,
6275416,8355.0,
14896617,4293114.0,
959308,13957.0,
17910537,45315.0,
10099755,26738.0,
10099755,4552367.0,
765430,179908.0,
12608168,2924930.0,
6476708,323656.0,
12894834,346732.0,
6287482,65137.0,
25622053,116148.0,
98019,56328.0,Illustrator
98019,56327.0,
98019,56329.0,Penciller
17707740,20248.0,
4071860,64364.0,
1041257,36175.0,
12845587,3387293.0,
6966045,1051591.0,
843099,37060.0,
8441146,2847534.0,
7804173,790918.0,
7804178,2937372.0,
26156203,13467894.0,
44328,1112988.0,Editor
44328,9072.0,Contributor
44328,4260.0,contributor
44328,24901.0,contributor
44328,28544.0,contributor
44328,25.0,contributor
44328,22548.0,contributor
44328,24902.0,contributor
44328,8596.0,contributor
44328,12991.0,contributor
44328,88685.0,contributor
44328,8185168.0,contributor
44328,22546.0,contributor
44328,11735.0,contributor
44328,54462.0,contributor
44328,8694.0,contributor
44328,4106.0,contributor
44325,9072.0,
15736998,357601.0,
196923,10034.0,
196923,16461.0,Illustrator
8572704,374429.0,
2281814,35022.0,
23346358,9013537.0,
18285122,91168.0,
25901556,7979840.0,
26198855,24567.0,
13881,8588.0,
25328893,6978502.0,
18089962,7581.0,
6661489,6587.0,
17622734,4094557.0,
31451174,3433047.0,
706457,656983.0,
13553588,5780491.0,
18090043,7127267.0,
762743,941441.0,
8581026,4116567.0,
6316821,10746.0,
20590667,5830526.0,
3173564,8587.0,
62233,9629.0,
9373706,4090397.0,
9798283,594942.0,
29862691,953273.0,
3101640,1023510.0,
3101640,162980.0,
9899278,150038.0,
34264,1631.0,
34264,2738043.0,Illustrator
34264,5255014.0,
23569053,4684322.0,
18224112,6477757.0,
8972234,2737333.0,
6285099,613805.0,
15798786,1214140.0,
15798788,18879.0,
32077461,6226487.0,
17262735,222429.0,
319012,2925230.0,
9939122,4191890.0,
13094607,5345162.0,
32565582,15402430.0,
20649134,4486715.0,
534678,3389.0,
31560094,8294520.0,Editor
11685192,4814317.0,
10644631,6252.0,
10644631,28709.0,
10644631,4686275.0,
3051741,1308530.0,
17993060,5791.0,
9217350,33467.0,
7757081,1802330.0,
6695785,2905297.0,
6122735,1370283.0,
25332036,6923638.0,
25332036,6922640.0,Illustrations
11051211,8516.0,
2420112,101078.0,
13598407,5299886.0,
243298,8732.0,
12349653,5596285.0,
97992,20513.0,
7202041,2755160.0,
9540596,42211.0,
9540596,2387.0,
15843158,2031538.0,
225038,131683.0,
225038,385574.0,Illustrator
17968674,6893006.0,
10256914,3400721.0,
10256914,954360.0,Translator
10682271,4334604.0,
6295913,2860745.0,
11554317,2310121.0,
6590788,1330292.0,
6590788,655707.0,Narrator
6590788,781561.0,Narrator
219417,20561.0,
219416,20561.0,
219418,20561.0,
6384722,165168.0,
25135802,8306428.0,
1395209,146374.0,
1395209,660076.0,Illustrations
7053525,145294.0,
19428095,2331.0,
9856962,4499034.0,
23627690,346732.0,
23627690,31257.0,Illustrator
21897519,4768263.0,
22824383,4154802.0,
15745647,6439381.0,
17977507,363130.0,
9663437,35697.0,
25667118,7168230.0,
7884687,200317.0,
7884687,3412481.0,Translator
9640626,852078.0,
31671570,7168230.0,
6659778,28550.0,
6659778,1332605.0,
6659778,16154.0,
6659778,21701.0,
169959,8588.0,
100489,5989.0,
100489,58017.0,
100485,58013.0,
100485,623602.0,Translator
20695297,86137.0,
20695297,4338.0,
20695297,7811093.0,
20695297,33503.0,Creator
20695297,261356.0,Design
20695297,7882964.0,
20695297,8177132.0,Contributor
20695297,7458753.0,
20695297,8189839.0,Contributor
3570231,669810.0,
3570231,1013883.0,Translator
2801635,24818.0,
8723550,10746.0,
15869701,6485160.0,
22318426,43697.0,
10442127,4167378.0,
186870,8840.0,
186870,17597.0,
186870,43501.0,
186870,2387.0,
186870,46540.0,
30286325,7184104.0,
6289268,73149.0,
6289268,13165.0,Narrator
1072177,25307.0,
18489512,7153840.0,
20493713,1654.0,
20493713,1221698.0,
8144399,338705.0,
12745342,30819.0,
8251040,1069006.0,
8251040,10831.0,Illustrator
33290550,1221698.0,
10893214,1074989.0,
10893214,252914.0,Illustrator
1851937,1022975.0,
1851937,4522.0,
1851937,26811.0,
1851937,7241543.0,
1851937,169509.0,Illustrator
1851937,66497.0,Illustrator
1851937,11881861.0,
1851937,101873.0,Illustrator
1851937,101874.0,Illustrator
8458018,27100.0,
11201951,2988406.0,
11201951,1411091.0,Translator
843588,59060.0,
15808533,174708.0,
12332386,1390840.0,
14009,8685.0,
14009,8690.0,
14000,8685.0,
14003,8685.0,
14007,8685.0,
14007,8690.0,
50968,1077326.0,
50968,2927.0,Illustrator
219376,7415.0,
245700,88916.0,Annotations
245700,8185168.0,Introduction
831880,874602.0,
873783,8597.0,
17617916,87305.0,
17334481,150038.0,Compilation
17334481,2507198.0,
17334481,5481957.0,Illustrations
471406,259969.0,
22585896,7105753.0,
47315,6986.0,
47315,504535.0,Illustrator
13496452,4629065.0,
13491156,976233.0,
13493246,4866520.0,
9329516,2845500.0,
38657,21770.0,
19501681,167605.0,
19501681,202311.0,
13455417,2357.0,
5547594,4708.0,
227222,28709.0,Adapter
227222,656983.0,Creator
227222,42156.0,Illustrator
227222,150123.0,Adapter
227222,171408.0,Letterer
227220,656983.0,
227220,13290.0,Illustrator
114215,625.0,
49314,1069006.0,
49314,205248.0,Translator
49314,25523.0,Illustrator
12902131,21911.0,
101038,8238.0,
36314,9494.0,
36314,3524.0,Editor
36315,9494.0,
36315,20598.0,Editor
36315,12540.0,Introduction
36316,9494.0,
36316,4947.0,Introduction
604803,3441.0,
9536657,1463436.0,
9536651,927454.0,
15810877,8840.0,
15810877,2387.0,
772780,7779.0,
28960218,4086715.0,
3128413,137902.0,
5399,3389.0,
18811623,10317.0,
12645849,51529.0,
3537527,38550.0,
26047687,5421050.0,
2761829,175855.0,
2761829,13957.0,
2761829,30033.0,
2761829,40593.0,
2761829,58846.0,
362787,869.0,
362787,868.0,
28448239,6474354.0,
21896322,8137290.0,
28507374,30819.0,
3373828,19305.0,
176405,1967.0,
176402,13730.0,
6014190,4845.0,
29533184,234115.0,
18453111,23894.0,
18453119,415731.0,
18453118,2060858.0,
28110115,8840.0,
28110115,2387.0,
261122,15292.0,
261123,15292.0,
124976,23599.0,
124976,23598.0,
6240758,2839569.0,
6295541,89973.0,
104089,60177.0,
15818156,137386.0,
23848422,8294641.0,
823528,4.0,
1277613,31232.0,
172775,7742.0,
172773,7742.0,
4953254,821504.0,
8739264,25307.0,
8739264,53255.0,
18170136,230189.0,
18170139,97284.0,
430871,86475.0,
18889356,7415461.0,
18889356,7415460.0,
18889356,7415477.0,
23204200,685776.0,
15778461,6444266.0,
24864989,3425403.0,
6296885,2861133.0,
819930,46138.0,Editor
819930,46137.0,Editor
6933138,3100202.0,
6933135,3100200.0,
18591451,6943.0,Editor
18591451,9545.0,Illustrator
21570389,1330292.0,
13547454,19954.0,
12840318,5265246.0,
27984704,8566359.0,
30196,17015.0,
13546207,5777960.0,
2855252,1239645.0,Editor
2855252,38066.0,
2855252,131208.0,
2855252,67481.0,
2855252,226035.0,
2855252,336040.0,
2855252,4798562.0,
2855252,137386.0,
2855252,51118.0,
2855252,96909.0,
2855252,415967.0,
2855252,8110.0,
2855252,245963.0,
2855252,308894.0,
2855252,38530.0,
2855252,27206.0,
2855252,78303.0,
2855252,162678.0,
2855252,269065.0,
2855252,7742.0,
2855252,88608.0,
2855252,48190.0,
2855252,2792373.0,
2855252,2792375.0,
2855252,288167.0,
9339970,3200239.0,
1021251,8694.0,
17936214,38951.0,
12080942,125984.0,
25110513,5186274.0,
15710492,3409936.0,
808670,58654.0,
6604209,38550.0,
16086351,5822912.0,
13092528,4824952.0,
22731901,7704723.0,
21887138,1654.0,
457350,27206.0,
1841361,567167.0,
833493,1654.0,
833493,19439.0,Map
618180,126955.0,
618181,1221698.0,
84463,48348.0,
6582640,270312.0,
367158,4260.0,
23398881,8685.0,
8597727,1069006.0,
8597727,3203.0,Illustrator
8806781,6456288.0,
8806781,5238.0,
26041448,14175028.0,
22313181,1349820.0,
15703770,3267859.0,
13980,8685.0,
13982,8685.0,
13983,8685.0,
9761911,207498.0,
6193612,752898.0,
26623240,851842.0,
7302394,9766.0,
17674968,4712375.0,
10129843,4698899.0,
299081,172487.0,
299084,172490.0,
299085,10087.0,
299085,423163.0,Illustrator
357727,36998.0,
17456990,117369.0,
366032,13681.0,
366033,13681.0,
11751470,4116567.0,
17191631,4320796.0,
7365164,2918795.0,
13533758,1443712.0,Editor
13533758,137902.0,
13533758,767547.0,
13533758,324620.0,
13533758,11654.0,
13533758,293603.0,
13533758,274533.0,
13533758,2895706.0,
13533758,1599723.0,
13533758,2884780.0,
13533758,1415543.0,
13533758,204966.0,
13533758,119848.0,
13533758,2895707.0,
7810517,7581.0,
1611657,746724.0,
1611656,4428.0,
16219730,1369219.0,
120240,3583.0,editor
120240,3361829.0,editor
120240,1437209.0,Contributor
120240,11139.0,Contributor
120240,50319.0,Contributor
120240,101080.0,Contributor
120240,8694.0,Contributor
120240,35238.0,Contributor
120240,26930.0,Contributor
120240,589.0,Contributor
120240,443218.0,Contributor
120240,14444.0,Contributor
120240,6988.0,Contributor
120240,4624490.0,Contributor
120240,67370.0,Contributor
120240,8726.0,Contributor
120240,364195.0,Contributor
120240,2577844.0,Contributor
120240,16667.0,Contributor
120240,4030720.0,Contributor
120240,1571733.0,Contributor
120240,16022666.0,Contributor
120240,41339.0,Contributor
120240,12531.0,Contributor
120240,57189.0,Contributor
120240,161908.0,Contributor
120240,24953.0,Contributor
120240,941329.0,Contributor
120240,6587839.0,Contributor
120240,1240.0,Contributor
120240,1438.0,Contributor
120240,19879.0,Contributor
120240,14403.0,Contributor
120240,6076026.0,Contributor
120240,410680.0,Contributor
120240,5622.0,Contributor
120240,7751.0,Contributor
120240,13943.0,Contributor
120240,4652063.0,Contributor
120240,13638502.0,Contributor
120240,6587842.0,Contributor
120240,18791.0,Contributor
120240,36998.0,Contributor
120240,7799.0,Contributor
120240,12540.0,Contributor
120240,7622.0,Contributor
120240,3243461.0,Contributor
120240,285217.0,Contributor
120240,854076.0,Contributor
120240,30384.0,Contributor
120240,698250.0,Contributor
149348,61934.0,
24499258,6538289.0,
6620473,2987893.0,
13445008,5616191.0,
824791,53793.0,
19234711,3433047.0,
19234711,13615251.0,Narrator
6979774,58846.0,
25915908,14001187.0,
479304,72852.0,
12518734,5184237.0,
10431447,10741.0,
10431447,428566.0,Illustrations
15812811,27140.0,
8736477,6268.0,
118028,874602.0,
3224378,192549.0,
47951,26897.0,
47957,26897.0,
4703581,33918.0,
6942094,91516.0,
6942094,2517464.0,Illustrator
12474623,3097905.0,
2824941,10366.0,
19513409,7457338.0,
1953865,76423.0,
8850945,103321.0,
8850945,286970.0,Narrator
30230234,25422.0,
30230234,150038.0,
17333269,5049521.0,
2457867,119830.0,
674963,121364.0,
64316,2001324.0,
18241346,5328113.0,
20937377,4530760.0,
25469228,3345773.0,
13498,346732.0,
780894,58.0,
12111823,346732.0,
16685341,26417.0,
43615,3389.0,
16193965,3299786.0,
16193965,6597503.0,Illustrator
14924653,4602804.0,
6282010,28375.0,
17331819,3097905.0,
15216,10.0,
17206,8347.0,
1061925,205.0,
1061927,205.0,
16136132,4637539.0,
20561916,7771337.0,
2149535,9550.0,
6953567,64364.0,
13602234,4684322.0,
9426662,1177779.0,
2399403,869.0,
2399403,868.0,
6295148,1159584.0,
851340,32590.0,
4498128,270312.0,
17566623,1141209.0,
6033257,267687.0,
867544,6252.0,
28240174,14777224.0,
25715016,612507.0,
15726842,5625978.0,
186448,8185168.0,
186448,10763.0,illustrator
20935130,671901.0,
6294174,167605.0,
6294174,202311.0,
22433850,5047249.0,
22318567,202312.0,
24533763,790143.0,
15797722,9355.0,
18963,656983.0,
18963,9533.0,Editor
17612781,445649.0,
2747288,1948907.0,
8548772,4109952.0,
9505042,6268.0,
17370021,4996736.0,
9369687,164187.0,
6881685,2924955.0,
1777371,14454.0,
1367809,35595.0,
12711215,1850446.0,
12844597,346732.0,
12844598,346732.0,
59250,33461.0,
59250,65967.0,Editor
59250,26291.0,Illustrator
2774803,227719.0,
317818,811.0,
612963,4764.0,
614558,26.0,
614558,1948907.0,
7757634,2946462.0,
1343718,1429808.0,
7123581,1429808.0,
64217,1654.0,
10773311,1967.0,
601135,656983.0,
17616412,3041100.0,
17616412,11664.0,
18965316,4562483.0,
21523030,71688.0,
141042,81338.0,
13455534,27498.0,
227529,29998.0,
15803931,155990.0,
8074907,73149.0,
5520449,26306.0,
847409,27528.0,Editor
847409,505828.0,Editor
847409,107732.0,Contributor
847409,441765.0,Contributor
847409,588356.0,Contributor
847409,132923.0,Contributor
847409,221705.0,Contributor
847409,4189054.0,Contributor
847409,784104.0,Contributor
847409,656192.0,Contributor
847409,4189055.0,Contributor
847409,1067844.0,Contributor
847409,294057.0,Contributor
847409,49111.0,Introduction
847409,806782.0,Contributor
847409,182686.0,Contributor
847409,377417.0,Contributor
847409,3385008.0,Contributor
847409,1957584.0,Contributor
847409,891806.0,Contributor
847409,895750.0,Contributor
847409,107891.0,Contributor
24173852,7843051.0,
27873300,9830676.0,
9851394,3100027.0,
212347,39467.0,
4635582,1405152.0,
7505560,121364.0,Editor
7505560,2715.0,
7505560,25422.0,
7505560,24902.0,
7505560,3389.0,
7505560,33918.0,
7505560,1221698.0,
7505560,53193.0,
7505560,8794.0,
7505560,108173.0,
7505560,234088.0,
7505560,108590.0,
7505560,7799.0,
7505560,854076.0,
7505560,1244.0,
7505560,73421.0,
7505560,7798379.0,
7505560,12531.0,
7505560,13387.0,
7505560,8185168.0,
7505560,13957.0,
26494475,9820157.0,
185251,1301649.0,
7151460,359109.0,
7724257,1310735.0,
1200626,186776.0,
29238041,1077326.0,
29238041,3911856.0,Illustrator
15734380,6434806.0,
23485260,7111759.0,
381624,217279.0,
381624,7157391.0,Illustrator
25845800,5346143.0,
10846914,165168.0,
26228034,2917917.0,
16230420,6446785.0,
13811,8588.0,
17334755,3187149.0,
13037689,3342174.0,
23638951,30819.0,
857639,15873.0,
857639,3203.0,Illustrations
857639,325203.0,Translator
4345498,21748.0,
27778756,43784.0,
6383769,180392.0,
6383769,55869.0,Illustrator
6383762,2892808.0,
6383762,3226899.0,
28963439,1077326.0,
28963439,10917.0,Narrator
13246626,5234245.0,
11478167,580315.0,
25170761,7742.0,
16122215,57990.0,Pseudonym
16122215,1077326.0,
18429396,7165513.0,
6081980,505695.0,
2330383,790918.0,
9732734,4175419.0,
9732734,334840.0,Narrator
258392,22018.0,
340104,18111.0,
340104,2964772.0,
340104,1624847.0,Illustrations
340108,18111.0,
340108,337207.0,
31541026,4279785.0,
18170019,4805272.0,
13513655,3185565.0,
11475952,4882841.0,
16059451,391385.0,
1724365,391385.0,
2706235,799707.0,
2706235,799706.0,
279525,162678.0,
279524,162678.0,
279522,162678.0,
49891,656983.0,
49890,28083.0,
7935214,2847534.0,
12236872,146374.0,
27401260,240708.0,
7327327,25421.0,
7327326,4337106.0,
7327321,472456.0,
27419429,12048141.0,
6696843,6268.0,
22730709,2769036.0,
26085520,14212740.0,
25104412,1014253.0,
13624404,2922723.0,
25372462,4349837.0,
12391660,74488.0,
16000261,87932.0,
18332010,5560488.0,
11778281,4965551.0,
1708122,786250.0,
1708127,23.0,
1708127,2614.0,
1708127,35023.0,
1708127,11858.0,
219107,4338.0,
116378,1023510.0,
1264916,329391.0,
22911299,21701.0,
205999,656983.0,
29875894,1141209.0,
29875893,2357.0,
35174857,6539577.0,
17332228,1827868.0,
17332225,8516.0,
7125335,3780.0,
7125335,3164239.0,
827902,281552.0,
27414432,90808.0,
362824,207695.0,
7736665,1085216.0,
23432822,656983.0,
8373527,3002235.0,
17281667,6551703.0,
17281667,6551704.0,
213105,26897.0,
22889834,1657883.0,
14758836,5345162.0,
865293,73149.0,
179565,3242.0,
179565,58401.0,Illustrations
363187,36344.0,
7989720,10746.0,
7989720,169487.0,Narrator
6757893,65335.0,
6757893,65334.0,Illustrator
14815481,28572.0,
12938278,4416438.0,
7094547,55820.0,
28927772,4632661.0,
18223036,153738.0,
12566951,3389.0,
10522443,287923.0,
12160866,6108.0,Editor
267404,336767.0,
6933473,17061.0,
29213435,1549088.0,
3165162,15872.0,
25668497,13550648.0,
11051889,4601855.0,
23634011,3153776.0,
18717360,7341923.0,
35264052,13665730.0,
35264052,14350105.0,
35264052,5661809.0,
35264052,16489167.0,
35264052,6587202.0,
35264052,5322773.0,
35264052,1553590.0,
35264052,4052093.0,
35264052,4556168.0,
35264052,11362882.0,
35264052,16901191.0,
35264052,13450002.0,
35264052,6995709.0,
35264052,16704874.0,
35264052,16901193.0,
35264052,13776517.0,
35264052,7127010.0,
35264052,4188120.0,
35264052,15450354.0,
35264052,5335865.0,
35264052,8390357.0,
35264052,4810596.0,
35264052,7803964.0,
35264052,5774415.0,
35264052,8344855.0,
7302402,87306.0,
7302400,4845.0,
6465697,613805.0,
28490267,14900211.0,
24396879,2809894.0,
25068371,3431194.0,
7015318,98903.0,
1083382,337831.0,
2980439,1284339.0,
15555,9629.0,
15557,9629.0,
15550,9629.0,
15553,9629.0,
15552,9629.0,
15559,9629.0,
18248374,275908.0,
30256103,4864634.0,
17857398,1106214.0,
6506477,8185168.0,
25205326,1369219.0,
25205325,4606484.0,
11297579,4107314.0,
9462795,3406550.0,
2687149,153733.0,
139344,58856.0,
108569,2998.0,
108566,2998.0,
7541341,313670.0,
12047201,5044405.0,
26522071,5137530.0,
26522071,14553892.0,Narrator
55401,31232.0,
55401,4855830.0,Translator
55400,31232.0,
26112210,8159417.0,
25952316,1136158.0,
15782640,4637539.0,
15998621,6518554.0,
17245,6988.0,
17245,28273.0,Editor
17245,44926.0,Editor
17240,6988.0,
31808202,7631424.0,
31808202,1264711.0,Contributor
12814333,5258016.0,
478657,1429808.0,
478658,1429808.0,
478659,1429808.0,
1391321,107170.0,
15977661,4799929.0,
17572020,33503.0,Contributor
17572020,86137.0,Editor
17572020,91707.0,
17572020,7054822.0,
17572020,7054824.0,
17572020,7054827.0,
17572020,800052.0,
17572020,6469903.0,
17572020,7054897.0,Illustrator
17572020,7054830.0,Illustrator
17572020,7054898.0,Illustrator
17572020,588356.0,Contributor
17572020,7054899.0,Illustrator
17572020,7054820.0,Illustrator
17572020,7054900.0,Illustrator
17572020,7054823.0,Illustrator
17572020,7054901.0,Illustrator
17572020,7054902.0,Illustrator
17572020,7054903.0,Illustrator
17572020,6646989.0,Illustrator
17572020,7054829.0,Illustrator
17572020,22781.0,Contributor
17572020,417937.0,
17572020,7054904.0,
17572020,7054831.0,
17572020,5763119.0,
17572020,7054833.0,
17572020,3416553.0,
17572020,6960973.0,
20652088,827236.0,
12735319,624389.0,
19593,6941.0,
6114254,42540.0,
42141,23704.0,
42144,23704.0,
42145,23704.0,
42145,10365.0,Illustrator
21937258,21701.0,
32669692,2063919.0,
2038926,31247.0,
2140775,34997.0,
8597919,3412307.0,
2314315,415967.0,
7037587,60478.0,
6390428,1356336.0,
5585181,19823.0,
5585181,2477220.0,
5585180,57980.0,
5585180,5829.0,
13175692,9494.0,
1423073,4955836.0,
1423073,4470450.0,Adapter
1423073,371919.0,
910676,5833.0,
2876228,49177.0,
8930977,3380908.0,
10583245,145294.0,
23847904,6252.0,
23847904,10803933.0,
23847904,10803934.0,
23847904,10803935.0,
2794395,12521.0,
29774760,4457900.0,
19540829,1654.0,
11554510,150038.0,
16248235,27498.0,
495473,145092.0,
113264,15872.0,
113264,465708.0,Narrator
9860084,109354.0,
384688,8688.0,
17304193,6912725.0,
16057298,2957979.0,
16057299,2957979.0,
60166,3242.0,
108385,6268.0,
28247422,8203861.0,
27209398,4721536.0,
29509575,4900972.0,
29509575,6543639.0,
542357,45816.0,
169879,36122.0,
169879,268524.0,Illustrator
169878,36122.0,
169878,36175.0,
169875,36122.0,
169875,268524.0,Illustrator
169871,36122.0,
169871,268524.0,Illustrator
169870,36122.0,
169873,36122.0,
169873,855385.0,Illustrator
169872,36122.0,
169872,36175.0,
7236110,9237.0,
129533,74488.0,
129534,74488.0,
129537,74488.0,
6659537,116504.0,
6659537,397577.0,Illustrator
9813788,33467.0,
7970778,6988.0,
7970778,23986.0,Illustrator
159436,7577.0,
14759319,804399.0,
9510753,2869203.0,
30287713,14031601.0,
8182150,25307.0,
14931151,2172337.0,
9132487,3097903.0,
28876,8730.0,
28873,4777916.0,
28873,5169211.0,
28873,179383.0,Illustrator
28873,50069.0,Illustrator
28873,475166.0,Illustrator
10508192,21701.0,
7841437,168090.0,
33785695,16289748.0,
7326784,155990.0,
23344750,119830.0,
71840,40577.0,
20489022,497865.0,
10334528,4107314.0,
10334529,4107314.0,
6768411,2915782.0,
6768412,2915782.0,
629638,8146.0,
17235997,6536659.0,
1425672,88609.0,
15747422,4873609.0,
24612656,1330292.0,
24612654,53793.0,
1801997,1221698.0,
24001093,11120146.0,
505352,11586.0,
1196299,8588.0,
13623735,10087.0,
33369873,7077654.0,
33369873,6953671.0,Narrator
788331,31845.0,
17162429,3396842.0,
3029853,63669.0,
25742254,2987125.0,
25742254,5605601.0,Reading
13501633,2860219.0,
176850,26.0,
176850,8685.0,
14058817,5105592.0,
16001277,413783.0,
3876030,12350.0,
18130323,4699102.0,
18130323,8994.0,translator
25440127,6950740.0,
6289922,431825.0,
6289920,20248.0,
553808,15873.0,
3071808,329391.0,
13517220,12350.0,
10397655,2921810.0,
12990947,2384.0,
12990947,334840.0,Reading
10928022,4752305.0,
13696066,3388162.0,
4107256,7581.0,
24103269,3504189.0,
24103269,6925432.0,Narrator
3858072,974022.0,
3858076,217944.0,
8697285,486627.0,Editor
8697285,17729.0,Contributor
8697285,32643.0,Contributor
8697285,398110.0,Contributor
8697285,1001882.0,Contributor
8697285,46269.0,Contributor
8697285,33262.0,Contributor
8697285,172152.0,Contributor
8697285,5778231.0,Contributor
8697285,6525693.0,Contributor
445761,32912.0,
26881479,15872.0,
7860794,1239645.0,Editor
7860794,38066.0,
7860794,2895895.0,
7860794,375626.0,
7860794,1047356.0,
7860794,1915619.0,
7860794,336020.0,
7860794,2891665.0,
7860794,2984460.0,
7860794,1779261.0,
7860794,288167.0,
7860794,117339.0,
7860794,1880316.0,
7860794,21697.0,
7860794,4317790.0,
7860794,81338.0,
7860794,1441593.0,
20747680,7233453.0,
3375320,16036.0,
3375320,27100.0,
620125,1077326.0,
620125,123344.0,Narrator
17894254,15153514.0,
17894256,4921525.0,
14296394,752898.0,
8525606,3508354.0,
5650600,1284339.0,
21472120,102987.0,
1396684,237195.0,
17987499,293603.0,
7194943,11654.0,
834015,9550.0,
2729396,32912.0,
26230902,4489132.0,
1169553,128517.0,
474211,9720.0,
4008,566.0,
4008,169609.0,Translator
4008,215818.0,Translator
14946083,6186446.0,
15803176,809148.0,
13423214,4261985.0,
32667458,15428577.0,
333920,191456.0,
3682,2526.0,
77683,656983.0,
5282692,291002.0,
10993282,20248.0,
49771,1077326.0,
49771,10917.0,Narrator
13444,3389.0,
13444,6941.0,
22074449,798587.0,
33009320,4684322.0,
29939027,105839.0,
6521325,51118.0,
836700,39852.0,
8130318,130698.0,
20706266,2895706.0,
18490652,4245017.0,
5432871,2348022.0,
185253,1301649.0,
22844208,1077326.0,
22844202,1077326.0,
23213197,6950818.0,
445023,58654.0,
6917951,17015.0,co-author
6917951,17010.0,co-author
3535944,108693.0,
3535944,214134.0,Illustrations
634099,53988.0,
6315602,415967.0,
23524322,4098207.0,
17571527,6984866.0,
17571527,4263.0,Illustrations
1865653,32637.0,
1865653,56968.0,translator
3363719,12694.0,
17410016,11841.0,
7693853,242473.0,
363683,178924.0,
13729429,656983.0,
26067926,17061.0,
6275997,6244.0,
995103,3389.0,
995103,7430.0,Illustrator
16113587,6996330.0,
6747003,5816.0,
6747003,3067498.0,
17886050,2614.0,
7305155,2892808.0,
7305155,3226899.0,
7305155,230018.0,
11836562,4983116.0,
62530,1654.0,
2854962,6206.0,
85434,16667.0,
9549276,82540.0,
2086389,106.0,
12950372,4126827.0,
11196957,6435681.0,
1678247,10038.0,
17457008,6969464.0,
12344319,33919.0,Editor
12344319,410598.0,Editor
12344319,346732.0,
12344319,820971.0,
12344319,3354.0,
12344319,22018.0,
12344319,2715.0,
12344319,1221698.0,
12344319,9226.0,
12344319,5223.0,
12344319,3389.0,
12344319,24902.0,
7957,589.0,
7956,589.0,
10087445,4141550.0,
251862,17618.0,
251862,546590.0,Illustrator
11540546,2614.0,
12545818,169377.0,
9083775,4279057.0,
7441970,27206.0,
7441970,67119.0,
7441970,4522.0,
7441970,18015.0,Creator
23977361,3618.0,
23977361,951146.0,Narrator
12968299,4107194.0,
8428064,2261547.0,
15766297,234088.0,
21534901,1330292.0,
21534901,1004238.0,Narrator
4950376,146374.0,
79549,45230.0,
79549,45231.0,Translator
509797,1069006.0,
509797,25523.0,Illustrations
15850574,156659.0,
291729,20513.0,
5878388,31232.0,
479507,11586.0,
13417066,57858.0,
13417066,1656.0,
391618,8110.0,
9842559,221253.0,
13356690,811.0,
26891484,34049.0,
304459,133804.0,
304459,43989.0,
20527903,3505204.0,
515394,17064.0,
6314469,17064.0,
6314469,17061.0,
6314469,10333.0,
17828413,4904383.0,
7238403,1330292.0,
7238403,4341892.0,Narrator
7238403,4341893.0,Narrator
7238403,3472681.0,Narrator
7238403,655707.0,Narrator
6592513,2884988.0,
34210549,16423721.0,
1440148,128647.0,
10951002,5255014.0,
10951002,15620.0,Editor
11415846,27813.0,
27414431,504038.0,
6609704,2983966.0,
18492468,410993.0,
9728843,3020684.0,
7962335,81017.0,
23256474,8584402.0,
11092162,35023.0,
34427,4263.0,Screenplay
34427,4260.0,Creator
17874773,150038.0,
11161444,9206.0,
17465456,5339.0,
24196004,7077654.0,
24196004,6052785.0,Narrator
10778413,3780.0,
10778413,4713885.0,
10778410,3780.0,
10778410,4713885.0,
10778410,3022555.0,Reading
10778410,3022554.0,Reading
18392969,7241942.0,
18392969,7241943.0,Illustrator
22392755,6166668.0,
10802178,767547.0,
18342280,4721536.0,
19486440,639491.0,
18693727,41942.0,
10803709,38550.0,
5628446,685776.0,
723155,8127.0,
799793,111260.0,
799793,778182.0,Illustrator
25177152,13974.0,
25069851,7246093.0,
41431,5339.0,
22360832,14258047.0,
22360832,14258048.0,Illustrator
22360832,6526737.0,Illustrations
22360830,4401747.0,
1914018,18851.0,
1914018,7710.0,
5576130,48192.0,
21813338,131337.0,Editor
21813338,9018.0,
21813338,1221698.0,
21813338,6919077.0,
21813338,96300.0,
21813338,58971.0,
21813338,72451.0,
21813338,8988.0,
21813338,1443712.0,
402045,4841825.0,
461979,69803.0,
11551967,153733.0,
23755249,8338174.0,
18400712,445303.0,
132380,76243.0,
132380,156893.0,Illustrator
132380,1206297.0,
132380,3386956.0,Fan Yi 
132380,2932951.0,Fan Yi 
132385,76243.0,
132384,76243.0,
7562764,2768002.0,
12369175,3163910.0,
127459,2526.0,
17817939,57545.0,
6540270,852078.0,
253058,3441.0,
253058,238243.0,Narrator
14498145,3134706.0,
22718687,4351137.0,
22718687,5207982.0,Illustrator
9478193,2740668.0,
797151,170520.0,
797151,28550.0,
526652,158844.0,
526652,235.0,Introduction
7173256,45315.0,
7173256,105602.0,Narrator
237032,138702.0,
36157,1276004.0,
3247548,1164105.0,
77563,4338.0,Editor/Contributor
77563,9629.0,Contributor
77563,3617.0,Contributor
77563,1221698.0,Contributor
77563,346732.0,Contributor
77563,26.0,Contributor
77563,57461.0,Contributor
77563,25307.0,Contributor
77563,589.0,Contributor
77563,6587.0,Contributor
77563,8588.0,Contributor
77566,2687.0,
3598195,172490.0,
67513,38066.0,
10381472,944594.0,
2210151,1000381.0,
8315340,26897.0,
13183554,5502630.0,
13183554,7448765.0,Illustrator
8294278,276660.0,
8835689,17015.0,
8835689,17010.0,
398331,197121.0,
11040918,5741473.0,
18144122,241301.0,
18144127,241301.0,
7881001,1654.0,
317497,20331.0,
16150465,5268232.0,
16158565,6583169.0,
12509277,4831558.0,
30312806,767547.0,
1593270,7581.0,
13354420,34765.0,
17408269,6923531.0,
28818906,426034.0,
7198234,1957584.0,
21396155,5625945.0,
17827953,7581.0,
34909769,4491649.0,
6087756,25422.0,
248596,1630.0,
140098,17061.0,Editor/Contributor
140098,81016.0,Editor/Contributor
140098,4522.0,
140098,28656.0,
140098,7581.0,
140098,10746.0,
140098,723801.0,
140098,15292.0,
140098,329391.0,
140098,1967.0,
140098,242185.0,
140098,379444.0,
140098,262084.0,
140097,17061.0,
13649197,87305.0,
2138584,81017.0,
27852434,1238111.0,
1169354,4497.0,
13267654,5069496.0,
6586415,108007.0,
9630894,4349456.0,
9630894,5300258.0,Narrator
6241482,9399.0,
734199,191456.0,
607559,329391.0,
23162817,5808037.0,
6202342,498072.0,
8096504,145129.0,
6249761,58846.0,
17410991,266470.0,
776420,23012.0,
22504696,165105.0,
1239560,2968098.0,
1239560,10333.0,
66717,37613.0,
3400577,26033.0,
438311,22546.0,
3157903,1346062.0,
10787380,15873.0,
12996931,588743.0,
15747348,10896.0,
18952381,2917920.0,
21851568,7091823.0,
21532075,354490.0,
8685622,4130856.0,
29394403,1654.0,
11541470,1691206.0,
1155227,16466.0,
333867,10992.0,
333867,1221698.0,Introduction
17981911,5335601.0,
25295,5369.0,
25296,8649.0,
18052164,2063919.0,
234946,32590.0,
17673337,4968404.0,
11569419,415967.0,
6779796,7742.0,
282783,6268.0,
13588399,36276.0,
8493603,4094825.0,
31277320,15559320.0,
70825,696805.0,
70825,78071.0,Illustrator
70825,433174.0,Afterword
9646374,2761947.0,
1079782,23419.0,
359820,6252.0,
13451906,415967.0,
24903940,7790583.0,
13100315,2936493.0,
13100315,123344.0,Narrator
13100315,2714501.0,Illustrations
2012171,38820.0,
17910133,1042536.0,
17910131,4154802.0,
682736,3389.0,
682736,133241.0,Illustrator
12774733,25307.0,
10551290,153734.0,
23239,11663.0,
23236,11663.0,
7967299,2942422.0,
298419,48397.0,
4582108,941441.0,
17349733,15872.0,
26068046,271200.0,
5364009,2310121.0,
8460077,2168689.0,
13612975,4838933.0,
808957,31882.0,
17657129,5807648.0,
5985683,2742416.0,
16299816,3064305.0,
16299816,6653676.0,Narrator
363789,26897.0,
363783,26897.0,
19832068,150038.0,
19832068,2507198.0,
61913,16094.0,
13131693,7128.0,
13131693,5106204.0,
21816324,1221698.0,
21816324,5122.0,
24931971,5286855.0,
9755855,827236.0,
7519472,48192.0,
2395279,732646.0,
17707,4.0,
6236221,2837821.0,
2254009,8347.0,
18460617,4888434.0,
185197,1301649.0,
15700583,3100202.0,
15591,9637.0,Editor
15591,2686362.0,Editor
12516676,1192311.0,
7851366,16036.0,
9670820,4453028.0,
22490206,13508694.0,
13542616,849723.0,
12473807,4840146.0,
5022352,58.0,
9463960,3145809.0,
2011848,50976.0,
8726518,20561.0,
18594392,4134859.0,
23515866,9835032.0,
15714522,4370565.0,
105571,61115.0,
523424,27140.0,
600567,326338.0,
34068331,9796140.0,
598099,34854.0,
6186198,323656.0,
6186199,323656.0,
6925666,836009.0,
352778,73812.0,
25953603,14177000.0,
20588931,3081700.0,
4308348,10896.0,
6458635,5244478.0,
11708356,4880403.0,
4769651,65335.0,
4769651,65334.0,Illustrator
23547364,7390210.0,
232300,854076.0,
232300,678109.0,Contributor
24233,13625.0,
24233,255288.0,Illustrator
1471425,150038.0,
17562208,1445909.0,
8705693,16309509.0,
3720980,10359.0,
15923036,852078.0,
15923036,7210703.0,Narrator
5161066,17061.0,
12381210,108007.0,
10874177,2891665.0,
203659,118848.0,
203659,118847.0,
20263205,27148.0,
20263206,7692574.0,
15841818,1312879.0,
13494365,4629194.0,
8677937,4430.0,
11850771,2949594.0,
17398825,4450759.0,
17398829,5393419.0,
1637454,146374.0,
18806869,5804537.0,
40304,589.0,
123578,71147.0,
69173,38968.0,
528360,14219.0,
528364,14219.0,
13504052,5240334.0,
9876989,4107314.0,
9876989,4820144.0,Translator
15751329,3849415.0,
5582295,40563.0,
5582295,10604071.0,
5582295,2045223.0,Illustrator
5582295,4083207.0,Illustrator
16235831,5257588.0,
13507265,4178737.0,
6710476,1051591.0,
131633,16939.0,
9697503,67481.0,
563012,941441.0,
1866232,49177.0,
9654828,468200.0,
338404,240708.0,
81130,18684.0,
13149420,1330287.0,
23431242,7067535.0,
19181,11527.0,
23281770,2820569.0,
15870094,4747895.0,
12253064,572738.0,
16088107,6556613.0,
26928871,14451292.0,
361271,128570.0,
34472638,15872.0,
16035274,5444795.0,
18715886,73149.0,
18715886,13165.0,Narrator
24934636,6468949.0,
30271,9550.0,
30274,9550.0,
30279,9550.0,
30279,17061.0,
30279,1429808.0,
30279,23.0,
30279,17062.0,
947965,4841825.0,
21186045,4126827.0,
478276,5217055.0,
279669,1036736.0,
25111052,4522.0,Editor
25111052,479779.0,
25111052,466494.0,
25111052,11508.0,
25111052,2358.0,
25111052,16560.0,
25111052,11646.0,
25111052,17061.0,
25111052,52050.0,
25111052,4430.0,
25111052,24197.0,
25111052,59165.0,
25111052,2860219.0,
25111052,52047.0,
25111052,7155219.0,
25111052,128037.0,
25111052,3157937.0,
25111052,948181.0,
25111052,24827.0,
25111052,2444658.0,
25111052,7581.0,Contributor
25111052,7083555.0,
620982,17064.0,
519829,32279.0,
22209539,8241647.0,
13643222,5833089.0,
6386834,5376.0,
1378683,15872.0,
1378683,465708.0,Narrator
573699,13014.0,
3553722,6268.0,
16112466,5815500.0,
10235919,23419.0,
13537291,1241378.0,
13537291,2986483.0,
186689,58124.0,
18171953,27318.0,Editor
18171953,38954.0,
18171953,1630.0,
18171953,4538954.0,
18171953,19564.0,
18171953,3172535.0,
18171953,175329.0,
18171953,49177.0,
18171953,74046.0,
18171953,33958.0,
18171953,88922.0,
18171953,15872.0,Contributor
18171953,449217.0,Illustrations
9436751,18454.0,
15801287,150038.0,
28957290,6544886.0,
28957290,2332319.0,Translator
28957290,5774362.0,Illustrator
6261065,5025620.0,
15990930,6520318.0,
7116458,359194.0,
490211,6268.0,
490211,90455.0,
490211,164485.0,
490216,48190.0,
490216,6268.0,
490216,21665.0,
7,1077326.0,
7,2927.0,Illustrator
17232090,5186274.0,
17232090,4794913.0,Narrator
25448465,276660.0,
3354025,1310735.0,
17377636,5314516.0,
97966,28544.0,
97964,28544.0,
97965,28544.0,
97963,28544.0,
97960,28544.0,
97961,28544.0,
97968,28544.0,
97969,28544.0,
5659537,9237.0,
10755107,4707891.0,
15835630,5029662.0,
867383,33918.0,
18593080,6878020.0,
1082246,869.0,
1082246,868.0,
23264671,4735144.0,
6344423,48192.0,
156258,83308.0,
156258,3912640.0,Illustrator
7864452,10746.0,
7864452,723801.0,Editor
7864452,17061.0,Editor
7864452,4845.0,Editor
7864452,346732.0,Editor
7864452,12052.0,Editor
25560255,150038.0,
25560251,150038.0,
18158108,815259.0,
1537134,656983.0,
1537134,20255.0,Illustrator
400356,1654.0,
400354,1654.0,
22172449,8224630.0,
17928170,7418796.0,
1013269,15619.0,
1013269,38449.0,Translation
29938710,4342215.0,
18402202,7246482.0,
16039122,2761947.0,
363835,128411.0,
6509152,324620.0,
30316199,1067608.0,
22797391,15872.0,
33266253,370361.0,
878037,20299.0,
6599011,3389.0,
13329252,6296.0,Editor
13329252,8996.0,Editor
13329252,3472.0,
13329252,3371.0,
13329252,7415.0,
13329252,1221698.0,
13329252,88506.0,
13329252,3502.0,
13329252,24902.0,
13329252,3504.0,
13329252,498072.0,
13329252,1630.0,
13329252,350494.0,
13329252,12535.0,
13329252,207766.0,
13329252,33271.0,
13329252,16560.0,
13329252,22475.0,
13329252,12851.0,
13329252,5244478.0,
13329252,18253.0,
13329252,992286.0,
13329252,11508.0,
13329252,372976.0,
13329252,221608.0,
13329252,1245113.0,
13329252,257118.0,
2124206,1025280.0,
7823800,5816.0,
7762834,7031278.0,
7762834,6256.0,
33376058,4015157.0,
12988019,2846074.0,
35715645,6937037.0,
16044329,6539315.0,
6577773,6268.0,
13590032,4951964.0,
25774272,4684322.0,
25663437,7940084.0,
17707708,28569.0,
618243,1301649.0,
618241,3441.0,
11407130,4735.0,
618245,1301649.0,
17668584,6537150.0,
35807,4735.0,
13518663,2924930.0,
9238506,4330590.0,
7278057,33918.0,
7278058,33918.0,
18594515,389683.0,
16042863,20248.0,
234842,137386.0,
287631,6268.0,
6671933,199626.0,
6671933,2472310.0,Translator
317621,723256.0,
25901516,7843051.0,
11713438,4169630.0,
12849320,7581.0,
5027092,4124325.0,
481774,656983.0,
481774,16191.0,Narrator
26046324,4565834.0,
16142151,1023510.0,
7939859,137902.0,
7825557,3407883.0,
13658527,2909019.0,
6385132,2893344.0,
2333,656983.0,
2333,9497.0,Editor
2333,9498.0,Editor
16057186,225598.0,
582812,2614.0,
7096010,34049.0,
17251690,6606362.0,
13423265,4416438.0,
7492383,81096.0,
9479871,38598.0,
25831407,3064305.0,
28801508,13974563.0,
24748537,4684322.0,
24748537,3124176.0,Narrator
1405053,17064.0,
16046848,4423580.0,
2456529,293603.0,
177358,106.0,
32573186,5804101.0,
32573185,71688.0,
274948,27813.0,
274948,609973.0,Illustrator
25310041,7828723.0,
16144868,7742.0,
16144864,38066.0,
573657,313399.0,
26166883,5780686.0,
26166883,2917920.0,Translator
67805,20513.0,
9571407,2060858.0,
27159197,7855471.0,
13409513,3849415.0,
25635807,150038.0,
13556966,239128.0,
23017818,2060858.0,
781989,1388082.0,
17926775,7091823.0,
23164983,3046613.0,
12076991,9237.0,
12076991,717304.0,Narrator
25332074,4684322.0,
26883560,14691520.0,
19774312,7327998.0,
650125,96375.0,
1233478,38066.0,
18249808,6473496.0,
6459561,4757071.0,
9753303,410993.0,
12203201,3389.0,
12203201,12738.0,Illustrator
20578958,5609118.0,Contributor
12534310,2002988.0,
38548,17059.0,
1071257,13014.0,
18198485,7173896.0,
25953705,9201095.0,
6957629,61156.0,
23154785,8794.0,
18209531,1111511.0,
289150,4766.0,
289150,8685.0,
2539696,78305.0,
25566937,6543639.0,
30964236,14137787.0,
1264695,241301.0,
330751,12948.0,
8608453,1691206.0,
2442,1654.0,
17228405,5201320.0,
25714503,13980638.0,
6405972,2901559.0,
6405972,1411091.0,Translator
10485751,1310735.0,
22673361,5560488.0,
17566814,4519247.0,
59833,625.0,
59833,199275.0,Narrated by
59830,625.0,
625648,327057.0,
24880931,8892745.0,
12349140,107170.0,
12349140,436308.0,Narrator
24994112,13530922.0,
4134071,17015.0,
4134071,17010.0,
10884655,507943.0,
29348917,4721318.0,
15743485,2895111.0,
7641180,3343303.0,
7641180,252914.0,Illustrator
31451175,3433047.0,
22293525,1141209.0,
7405143,445649.0,
12379094,45315.0,
421130,86475.0,
48722,27379.0,
15808710,2614.0,
15808710,35023.0,
15808710,24009.0,
15808710,22369.0,
38691,8164.0,
38691,180439.0,Illustrator
38691,3170710.0,Afterword
38690,8164.0,
38690,180439.0,Illustrator
17070125,157663.0,
17070125,619712.0,Illustrator
10465086,4167378.0,
12944651,17152.0,
12189,7742.0,
31450773,14542471.0,
6376256,230226.0,
9063832,81096.0,
2802316,137902.0,
16202167,1549088.0,
6625002,26897.0,
6628,4432.0,
6625,4430.0,
6625,4429.0,
6625,4428.0,
613994,11586.0,
1012301,507494.0,
11551,5244478.0,
11553,5244478.0,
11552,5244478.0,
11555,5244478.0,
11557,5244478.0,
25837167,11230592.0,
10866624,836009.0,
23590810,8339463.0,
941467,43835.0,
941468,43835.0,
2590477,24827.0,
25342628,13162897.0,
24292310,3299.0,
676904,168090.0,
2591661,4.0,
16009543,3431194.0,
7779042,3009541.0,
41538,23417.0,
1122004,36501.0,
9815702,1857564.0,
25829156,9833.0,
28259112,1074989.0,
28259112,4130475.0,Illustrations
9825639,3023658.0,
653242,600374.0,
653242,6984160.0,Translator
12159329,4175419.0,
7981,5329.0,
7981,579130.0,Illustrations
29150270,38550.0,
17364276,6894699.0,
667488,120035.0,
71214,40118.0,
6917081,1445909.0,
823564,7132534.0,
10586912,26738.0,
18717481,4015157.0,
385488,219264.0,
385483,15661.0,
6556261,5816.0,
17283404,28083.0,
8700602,2916205.0,
13202110,108693.0,
13202110,214134.0,Illustrations
20587874,6968449.0,
15808774,3409936.0,
6917952,17015.0,
6917952,17010.0,
712052,376347.0,
176252,10333.0,
27840858,21770.0,
6801586,732829.0,
57504,27528.0,
107664,32590.0,
107669,32590.0,
23434781,8076291.0,
15763354,5105592.0,
595896,8110.0,
381228,10087.0,
6261122,2902.0,
11500077,315657.0,
12003673,200317.0,
6404356,2900815.0,
21412475,4715088.0,
20508452,755980.0,
2929794,25422.0,
2929794,105776.0,Illustrator
8542996,56019.0,
20419044,1599723.0,
305666,874602.0,
305666,389991.0,Illustrator
1144907,166943.0,
2124106,25052.0,
2124106,2973944.0,Narrator
13484252,8730.0,
13484252,5602.0,Narrator
19549803,7373778.0,
18045490,4485813.0,
7090785,146628.0,
7090785,1265.0,
7090785,7127265.0,Illustrator
13012638,3180076.0,
493553,27813.0,
8534780,64364.0,
25663514,6981599.0,
22319080,7305513.0,
1508685,378702.0,
1508685,570548.0,Illustrator 
6304329,103359.0,
18950871,199737.0,
351461,26875.0,
837611,656983.0,
10315284,370361.0,
10315284,7393393.0,From an original idea by
10315284,3911856.0,Illustrator
1067950,1077326.0,
206855,79885.0,
206857,79885.0,
206856,79885.0,
24313673,7324039.0,
317121,1967.0,
9645333,96909.0,
7879322,100752.0,
25867382,71688.0,
14800993,6988.0,
639846,1630.0,
17786014,5618190.0,
18490570,4086715.0,
18490576,7268134.0,
23532849,7257036.0,
84133,4430.0,
84132,4430.0,
2977498,2465550.0,
3503318,10746.0,
7745639,12091.0,
1017299,88608.0,
706832,7025.0,
706832,14759829.0,Narrator
22879326,495656.0,
8077664,2002988.0,
834333,696805.0,
6585201,10746.0,
22571272,3251728.0,
22571276,8333823.0,
13432143,4121337.0,
11399736,168090.0,
13605723,4476934.0,
18690025,7060225.0,
30244,9550.0,
7846377,20983.0,
4723066,1042536.0,
23529995,7343261.0,
23529995,7047768.0,
23529995,8927817.0,
23529995,4094557.0,
23529995,8927813.0,
23529995,87096.0,
23529995,1290033.0,
23529995,8927814.0,
23529995,8629652.0,
23529995,8927815.0,
23529995,6926316.0,
23529995,8927816.0,
118062,1831.0,Author
528997,9237.0,
11962191,3995.0,
18076161,7134729.0,
20560137,7770873.0,
12900806,5280531.0,
4457816,1356336.0,
20446140,4721318.0,
842471,3502.0,
17708622,7026053.0,
14569000,15393.0,
293389,4522.0,
293389,27206.0,
24059777,3486415.0,
22238188,46138.0,Editor
22238188,64107.0,
22238188,3036325.0,
22238188,2868678.0,
22238188,107744.0,
22238188,3400079.0,
22238188,37557.0,
22238188,4022202.0,
22238188,19305.0,
22238188,3524.0,
22238188,765702.0,
22238188,27841.0,
22238188,289314.0,
22238188,59165.0,
22238188,2860219.0,
22238188,8988.0,
22238188,96300.0,
22238188,7083555.0,
22238181,108173.0,
9995135,48192.0,
389519,10182.0,"Author, Illustrator"
389519,4522.0,
3182557,34878.0,
3182557,285212.0,Translator
16793,1221698.0,
57101,989968.0,
562795,13014.0,
17063691,767547.0,
18067050,2895706.0,
13628085,5827102.0,
820343,1077326.0,
33395946,7044164.0,
25897876,656983.0,
25897876,10269.0,Editor
25897878,2809863.0,
18517541,6444714.0,
575131,30819.0,
23653,656983.0,
23653,9545.0,Illustrator
9541850,241301.0,
104348,20560.0,
104349,20560.0,
104344,20560.0,
104342,20560.0,
4497830,245963.0,
61668,1654.0,
775440,108693.0,
820241,13677.0,
1095949,90460.0,
248682,625.0,
13560068,1827868.0,
7675981,1488908.0,
18657790,2960227.0,
33306347,3433047.0,
18806259,7391763.0,
32026299,3486415.0,
7968653,21911.0,
291588,56977.0,
15779366,2996650.0,
23473284,1441847.0,
1265593,202312.0,
4738393,46138.0,Editor
4738393,46137.0,Editor
4738393,5989.0,Contributor
4738393,8360.0,Contributor
4738393,22545.0,Contributor
4738393,338705.0,Contributor
4738393,53256.0,Contributor
4738393,1221698.0,Contributor
4738393,24902.0,Contributor
4738393,24.0,Contributor
4738393,8347.0,Contributor
4738393,58065.0,Contributor
4738393,12991.0,Contributor
4738393,1067608.0,Contributor
4738393,11889.0,Contributor
4738393,185554.0,Contributor
4738393,25422.0,Contributor
592314,8794.0,
74377,656983.0,
17901205,6876662.0,
18004534,50873.0,creator
18004534,5760167.0,
7844725,401053.0,
7844725,124365.0,Contributor
27134880,3076677.0,
25526440,7770873.0,
25526440,6080025.0,Narrator
25526440,737890.0,Narrator
6287972,1267027.0,
23156152,7734306.0,
29467232,1370283.0,
6056520,1938234.0,
463033,46138.0,Editor
463033,46137.0,Editor
463033,10763.0,Illustrator
463033,15188.0,
463033,325368.0,
463033,224189.0,
463033,12991.0,
463033,396931.0,
463033,24.0,
463033,107744.0,
463033,24901.0,
463033,25.0,
463033,11890.0,
463033,8185168.0,
463033,330853.0,
463033,36175.0,
463033,53256.0,
463033,22545.0,
463033,11889.0,
463033,52320.0,
463033,380896.0,
463033,39852.0,
463033,24902.0,
463033,25422.0,
463033,54462.0,
463033,1753875.0,
463033,19305.0,
463033,5989.0,
463033,110153.0,
13603568,5818013.0,
12300570,1654.0,
15787077,5188441.0,
1190042,485981.0,
8483864,27209.0,
17399160,6947727.0,
13016839,153738.0,
22465163,7152490.0,
9799979,2876763.0,
760920,1630.0,
13497742,3389.0,
13497742,277654.0,Narrator
692384,6988.0,
692384,322375.0,Introduction
692389,6988.0,
33245839,119121.0,
33245839,16155974.0,Alias
7778609,37557.0,
1020421,33461.0,
15993203,88685.0,
4417012,40823.0,
20613610,3170417.0,
15802900,1868743.0,
13377935,4671502.0,
2793511,34854.0,
5356476,4798562.0,
7141427,6252.0,
7141427,38550.0,
26114202,177012.0,
16637310,128019.0,
13455572,4835790.0,
34186238,38616.0,
8421720,239476.0,
8421720,433268.0,
15838984,6452190.0,
8714075,3219496.0,
18587556,25422.0,
207684,11654.0,
545121,1077326.0,
545121,10917.0,Narrator
6393119,374429.0,
10134027,4493935.0,
6342973,26417.0,
133462,27704.0,
28119313,9886850.0,
18527507,1330292.0,
125755,12537.0,Editor
125755,36245.0,Editor
125755,1221698.0,Contributor
125755,108173.0,Contributor
125755,6262.0,Contributor
125755,162368.0,Contributor
125755,102143.0,Contributor
125755,84604.0,Contributor
125755,9558.0,Contributor
125755,329869.0,Contributor
125755,10333.0,Contributor
125755,548923.0,Contributor
125755,59165.0,Contributor
125755,4798562.0,Contributor
125755,3186998.0,Contributor
125755,10088.0,Contributor
125755,436639.0,Contributor
125755,128019.0,Contributor
125755,2904619.0,Contributor
125755,36501.0,Contributor
12485506,4172510.0,
11201519,4167378.0,
27060860,346732.0,
27060860,14209966.0,narrator
6279561,1977.0,
326911,27498.0,
3198692,31869.0,
10583175,415967.0,
10470567,17015.0,
10470567,17010.0,
8976759,347385.0,
1995100,32590.0,
13206900,4684322.0,
13537496,11672.0,
9464745,21911.0,
22151847,6268.0,
12522507,89439.0,
23587880,131208.0,
320377,3948.0,
17586838,6986170.0,
17586838,22303.0,
323883,55474.0,
323885,55474.0,
13640296,4086715.0,
13640296,5832220.0,Narrator
835106,33467.0,
24951375,195904.0,
6419543,1977.0,
15741256,59165.0,
23471830,72451.0,Editor
23471830,4522.0,
23471830,27874.0,
23471830,90070.0,
23471830,7581.0,
23471830,41942.0,
23471830,11508.0,
23471830,584190.0,
23471830,207708.0,
23471830,43697.0,
23471830,345026.0,
23471830,27206.0,
23471830,2860219.0,
23471830,565343.0,
23471830,9811107.0,
23471830,9811108.0,
21298206,1563059.0,
28146512,14751141.0,
16221851,836009.0,
8600762,15873.0,
1110887,92665.0,
13531074,9629.0,
13531074,4161354.0,Annotations
7798872,4497.0,
27255774,7074943.0,
12799420,2891665.0,
6693472,2876763.0,
18070660,7132455.0,
22880946,8432568.0,
6308379,172487.0,
17899264,1221698.0,
9519912,9237.0,
9970461,1141209.0,
18046744,4430487.0,
18046744,336011.0,
2783748,18253.0,
9361589,4370565.0,
6917837,2854898.0,
761346,155517.0,
19081403,4476934.0,
19081402,4476934.0,
15883798,8604.0,
1264696,241301.0,
138516,5000251.0,Adaptor
138516,8164.0,
138516,505236.0,Illustrator
20570928,2995873.0,
6730664,1923475.0,
30279445,6896814.0,
16043626,6539034.0,
12390039,771.0,
17332269,221253.0,
898664,460870.0,
10381200,363130.0,
6740998,33461.0,
6740999,276660.0,
18754928,7230878.0,
25361572,71688.0,
619299,7581.0,
18667933,4718528.0,
29749085,4575289.0,
32768522,4208569.0,
8076064,941441.0,
18483294,4730894.0,
44190,24827.0,
32769,9494.0,
32767,9494.0,
32767,33918.0,Introduction
32767,406026.0,Editor
20454635,169377.0,
6216679,17015.0,co-author
6216679,17010.0,co-author
20613749,272814.0,
29514,10885.0,
23269158,8596977.0,
21905699,4153170.0,
10425811,2936493.0,
10425811,2714501.0,Illustrator
1822612,15872.0,
1822612,465708.0,Narrator
22583008,5976337.0,
22583008,3118938.0,Illustrations
1034516,60478.0,
22465896,8304331.0,
9734574,632423.0,
18143924,57980.0,
1426,566.0,
6011147,48397.0,
7143298,3170417.0,
13542456,5391075.0,
13542456,51507.0,
7242077,1938680.0,
763504,1654.0,
6623101,2883426.0,
1046382,34997.0,
16174311,10746.0,
16174311,169487.0,Narrator
15809993,656983.0,
73934,28083.0,
20810860,60478.0,
12439063,200317.0,
12439061,200317.0,
7171771,3377941.0,
29430576,17054.0,
17323860,3389.0,
2227031,4430.0,
7744064,3379695.0,
6601733,8202779.0,
23965831,33505.0,
21939665,8153103.0,
21939665,7216269.0,Illustrator
176972,8164.0,
176972,7105.0,Introduction and notes
176972,180439.0,Illustrator
238961,26.0,
238968,100752.0,
55443,31247.0,
55442,10089.0,
9807,155517.0,
9807,4269486.0,Translator
412820,26.0,
412820,9615.0,
6412768,437669.0,
6412768,7577.0,
16071748,4414255.0,
231990,82540.0,
1729146,74046.0,
544242,26546.0,
544240,26546.0,
1250316,80984.0,
11285675,4831561.0,
11374039,4877830.0,
2225495,477469.0,
547847,301032.0,
33801795,6878020.0,
9631399,276178.0,
102267,23001.0,
3675093,7581.0,
585576,65471.0,Editor
585576,32252.0,Editor
585576,10089.0,Contributor
585576,19472.0,Contributor
585576,1293688.0,Contributor
585576,121072.0,Contributor
585576,11065.0,Contributor
6941324,40881.0,
7199499,3112090.0,
6580611,463850.0,
6580611,43745.0,
6580611,463849.0,
20454580,2973783.0,
16074630,29011.0,
16074630,6551211.0,Illustrations
22091081,746724.0,
22091081,753637.0,Illustrator
34529,1654.0,
34528,1654.0,
34522,1654.0,
34524,1654.0,
34524,2542414.0,Illustrator
34527,1654.0,
181494,8660.0,
24779,8924.0,
24774,3618.0,
24774,478703.0,Illustrator
1620977,33508.0,
13706866,117339.0,
18282060,9291.0,
8150561,10746.0,
13259652,10517.0,
144112,83308.0,
10783217,2860219.0,
9801002,3014690.0,
1032701,40130.0,
1032701,60513.0,
1032701,6988.0,
11475686,4575326.0,
228647,1023510.0,
228647,22781.0,Illustrator
8331368,2387.0,
285746,165898.0,
7775742,4430.0,
7775742,1383797.0,
7775741,98903.0,
29617,2387.0,
1111757,10746.0,
1111756,963811.0,
6411440,38951.0,
22536448,8152069.0,
3475043,196212.0,
17152675,6857367.0,
23519363,1304470.0,
6678880,284897.0,
29429934,237135.0,
7968732,2876763.0,
10822397,4668167.0,
12444298,48206.0,
7687402,174708.0,
11080683,355500.0,
74291,65471.0,
16130130,588246.0,
12822875,65335.0,
12822875,65334.0,Illustrator
334092,478745.0,
397756,225692.0,
397756,837792.0,Introduction
290452,53255.0,
28857930,15872.0,
15755709,6244.0,
92855,9629.0,
24476465,3486415.0,
21538215,1691206.0,
16101042,13632.0,
13226173,150038.0,
13226173,7741274.0,Illustrator
11387392,3415819.0,
9780117,190887.0,
22295362,90037.0,
22295362,4130469.0,Introduction
9280057,572738.0,
21894650,6889132.0,
22059478,4414255.0,
29584838,5764273.0,
25845201,639491.0,
54356,18684.0,
703026,23069.0,
10637510,293603.0,
3244140,477469.0,
15808333,41942.0,
13542898,234115.0,
23285831,6953956.0,
23285831,500666.0,Narrator
7739862,1654.0,
189811,8732.0,
18090000,5027236.0,
18090005,3377501.0,
18090005,3377502.0,
18090005,57050.0,Illustrator
16051562,4499919.0,
29906017,10909117.0,
11098030,1563059.0,
18685348,7350533.0,
4345290,2063919.0,
16048393,5309409.0,
171066,10089.0,
171066,185899.0,pseudonym
25502933,5390719.0,
1586424,8146.0,
303192,27206.0,
303192,174708.0,
209693,8835.0,
209690,8835.0,
209691,8835.0,
209694,8835.0,
258415,22018.0,
17347646,6928196.0,
6357881,2901559.0,
6357882,2901559.0,
6449378,415967.0,
10376185,948181.0,
3949458,1684296.0,
6406018,2018764.0,
6399672,1374091.0,
18774918,5302476.0,
13528489,174708.0,
12637477,4556932.0,
4837553,2013872.0,
12750745,102987.0,
991723,415934.0,
671727,57990.0,Pseudonym
671727,1077326.0,
18525661,4575289.0,
395568,13026.0,
22046472,2909019.0,
2278833,10275.0,
12479289,5096069.0,
20767114,4108184.0,
29434403,5249479.0,
638073,36122.0,
638073,36175.0,
670394,15890.0,
6056519,64364.0,
6056510,196212.0,
7759580,24827.0,
9795166,6579126.0,
9795166,460870.0,
9795166,1000381.0,
12954620,5295120.0,
12954620,38531.0,
25225408,7246093.0,
15923740,656983.0,
15923742,656983.0,
1029770,32637.0,
1029770,56968.0,Translator
15865063,6483198.0,Corporate Author
27161189,3380908.0,
22668785,136127.0,
17829175,7056449.0,
21801491,7022844.0,
21801491,8109021.0,Illustrations
12059592,17015.0,co-author
12059592,17010.0,co-author
10694831,370361.0,
10694831,3911856.0,Illustrator
7046413,101078.0,
9378297,4086715.0,
6950567,3780.0,
6950567,13613.0,
3263607,656983.0,
23723790,1141209.0,
29531130,7791997.0,
9397175,3149825.0,
15723597,6430361.0,
12560567,4330590.0,
17910164,105839.0,
10599649,24009.0,
10281024,1630.0,
10281024,2895898.0,Narrator
16244663,25307.0,
16244660,8835.0,
16244660,58223.0,Illustrations
22152502,6268.0,
3291205,4699102.0,
3291205,8994.0,"Translator, Introduction by"
3291205,823902.0,Afterword by
101893,14078.0,
26138435,421434.0,
1203543,12433.0,
33871932,38652.0,
17371003,6937037.0,
418158,46130.0,
461627,65471.0,
57704,30279.0,
24612567,57990.0,Pseudonym
24612567,1077326.0,
24612567,14877156.0,Foreward
2414574,234088.0,
18478539,901057.0,
18478539,5861864.0,
724283,589.0,
31700961,15164484.0,
18490612,68794.0,
18490612,44524.0,Illustrator
10724639,8685.0,Editor/Contributor
8575295,3486415.0,
10805588,10317.0,
20881952,6455497.0,
6619499,1192311.0,
28375641,7418796.0,
11467932,4449940.0,
66311,36344.0,
66313,36344.0,
66312,36344.0,
66315,36344.0,
66314,36344.0,
66317,36344.0,
66316,36344.0,
157821,23704.0,
7737852,3097903.0,
10303264,132091.0,
12040782,4342615.0,
815150,48206.0,
14896828,24009.0,
2118702,44724.0,
30835803,15872.0,
30835803,465708.0,Narrator
32626,10366.0,
32627,10366.0,
32628,10366.0,
627144,8924.0,
62571,20561.0,
77022,4432.0,
7812372,3857639.0,
15980188,5355373.0,
989088,6988.0,
989088,288119.0,Introduction
2330661,46130.0,
611787,28083.0,
23556854,3219496.0,
29473487,5817161.0,
8685141,3119823.0,
23433222,4864215.0,
23433222,6591473.0,
13023379,2905297.0,
1295093,13733.0,
1991184,1346588.0,
20404555,8730.0,
20341887,346732.0,Contributor
20341887,12052.0,Editor/Introduction
20341887,8988.0,Contributor
20341887,17613.0,Contributor
20341887,53255.0,Contributor
20341887,58971.0,Contributor
20341887,29593.0,Contributor
20341887,61073.0,Contributor
23347067,1221698.0,
23347067,1654.0,
23347067,6551813.0,Narrator
23347067,4626436.0,Narrator
30518478,3267859.0,
7711273,8685.0,
569430,311098.0,
569430,2855546.0,Translator
569432,311098.0,
1583121,11761.0,
10852343,4735144.0,
13829705,4605878.0,
17563732,6981922.0,
26533261,6869349.0,
2606517,40570.0,
17205448,7010135.0,
15447,8516.0,
15444,8516.0,
20300224,5446913.0,
73928,28083.0,
839741,106.0,
6723628,3026715.0,
6723628,5300258.0,Narrator
10750,7025.0,
10750,6543253.0,illustrator
26016162,5618190.0,
4117865,8587.0,
2174950,8726.0,
2174950,567407.0,
2174950,87584.0,
6876281,45315.0,
6867952,2988406.0,
6867952,1411091.0,Translator
177434,44003.0,
8435270,2891665.0,
848162,3389.0,
848162,748899.0,Illustrator
41122,1858.0,
22590207,6564906.0,
16135864,15872.0,
13262782,56352.0,Editor
13262782,119848.0,Contributor
13262782,119830.0,Contributor
13262782,8347.0,Contributor
13262782,25422.0,Contributor
13262782,8185168.0,Contributor
13262782,8694.0,Contributor
13262782,1221698.0,Contributor
13262782,24901.0,Contributor
13262782,11889.0,Contributor
13262782,24.0,Contributor
13262782,25.0,Contributor
13262782,121364.0,Contributor
13262782,126765.0,Contributor
13262782,26878.0,Contributor
13262782,5989.0,Contributor
13262782,10746.0,Contributor
13262782,1067608.0,Contributor
13262782,277536.0,Contributor
11938097,1391220.0,
5661151,656983.0,
5661151,3853096.0,Editor
6554666,6206.0,
12794078,38550.0,
12794078,8435196.0,Narrator
12794078,494654.0,Narrator
3781901,40563.0,
1232960,36289.0,
8766150,4170562.0,
9631271,1311806.0,
27414477,21616.0,
27414477,14590271.0,
27414477,3212743.0,Illustrations
20629817,7056719.0,
20893335,136127.0,
222908,8185168.0,
114122,625.0,
8396340,8596.0,
18105451,3486415.0,
9087479,4280686.0,
16130758,445303.0,
378346,32590.0,
10477364,2546.0,
15939146,811.0,
6321718,2870420.0,
25315039,17216.0,
26848787,5779282.0,
74297,65471.0,
4415692,74046.0,
8789318,58846.0,
25819511,1048153.0,
24727880,3100170.0,
24727881,8177132.0,
25819519,7022361.0,
6356190,3389.0,
6356190,7430.0,Illustrator
7337,656983.0,
7337,1067608.0,Introduction
7332,656983.0,
7332,9533.0,Editor
7332,4938.0,Illustrator
7331,656983.0,
7331,3853096.0,Editor
11152377,4774430.0,
19486406,852078.0,
496141,48190.0,
496144,48190.0,
496146,48190.0,
496147,48190.0,
912224,1077326.0,
18693767,6583169.0,
12837634,3006397.0,
187049,6252.0,
18683518,7349685.0,
18002394,1390840.0,
14686,9172.0,
14686,1221698.0,Introduction
2922849,14002.0,
784086,19475.0,
25369723,7047506.0,
23281612,27500.0,
23281612,24902.0,Foreword
18774026,9766.0,
17622924,17061.0,
17622924,46976.0,
8113512,3509782.0,
1110224,16466.0,
1110224,1086478.0,Translator
1110224,2931977.0,Illustrator
17349085,17216.0,
17349085,6928583.0,Illustrations
17349085,2828543.0,Illustrations
7687501,61659.0,
30653786,1221698.0,
6659254,234115.0,
18480587,2357.0,
8299165,249843.0,
8288885,27140.0,
797113,656983.0,
797113,4938.0,Illustrator
838150,4432.0,
13167056,346732.0,
8393660,760392.0,
27396482,14585700.0,
974778,76360.0,
519148,288211.0,
8069828,125308.0,
15808851,23.0,
15808851,28569.0,
15808851,2465550.0,
15808851,5335920.0,
30809689,1221698.0,
77522,1077326.0,
77522,2927.0,Illustrator
77523,1077326.0,
77523,2927.0,Illustrator
825822,28375.0,
704731,18105.0,
704731,2738043.0,Illustrations
21412051,4715088.0,
12961889,5297892.0,
26596663,4026601.0,
7841511,28375.0,
26173407,14192434.0,
22909838,4116488.0,
10483567,15872.0,
13183510,5596285.0,
13183512,5596285.0,
500660,82467.0,
20499923,4103366.0,
9436632,89439.0,
17479907,4346631.0,
17225892,4863270.0,
569201,8546859.0,
6233390,20936.0,
10714446,417798.0,
3388855,97228.0,
3388855,322781.0,
3388855,417798.0,
13652,874602.0,
13654,874602.0,
13657,874602.0,
13657,730649.0,Illustrator
13658,874602.0,
13659,874602.0,
12168133,5012036.0,
2868888,10746.0,
186437,8185168.0,
186433,8185168.0,
186433,10763.0,illustrator
186439,8185168.0,
2215406,1023510.0,
101711,1069006.0,
101711,25523.0,Illustrator
2314165,567138.0,
29236440,23419.0,
3713038,108007.0,
15818358,146374.0,
15818358,660076.0,Illustrator 
15818357,3969859.0,
13576613,1217665.0,
13576618,5805694.0,
779002,3565.0,
779002,34636.0,Illustrator
71054,40173.0,
25853049,804399.0,
6838961,4735.0,
18517873,6540057.0,
35706083,7843051.0,
35706083,3519233.0,Editor
35706083,17061111.0,Editor
60400,34049.0,
10417398,7581.0,
31983,8476.0,
104091,60177.0,
104097,60177.0,
15748868,34049.0,
22046835,5865943.0,
15713696,40881.0,
180412,22543.0,
180411,22543.0,
512385,284897.0,
512387,284897.0,
512386,284897.0,
432561,110234.0,
6684306,30033.0,
8713857,3027554.0,
8713858,3027554.0,
13544424,874602.0,
8890606,1067608.0,
8890606,4388268.0,Adaptor
8890606,4595107.0,illustrator
8890606,4044040.0,illustrator
11510533,108424.0,
18777371,14002.0,
6586456,9237.0,
1106633,4841825.0,
1106633,955671.0,illustrator
30134512,7418796.0,
6409627,1330292.0,
7979789,1077326.0,
12712367,4107314.0,
28507,869.0,
28507,868.0,
5973711,12444.0,Writer
5973711,55811.0,Illustrator
5973711,14304.0,Illustrator
5973711,148765.0,Illustrator
5973711,57285.0,Illustrator
5973711,21708.0,Illustrator
12688952,4968404.0,
89552,44003.0,
16255632,2834177.0,
16255632,6627194.0,
16255632,6627195.0,
16255632,1104332.0,Editor
16255632,5481957.0,Illustrations
1814843,34049.0,
25778505,1302285.0,
10929432,3099544.0,
438353,12521.0,
13109207,6779.0,
32842453,1343790.0,
8684873,644349.0,
102136,58971.0,
20688907,3000192.0,
7893824,387612.0,
618303,10746.0,
618303,169487.0,Narrator
185200,1301649.0,
26797462,5303332.0,
2295829,15292.0,
7864147,1722834.0,
52628,10366.0,
52628,2767108.0,Illustrator
52629,10366.0,
19161794,1370283.0,
17464890,656983.0,
17464890,6971179.0,Illustrations
11260526,61939.0,
6691426,43393.0,
30528852,8446648.0,
6358401,4431689.0,
6358401,4431689.0,
1159679,567167.0,
24641825,4601855.0,
234908,11654.0,
234908,167932.0,
234906,11654.0,
234907,11654.0,
13580,8476.0,
13580,362098.0,Translator
12847364,133495.0,
6582496,33919.0,
13506,8185168.0,
23846062,4070979.0,
13801447,5292476.0,
15763671,6446311.0,
15763671,1124030.0,Illustrator
13624649,6268.0,
8600966,2828.0,
1898882,227382.0,
17832588,267687.0,
13148184,357601.0,
13148184,4619564.0,Narrator
13148184,1144378.0,Narrator
23268813,6905660.0,
3631122,78305.0,
16217699,6609948.0,
11738898,2846074.0,
244491,55474.0,
244496,48190.0,
80754,42540.0,
22895268,3849415.0,
22895268,2580449.0,Narrator 
6058062,54989.0,
17209757,5298677.0,
17878124,5990247.0,
24997064,8794.0,
15823466,5772158.0,
26342054,2372536.0,Editor
26342054,9237.0,
26342054,4414255.0,
26342054,2964564.0,
26342054,2918731.0,
33534890,1441013.0,
33534890,2895618.0,
21519379,5828387.0,
25270656,2559520.0,
25270656,4532873.0,
25270656,7349425.0,Narrator
2019191,917546.0,
8702030,2387.0,
119227,10517.0,
2933286,4861.0,
12866426,4154802.0,
833710,74046.0,
19521040,5091902.0,
19521040,5300258.0,Narrator
35273461,1228468.0,
18112194,202312.0,
25984485,4319300.0,
834518,989968.0,
525751,6245.0,
525751,6244.0,
525751,123344.0,Narrator
525752,6245.0,
525752,6244.0,
525752,337207.0,Illustrations
17239328,3506711.0,
28168228,16042316.0,
2106193,138742.0,
25772375,58.0,
3599870,240708.0,
222063,1221698.0,
9849587,4042181.0,
6663701,20936.0,
4,1077326.0,
13052452,5329790.0,
12414004,41942.0,
2419450,344618.0,
9070186,78111.0,
23608940,5284782.0,
15809617,374504.0,
25533076,1864374.0,
25533076,2973216.0,Translator
18324431,6876249.0,
6632182,1356509.0,
6632182,2991767.0,
6632182,504274.0,Introduction
17907464,6466778.0,
17464884,484534.0,
45101,25307.0,
9682967,177047.0,
16059346,4670825.0,
3329289,125984.0,
10999941,4385310.0,
3575676,50873.0,
51464,86404.0,
12189496,25422.0,Editor
12189496,30033.0,Editor
12189496,8347.0,
12189496,8730.0,
12189496,119848.0,
12189496,1443712.0,
12189496,2526.0,
12189496,150038.0,
12189496,11654.0,
12189496,179733.0,
12189496,546427.0,
12189496,10317.0,
12189496,277536.0,
10819920,142270.0,
17801891,309797.0,
11111890,4788613.0,
26114330,107170.0,
21393526,144323.0,
28695509,162936.0,
15836516,4145664.0,
662162,17618.0,
662162,546590.0,Illustrator
12380008,4458590.0,
25203675,13695109.0,
8543695,3125621.0,
276485,161096.0,
13624793,4965778.0,
25674390,25422.0,
12180248,173493.0,
68010,14032.0,
769060,3242.0,
22238158,7168230.0,
29069989,1077326.0,
29069989,5042201.0,Adaptation
29069989,3439408.0,Adaptation
18489280,7267647.0,
27811018,5762464.0,
21813327,4175419.0,
21813327,334840.0,Narrator
21063,66700.0,
21063,1627.0,Illustrator
21063,1996705.0,Editor
21060,12350.0,
21061,12351.0,
21061,2676580.0,Illustrator
21061,3510823.0,Illustrator
1522943,1077326.0,
1522943,123344.0,Narrator
11210739,1330292.0,
16004684,5152709.0,
18712887,6953956.0,
18712886,6953956.0,
6615018,7581.0,
27969087,4824952.0,
429618,13677.0,
429618,7877.0,Illustrator
23634902,5047249.0,
9670016,156522.0,
2941976,46474.0,
2941976,98992.0,Read by
662286,4766.0,
12052534,18967.0,
12052534,104179.0,
69136,38951.0,
161657,93726.0,
161657,526807.0,Illustrations
161653,93726.0,
161653,526807.0,Illustrations
15812201,36276.0,
730596,2938140.0,
730596,2938141.0,
730596,6603.0,Illustrator
730596,81323.0,Translator
478918,1077326.0,
478918,123344.0,Narrator
28449207,324620.0,
5660023,11047.0,
5660026,11047.0,
2287468,38569.0,
2287468,591108.0,Translator
17415685,4575289.0,
7037744,38550.0,
26807978,182166.0,
25785810,4337106.0,
9462073,3380908.0,
10357792,669810.0,
28355848,4499623.0,
6544598,50873.0,
31546428,2749820.0,
8601666,202438.0,
13537594,5227552.0,
7302794,9629.0,
7739723,4432.0,
20549455,7768076.0,
5086402,20575.0,
5086402,196012.0,Illustrations
3196330,777907.0,
22208277,4715088.0,
22208277,7371733.0,Translator
19297505,5619151.0,
3422799,91085.0,
14185,4764.0,
175983,31232.0,
9266753,209873.0,
1540890,116617.0,
29356115,150038.0,
7326879,4698899.0,
7326879,1945379.0,Translator
11455106,3200239.0,
31120462,8446650.0,
4259871,49177.0,
12373428,1005984.0,
4957406,10896.0,
1327767,3155347.0,
797077,26.0,
797074,26.0,
797079,26.0,
30230,9550.0,
3463179,694013.0,
25533199,6702517.0,
10352973,4615776.0,
11181274,19733.0,
237117,10006.0,
613876,34049.0,
25122002,17152.0,
519048,25422.0,
519048,25421.0,
30809786,7770873.0,
55399,31232.0,
55398,31232.0,
13604286,3486415.0,
33484,66700.0,
33484,1034277.0,Illustrator
33484,1996705.0,Editor
33482,66700.0,
33482,2401.0,Illustrator
33482,1996705.0,Editor
26183985,15872.0,
21353,9355.0,
21353,925.0,Narrator
24789796,7055613.0,
13530972,2847515.0,
2935819,2103666.0,
10182392,4698899.0,
10182392,1945379.0,Translator
8664283,1569666.0,
13373170,5424285.0,
2603681,1149276.0,
13281368,45315.0,
11153196,97045.0,
11413298,4336590.0,
3554429,164187.0,
102883,40983.0,
88496,50873.0,
7804289,2923539.0,
2475768,1100089.0,
6015060,887961.0,
259841,868.0,
259841,151890.0,
3218719,34049.0,
15819028,6466778.0,
16307045,6216688.0,
13349556,5422230.0,
1004335,18451.0,
668851,10885.0,
668851,721019.0,Introduction
1268916,611149.0,
698179,36343.0,
11163008,4807116.0,
14061105,5895608.0,
18052889,669810.0,
18052889,2743336.0,Narrator
2664597,26878.0,
29332920,72451.0,
29332920,15034723.0,
29332920,8089429.0,
29332928,14022401.0,
10778669,470025.0,
27969078,1194340.0,
13558157,5449630.0,
28179851,55547.0,
28179851,7711592.0,Narrator
112752,48206.0,
112750,48206.0,
112751,48206.0,
112754,48206.0,
112755,48206.0,
228191,3389.0,
17343391,298438.0,
17343391,25355.0,Translation
17343398,3405346.0,
17343399,133890.0,
17343399,3211011.0,Illustrations
613313,156522.0,
6295267,70532.0,
285098,8732.0,
285098,11358.0,
7966727,1301649.0,
17354771,2009613.0,
26625494,8152069.0,
352262,23894.0,
81060,4798562.0,
81062,4798562.0,
81068,25.0,
81069,25.0,
671560,42110.0,
17901769,5763301.0,
16116896,5263747.0,
11344755,61031.0,
11344755,427430.0,Illustrator
18291661,581549.0,
8530646,1177779.0,
7825292,8185168.0,
7167271,2740668.0,
32178678,7771316.0,
21518799,6543837.0,
6598207,99642.0,
1400424,3624.0,
17069123,1361508.0,
17069123,2870370.0,
25749309,3249098.0,
11851848,3111339.0,
841973,10885.0,
1456604,683580.0,
526423,656983.0,
526423,16191.0,Narrator
5973073,89622.0,
28017218,4558309.0,
6938348,415967.0,
12585612,1393696.0,Editor
12585612,17870.0,Series_editor
286041,4.0,
15797394,3329042.0,
13418976,71688.0,
13418976,3093275.0,Narrator
19337400,5752810.0,
33553,8726.0,
33555,8726.0,
17788233,4625596.0,
10901034,17061.0,
10901035,17061.0,
1158967,566874.0,
28592999,14454.0,
474059,1654.0,
474059,1221698.0,
8167001,2990843.0,
618207,1654.0,
618203,7581.0,
6720404,534366.0,
24727118,12099072.0,
10165761,47104.0,
22393174,5137530.0,
7261699,88685.0,
13568619,150038.0,Compiler
13568619,2507198.0,Compiler
21469090,298438.0,
21469090,25355.0,Translation
11825646,15872.0,
22702552,8380350.0,
31847104,4.0,
394856,27813.0,
28594830,8347.0,
13024589,4601855.0,
30251356,14552382.0,
34209180,6751021.0,
6488500,25422.0,
18296016,21911.0,
4935682,157663.0,
22529349,49177.0,
481739,269225.0,
239069,1023510.0,
10315802,580315.0,
18071697,5833021.0,
394726,61659.0,
394724,61659.0,
16173083,1332605.0,
16097516,142270.0,
16097516,15011468.0,narrator
24885636,13957.0,
24885636,277536.0,
24885636,2920678.0,
250296,33919.0,editor
250296,19305.0,Contributor
250296,163891.0,Contributor
250296,34828.0,Contributor
250296,1221698.0,Contributor
250296,16939.0,Contributor
250296,53193.0,Contributor
250296,84604.0,Contributor
250296,820990.0,Contributor
250296,12581.0,Contributor
250296,33918.0,Contributor
250296,122631.0,Contributor
250296,207866.0,contributor
17715409,7000882.0,
35662132,4154802.0,
15803910,3091065.0,
15803910,1411091.0,Translator
1197449,11654.0,
10835992,4730698.0,
17177392,4637539.0,
6933876,2891665.0,
6970,4708.0,
11757826,4959800.0,
11437971,2357.0,
26044839,4476934.0,
149047,68331.0,
149047,7779.0,
27245910,7105753.0,
18616071,4867939.0,
13423229,5458573.0,
15838964,6473931.0,
15838964,15294119.0,
17334051,17059.0,
25480329,2759175.0,
28449231,14831545.0,
25246093,13735283.0,
833438,1654.0,
833430,1654.0,
833436,1654.0,
30215481,30279.0,
13420494,5451511.0,
22365476,6489221.0,
12066190,4684322.0,
12066190,3124176.0,Narrator
1237435,1069006.0,
26064760,3406550.0,
3412806,107761.0,
12517169,656983.0,
336245,27498.0,
18631388,6466369.0,
344262,48206.0,
10425771,27874.0,
17167166,3433047.0,
13489203,4864634.0,
27856632,7822301.0,
27856632,13960652.0,
25362907,17328300.0,
16148435,1302285.0,
12279287,2891665.0,
12279287,526142.0,Narrator
19472467,4094557.0,
6545487,1441847.0,
13355017,3353667.0,
16036514,5786232.0,
7136020,497788.0,
9972882,1691206.0,
15768989,27498.0,
45102,25307.0,
6065215,167605.0,
6065215,202311.0,
13542846,6587.0,
18812362,137902.0,
6811283,33918.0,
22833921,8192911.0,
36237642,6937037.0,
23287202,7035308.0,
4147055,1757246.0,
8100267,589.0,
105657,24830.0,
105657,59749.0,
25181955,7390210.0,
1584974,1310735.0,
268442,43734.0,
12368123,2931654.0,
17303139,5752145.0,
26494476,3236643.0,
25111264,4715088.0,
22328541,5761580.0,
25646020,1221698.0,
21939160,5244611.0,
16083365,71688.0,
111023,1023510.0,
111022,64216.0,
111022,17054.0,
61879,16094.0,
189852,8732.0,
189852,11358.0,
25430202,4161354.0,Editor
25430202,9629.0,Introduction
25430202,2860219.0,Contributor
25430202,4721536.0,Contributor
25430202,5804101.0,Contributor
25430202,3020406.0,Contributor
25430202,7086094.0,Contributor
25430202,2063919.0,Contributor
25430202,9266.0,Contributor
25430202,1362876.0,Contributor
25430202,81017.0,Contributor
25430202,3252210.0,Contributor
25430202,85545.0,Contributor
25430202,4831561.0,Contributor
25430202,10746.0,Contributor
25430202,15292.0,Contributor
25430202,89973.0,Contributor
25430202,5135449.0,Contributor
25430202,214232.0,Contributor
25430202,6571700.0,Contributor
25430202,2868678.0,Contributor
25430202,276660.0,Contributor
8393531,941441.0,
1857440,225033.0,
1007458,41542.0,
7097866,81017.0,
12630771,4456693.0,
31291543,8152069.0,
7100301,48192.0,
768119,78024.0,
15990644,880695.0,
8501304,3220024.0,
28483277,8585043.0,
20740634,7765793.0,
480081,203916.0,
8897134,346732.0,
8897134,579648.0,Narrator
29429675,15061078.0,
20527020,17059.0,
1412852,2413.0,
1412852,341998.0,Illustrator
12697885,3389.0,
25810641,4476200.0,
25810644,7078867.0,
12854661,4719629.0,
13075659,6259.0,
1240131,8695.0,
2979594,786250.0,
18623474,4565834.0,
16074352,357601.0,
24213,8164.0,
24213,180439.0,Illustrator
24213,7105.0,Introduction
24216,8164.0,
24216,180439.0,Illustrator
24216,1169504.0,Introduction
24217,8164.0,
24217,180439.0,
24217,368402.0,Introduction
312050,179712.0,
17254223,5877921.0,
17229699,5116661.0,
13575637,108424.0,
19539095,2988406.0,
19539095,1411091.0,Translator
23253921,165168.0,
11476589,10518.0,
32021586,15872.0,
17238145,6888955.0,
9858504,200317.0,
7941200,3041100.0,
17332297,30812.0,
5996723,94892.0,
1142757,131208.0,
1142756,131208.0,
6282915,7577.0,
18685580,5042322.0,
33395234,7324271.0,
15721638,10317.0,
22449225,14097586.0,
29356073,150038.0,
10638776,2891665.0,
15015028,4323055.0,
15015023,3389.0,
710595,133710.0,
15829770,1100089.0,
149839,1654.0,
15765699,5446913.0,
18169430,4607856.0,
24468673,5073330.0,
5370708,1188608.0,
15854616,3081691.0,
15854616,6517538.0,Foreword
15854616,10154.0,Introduction
8612889,429197.0,
6437061,2917917.0,
519546,19954.0,
594625,1221698.0,
519548,19954.0,
20579287,48192.0,
20579281,6219675.0,
9728144,172490.0,
1254247,103359.0,
588495,6988.0,
588495,41003.0,Preface
588495,52850.0,Annotations
11699316,394904.0,
13449693,1330292.0,
17994284,7110072.0,
11595501,50873.0,Creator
11595501,29840.0,
11595501,4101698.0,
8267066,3321132.0,
767547,2614.0,
25816841,7307458.0,
25816841,4464496.0,Illustrations
16280689,4414255.0,
7802913,172487.0,
6967958,1080585.0,
22887589,38550.0,
31836443,1077326.0,
22320446,6949698.0,
293476,4522.0,
293476,27206.0,
293479,127492.0,
293479,7710.0,
293479,35010.0,
293479,27206.0,
293479,18327.0,
293479,12275.0,
293479,18015.0,Creator
9938941,4366471.0,
9938941,4474929.0,
475444,132369.0,
12157365,5073459.0,
16041572,3219496.0,
29749090,4342215.0,
13850,8605.0,
13854,1023510.0,
7189619,7941.0,
7189619,38820.0,
7189619,2759175.0,
71366,15873.0,
71366,25355.0,Translator
13275750,346732.0,
927979,10746.0,
3042114,145129.0,
12912519,4651111.0,
8927997,11571.0,
4407,1221698.0,
13062413,4637539.0,
13062413,1065493.0,Narrator
17120574,4606508.0,
5886162,435114.0,
18377559,21748.0,
18377559,2146135.0,Narrator
8161632,51118.0,
7421456,208650.0,
7421457,208650.0,
10755240,20248.0,
1143944,68750.0,
13590839,4718528.0,
15839460,4107194.0,
6043022,8794.0,
6043022,108281.0,Introduction
47701,1221698.0,
47701,12537.0,
47709,9345.0,
47708,9345.0,
47708,26806.0,
1338404,573850.0,
1338404,26170.0,
97505,56019.0,
7970273,445303.0,
26462167,6540057.0,
26462167,6478373.0,Narrator
7831145,71688.0,
7831146,2614.0,
13422774,1136158.0,
13422774,748787.0,Narrator
27870398,7076304.0,
9779511,8988.0,
116256,29535.0,
116254,29535.0,
203288,26.0,
2200913,8685.0,
13517212,4708453.0,
20588905,4432.0,
21927520,2843991.0,
6576403,155762.0,
6106143,105839.0,
10864459,4636.0,
9669543,4452712.0,
7894402,20248.0,
19549841,357601.0,
7294543,2855899.0,
9415964,1029349.0,
9415962,4605.0,
29208965,6591244.0,
28421168,4684322.0,
893763,6252.0,
893762,6252.0,
893761,6252.0,
893760,6252.0,
6966342,27498.0,
31453632,4882127.0,
6796450,445303.0,
127567,26.0,
13511946,1445909.0,
13067404,5314630.0,
3318765,3441.0,
17899422,3857639.0,
11785598,3618.0,
25917801,7341923.0,
29939366,3441.0,
3023520,94892.0,
7615403,2847542.0,
537070,153394.0,
31706476,73699.0,
18490534,6576853.0,
18490533,338705.0,
20102947,1369219.0,
6250169,1654.0,
682137,625.0,
673658,8732.0,
673657,8732.0,
25742644,5976337.0,
25742644,3118938.0,Illustrations
4836041,1006075.0,
714612,14219.0,
26125138,14224182.0,
10079321,142270.0,
17190483,4353071.0,
17999885,545315.0,
17999884,4721536.0,
10187639,590558.0,
13547232,389599.0,
7944608,15292.0,
26874821,15872.0,
13423121,2980339.0,
3922904,1139632.0,
17262167,20030.0,
30229,9550.0,
17185981,6868809.0,
41541,23419.0,
377663,82937.0,
377663,69163.0,
13546423,19733.0,
23168765,5145808.0,
23168762,107170.0,
2850734,1238111.0,
1037549,58325.0,
29740894,3106467.0,
12797516,1274141.0,
12986492,4175419.0,
18216396,7180266.0,
20792791,6540057.0,
20792791,6478373.0,Reading
25532530,8730.0,
28116863,27206.0,
10471419,5989.0,
23594042,4981235.0,
29807305,10746.0,
9308682,3085265.0,
6319120,2890288.0,
22050367,4181354.0,
15939894,999289.0,
15939894,843234.0,
7857727,18520.0,
13124584,445303.0,
25985881,25307.0,
6394410,15292.0,
17239873,108007.0,
6764787,180392.0,
18722328,6552441.0,
6508352,2946462.0,
17993765,7218927.0,
17993765,7102558.0,
34817962,5141144.0,
15812147,485536.0,
15812147,478346.0,Illustrator
754333,277536.0,
25901253,2868678.0,
28452362,14435011.0,
13564641,4558309.0,
13121244,11047.0,
8573642,4116488.0,
3259001,380770.0,
1904217,17060.0,
1045154,1069006.0,
1045154,25523.0,Illustrations
6466909,61939.0,
8538297,65137.0,
995127,3389.0,
995127,7431.0,Illustrator
6450262,175009.0,
23613,4699102.0,
23613,656983.0,Translator
23613,9533.0,Editor
23617,656983.0,
23617,9497.0,Editor
23617,9498.0,Editor
11291489,767547.0,
2830421,1654.0,
22845353,8423109.0,
6918909,2096360.0,
10257495,2944621.0,
25169886,1549088.0,
12598381,10746.0,
12598381,5817499.0,Narrator
16065736,1221698.0,"Author, Narrator"
321357,87305.0,
17149088,4629194.0,
250026,23138.0,
27171931,14593158.0,
27171931,7222680.0,
275470,21578.0,Editor
275470,16073.0,
275470,3497426.0,
12176820,4611069.0,
424975,696805.0,
424975,1630.0,Introduction
424975,223300.0,Translator
291548,32912.0,
20491017,1445909.0,
17662622,58.0,
7824468,3407490.0,
8433024,2742182.0,
7241254,15298.0,
7241251,15298.0,
13119986,48190.0,
144127,83308.0,
1006502,12521.0,
6773700,3045001.0,
14296543,5150716.0,
22233104,31425.0,
179033,12980.0,
252838,4338.0,
15869682,4983116.0,
5797595,36122.0,
271258,1977.0,
20299769,6457868.0,
18303570,7212904.0,
77721,2978119.0,
5280062,10896.0,
5280062,39414.0,Adaptor
5280062,901999.0,Illustrator
5280062,1197766.0,Colorist
7620611,2018764.0,
279545,5369.0,
463078,33502.0,Editor / Author
463078,3619.0,
463078,10518.0,
463078,127600.0,
463078,29479.0,
463078,870.0,
463078,34859.0,Contributor
463078,2794104.0,
463078,11906.0,
463078,9615.0,Contributor
463078,108260.0,
463078,2794098.0,
463078,237175.0,
463078,1282301.0,
463078,22547.0,
463078,20331.0,Contributor
463078,1223.0,
463078,2794097.0,
463078,721481.0,Contributor
463078,76471.0,
463078,22781.0,Illustrator
12970162,15890.0,
7568427,2940867.0,
7568427,2940868.0,Editor
7568427,8194109.0,Editor
7568425,2964564.0,
1216128,4699102.0,
1216128,8994.0,Translator
23430113,4305414.0,
2429217,40330.0,
14811468,175855.0,Editor
14811468,7581.0,Editor
14811468,4039811.0,
14811468,2895706.0,
14811468,2895707.0,
14811468,15292.0,
14811468,27206.0,
14811468,4018722.0,
14811468,1443712.0,
2653412,245099.0,
18693066,6644114.0,
1311727,65471.0,
10714886,4700629.0,
6274251,17015.0,co-author
6274251,17010.0,co-author
27774642,101078.0,
2529838,566874.0,
2529838,717304.0,Narrator
86238,36122.0,
22929080,445303.0,
6782653,404733.0,
90619,52074.0,
17296689,1051591.0,
12646335,8794.0,
17345314,6559113.0,
29893453,4575289.0,
435045,4428.0,
836593,75822.0,
836593,434927.0,
836592,75822.0,
836592,434927.0,
23014577,17060.0,
23014579,17060.0,
22586973,7391763.0,
31450615,8446650.0,
706047,7935185.0,
7031841,344618.0,
7793307,3396842.0,
477078,53988.0,
17393021,94091.0,
28504480,6259.0,
18012679,1402383.0,
11226926,33546.0,
11226926,406026.0,Editor
11226926,167605.0,Foreword
25431515,5042085.0,
25431515,7445462.0,Editor
25431515,13854746.0,Editor
8462082,45315.0,
13642237,2526.0,
13642237,4564814.0,Narrator
13642239,346732.0,
22610732,4575289.0,
17855442,6420480.0,
1666365,13726.0,
1821816,376347.0,
29785301,989897.0,
29785301,3370428.0,Illustrator
2264142,346732.0,
32025241,9629.0,
17317908,3441.0,
5941233,19954.0,
6361416,17061.0,
6361417,17061.0,
6361415,17061.0,
6361418,17061.0,
3261627,284897.0,
6314019,55820.0,
7093919,993682.0,
18683282,246590.0,
770876,29963.0,Editor
22598406,234253.0,
11365045,137902.0,
7936243,200317.0,
16652775,760392.0,
13530224,5771610.0,
24915310,3433047.0,
201381,5217055.0,
18492859,20248.0,
25852735,4280.0,
3912602,8794.0,
18209370,505695.0,
8550277,28550.0,
8702912,5329.0,
4895622,273501.0,
4895622,341985.0,
4895622,287459.0,Illustrator
34696801,4735144.0,
8835897,3408349.0,
8835897,131208.0,
13590715,4752492.0,
86890,1169504.0,
86895,1169504.0,
13628670,5137209.0,
1251979,387612.0,
239922,3619.0,
239922,8489.0,
12457874,226816.0,
71370,15873.0,
71370,25355.0,Translator
53539,30279.0,
53538,30279.0,
258313,25.0,
37240,20936.0,
28084013,14732723.0,
616694,100752.0,
8848084,78111.0,
599960,16939.0,
6377579,1443712.0,
25041423,3226226.0,
333709,7577.0,
6547560,50873.0,
6933096,1713558.0,
6933095,1713558.0,
13624484,2664913.0,Author
13485266,5130837.0,
20706320,4919495.0,
20706320,2086916.0,Illustrator
577302,24902.0,
577302,26414.0,Illustrator
34507,1654.0,
6261023,48397.0,
23601046,2918731.0,
11966692,338705.0,
7801124,3020684.0,
16290044,6849375.0,
16290049,225689.0,
183660,13677.0,
12733708,2120001.0,
17341173,5785462.0,
714059,656983.0,
714059,16191.0,Narrator
1275409,51422.0,
21900138,7026053.0,
377592,37060.0,
11356211,4785031.0,
1524269,497291.0,
8786358,1045593.0,
18754961,625.0,
8396505,74488.0,
22888006,15872.0,
770614,10087.0,
24690856,4208569.0,
24690856,2961721.0,Narrator
24690857,4208569.0,
24690857,2961721.0,Narrator
372306,6252.0,
16102288,999289.0,
16102288,843234.0,
17623976,1373880.0,
17623976,163934.0,Illustrations
7879891,1023510.0,
350790,81096.0,
1913178,6986.0,
1913178,2804058.0,Illustrator
25784985,5044365.0,
25784985,15412.0,
6793336,179712.0,
22543948,3017135.0,
7560658,1975671.0,
627682,212514.0,
84527,4841825.0,
29241335,709302.0,
3755301,257093.0,
7326833,153732.0,
7326833,1411091.0,Translator
3148116,11078.0,
8495686,509706.0,
12572995,5105592.0,
7022166,225455.0,
7022166,4393224.0,
21416669,8037470.0,
7222262,88506.0,
13552772,1252977.0,
6726595,9550.0,
30145666,15872.0,
30145666,14920.0,Illustrations
26117888,8730.0,
22544764,8730.0,
18054373,4601855.0,
11850834,140125.0,
13249366,58.0,
17672483,7014006.0,
39097,22042.0,
11558256,4615776.0,
739891,46138.0,Editor
739891,46137.0,Editor
739891,26897.0,Contributor
739891,194172.0,Contributor
739891,4584097.0,Contributor
739891,53256.0,Contributor
739891,329320.0,Contributor
739891,7601.0,Contributor
739891,2998967.0,Contributor
739891,15188.0,Contributor
739891,52074.0,Contributor
739891,12991.0,Contributor
739891,22545.0,Contributor
739891,8842.0,Contributor
739891,21158.0,Contributor
739891,5989.0,Contributor
739891,1448.0,Contributor
739891,762807.0,Contributor
739891,27528.0,Contributor
739891,33502.0,Contributor
739891,3524.0,Contributor
739891,490342.0,Contributor
739891,69469.0,Contributor
6364718,225033.0,
8146350,3519676.0,
25560245,150038.0,
13601629,874602.0,
6468812,2930749.0,
8313727,2755160.0,
2242097,19733.0,
23208665,256775.0,
239917,3619.0,
10466374,2869550.0,
20957444,21748.0,
20957444,2146135.0,Narrator
6747545,48192.0,
769902,346732.0,
220944,46137.0,Editor
220944,24.0,editor & author
220944,8185168.0,
220944,27704.0,
220944,25.0,
220944,11889.0,
220940,129262.0,
10157066,146374.0,
6083211,1654.0,
6083210,1654.0,
159764,34408.0,
159764,34409.0,
159764,34410.0,
837197,435114.0,
26853604,8660.0,
11968799,338705.0,
7197913,272814.0,
20076,26.0,
20076,11906.0,
20074,26.0,
20074,11906.0,
20075,26.0,
20075,1948907.0,
20078,26.0,
20078,568312.0,Illustrator
24930075,7855177.0,
18133040,5272503.0,
18455501,7067535.0,
12925631,137386.0,
15815762,2924930.0,
9296389,18967.0,
9296389,104179.0,
10305156,324620.0,
13573634,3389.0,
13573634,6941.0,
18479538,6925118.0,
862350,7581.0,
862356,6206.0,
69833,39301.0,
13451641,5429635.0,
14435434,138926.0,
252589,19472.0,
22617086,8066295.0,
24590694,2559520.0,
24590694,4532873.0,
21345051,25422.0,
24331517,1221698.0,
24331517,59749.0,Illustrations
24331513,4074051.0,
24331513,6588489.0,Narrator
18581604,6521898.0,
20562690,38550.0,
20562690,8435196.0,Narrator
20562690,494654.0,Narrator
19310143,105839.0,
19310143,494654.0,Narrator
28110867,632028.0,
28110864,7737191.0,
6056287,1248068.0,
11250433,3020553.0,
715277,88014.0,
20935097,5407915.0,
2981807,2614.0,
6419093,11654.0,
6419093,941441.0,
6419093,17054.0,
6419093,268304.0,
6419093,157676.0,
603260,166104.0,
603268,869.0,
603268,868.0,
22914,2938140.0,
22914,2938141.0,
22914,15620.0,Editor
22914,1169504.0,Introduction
22914,68038.0,Illustrator
22914,1715298.0,Illustrator
22914,79861.0,Illustrator
22914,461016.0,Illustrator
22914,287459.0,Illustrator
22914,69163.0,Illustrator
25489443,25.0,
17206921,1221698.0,
17206921,59749.0,Illustrator
22549,3389.0,
13641916,2526.0,
13641916,4564814.0,Narrator
9753545,4212479.0,
1167144,190887.0,
24683898,2063919.0,
28220944,5214733.0,
28220942,644349.0,
23848098,4522.0,
18248513,1214140.0,
18248512,1034567.0,
21535271,108424.0,
21535271,4173628.0,Illustrator
10376272,1239645.0,Editor
10376272,860538.0,
10376272,49377.0,
10376272,177049.0,
10376272,196212.0,
10376272,2944621.0,
10376272,2892154.0,
10376272,226035.0,
10376272,275252.0,
10376272,1058653.0,
10376272,7231.0,
10376272,491442.0,
10376272,28544.0,
10376272,128231.0,
10376272,870.0,
10376272,296477.0,
10376272,3084517.0,
10376272,580315.0,
10376272,172169.0,
882557,58971.0,
15827344,1330292.0,
23156034,8106692.0,
17281919,4610078.0,
30256272,5774.0,
26038790,7334288.0,
597040,1654.0,
22567177,8649.0,
6477991,79006.0,
6477991,2738273.0,Illustrator
16231091,10746.0,
16231091,203762.0,
16231091,4686275.0,Illustrations
22884860,2923539.0,
9519042,426034.0,
8865417,272848.0,
11996192,5029662.0,
11714579,15872.0,
25858039,298438.0,
25858039,25355.0,Translation
13502958,8588.0,
18815399,1023510.0,
18815399,763115.0,Editor
2278298,65137.0,
680326,12030.0,
9087239,27100.0,
6324492,241301.0,
26004636,14190583.0,
26004636,14190585.0,
29502206,5806077.0,
259586,151717.0,
24154742,4175419.0,
22750066,6226487.0,
17568538,7539408.0,
9729882,4468635.0,
25800746,10220217.0,
12970063,110153.0,
8556375,37060.0,
16059484,504038.0,
17907054,2860219.0,
20331482,150038.0,
18138189,5804101.0,
455218,7577.0,
7114946,2846074.0,
57457,32401.0,
1678741,2614.0,
17978165,110234.0,
26114340,4175419.0,
13478247,5726831.0,
23360729,6474348.0,
23212705,6538289.0,
23212705,2547175.0,Narrator
23212705,6007140.0,Narrator
23212705,3462055.0,Narrator
23212705,358889.0,Narrator
23212705,836953.0,Narrator
23212705,1271336.0,Narrator
22859804,40881.0,
22859804,4149342.0,
22859804,4400405.0,
22859804,4245438.0,
10358606,2847534.0,
4769247,375626.0,
11776582,4965091.0,
11313,7308.0,
11312,7308.0,
11310,7308.0,
7913339,10896.0,
20782719,7581.0,
17206636,4430.0,
1666226,146374.0,
8032681,1783576.0,
28459688,6880615.0,
12304615,5096013.0,
1433530,5209023.0,
13446529,4573983.0,
25601399,5141144.0,
29337291,8164.0,
29337291,1012225.0,Narrator
7991204,83389.0,Editor
7991204,3013716.0,
7991204,26724.0,
7991204,1186731.0,
7991204,2507196.0,
7991204,4599666.0,
7991204,2742697.0,
7991204,153287.0,
7991204,6540735.0,
8069535,345630.0,
6402666,48206.0,
20814989,7314532.0,
23657459,4919495.0,
662639,8659.0,
2005,1077326.0,
7701275,200317.0,
222660,5339.0,
76620,7717.0,
170453,811.0,
9766146,2895074.0,
2689941,49177.0,
2689941,663796.0,Narrator
22693149,780120.0,
11318315,2895706.0,
11318315,2895707.0,
6448470,89439.0,
6448471,89439.0,
21874581,6868809.0,
294233,8596.0,
25817312,9832533.0,
338122,1967.0,
338121,1967.0,
3389200,1431671.0,
3389200,35237.0,Illustrator
6681333,293603.0,
18774897,7382047.0,
18774897,7382048.0,Illustrations
18774897,8034909.0,Storyboards
9767135,165168.0,
17234664,1192311.0,
18952405,7169579.0,
1339851,4430.0,
1339851,8110.0,
1339851,136127.0,
215342,656983.0,
15837396,6471427.0,
17370618,1330292.0,
853577,57462.0,
27212100,7822301.0,
27212100,13960652.0,
13648596,4890182.0,
13648596,570657.0,Narrator
37340,1356336.0,
7739934,200317.0,
6411849,27206.0,
8801543,4178213.0,
29547345,5049521.0,
47905,26878.0,
47907,26878.0,
47906,26878.0,
18746214,4476934.0,
4781772,1990801.0,
580446,242006.0,
12602428,5130239.0,
17453991,75822.0,
17453991,4154926.0,
249992,3389.0,
22561350,4476934.0,
22561351,4684322.0,
7913590,15292.0,
2464878,188719.0,
13624584,4499623.0,
23573808,6554504.0,
23573808,6982197.0,
9648068,2310121.0,
18167000,7163018.0,
6282143,146374.0,
6282143,660076.0,Illustrator 
20726830,6913156.0,
546113,8596.0,
7801229,125308.0,
3868437,19005.0,
3868437,13635.0,
3868437,250172.0,
7206935,32911.0,
7206935,1023510.0,
17910091,5145808.0,
17910096,4522.0,
26023794,38954.0,
26023794,3618.0,
26023794,41878.0,
1411713,15590.0,
11711049,17061.0,
18396747,6553902.0,
2294528,4260.0,
10165036,4568610.0,
3607543,61659.0,
10557809,21748.0,
10557809,71688.0,
10557809,24009.0,
10557809,28544.0,
117684,1221698.0,
117684,12537.0,
117684,601095.0,Narrator
28375683,4558309.0,
13556766,2063919.0,
13556766,4132657.0,Narrator
29960675,15194090.0,
29960675,5386858.0,Narrator
9583173,3009541.0,
8864550,1171163.0,
8511330,108173.0,
25326486,4459639.0,
119322,3618.0,
17447896,6965804.0,
511206,8685.0,
28497161,8634130.0,
2246937,4432.0,
428041,88922.0,
428041,202254.0,Illustrator
428042,88922.0,
6730372,36175.0,
189161,110249.0,
807968,371202.0,
9835932,50.0,
362053,32914.0,
362055,32915.0,
362055,1023510.0,Based On Work by
8983,5833.0,
375815,1831.0,
16174578,4728994.0,
34388622,16492804.0,Pseudonym
34388622,3346109.0,
12384652,5244478.0,
12384652,850475.0,Illustrator
18721218,4919495.0,
11859244,79589.0,
2204464,13677.0,
6382661,4735.0,
5597552,7581.0,
22978079,1330292.0,
845651,7610.0,
18143822,153732.0,
2079686,9072.0,
1295059,13733.0,
24396991,4011455.0,
18054018,9072.0,
31920528,6521898.0,
25474336,969639.0,
11795956,1486959.0,
1001544,6252.0,
30025336,1330292.0,
9592877,3116117.0,
589836,1221698.0,
589836,10365.0,Illustrations
7906020,130045.0,
22728670,15872.0,
22728670,14920.0,Illustrations
6342491,125308.0,
8112340,28569.0,
3002366,53062.0,
3002366,74046.0,Created by
18366353,7233453.0,
35669485,7235297.0,
9636838,153733.0,
16099153,9355.0,
17852683,15292.0,
11457225,3242087.0,
12067894,5049815.0,
10812824,2599416.0,
13604490,8794.0,
93124,1077326.0,
676737,481146.0,
10331417,3041100.0,
19041032,7581.0,
29566060,7275172.0,
661318,215177.0,
556610,1067608.0,
21965074,38550.0,
415807,65471.0,
25986688,14185645.0,
3629286,1221698.0,
9837489,815.0,
701795,7581.0,
13233726,5074162.0,
17859577,8685.0,Editor
17859577,6627236.0,
17859577,919348.0,
17859577,1967.0,
17859577,2845578.0,
17859577,316778.0,
17859577,9615.0,
17859577,8341354.0,
17859577,8691.0,
17859577,3247074.0,
17859577,878623.0,
17859577,6627235.0,
17859577,34850.0,
17859577,38234.0,
17859577,2799345.0,
17859577,69803.0,
17859577,4080505.0,
17859577,1071572.0,
17859577,5324146.0,
17859577,721481.0,
17859577,1167218.0,
1404465,153732.0,
8597974,1722834.0,
5830325,41874.0,
42140,23704.0,
13543121,4712375.0,
19424401,38550.0,
3073975,54970.0,
15800553,5502630.0,
15800553,7448765.0,Illustrator
114163,625.0,
27266,15292.0,
12685077,5502630.0,
12685077,7448765.0,Illustrator
317540,21071.0,
317547,1023510.0,
317547,38546.0,Illustrator
23253083,125308.0,
224529,9766.0,
14781453,941441.0,
17838913,48192.0,
13539723,5773867.0,
7706970,153732.0,
26026040,6268.0,
22877346,3159299.0,
284056,8924.0,
284056,584737.0,Illustrator
1121717,552338.0,
225594,17060.0,
25147796,4342215.0,
25147796,13787482.0,Narrator
25147796,13787483.0,Narrator
13526176,2988406.0,
13526176,1411091.0,Translator
13038786,5137209.0,
11953583,4858270.0,
14755025,4951964.0,
11166687,4824985.0,
23157777,25307.0,
2391371,23417.0,
984792,346732.0,Author and Editor
984792,70454.0,Contributor
984792,4601681.0,Contributor
984792,725899.0,Contributor
984792,111819.0,Contributor
984792,15018.0,Contributor
984792,4659292.0,Contributor
984792,74608.0,Illustrator
984792,215971.0,Contributor
984792,2924742.0,Contributor
984792,2924773.0,Contributor
140149,27704.0,
140149,22548.0,
140146,27704.0,
140143,27704.0,
29541796,15009385.0,
17315547,15292.0,
517115,15489.0,
3259963,162932.0,Editor
3259963,98903.0,Contributor
3259963,162931.0,Contributor
3259963,23023.0,Contributor
3259963,33919.0,Contributor
3259963,67272.0,Contributor
3259963,53193.0,Contributor
3259963,277536.0,Contributor
3259963,19305.0,Contributor
3259963,234088.0,Contributor
3259963,207286.0,Contributor
3259963,22631.0,Contributor
3259963,57814.0,Contributor
9407790,3408173.0,
905559,38951.0,
6673065,3006397.0,
6735471,48192.0,
7113496,60177.0,
22929540,359109.0,
3087901,2465550.0,
23735606,3097905.0,
924059,165168.0,
869314,9016.0,
8449537,10746.0,
8449537,5817499.0,Narrator
821126,4522.0,
25543181,221253.0,
1136916,22542.0,
690926,941441.0,
18337823,4513317.0,
18337823,6432817.0,
17727238,4601855.0,
23659068,7225852.0,
19852,31.0,
19855,31.0,
22750124,87305.0,
501433,1429808.0,
2959009,911081.0,
2959009,255288.0,Illustrator
6640557,27140.0,
6640559,22369.0,
33574143,4088550.0,
25584230,1106214.0,
6440653,71081.0,
6440653,8537.0,Translator
32586871,71688.0,
16941295,6806428.0,
11193959,64364.0,
2958524,752898.0,
9802372,10317.0,
8198773,1042536.0,
7962513,1373880.0,
7962513,163934.0,Illustrator
23178793,6543639.0,
13340658,5419377.0,
205034,119830.0,
9396154,3111339.0,
9634283,3112090.0,
7980199,59165.0,
22057201,137902.0,
25817454,7993.0,
10675526,9494.0,
10675526,406026.0,
10675526,3013902.0,
8665134,8988.0,
8153169,150810.0,
312399,3618.0,
13049981,3290920.0,
1004057,273618.0,
1004057,4100862.0,
9860847,2731809.0,
11547894,410993.0,
13579626,2936493.0,
1335601,38840.0,
25430760,13854562.0,
6052385,12695.0,
13638125,7168230.0,
13638125,3099544.0,
12444,7717.0,
12442,7717.0,
538379,1356336.0,
12109352,2949152.0,
15985344,449135.0,
15985348,17061.0,
10579321,3486415.0,
483007,269884.0,
1244287,136127.0,
1244289,136127.0,
180455,105220.0,
12348550,2891665.0,
16078245,5099865.0,
16078245,5219609.0,
23303508,5049079.0,
432522,48192.0,
5038,3441.0,
317616,139575.0,
1199972,5816.0,
1799478,823146.0,
1138943,1077326.0,
1138943,2927.0,Illustrator
11035999,4539741.0,
17251354,6893188.0,
445623,250553.0,
16120434,6568891.0,
26130934,7277852.0,
20821288,221253.0,
1281393,3502.0,
18480414,421434.0,
2754526,153738.0,
36250300,6572969.0,
1490436,656983.0,
1490430,656983.0,Creator
1490430,42156.0,Illustrator
1490430,28709.0,Adapter
1490430,150123.0,Adapter
13824,3619.0,
295169,46130.0,
295169,8658.0,Illustrator
28543,26.0,
28541,26.0,
18273368,6429243.0,
26074194,6520834.0,
22481409,2960227.0,
12567057,15873.0,
25762309,13808431.0,
7894642,25.0,
7312120,27379.0,
16488,10082.0,
16489,10082.0,
16482,10082.0,
341735,19651.0,
294158,625.0,
12888138,5277290.0,
6527841,22542.0,
25065502,2741079.0,
14342632,2924895.0,
22087268,3406550.0,
916375,36122.0,
916375,36175.0,
34323291,4106197.0,
24870101,6538289.0,
828398,656983.0,
828395,4432.0,
34020282,2981534.0,
467457,261937.0,
25879858,114528.0,
25903400,5762464.0,
5961418,361963.0,
16173250,6588802.0,
6557156,1045593.0,
444318,249843.0,
444318,478703.0,Illustrator
444316,4260.0,
444314,4260.0,
444315,4260.0,
18334136,6587520.0,
18108474,324620.0,
13624688,2331.0,
23014840,4615084.0,
8943012,4221284.0,
22613067,5387551.0,
10050463,150038.0,
1087196,270939.0,
1133980,7581.0,
20949596,3107898.0,
7880122,3427236.0,
840699,1077326.0,
4955479,380770.0,
6665849,63669.0,
13597755,5815432.0,
7061706,5989.0,
7061706,53256.0,
27761757,8588556.0,
7082115,17015.0,
7082115,17010.0,
9636371,35023.0,
12260608,5100095.0,
192977,1387927.0,
16090084,1047356.0,
16090084,19823.0,
25101370,1141209.0,
12648008,162678.0,
15823425,59165.0,
10322714,1290625.0,
3007704,1100593.0,
9414170,14470.0,
9414170,6878812.0,Translator
15711279,4830336.0,
17118894,2895706.0,
17118894,2895707.0,
7656228,1312879.0,
7656222,4579328.0,
1180618,494916.0,
260985,10517.0,
260985,34430.0,
28101803,4615377.0,
2337379,1077326.0,
2621176,8835.0,
11040554,5009050.0,
6150453,20559.0,
32573000,4342215.0,
8900186,137902.0,
22739835,108424.0,
33838972,1067608.0,Editor
33838972,3874635.0,Editor
33838972,8178928.0,Contributor
33838972,6889348.0,Contributor
33838972,5258016.0,Contributor
33838972,3405346.0,Contributor
33838972,6462760.0,
33838972,144323.0,Contributor
33838972,4175512.0,Contributor
33838972,4097558.0,Contributor
33838972,2768002.0,Contributor
33838972,36276.0,Contributor
33838972,4682018.0,Contributor
33838972,6683690.0,Contributor
33838972,6860265.0,
33838972,6706503.0,
33838972,14676627.0,
33838972,8391936.0,
33838972,7106859.0,
33838972,7202755.0,Contributor
33838972,4451294.0,Contributor
3040605,96909.0,
26220671,14249578.0,
567675,20560.0,
567670,1654.0,
17875224,7073461.0,
23346759,1654.0,
23346759,6870042.0,Illustrator
15783718,17064.0,
22428704,7060641.0,
22428707,4279785.0,
23289299,8633042.0,
24000252,33503.0,
24000252,11117669.0,
24000252,86137.0,Editor
24000252,8474787.0,Contributor
32825530,16032695.0,
12039534,5042085.0,
23582973,542967.0,
23582973,14834295.0,
4491658,1874279.0,
25938482,6951449.0,
32670125,33773.0,
31160885,7334288.0,
8485458,27498.0,
15803761,2995873.0,
51429,28946.0,
51429,1310149.0,
51428,2526.0,
10800916,4154802.0,
11261730,114283.0,
596884,1654.0,
7640705,33467.0,
7640705,405334.0,Narrator
16114834,4305414.0,
7939759,543080.0,
7939759,3009553.0,Illustrator
20613491,3406550.0,
13547152,137553.0,Illustrations
24611432,4342215.0,
12947743,4427603.0,
40271,589.0,
24874320,4699102.0,
13063813,4124788.0,
8272991,108007.0,
8272997,153741.0,
10790180,57858.0,
10790180,1656.0,
23854,4497.0,
23853,4497.0,
25203631,30279.0,
13584821,3183649.0,
7098304,4428.0,
305307,3618.0,
3312182,58325.0,
93220,38840.0,
93220,406026.0,"Editor, Introduction and Notes"
2093969,16839.0,
2093969,34161.0,Illustrator
2093969,1221698.0,Introduction
22758617,25307.0,
609057,10885.0,
609057,22653.0,Introduction
22587685,8158527.0,
713214,1077326.0,
34219880,16428205.0,
72878,19558.0,
18630439,5416090.0,
6130616,9629.0,
17448424,270487.0,
24751478,137902.0,
13615701,3486415.0,
18104748,1302285.0,
17571317,1556719.0,
7916204,16154.0,
19312,410653.0,
19312,190377.0,Illustrator
19312,230701.0,Translator
6050298,48206.0,
15812241,1398410.0,
478951,31232.0,
317449,6587.0,
20530933,1221698.0,
20530933,62104.0,Illustrations
29102939,5354687.0,
17164123,5226809.0,
2337263,1221698.0,
2337263,188344.0,Illustrator
2337265,1221698.0,"Author, Narrator"
23282183,3138620.0,
17840598,5133625.0,
6869353,6268.0,
7789830,2599416.0,
18239142,7188768.0,
9376345,15292.0,
18812409,30819.0,
257971,346732.0,
325151,186767.0,
325151,168720.0,Translator
325151,3971038.0,Illustrator
25688995,835348.0,
297891,171845.0,
297898,81017.0,
8130839,3041100.0,
25868425,7808827.0,
20549492,3969859.0,
22208238,3780.0,
11773554,1357414.0,
6455061,2924454.0,
15722934,17059.0,
18002276,457300.0,
18002276,11210.0,Illustrator
15743703,9629.0,
7090447,15872.0,
582569,1221698.0,
28220699,5046525.0,
12399654,5141684.0,
17448817,5127753.0,
288680,1654.0,
17407183,6950877.0,
23940909,7301119.0,
7848975,72678.0,
710437,119830.0,
11455148,1857564.0,
839223,8349.0,
106081,21911.0,
1809175,827236.0,
1809175,2541147.0,Illustrations
18206781,3938141.0,
11049606,27206.0,
11049606,174708.0,
8312889,22369.0,
25894017,27140.0,
20890556,18879.0,
29564630,165168.0,
13536515,13557729.0,Adaptation
13536515,346732.0,
13536515,2924855.0,Artist
1824432,833687.0,
106666,24274.0,
18242185,7189997.0,
15847212,4115952.0,
2353644,108173.0,
534415,869.0,
534415,868.0,
11594414,3387889.0,
7479205,125308.0,
199929,17054.0,
199929,17059.0,
199929,35022.0,
199929,137386.0,
18190046,7111759.0,
21528366,346732.0,
9874342,1192311.0,
27871283,3433047.0,
13017569,4372737.0,
6765788,3857639.0,
13546912,4949972.0,
351964,40983.0,
17675467,374504.0,
17675462,1330292.0,
17675463,3099087.0,
21318,6206.0,
2223324,616.0,
17736129,5284782.0,
17736129,5169670.0,
1397874,94892.0,
13537213,5772887.0,
7708482,125984.0,
973598,14870.0,
973598,8170.0,Introduction
2409564,20559.0,
13109291,25307.0,
3328803,1407193.0,
27904311,15872.0,
569346,311365.0,
569346,1411091.0,Translator
22892113,150038.0,
23506972,1330292.0,
76566,89977.0,
76566,282609.0,
76566,20559.0,
13737,8538.0,
13737,6456544.0,
13737,8536.0,Illustrator
13737,1041777.0,irasuto
13737,3855865.0,Translator
13737,8537.0,Translator
13735,1977.0,
13733,1977.0,
6680441,64364.0,
6395698,1239645.0,Editor
6395698,860538.0,
6395698,1342997.0,
6395698,1346721.0,
6395698,2465550.0,
6395698,177046.0,
6395698,269168.0,
6395698,870.0,
6395698,316778.0,
6395698,543507.0,
6395698,129540.0,
6395698,648874.0,
6395698,67431.0,
6395698,364069.0,
6395698,93029.0,
6395698,1508570.0,
6395698,275252.0,
6395698,102125.0,
6395698,3276305.0,
6395698,3276306.0,
12168299,2261547.0,
30375956,445303.0,
22609559,7382047.0,
22609559,7382048.0,Illustrations
22609559,8034909.0,Storyboards
25998681,14203127.0,
10834872,276660.0,
5576634,26875.0,
543300,6988.0,
938424,1654.0,
938425,1654.0,
938425,582735.0,Narrator
5473470,2372536.0,Editor
5473470,7581.0,Contributor
5473470,8660.0,Contributor
5473470,25307.0,Contributor
5473470,8695.0,Contributor
35268619,6653786.0,
6681614,1330287.0,
383143,41874.0,
18295869,2891665.0,
7896014,272814.0,
7687351,61659.0,
13042766,3491812.0,
8849393,25422.0,
8849393,4190496.0,Illustrator
10824346,370361.0,
10824346,80760.0,
10824346,4158371.0,Narrator
613358,307629.0,
5287473,2261547.0,
632752,58124.0,
11594370,182166.0,
11594370,63924.0,Illustrations
7833099,2905297.0,
81026,27500.0,
509983,8347.0,
972801,7116.0,
22065067,644355.0,
29496471,3297526.0,
829421,431825.0,
13451854,3397290.0,
15841027,23894.0,
567704,10366.0,
13380480,4430.0,
13380480,1383797.0,
6594657,836009.0,
9884419,4505225.0,
499181,19838.0,
499181,47011.0,Illustrator
18505811,7273669.0,
26367010,5257588.0,
26160162,9852801.0,
5465115,234115.0,
13087212,5342474.0,
10062696,387612.0,
200711,1654.0,
23137330,16143.0,
7761369,2134487.0,
13112921,5351849.0,
7797366,9550.0,
2238093,25422.0,
2238093,25421.0,Illustrator
7220447,3196716.0,
539127,3389.0,
539127,6941.0,
3218173,8127.0,
3218173,4947.0,Introduction
13512785,338705.0,
25803733,4400405.0,
945176,184918.0,
10445208,445303.0,
16270004,1691206.0,
554286,656983.0,
554286,8658.0,Illustrations
9732091,26796.0,
7762777,346732.0,
17723131,4606484.0,
13355781,5170812.0,
25388015,4342215.0,
17297488,2828923.0,
13623846,4476200.0,
13623846,44524.0,Illustrations
18868405,7054485.0,
463376,23069.0,
11417074,3500801.0,
463378,23069.0,
7971985,19733.0,
8306725,8596.0,
104599,1221698.0,
104594,24901.0,
104594,1221698.0,Introduction
15993695,5817325.0,Editor
15993695,5265741.0,Contributor
15993695,5445209.0,Contributor
15993695,7830122.0,Contributor
15993695,5009570.0,Contributor
15993695,5116849.0,Contributor
15993695,4121665.0,Contributor
15993695,5077530.0,Contributor
15993695,5989409.0,Contributor
15993695,5351607.0,Contributor
15993695,6457635.0,Contributor
15993695,5157126.0,Contributor
15993695,5309409.0,Contributor
15993695,1958588.0,Contributor
16175164,5042322.0,
17913467,88506.0,
17913467,3118607.0,Narrator
11029854,4698899.0,
11029854,1945379.0,Translator
5168977,2526.0,
5168977,150038.0,
5168977,1192311.0,
5168977,10317.0,
5168977,771.0,
762504,13731.0,
7133900,3005522.0,
8706507,200317.0,
10422778,4245438.0,
18651982,4260.0,
18651982,324500.0,
22053658,165168.0,
7106736,498072.0,
1169859,23284.0,
13542374,8685.0,Editor
13542374,2772185.0,
13542374,316778.0,
13542374,69803.0,
13542374,897490.0,
13542374,1167218.0,
13542374,5324146.0,
13542374,8691.0,
13542374,3247074.0,
13542374,1071572.0,
13542374,28045.0,
13542374,4080505.0,
13542374,919348.0,
13542374,878623.0,
13542374,2799345.0,
13542374,34850.0,
13542374,721481.0,
44323,9072.0,
244572,4260.0,
21853774,7190350.0,
30289169,6444266.0,
25388580,7581.0,
218756,36521.0,
28114552,1161372.0,Series Editor
28114552,1448.0,Editor
28114552,8057745.0,Contributor
28114552,16022729.0,Contributor
28114552,2919603.0,Contributor
28114552,11932369.0,Contributor
28114552,4511347.0,Contributor
28114552,9820123.0,Contributor
28114552,144323.0,Contributor
28114552,91717.0,Contributor
28114552,228678.0,Contributor
28114552,4648324.0,Contributor
28114552,130698.0,Contributor
28114552,5760737.0,Contributor
28114552,377417.0,Contributor
28114552,36615.0,Contributor
28114552,3039800.0,Contributor
28114552,24902.0,Contributor
28114552,4918514.0,Contributor
28114552,5258016.0,Contributor
28114552,338705.0,Contributor
28114552,110153.0,Contributor
9765460,282919.0,
2495564,108424.0,
2495567,108424.0,
2495561,108424.0,
2495562,108424.0,
2495563,108424.0,
18215201,7172819.0,
27779008,4864215.0,
27779008,6591473.0,
12759057,13557729.0,
587293,5255014.0,
587293,6377.0,Introduction
587293,680177.0,Illustrations
363404,1036736.0,
11878058,4915737.0,Idea
6386479,470587.0,
25843018,4737213.0,
29984535,15200357.0,
29984535,15200358.0,
6503535,2944621.0,
6944032,4430.0,
6662414,25307.0,
6662410,3002543.0,
10649555,4430.0,
23867347,7152490.0,
17612517,146374.0,
17612519,27206.0,
17612519,174708.0,
13565800,5786219.0,
334038,46474.0,
351023,18451.0,
351021,116981.0,
25893837,363130.0,
25893837,6836.0,
25893837,459448.0,Artist
25893837,7878484.0,Colorist
9729797,4468616.0,
18111202,4575289.0,
18111202,3144008.0,Narrator
6064006,7025.0,
6064006,6543253.0,Illustrator
10979852,63669.0,
869914,10746.0,
15860991,6436838.0,
234225,58.0,
8614812,25052.0,
8614812,2086916.0,Illustrator
30279514,15402430.0,
23365776,9459491.0,
17412109,6268.0,
9756195,3193723.0,
386282,1654.0,
386282,1221698.0,
28358030,1221698.0,
28358030,59749.0,Illustrator
32051720,13848696.0,
32051723,4027380.0,
22387723,5424286.0,
11368591,4727364.0,
780905,38550.0,
23392293,9759281.0,
16114712,363130.0,
16114712,4945241.0,Narrator
18463652,15872.0,
667776,24830.0,
667776,59749.0,
246262,17618.0,
246262,546590.0,Illustrator
6049158,108905.0,
9638837,90866.0,
3003617,826097.0,
12768392,4718112.0,
6300287,63983.0,
13162223,5368048.0,
202588,1077326.0,
202588,45583.0,Illustrator
20752758,435114.0,
26892072,771.0,
26892077,446965.0,
13624038,4074051.0,
176494,11761.0,
7736182,15872.0,
476492,48192.0,
476494,48192.0,
476496,48192.0,
19367518,5314516.0,
74952,42508.0,
74952,7376837.0,Translator
13572885,169469.0,
297387,23001.0,
12176927,270479.0,
458450,3389.0,
18509605,752898.0,
18509604,21701.0,
10757833,2895706.0,
10757833,2895707.0,
10757833,4150084.0,Translator
10757830,2945301.0,
7059697,2785999.0,
790426,168524.0,
25460957,4600197.0,
252999,6268.0,
24041359,4832976.0,
13549523,5778769.0,
25613431,33467.0,
4927019,2048710.0,
23398770,5804101.0,
34268,5255014.0,
34268,13290.0,Illustrator
34262,6245.0,
34262,6244.0,
34262,337207.0,Illustrations
34263,6245.0,
34263,6244.0,
34263,337207.0,Illustrator
29187,869.0,
29187,868.0,
13074442,336058.0,
5986637,42540.0,
80246,11654.0,
80246,17054.0,
80246,941441.0,
80246,268304.0,
80246,157676.0,
8397035,3479028.0,
11464424,4432.0,
1456034,11654.0,Created and written
1456034,1400210.0,Illustrator
13152,3780.0,
633425,8924.0,
9687450,4941.0,
9687450,2949949.0,
96963,8516.0,
96962,8516.0,
50739,12694.0,
50739,10359.0,
50739,25.0,
50739,28544.0,
8726744,941441.0,
873746,6209.0,
8093,5339.0,
8093,275663.0,Illustrator
8091,5339.0,
34031287,16247680.0,
13497929,5321960.0,
18176746,90866.0,
25239152,5894584.0,
15846144,5824197.0,
8068431,1330287.0,
26869762,2172337.0,
2888213,941441.0,
95573,589.0,
29356081,150038.0,
827611,135829.0,
827612,135829.0,
6471230,1373880.0,
6471230,925.0,Narrator
6471230,5481957.0,Narrators
6471231,1373880.0,
6471231,925.0,Narrator
6471231,5481957.0,Narrators
26114583,8446648.0,
74731,16218.0,
13536273,1654.0,
533819,60177.0,
12988478,2503028.0,
13647343,5265741.0,
30190,17015.0,
30191,17015.0,
30193,17015.0,
30194,17015.0,
30199,1429808.0,
30199,90455.0,
30199,17015.0,
30199,48192.0,
15713378,1221698.0,
1055081,330393.0,
9374758,153703.0,
2800881,17054.0,
26838738,12753408.0,
26838733,6585259.0,
30369904,8178928.0,
13546399,2876763.0,
176543,11761.0,
26077971,9857504.0,
22559561,6982197.0,
16281499,5989926.0,
17670709,3433047.0,
17046606,7212917.0,
18214298,7054485.0,
177945,26.0,
185176,1301649.0,
12363978,7742.0,
16071377,1657883.0,
16071377,3961.0,Foreword
17697700,7022082.0,
29939089,8154083.0,
114544,2594.0,
10135095,4520226.0,
25816801,8835.0,
9912994,2546.0,
603500,253282.0,
28927122,14590184.0,
18004,3389.0,
18003,3389.0,
18003,7430.0,Illustrator
24329784,9845429.0,
40491,625.0,
29622131,4103366.0,
533613,1654.0,
23168805,3312940.0,
64468,1654.0,
64468,19439.0,Narrator
6574115,15540.0,
33590260,3433047.0,
10025305,150038.0,
13398025,4719838.0,
13398025,5351025.0,Illustrator
13818,8588.0,
13819,8588.0,
13819,8593.0,
13816,8588.0,
13816,14002.0,
13817,8588.0,
13814,8588.0,
13815,8588.0,
13815,8591.0,
13812,8588.0,
13810,8588.0,
19083257,367994.0,
27409389,7074943.0,
58087,32665.0,
112969,65391.0,
112968,65391.0,
466141,13625.0,
466141,255288.0,Illustrations
364950,208650.0,
13555608,4890658.0,
59920,874602.0,
59921,874602.0,
23398665,9550.0,
22787410,6875729.0,
395946,25307.0,
338329,32278.0,
1277456,8360.0,
13414149,46138.0,Editor
13414149,46137.0,Editor
13414149,19305.0,Contributor
13414149,3400079.0,Contributor
13414149,110206.0,Contributor
13414149,24.0,Contributor
13414149,8125999.0,Contributor
13414149,52320.0,Contributor
13414149,108173.0,Contributor
13414149,86475.0,Contributor
13414149,1207458.0,Contributor
13414149,1651952.0,Contributor
13414149,91717.0,Contributor
13414149,4022202.0,Contributor
13414149,338705.0,Contributor
13414149,11889.0,Contributor
13414149,36175.0,Contributor
13414149,5989.0,Contributor
13414149,7025.0,Contributor
13414149,8694.0,Contributor
13414149,11890.0,Contributor
546783,8355.0,
59396,33546.0,
59396,406026.0,Introduction
28512427,6549285.0,
23295046,6092607.0,
11297320,4432.0,
23330013,15872.0,
14289337,2958515.0,
6505011,46138.0,Editor/Contributor
6505011,91717.0,Contributor
6505011,107744.0,Contributor
6505011,329985.0,Contributor
6505011,48355.0,Contributor
6505011,2861133.0,Contributor
6505011,541552.0,Contributor
6505011,484109.0,Contributor
6505011,307629.0,Contributor
6505011,4798562.0,Contributor
6505011,378702.0,Contributor
6505011,7608.0,Contributor
6505011,2715.0,Contributor
6505011,572738.0,Contributor
6505011,3524.0,Contributor
6505011,3017135.0,Contributor
6505011,58856.0,Contributor
6505011,765702.0,Contributor
6505011,128570.0,Contributor
6505011,108173.0,Contributor
6505011,466494.0,Contributor
6505011,193861.0,Contributor
6505011,2957979.0,Contributor
11990629,8604.0,
7181792,102987.0,
14761550,5807332.0,
6352686,5339.0,
6352686,5345.0,
513534,1654.0,
513533,1654.0,
16079615,5762464.0,
8526157,15890.0,
12613205,4506281.0,
21806369,6540633.0,
343566,87305.0,
17561496,5784430.0,
3962329,150338.0,
13135235,9346.0,
13135235,21517.0,Narrator
767326,8347.0,
767326,5790694.0,Illustrations
18112933,7095071.0,
2989344,966321.0,
3345529,941441.0,
34871966,16733096.0,
28960122,4280.0,
8468812,5259792.0,
25817037,505695.0,
25817038,61707.0,
11160376,4801040.0,
25392606,7854535.0,
7189104,301071.0,
23309862,8343775.0,
8582311,336767.0,
12038526,2063919.0,
8437722,480645.0,
595341,25893.0,
17163376,656983.0,
29860465,71688.0,
618145,1654.0,
31050652,3433047.0,
316113,3242.0,
332775,190887.0,
148213,41942.0,
480449,53519.0,
480449,10900.0,Editor
480449,231497.0,Illustrator
121586,205.0,
2091315,953612.0,
13600356,1161372.0,Editor
13600356,346732.0,
13600356,874602.0,
13600356,25307.0,
13600356,6587.0,
13600356,108424.0,
13600356,38550.0,
13600356,16939.0,
13600356,8661.0,
13600356,8660.0,
13600356,2868678.0,
13600356,2917917.0,
13600356,8988.0,
13600356,15890.0,
13600356,8649.0,
13600356,2918731.0,
13600356,1226977.0,
13600356,589.0,
6760780,321303.0,
384478,41194.0,
384478,29479.0,
10814687,363130.0,
881466,20561.0,
29975820,4575289.0,
5825270,16667.0,
8265396,3242087.0,
9673866,101078.0,
6514476,4902840.0,
157526,15292.0,
2910,1378543.0,
2910,238653.0,Introduction
2910,82937.0,Introduction
2910,10210192.0,Illustrator
6455481,14617.0,
13026804,3471272.0,
13500070,3409936.0,
100437,57983.0,Pseudonym
100437,1077326.0,
815435,3389.0,
815435,133241.0,Illustrator
815434,3389.0,
815436,3389.0,
11454587,2261547.0,
1386012,124792.0,
141834,6815.0,
141834,85149.0,Adapted by
17606863,6579843.0,
20821011,7855154.0,
30822575,7074943.0,
17184930,375626.0,
18721778,1221698.0,
8736458,6268.0,
28571676,7914032.0,
28571676,3849298.0,
28571676,40125.0,
28571676,445649.0,
28571676,190644.0,
645020,8732.0,
645023,8732.0,
645022,8732.0,
31501375,1077326.0,
13087982,346732.0,
7951552,4371018.0,
28818369,7093346.0,
9757229,48192.0,
22747768,6448210.0,
22747768,280891.0,Narrator
662985,208650.0,
662986,208650.0,
2921431,137553.0,
102328,59061.0,
6227080,2834177.0,
7664345,2870363.0,
30312617,15038657.0,
15814939,4343092.0,
30461865,217944.0,
22070838,7060225.0,
629068,41942.0,
18594512,5830526.0,
1307,869.0,
1307,868.0,
21805265,6564325.0,
9366996,2931654.0,
13519763,234115.0,
13519763,2899437.0,Narrator
6096675,7577.0,
346268,198623.0,
346267,198623.0,
346266,198623.0,
617811,237194.0,
617810,237194.0,
17909317,4456703.0,
92610,874602.0,
28220807,1301649.0,
10583186,4671502.0,
23848134,1488908.0,
7733,1831.0,
7733,320473.0,intro and notes
7735,1831.0,
7735,8171.0,Introduction
7735,8475447.0,Illustrator
12476341,3111338.0,
17969405,7088292.0,
636417,8164.0,
636417,180439.0,Illustrator
7283762,3219496.0,
5151422,186144.0,
29939058,4918514.0,
12621293,3297510.0,
132210,27704.0,
248603,145305.0,
248603,25355.0,Translator
4618801,1923475.0,
16041846,678844.0,
2175461,207695.0,
9221733,753097.0,
12803158,148694.0,
12803157,3427995.0,
61986,3619.0,
1445345,1276004.0,
12074910,7580817.0,
12074910,7580816.0,
12074910,5780097.0,Translator
11278154,4346631.0,
980884,1069006.0,
980884,25523.0,Illustrations
9595620,4414255.0,
481550,22543.0,
4787911,953612.0,
11714997,4601855.0,
11635834,4925996.0,
15753908,5827602.0,
2153792,53597.0,
6977329,546427.0,
1231511,27498.0,
290574,5807106.0,
161493,4.0,
417729,346732.0,
12407466,12980.0,
92974,589.0,
20319204,3000519.0,
6371720,6468949.0,
913848,306733.0,
10050731,3299494.0,
10225194,1977.0,
10225194,3110459.0,Translator
2258216,379444.0,
5915,656983.0,
5912,656983.0,
16790,1221698.0,
31553869,5831854.0,
18324059,38550.0,
24337,13677.0,
33852961,71688.0,
26889471,11735.0,
11134,1069006.0,
1121430,24830.0,
1121430,59749.0,Illustrator
6845909,23069.0,
27788505,150038.0,
18089931,3290920.0,
13528319,4730894.0,
5980748,102987.0,
5980747,17063.0,
6214309,217279.0,
6214309,6426782.0,Translator
6214309,7157391.0,Illustrator
17130362,3475793.0,
18706036,7357990.0,
6251725,7025.0,
20708771,49177.0,
20708771,1157440.0,
20708771,65333.0,Illustrations
20708773,6897717.0,
20708772,1809897.0,
15764212,2917423.0,
7242960,90866.0,
6468742,17061.0,
6468744,17061.0,
6407550,1301649.0,
23387877,363130.0,
23387877,6836.0,
23387877,920372.0,
28210278,6473496.0,
16083600,6554985.0,
9535352,224004.0,
1011632,10366.0,
25430565,6474348.0,
6944046,17061.0,
10551102,1975671.0,
26209456,14031594.0,
3622537,22074.0,
145386,9720.0,
145386,426503.0,Illustrator
145386,426504.0,Illustrations
29875908,41032.0,
33236041,15164484.0,
483445,9516.0,
1309217,1221698.0,Narrator
3944722,15987.0,
10251958,214232.0,
13010571,999289.0,
13010571,843234.0,
20359946,7712730.0,
17571777,7306658.0,
9265891,589.0,
17981276,153738.0,
12971662,386853.0,
12971665,5157472.0,
12971665,16869409.0,Illustrator
12971669,2988389.0,
531944,294057.0,
185294,8661.0,
185293,8661.0,
185292,8661.0,
185290,8661.0,
12444297,48206.0,
7047862,7719.0,
7047862,1368268.0,Illustrator
12381722,5135449.0,
42366,23821.0,
42366,23822.0,Illustrator
2997253,23704.0,
25816903,6953956.0,
92544,7415.0,
11396864,15292.0,
676885,66280.0,
303197,27206.0,
7735325,58846.0,
2479827,8349.0,
43758,7577.0,
963346,470587.0,
26889259,6953956.0,
7996687,355500.0,
10025007,1428675.0,
17397915,2894399.0,
7095205,10746.0,
7095205,169487.0,Narrator
27158834,4430.0,
13979,8685.0,
13978,8685.0,
4716065,1370283.0,
28260587,3433047.0,
1416797,127191.0,
18246312,415967.0,
10900231,3138620.0,
16168821,1435731.0,
15449,8516.0,
33216616,363130.0,
33216616,6836.0,
33216616,459448.0,Illustrations
7552342,3112090.0,
25073825,13574606.0,
22081680,7077654.0,
7717938,3060067.0,
4837112,15872.0,
3101550,814354.0,
1140608,9550.0,
1140608,2950834.0,Text
1140608,4154297.0,Text
1140608,8621.0,Illustrations
47645,8347.0,
47642,8347.0,
47642,2837486.0,Illustrations
846092,1654.0,
49852,1077326.0,
49852,2927.0,Illustrator
7737848,330967.0,
7737848,947.0,
9943501,2846074.0,
409717,119933.0,
409717,1411821.0,
24466321,12497542.0,
57687,30279.0,
23604435,374504.0,
2342943,1051591.0,
16905580,6567929.0,
6362080,2884350.0,
8891878,137902.0,
6648595,8538.0,
6648595,6456544.0,
6648595,8536.0,Illustrator
6648595,1041777.0,irasuto
18332077,5823058.0,
21424761,6540057.0,
3906116,8726.0,
1285413,50894.0,
515121,136127.0,
30656121,14759054.0,
670810,2413.0,
670810,262692.0,
670810,303657.0,
17381990,46474.0,
14489584,8476.0,
30515634,15164484.0,
9659607,2995873.0,
35321056,1221698.0,
35321056,12718.0,narrator
35321056,19365.0,narrator
35321056,45978.0,narrator
35321056,753489.0,narrator
35321056,73443.0,narrator
20526746,7762139.0,
11478428,580315.0,
15744840,48192.0,
6621278,2988174.0,
64385,1654.0,
7671665,90340.0,
10251568,71688.0,
630023,656983.0,
3229327,44744.0,
171203,99776.0,
20889470,5830526.0,
26252859,15872.0,
22891924,7091425.0,
731810,30819.0,
23203101,108424.0,Author/Narrator
102888,40983.0,
102887,40983.0,
102885,40983.0,
12933386,777375.0,
16044296,811.0,
467157,1069006.0,
467157,25523.0,Illustrations
18070688,3780.0,
7488244,3290920.0,
639944,32916.0,
31949122,15759586.0,
31949122,7164135.0,Translator
11284808,4831360.0,
11284808,1733780.0,
47068,12014.0,
47068,601248.0,Editor
39058,22018.0,
39058,5735.0,Introduction
39058,49216.0,Introduction
15821972,1140298.0,
7091426,1346213.0,
10917229,4750804.0,
2890981,8146.0,
10467702,3131402.0,
32004,18019.0,
32004,18022.0,Illustrator
32004,8269044.0,Translator
32000,7211475.0,Adaptor
32000,791967.0,Zuo Hua 
32000,18019.0,Original concept
32000,791968.0,Yuan Zuo 
23198675,8546485.0,
186443,8185168.0,
186442,8185168.0,
186440,8185168.0,
186440,10763.0,illustrator
186447,8185168.0,
186447,13472458.0,pseudonym
186446,8185168.0,
186446,46137.0,Preface by
186445,8185168.0,
186444,8185168.0,
3145228,291002.0,
9550615,195467.0,
13011252,5314867.0,
18469782,105805.0,
82637,4698899.0,
82637,1945379.0,Translator
195381,113844.0,
195381,165551.0,Illustrator
22587911,8338174.0,
11300302,48192.0,
9435497,13557729.0,
34066621,88506.0,
4823586,903.0,
4823586,72703.0,Translator
12670834,4921525.0,
12732267,5235670.0,
951454,81096.0,
15833153,852078.0,
25951784,10228232.0,
9555442,2731702.0,
14288131,5989409.0,
16002023,91085.0,
20338654,7438666.0,
12676872,4986073.0,
13449244,4938797.0,
24667221,4443809.0,
219412,20561.0,
31114367,4370565.0,
6012462,2752146.0,
24019186,38550.0,
31327371,12570705.0,
31327371,7423027.0,Illustrator
22005757,7712730.0,
18894010,4637539.0,
831979,146374.0,
831979,660076.0,Illustrations
7199418,137902.0,
22929613,767317.0,
24001101,8184486.0,
953143,8732.0,
3865030,7742.0,
10775135,17061.0,
10775135,2729427.0,Narrator
830942,22490.0,
19502459,4864215.0,
19502459,6591473.0,
7619,106.0,
7619,8658.0,Illustrator
11018878,3178457.0,
11018870,74488.0,
11018874,93029.0,
12246388,4735.0,
15727484,4631640.0,
8462083,45315.0,
12020272,2923466.0,
9716824,3486415.0,
18657632,639491.0,
18657633,33467.0,
61885,16094.0,
61886,16094.0,
61887,16094.0,
61881,16094.0,
13023039,46540.0,
25841976,1221698.0,
25841976,59749.0,Illustrator
24012054,788899.0,
936906,8476.0,
13419794,4717601.0,
3588137,835348.0,
680476,30315.0,
6908393,21911.0,
1475239,353686.0,
23699326,7913325.0,
5269697,27498.0,
1132283,1221698.0,
1651313,1310735.0,
13493042,6988.0,
13493042,173459.0,Narrator
13493042,258912.0,Narrator
13493042,5602.0,Narrator
13493042,436308.0,Narrator
13493042,3132865.0,Narrator
13493042,5774051.0,Narrator
13493042,443790.0,Narrator
13493042,358889.0,Narrator
13493042,329957.0,Narrator
13493042,120610.0,Narrator
13493042,6555383.0,Narrator
13493042,6596331.0,Narrator
13493042,3044224.0,Narrator
152185,59165.0,
152182,59165.0,
7058934,190887.0,
7058934,2437819.0,Narrator
6098691,9550.0,
1721146,337831.0,
34129063,49177.0,
34129063,1157440.0,
34129063,65333.0,Illustrations
5953211,46474.0,
30046401,5028484.0,
4192586,1772224.0,
14367051,150038.0,
12970066,1259835.0,
13512495,5765897.0,
16161852,3149825.0,
2669405,56019.0,
10832656,167605.0,
10832656,202311.0,
11947829,3486415.0,
7203676,1330292.0,
2330339,6988.0,
135879,54201.0,
135879,103724.0,Translator
6261189,1045593.0,
21432372,131337.0,Editor
21432372,108173.0,
21432372,1221698.0,
21432372,58971.0,
21432372,8694.0,
21432372,128570.0,
21432372,38550.0,
21432372,8988.0,
21432372,2957979.0,
21432372,466494.0,
21432372,376166.0,
21432372,48355.0,
21432372,207729.0,
21432372,167606.0,
21432372,4037369.0,
21432372,4798562.0,
21432372,735531.0,
21432372,3001246.0,
21432372,2917920.0,
21432372,1145041.0,
21432372,3149946.0,
21432372,162930.0,
21432372,4022202.0,
21432372,327493.0,
21432372,4538187.0,
21432372,470587.0,
21432372,2847546.0,
21432372,490342.0,
21432372,4394928.0,
21432372,38313.0,
21432372,1207458.0,
21432372,5837768.0,
21432372,91717.0,
7843987,1353301.0,
9804617,3425627.0,
3150900,8516.0,
757712,36112.0,
18090081,4522.0,Editor
18090081,4430.0,Contributor
18090081,72451.0,Contributor
18090081,1598076.0,Contributor
18090081,1443712.0,Contributor
18090081,48557.0,Contributor
18090081,435891.0,Contributor
18090081,2916869.0,Contributor
18090081,27874.0,Contributor
18090081,27209.0,Contributor
18090081,6573790.0,Contributor
18090081,59165.0,Contributor
18090081,4845.0,Contributor
18090081,12339.0,Contributor
18090081,2948028.0,Contributor
18090081,20561.0,Contributor
18090081,5818634.0,Contributor
18090081,58971.0,Contributor
18090081,4340378.0,Contributor
18090081,27142.0,Contributor
18090081,380770.0,Contributor
18090081,27148.0,Contributor
18090081,24197.0,Contributor
18090081,15021.0,Contributor
18090081,7144045.0,Contributor
18090081,836009.0,Contributor
18090081,150038.0,Contributor
18090081,25422.0,Contributor
18090081,40383.0,Contributor
18090081,2444658.0,Contributor
18090081,7741171.0,Contributor
18090081,17061.0,Contributor
18090081,15292.0,Contributor
18090081,205589.0,Contributor
18090081,97189.0,Contributor
18090081,194172.0,Contributor
22635765,8352985.0,
456028,1441.0,
1068841,106.0,
7778983,33919.0,
7778981,696372.0,
7303068,168090.0,
481462,248431.0,
349573,16155.0,
6192722,198623.0,
6301385,14002.0,
2189157,17054.0,
1807649,7244324.0,
8335119,6268.0,
18588895,5240334.0,
10535969,103359.0,
7934078,12471.0,Editor
26791238,165168.0,
26114389,5372462.0,
26114386,8248285.0,
29632245,5502079.0,
29632245,15577045.0,Illustrations
29632245,757219.0,Translator
29632245,16308512.0,Letterer and Touch-Up Artist
11868241,4992618.0,
13539175,1042536.0,
13539170,8661.0,
946054,240708.0,
555184,127191.0,
597623,1221698.0,
7995946,262360.0,
7995946,13681.0,
4389201,756625.0,
238524,139575.0,
13623837,10741.0,
13623837,428566.0,Illustrations
924680,7577.0,
18126442,4708453.0,
22559726,4430.0,
20578957,3099544.0,
17465491,10746.0,
237939,8842.0,
11099729,9346.0,
3086203,46474.0,
680906,486777.0,
8937699,191456.0,
18248435,1654.0,
2003625,4428.0,
25537680,5442390.0,
320216,20331.0,
2903049,1332.0,
11819201,4977539.0,
416059,7415.0,
16108171,4086715.0,
420430,51167.0,
7519646,415967.0,
6004710,213510.0,
6004710,823146.0,
20893446,370361.0,
30212708,15262605.0,
28483,869.0,
28483,868.0,
28482,869.0,
28482,868.0,
28481,869.0,
28481,868.0,
28485,869.0,
28485,868.0,
28484,869.0,
28484,868.0,
23453070,8433496.0,
76664,8516.0,
76667,8516.0,
76660,8516.0,
76661,8516.0,
76668,8516.0,
16094613,5828387.0,
18584855,4684322.0,
3027439,239579.0,
9300960,109354.0,
12926767,1691206.0,
7926912,1423036.0,
11019352,17729.0,
12466776,4983102.0,
18392476,7263413.0,
13316252,96375.0,
46134,3354.0,
15848895,6477757.0,
30115934,15872.0,
11291902,4636555.0,
11291909,54475.0,
13413589,40563.0,
25205393,13592048.0,
13533669,2856107.0,
20829029,6540057.0,
6679044,237175.0,
6138606,941441.0,
1397224,10885.0,
17899321,457300.0,
17899321,11210.0,Illustrator
18090153,1654.0,
18090153,19439.0,
18295861,7210024.0,
7773320,1463436.0,
959320,13957.0,
21636649,2962410.0,
601369,21701.0,
20876066,259021.0,
25895524,4721536.0,
16073880,6551041.0,
6581511,200317.0,
15775697,4799212.0,
7877758,2772067.0,
20949471,27209.0,
2974811,61659.0,
762342,4708.0,
967050,182648.0,
15768369,4475715.0,
6665903,10089.0,
13446343,5047249.0,
2693142,1058653.0,
6549938,40563.0,
12069434,8730.0,
8591107,4126827.0,
6314759,1077326.0,
13452531,684067.0,
8269450,7581.0,
642449,4260.0,
18164326,492365.0,
7445179,656983.0,
7445179,9533.0,
7445179,9545.0,
459900,46474.0,
18849943,7047233.0,
10561549,21748.0,
12934676,4774430.0,
293442,8694.0,
16002055,225033.0,
65659,37055.0,
65659,319857.0,Translator
8949,5816.0,
8948,5816.0,
844449,33467.0,
352828,202312.0,
17910078,105839.0,
287886,65783.0,
15737851,4201.0,
9734454,415967.0,
607075,156084.0,
607075,196036.0,
9765684,3500801.0,
5578628,828002.0,
5578628,54545.0,Illustrator
5578628,2472310.0,Translator
18387010,7239827.0,
8113940,21911.0,
6423185,38809.0,
3456058,1455233.0,
6449920,1332.0,
6449922,2921817.0,
206161,8164.0,
206161,180439.0,Illustrator 
57124,989968.0,
18628472,7279199.0,
3306877,270463.0,
26050812,780120.0,
23580496,6560645.0,
1687350,777907.0,
31423551,9831940.0,
6703145,1916427.0,
16136628,17015.0,
16136628,17010.0,
1385783,6461009.0,
18462643,4388953.0,
13033955,102143.0,Editor
13033955,804399.0,Contributor
13033955,2943202.0,Contributor
11635665,3295277.0,
11635665,6459302.0,
10798568,19391.0,
68378,869.0,
68378,868.0,
17402605,27100.0,
16275771,581557.0,
125344,1036736.0,
8004,5329.0,
8004,163933.0,Illustrator
8001,5329.0,
8001,579130.0,Illustrations
10897,7116.0,
6266006,21748.0,Author
6266006,2146135.0,Narrator
16045366,3000519.0,
15779125,34049.0,
12159908,126353.0,
871657,346732.0,
871657,5774051.0,Narrator
11343537,3091065.0,
11343537,1411091.0,Translator
11390052,150038.0,
102565,1244.0,
102565,195174.0,Afterword
102565,299221.0,Introduction
332754,190887.0,
9403048,1569666.0,
317504,8588.0,
317504,8591.0,
317503,8588.0,
317500,1069006.0,
317500,25523.0,Illustrator
317501,1069006.0,
317501,25523.0,Illustrator
17617509,6609948.0,
1022883,3618.0,
14002,8685.0,Editor
14002,1967.0,Contributor
14002,34861.0,Contributor
14002,6256.0,Contributor
14002,11508.0,Contributor
14002,11759.0,Contributor
14002,721481.0,Contributor
14002,157655.0,Contributor
14002,103053.0,Contributor
14002,237175.0,Contributor
14002,32916.0,Contributor
14002,1223.0,Contributor
14002,8690.0,Contributor
14002,723397.0,Contributor
14002,9694.0,Contributor
14002,2772185.0,Contributor
14002,2799345.0,Contributor
14002,2845578.0,Contributor
14002,2905283.0,Contributor
12225714,594898.0,
2998611,23438.0,
2998611,1221310.0,
6676768,211729.0,
14058669,580315.0,
172262,5816.0,
11493176,48206.0,
6753250,2898479.0,
34838967,16705797.0,
18231525,338705.0,
13505602,5253229.0,
17155389,6858879.0,
22434839,7375708.0,
8462184,15292.0,
9456611,5816.0,
18296481,1077326.0,
239413,50211.0,
459901,46474.0,
7674888,3355188.0,
273438,656983.0,
273437,656983.0,
273437,995080.0,Editor
17293408,6869064.0,
5498077,27498.0,
5498077,610353.0,Illustrations
22571699,40563.0,
28129423,17054.0,
7098861,944594.0,
60211,23069.0,
143223,36289.0,
143224,36289.0,
143225,36289.0,
143226,36289.0,
23569428,9990.0,
24722498,7213197.0,
6654104,3161109.0,
6654104,15872.0,Series Creator
691915,48348.0,
19162613,15872.0,
19162613,14920.0,Illustrator
797191,1654.0,
29452280,5042201.0,Adaptation
29452280,1077326.0,
29452280,3439408.0,
16131012,1370283.0,
16131016,8660.0,
17334448,2876763.0,
16070143,2905297.0,
16070141,7034280.0,
16213785,5244478.0,
11351904,4848940.0,
11351904,3160010.0,
7500798,3295277.0,
7500798,11663.0,
16053752,23894.0,
16053752,4022439.0,Narrator
266586,48192.0,
22504700,639491.0,
18040335,6535145.0,
14004,8685.0,
23395819,4600197.0,
23395819,6079115.0,Narrator
23395811,137902.0,
6687858,1221698.0,
6687858,10365.0,Illustrator
16597,10116.0,
16597,4743.0,Illustrator
16599,10116.0,
16599,4743.0,Illustrator
19819,25.0,
937105,32349.0,
937105,2046.0,Introduction
25329621,4994753.0,
92143,5951.0,
18365279,2922723.0,
34006765,15118466.0,
12644151,635444.0,
23173457,4005010.0,Editor
23173457,78024.0,Contributor
23173457,7106859.0,Contributor
23173457,173493.0,Contributor
23173457,6476065.0,Contributor
23173457,2917920.0,Translator
23173457,39304.0,Contributor
23173457,176807.0,Contributor
23173457,27167.0,Contributor
23173457,4447138.0,Contributor
23173457,6563092.0,Contributor
1088892,477469.0,
7109044,1375697.0,
23749913,52050.0,
13409145,3484883.0,
92005,656983.0,
92005,9533.0,Editor
92003,11590.0,
25733660,5625945.0,
18044158,6521036.0,
21915526,825592.0,
25696314,4511345.0,
25696314,23069.0,Introduction
160964,25027.0,
581668,103170.0,
13253160,346732.0,
13498652,72451.0,
13498652,130045.0,
13498652,43697.0,
13498652,97045.0,
13498652,27206.0,
13498652,35010.0,
13498652,27148.0,
13498652,194172.0,
13498652,2909175.0,Introduction
1143957,560990.0,
13361776,38550.0,
13361776,8435196.0,Narrator
13120121,3427995.0,
6624577,644349.0,
22926518,6914215.0,
1154166,874602.0,
1154166,7415.0,Narrator
1154164,1221698.0,
18723009,6474348.0,
11257644,6988.0,
8420952,387612.0,
29857730,5430378.0,
29857730,2877033.0,
11945589,4476934.0,
22910900,370361.0,
29246735,40563.0,
29246735,334840.0,Narrator
8782399,4735.0,
24959550,6563931.0,
6357708,2761947.0,
34306933,7127010.0,
17906052,5808037.0,
28687748,14904756.0,
34089264,14137787.0,
34089264,3124176.0,Narrator
189363,7742.0,
189361,7742.0,
189360,7742.0,
3306187,656983.0,
7842288,2895706.0,
7842288,2895707.0,
7932486,6252.0,
458314,6259.0,
6353001,6268.0,
156172,5816.0,
715791,375626.0,
153058,40386.0,
5941431,1024403.0,
5941431,1148126.0,Illustrator
4003436,8588.0,
26256407,3112212.0,
8140709,57858.0,
8140709,1656.0,
22404103,7949493.0,
18509,656983.0,
18509,9545.0,Illustrator
17972727,1030664.0,
23587607,7906727.0,
20703287,1025280.0,
13517498,5399219.0,
13517495,5399219.0,
13517496,5399219.0,
33540650,1077326.0,
33540650,3911856.0,
12092105,3205604.0,
28588,46138.0,Editor
28588,9226.0,Foreword by
28588,14032.0,Contributor
28588,7415.0,Contributor
28588,12534.0,Contributor/Narrator
28588,15188.0,Contributor
28588,150432.0,Contributor
28588,463665.0,
20530499,2654606.0,
33386034,21911.0,
28186040,74046.0,
13507440,4720629.0,Pseudonym
13507440,2923539.0,
222912,656983.0,
18184308,3399559.0,
18184308,4116567.0,
6053172,4763.0,
6216680,17015.0,co-author
6216680,17010.0,co-author
91813,52794.0,
6309140,207746.0,
11019430,3119823.0,
23261150,6949698.0,
23261150,7033660.0,Narrator
18952341,2917920.0,
12560661,4330590.0,
11805486,4492558.0,
1250770,1244.0,
1250770,411332.0,Introduction
224912,1077326.0,
828352,1654.0,
20413494,5816.0,
36317,9494.0,
36317,10333.0,introduction
36313,9494.0,
36313,6941.0,Editor
909270,7611199.0,
12754689,5167118.0,
891674,6252.0,
332572,941441.0,
332572,511951.0,Narrator
4987801,48192.0,
23688106,6466369.0,
17255435,6860531.0,
2612238,1152342.0,
12157270,4417749.0,
33836611,14137787.0,
16069953,157663.0,
12872294,4921525.0,
16039643,1237874.0,
10409571,10746.0,
6888748,1637418.0,
29986315,7184104.0,
29986315,3065284.0,
22095547,2471183.0,
9090421,45315.0,
9090421,44554.0,Narrator
1790150,819392.0,
1790150,467065.0,
17394680,5828129.0,
12156463,25421.0,
6953393,50873.0,
12020927,4011131.0,
6393539,9550.0,
6393539,2959421.0,narrator
7077917,3148560.0,
7966006,1857564.0,
13644052,4476934.0,
8527942,2945688.0,
8539318,4107194.0,
4498953,1259835.0,
6303648,10746.0,
13459072,9753.0,
61642,1654.0,
9751511,204889.0,
13260649,2755160.0,
955157,3780.0,
2062538,8347.0,
13170035,3020684.0,
10744349,2924930.0,
8182682,2503028.0,
15780926,6453832.0,
9368252,42110.0,
9536655,456208.0,
11797478,590558.0,
626698,338705.0,
2237117,27498.0,
3589590,1221698.0,
3589590,10365.0,Illustrator
15706166,5153812.0,
159069,106.0,
159069,3500.0,Introduction
6352393,2880618.0,
31545872,3433047.0,
31545872,13615251.0,Narrator
7095666,2858177.0,
17682406,27498.0,
23309529,13649251.0,
23309529,177466.0,
428108,241301.0,
2386455,16391.0,
18079612,385966.0,
3308839,1149276.0,
8138071,17054.0,
20344711,692781.0,
21979832,8167946.0,
1206089,17064.0,
760754,8661.0,
18335634,150038.0,
15980001,5921279.0,
19138878,5365396.0,Original Author
19138878,314367.0,
19138878,4198583.0,Creator
9549319,334443.0,
15845097,59483.0,
15845097,6577100.0,Editor
15845097,5770081.0,Assistant Editor
15845097,4062682.0,Foreword Author
15845097,5589615.0,Afterword Author
15845097,323656.0,Scriptwriter/Illustrator
15845097,6927777.0,Translator
15845097,7709892.0,Translator
15845097,7709893.0,Translator
15845097,105291.0,Translator
15845097,7709894.0,Translator
15845097,40084.0,Translator
15845097,3891788.0,Lead Designer/Digital Producer
15845097,6627023.0,Digital Producer
15845097,7709920.0,Digital Producer
15845097,7709890.0,Designer
15845097,7709891.0,Designer
26005898,14137742.0,
2042956,15412.0,
2042956,5351.0,
15929466,38550.0,
13506975,5226809.0,
22635844,7307458.0,
903879,9629.0,
403277,10885.0,
403277,2731071.0,Illustrator
403277,54475.0,Introduction
234329,39301.0,
9657219,1332605.0,
9657219,76423.0,
9657219,4107194.0,
6708137,3020684.0,
15710564,4693729.0,
6329354,418784.0,
394363,3618.0,
7106333,167605.0,
7106333,202311.0,
34076952,4575289.0,
34076952,16368146.0,Illustrator
25503058,41032.0,
27209407,625.0,
24500887,6538289.0,
19461610,2503028.0,
19461610,2995869.0,Narrator
13457300,4946569.0,
16146049,153732.0,
915554,27704.0,
19455949,4188120.0,
2170903,100752.0,
27815237,7769192.0,
20588919,7111227.0,
25159239,13652897.0,
25106194,6519007.0,
23119473,4156441.0,
29771527,1067608.0,
26016506,4308706.0,
26892110,8446300.0,
1788148,19305.0,
12359121,3041100.0,
66655,20602.0,
66657,24902.0,
66657,26414.0,Illustrations
66658,20602.0,
32735550,15605115.0,
32735550,8188566.0,
25674658,8164.0,
25674658,165858.0,Illustrator
6028266,275252.0,
8551693,267687.0,
10399862,7742.0,
12938767,4665536.0,
5509920,48192.0,
18630479,4615084.0,
2325636,431825.0,
19661080,21911.0,
17859210,6895716.0,
17859210,6895717.0,
13551297,33918.0,
30804618,6580610.0,
17571358,5596285.0,
25400972,7168230.0,Pseudonym
25110905,1637418.0,
26244485,7307454.0,
18371366,40881.0,
23598011,9830676.0,
12322385,4785031.0,
12682437,4452712.0,
3339422,1630.0,
25877074,7176787.0,
13241066,103359.0,
7116549,1036925.0,
7116549,1036924.0,
1488204,696372.0,
84140,4430.0,
23236648,121825.0,
25457062,13884337.0,
11709429,137902.0,
10230779,941441.0,
18362237,1302285.0,
13435619,1330292.0,
13435619,1004238.0,Narrator
6660747,375143.0,
16080728,363130.0,
6328516,17015.0,
6328516,17010.0,
9569756,128231.0,
504698,8202779.0,
504699,8202779.0,
7698237,10746.0,
7698237,169487.0,Narrator
6661027,33918.0,
25174926,7581.0,
8728502,58971.0,
25937845,72545.0,
17039870,767547.0,
1717909,294057.0,
140006,80981.0,
140006,508622.0,Illustrator
2865290,1112988.0,Editor
2865290,211269.0,Contributor
2865290,184918.0,Contributor
2865290,12350.0,Contributor
2865290,52320.0,Contributor
2865290,22546.0,Contributor
2865290,22547.0,Contributor
2865290,5989.0,Contributor
2865290,22549.0,Contributor
2865290,12991.0,Contributor
2865290,67272.0,Contributor
2865290,58017.0,Contributor
2865290,281552.0,Contributor
2865290,8360.0,Contributor
2865290,396931.0,Contributor
2865290,162936.0,Contributor
2865290,24901.0,Contributor
2865290,101996.0,Contributor
2865290,277536.0,Contributor
2865290,107170.0,Contributor
2865290,54462.0,Contributor
2865290,7271.0,Illustrator
484167,144405.0,
13412943,5278438.0,
6624379,835348.0,
925748,47991.0,
6472148,81096.0,
18528639,5309409.0,
946836,145307.0,
946836,16304.0,
946836,2086916.0,Illustrations
1711470,53597.0,
5863446,1440203.0,
455933,145946.0,
14833682,10.0,
11293194,3464665.0,
8183728,224004.0,
18985759,7134500.0,
1636228,756861.0,
2352457,10885.0,
74010,41942.0,
12550603,50873.0,
17182421,6219675.0,
3610689,1530555.0,
290255,103133.0,
15738851,5824197.0,
11114576,2478287.0,
1293450,2357.0,
223379,130698.0,
28507371,415967.0,
775972,191456.0,
7851008,18880.0,
18163294,4086715.0,
17727316,53597.0,
17727316,5005805.0,translator
16077863,6552446.0,
17307169,25422.0,
488214,6268.0,
12958103,2755160.0,
12472085,4149342.0,
9505584,8178731.0,
22219682,50802.0,
22219682,26797.0,
22219682,17370.0,
22219680,20512.0,
22219680,331596.0,
22219680,26797.0,
22219680,26798.0,
22219680,4087657.0,
33640496,4086715.0,
189362,7742.0,
16108212,4126827.0,
15746786,3178457.0,
1251032,37048.0,
33784283,14674797.0,
34443972,4575289.0,
22313756,365379.0,
312077,131683.0,
16189172,6595274.0,
16189172,6595275.0,
10822283,1136158.0,
497347,656983.0,
497347,34748.0,Cover Illustrator
6809619,1938234.0,
18401837,2900815.0,
22747749,6448210.0,
25734003,11735.0,
543343,8185168.0,
12065807,38550.0,
383108,13143.0,
383106,13143.0,
10844210,2861133.0,
13589159,4432.0,
29774075,7328282.0,Editor
29774075,5610652.0,
29774075,14620580.0,
29774075,14258402.0,
29774075,8690723.0,
29774075,13614771.0,
29774075,10790621.0,
29774075,8290521.0,
29774075,13734782.0,
29774075,8193786.0,
29774075,8337289.0,
29774075,9838776.0,
29774075,13694741.0,
29774075,8136449.0,
29774075,13910339.0,
29774075,13682020.0,
23310689,3484883.0,
505064,65471.0,
8362315,3101058.0,
283867,7710.0,
283866,15291.0,
17568822,26796.0,
156299,2594.0,
156295,6268.0,
156295,35022.0,
18215192,38569.0,
18215192,54497.0,Translator
72473,10082.0,
7455727,46138.0,Editor/Contributor
7455727,8164.0,Contributor
7455727,155759.0,Contributor
7455727,1221698.0,Contributor
7455727,8185168.0,Contributor
7455727,12339.0,Contributor
7455727,466971.0,Contributor
7455727,19305.0,Contributor
7455727,24902.0,Contributor
7455727,66310.0,Contributor
7455727,346732.0,Contributor
7455727,2844917.0,Contributor
7455727,1067608.0,Contributor
7455727,26767.0,Contributor
7455727,8694.0,Contributor
7455727,918877.0,Contributor
7455727,17613.0,Contributor
7455727,3524.0,Contributor
7455727,90070.0,Contributor
7455727,518983.0,Contributor
7455727,741116.0,Contributor
7455727,9756.0,Contributor
7455727,40983.0,Contributor
7455727,3389.0,Contributor
7455727,73421.0,Contributor
7455727,25027.0,Contributor
7455727,20435.0,Contributor
7455727,70454.0,Contributor
7455727,52074.0,Contributor
7455727,338705.0,Contributor
7455727,22547.0,Contributor
7455727,93528.0,Contributor
7455727,54462.0,Contributor
7455727,317.0,Contributor
7455727,1207458.0,Contributor
7455727,289314.0,Contributor
7455727,2978429.0,Contributor
7455727,4020335.0,Contributor
7455727,8842.0,Contributor
7455727,15414.0,Contributor
7455727,11890.0,Contributor
18430203,10746.0,
18430203,203762.0,
18430203,3278437.0,Illustrations
12955673,2857412.0,
25831596,8200571.0,
15738275,162678.0,
15103450,4420439.0,
8804062,4400405.0,
261124,15292.0,
20759487,46097.0,
34466968,3502.0,
485084,3056773.0,
29570559,9857504.0,
44652,25052.0,
13459678,119755.0,
13620781,1654.0,
13620781,1221698.0,
13620781,25251.0,Narrator
20821149,5295120.0,
6056806,848968.0,
28937621,4918514.0,
28937621,14951952.0,Narrator
10549501,15292.0,
13549869,3409997.0,
3018470,941441.0,
13037542,18880.0,
865963,106.0,
18764360,5376046.0,
11982788,137902.0,
746007,854076.0,
20556236,1030664.0,
23164819,150038.0,
30978,5369.0,
8262172,2614.0,
8262172,38531.0,
8262172,89622.0,
8262172,2895895.0,
338723,1654.0,
15817010,4845.0,
7012074,1732747.0,
7012074,3126955.0,Translator
535570,295668.0,
17451921,8695.0,
16037696,6536659.0,
23624798,8604.0,
8073282,17061.0,
165414,10746.0,
23235530,2741079.0,
25814583,21911.0,
28455004,5228940.0,
12323446,71688.0,
6340422,12471.0,Editor
6340422,18879.0,Foreword
6340422,1221698.0,Preface
6340422,7577.0,
6340422,3389.0,
6340422,7415.0,
6340422,38313.0,
6052,4106.0,
24683749,3046613.0,
6265292,2849137.0,
6799860,8164.0,
6799860,26405.0,illustrator
60930,29535.0,
31574408,13505420.0,
25716704,7770873.0,
18665033,9432.0,
18665033,551119.0,Narrator
452406,106.0,
31450852,3433047.0,
11884571,4668238.0,
11884571,2152471.0,
9922718,696372.0,
23956571,4522335.0,
953271,3618.0,
13327018,4904826.0,
17984925,5804836.0,
719180,696805.0,
719180,10087.0,Introduction
11290005,4476934.0,
6916963,137902.0,
5322151,6587.0,
5322151,2286513.0,
5322151,2286514.0,Illustrator
3768860,1606112.0,
3090465,941441.0,
3090465,511951.0,Narrator
3090465,2567014.0,Narrator
27245999,5023942.0,
27245995,135047.0,
27245995,4077352.0,
12978730,8347.0,
12978730,31321.0,
8532164,3378915.0,
537068,153394.0,
20133547,346732.0,
14806563,223885.0,
951290,1293688.0,
20645098,7225852.0,
99461,8516.0,
34593153,21748.0,
34593153,16575841.0,Illustrations
30197334,2060858.0,
18114274,15018.0,
13492583,4989166.0,
3453791,33467.0,
6671535,10746.0,
7539030,2761947.0,
12325117,3091065.0,
12325117,1411091.0,Translator
17455977,2995873.0,
8942981,4221272.0,
18465356,6554935.0,
12044735,3097905.0,
15717850,33116.0,
47528,4260.0,
47525,4260.0,
47521,4260.0,
47520,4260.0,
8807977,3380908.0,
22724958,5309409.0,
22070953,6981392.0,
7687199,25307.0,
6582957,9505.0,
6582957,15291.0,
7942786,40563.0,
414146,234118.0,
22206705,25268.0,
8493963,17061.0,
11041572,3091065.0,
11041572,1411091.0,Translator
3067577,10746.0,
3067577,494654.0,Narrator
20518918,4086715.0,
11920,7581.0,
11921,7581.0,
21000786,7940084.0,
4016992,3441.0,
22718732,731371.0,
22718738,7124792.0,
49384,20513.0,
3876546,1204165.0,
1134023,65391.0,
275779,880695.0,
74998,10657.0,
24979,14032.0,
12989115,4601855.0,
22668802,26897.0,
8707554,74046.0,
13572840,18879.0,
17310066,175855.0,Editor
17310066,121364.0,Editor
17310066,1221698.0,
17310066,1443712.0,
17310066,23069.0,
17310066,7581.0,
17310066,3377941.0,
17310066,2895706.0,
17310066,10763.0,illustrator
17310066,25422.0,
17310066,8347.0,
17310066,2895707.0,
17310066,4025591.0,
862631,1077326.0,
10657638,4167378.0,
6585977,200317.0,
3273884,1301649.0,
13060608,4308706.0,
13060609,38531.0,
10470359,4648669.0,
13584415,2931654.0,
17797456,5806077.0,
6120544,78763.0,
24574656,7093630.0,
573918,3995.0,
573918,571556.0,Illustrations
7380104,17061.0,
7268841,8840.0,
7268841,2387.0,
18246887,3301336.0,
17875505,445303.0,
10295809,4025295.0,
10599805,17054.0,
23236743,849723.0,
7288367,3180076.0,
13542392,217944.0,
301727,173906.0,
8017585,225033.0,
18052851,4686495.0,
6597635,752898.0,
8150021,10746.0,
17608111,6524620.0,
27876766,14688241.0,
23346526,1654.0,
12577711,101078.0,
23153020,833687.0,
20764879,7168230.0,Pseudonym
20764879,3099544.0,
430961,23001.0,
18244428,3219496.0,
359323,205812.0,
13560468,24009.0,
9076848,2120001.0,
12368700,4389465.0,
25732113,7267262.0,
18753809,4720629.0,
4916989,1292596.0,
17412093,6268.0,
17412099,6268.0,
8339345,3849415.0,
8339344,3849415.0,
5931576,63669.0,
18138300,5898355.0,
57498,27528.0,
1408114,4338.0,
7311667,2895895.0,
20517400,7369636.0,
61963,26.0,
40287,589.0,
6311064,2866422.0,
6311064,2866423.0,Illustrator
12147,7717.0,
12148,7717.0,
459064,31232.0,
3193795,13450.0,
3267466,4260.0,
6097180,146374.0,
22756712,1405152.0,
9215658,835348.0,
21912247,3219496.0,
106129,6206.0,
6920820,3095878.0,
11711794,4005.0,
15719929,150038.0,
202632,33461.0,
17332031,3229176.0,
17694319,338705.0,
318831,19971.0,
7882217,2869923.0,
378,214.0,
378,5116.0,Illustrator
12887497,338705.0,
18483985,3486225.0,
11597,3389.0,
11590,3389.0,
2855165,4698899.0,
2855165,1945379.0,Translator
176506,11761.0,
18652002,7307477.0,
77368,5339.0,
77366,5339.0,
77367,5339.0,
77364,25.0,
77362,25.0,
66084,25268.0,
66084,1354902.0,Illustrator
1391483,19169.0,
18190302,15872.0,
6329322,2503028.0,
7985863,2891665.0,
25817463,7305254.0,
7760613,2096360.0,
20555167,3849415.0,
304123,1567394.0,
98042,56352.0,Editor
98042,1221698.0,Contributor
98042,119830.0,Contributor
98042,8835.0,Contributor
98042,1226977.0,Contributor
98042,50408.0,Contributor
98042,234088.0,Contributor
98042,27276.0,Contributor
98042,126765.0,Contributor
98042,57814.0,Contributor
98042,24902.0,Contributor
98042,40983.0,Contributor
98042,1067608.0,Contributor
98042,14032.0,Contributor
98042,162927.0,Contributor
98042,23069.0,Contributor
98042,25376.0,Contributor
98042,12581.0,Contributor
98042,24901.0,Contributor
98042,277536.0,Contributor
98042,48960.0,Contributor
98042,19305.0,Contributor
98042,773064.0,Contributor
98042,4690580.0,Contributor
21277,4861.0,
10640020,2812835.0,
92600,874602.0,
92602,874602.0,
92602,3887675.0,Illustrator
1933444,656983.0,
1933444,9545.0,Illustrator
21691788,21748.0,
21691788,2146135.0,Narrator
25834793,7849833.0,
27876118,1077326.0,
27876118,5446186.0,Narrator
15739667,1221698.0,
15739667,59749.0,Illustrator
6687158,2056014.0,
27827203,14674797.0,
11178367,4805617.0,
11178367,680918.0,
25451785,38550.0,
34065268,281486.0,
211728,124006.0,
32793046,9886850.0,
17981403,771.0,
17981406,4735.0,
18804867,7390210.0,
450371,5684225.0,
13700905,284299.0,
6395937,941441.0,
13507509,5763298.0,
415463,41008.0,
415463,12537.0,
654972,3953.0,
1810286,38598.0,
2986865,88685.0,
18166986,8154.0,
31159611,116504.0,
31159611,584482.0,Illustrations
21100112,38550.0,
6357508,21198.0,
13638327,5831306.0,
25267494,7219081.0,
2171498,73149.0,
18693704,2918424.0,
13700671,642522.0,
19486754,696372.0,
151723,45309.0,
41423,5339.0,
9629757,1267027.0,
15813026,225033.0,
2061351,122735.0,
3501,4.0,
16205710,5774768.0,
1017309,88608.0,
1017300,6268.0,
1017300,88608.0,
1017307,88608.0,
1017306,88608.0,
607458,24830.0,
607458,59749.0,Illustrator
1242833,88609.0,
17671897,27148.0,
24471045,13838984.0,
207461,18684.0,
207461,78407.0,Illustrator
207461,2938140.0,
15781131,6446815.0,
9539,6252.0,
9534,589.0,
9531,6245.0,
9531,6244.0,
9531,337207.0,Illustrations
22878066,71688.0,
25578503,38550.0,
9191899,25422.0,Editor
9191899,11889.0,Editor
9191899,46137.0,Contributor
9191899,12581.0,Contributor
9191899,25.0,Contributor
9191899,338705.0,Contributor
9191899,4175512.0,Contributor
9191899,22548.0,Contributor
9191899,27704.0,Contributor
9191899,546427.0,Contributor
9191899,39852.0,Contributor
9191899,5989.0,Contributor
9191899,237175.0,Contributor
9191899,26891.0,Contributor
9191899,150818.0,Contributor
9191899,121364.0,Contributor
9191899,5833.0,Contributor
9191899,27528.0,Contributor
9191899,24.0,Contributor
9191899,396931.0,Contributor
9191899,150038.0,Contributor
9191899,1221698.0,Contributor
9191899,8185168.0,Contributor
13223532,4971535.0,
4748221,813982.0,
4748221,8622.0,Introduction
25471057,6914411.0,
18191104,5989463.0,
118353,24425.0,
118353,21347.0,Illustrator
17281625,6904400.0,
4703450,25307.0,
59219,3389.0,
59219,6941.0,
17373966,2503028.0,
17373966,4946989.0,Narrator
7312324,153734.0,
9557231,4419714.0,
6357771,24009.0,
21411991,153732.0,
6578725,27168.0,
9892347,153741.0,
17211009,48192.0,
5577995,2471183.0,
7151456,230226.0,
21415815,1857564.0,
518848,8347.0,
33379515,16189297.0,
22595737,5047249.0,
21469136,1238111.0,
7718666,1137883.0,
17899663,215907.0,
34778,7577.0,
7614652,150038.0,
219942,6268.0,
36381037,4684322.0,
131268,75603.0,
131267,75603.0,
27799031,14667181.0,
17035895,4983116.0,
12814556,4605.0,
18748007,4428.0,
15811629,4984923.0,
19288321,25307.0,
7427791,3270217.0,
23197608,36346.0,
29235197,1025280.0,
23493837,6592670.0,
218670,19317.0,
218671,19317.0,
218676,19317.0,
16098728,5830842.0,
157568,15292.0,
444357,119357.0,
11785701,3387293.0,
15813126,41032.0,
437133,3389.0,
100475,8185168.0,
100476,8360.0,
21996356,32638.0,
21996356,7772196.0,
21996359,114528.0,
14740130,5828129.0,
6318119,2828.0,
6318119,2927.0,Illustrator
35704107,1077326.0,
35704107,208338.0,
615939,1429808.0,
615939,333247.0,
28807752,14928833.0,
29358487,3046613.0,
29358487,15216866.0,Illustrator
3567035,4522.0,
3567035,59165.0,
12329486,3091721.0,
12329486,3118938.0,Illustrator
12582784,5192136.0,
295493,8924.0,
12943505,3849415.0,
23864830,3065284.0,
613268,332067.0,
10878744,7369851.0,
17619613,4653530.0,
6657468,31232.0,
140975,6252.0,
6365333,1221698.0,"Author, Narrator"
33377509,6572969.0,
7176209,3181096.0,
23150640,41942.0,
6792217,57434.0,
9466865,1343790.0,
17347957,71688.0,
16130317,1136158.0,
17608898,4687048.0,
15985377,1429808.0,
15802893,17152.0,
15802896,445649.0,
6436154,91085.0,
27471553,10405165.0,
2348338,311098.0,
15720642,48397.0,
30167768,7423148.0,
12346742,4764.0,
10441563,4640906.0,
803599,2844917.0,
8698731,4095401.0,
1587065,43835.0,
17286663,17015.0,
17286663,17010.0,
8507864,2980339.0,
23639042,14097586.0,
11732092,4938740.0,
12283261,7128.0,
12283261,5106204.0,
9716923,2988389.0,
20553857,7084159.0,
395850,50873.0,
395851,50873.0,
61940,26.0,
61942,26.0,
17310126,5763301.0,
862712,1077326.0,
862714,1077326.0,
15732827,117369.0,
15732827,198168.0,Translator
30331,17082.0,
1411563,10366.0,
6570052,119121.0,
6570052,2969875.0,Illustrator
20696767,7802230.0,
2909731,3441.0,
13155183,3389.0,
13450454,823146.0,
13092963,823146.0,
13517786,3500801.0,
35156,11735.0,
28692,6587.0,
28693,6587.0,
28691,6587.0,
28694,6587.0,
28695,6587.0,
28698,6587.0,
753141,38313.0,
21857389,71688.0,
21857389,21748.0,
21857389,336058.0,
21857389,8125324.0,
28110143,4637539.0,
153218,6461009.0,
153219,6256.0,
498508,41942.0,
10418404,153738.0,
13250774,346732.0,
13250774,579648.0,Reading
10740844,27100.0,
10740844,1938864.0,
13986,8685.0,
13987,8685.0,
13981,8685.0,
1067325,3618.0,
35808,4735.0,
35806,4735.0,
325398,13026.0,
2889099,21616.0,
2889099,14474.0,
2889099,38120.0,Illustrator
10914555,3020684.0,
18393748,7160910.0,
1708120,46540.0,
13242304,26796.0,
8512555,1916427.0,
18309803,836009.0,
5037673,2089928.0,
10593918,241301.0,
18478369,4134859.0,
6407514,49177.0,
138480,80100.0,
138480,343553.0,Illustrator
40386,10885.0,
40387,10885.0,
40384,10885.0,
40385,10885.0,
40388,10885.0,
28047498,268018.0,
12416375,17061.0,
31450699,13132448.0,
7095653,1880316.0,
2070346,29624.0,
20613701,7219195.0,
7095655,19819.0,
143126,16839.0,
143126,34161.0,Illustrator
862267,1077326.0,
862267,123344.0,Narrator
2266884,26.0,
18470430,7260466.0,
20306792,5407300.0,
20306792,57050.0,Illustrations
16059310,1325446.0,
571197,6989.0,
571197,69163.0,Illustrations
3073174,28550.0,
3073173,28550.0,
26073068,1010796.0,
19168420,7485494.0,
18190208,7170939.0,
31140515,17054.0,
177805,15873.0,
177805,325203.0,Translator
177805,7848985.0,Mapmaker
23598478,7778856.0,
9251500,10746.0,
6080136,28544.0,
30247933,1222405.0,
114206,625.0,
1921871,16218.0,
397864,80984.0,
397862,80984.0,
397868,80984.0,
423303,171139.0,
423303,40574.0,Introduction
11034495,4167378.0,
12376744,4480999.0,
31372246,24901.0,
31372244,4798562.0,
31372245,15937088.0,
31372245,8421671.0,
31372242,63341.0,
23471994,2995873.0,
23471994,570657.0,Narrator
23471994,7711592.0,Narrator
23471994,1381825.0,Narrator
8429461,835348.0,
16113738,1654.0,
16113738,20295.0,
27507117,2120001.0,
7094418,3153731.0,
7094418,1315.0,
7094418,3957691.0,Illustrator
20601441,116981.0,
18395230,5762464.0,
43797,7577.0,
25573701,11654.0,
59779,155517.0,
19223830,1628012.0,
5132931,78303.0,
18039069,4718186.0,
6069956,10746.0,
640233,267677.0,
640234,267677.0,
6712343,21748.0,
1045145,1069006.0,
1045145,25523.0,Illustrator
547094,8726.0,
13931,8649.0,
13426056,4374349.0,
738547,81309.0,
7791582,2261547.0,
7821892,191456.0,
16059362,61011.0,
6453240,65137.0,
6453240,153738.0,
6453240,514408.0,
28514,869.0,
28514,868.0,
10900272,4747895.0,
3471403,6988.0,
23150980,2917423.0,
25734207,14239042.0,
23567473,6423096.0,
284441,165168.0,
2203819,485981.0,
13244718,4432.0,
33379357,7219081.0,
21544276,440975.0,
21544276,7313627.0,Artist
21544276,5397013.0,Colorist
21544276,17303138.0,Cover Artist
21544276,185594.0,Cover Artist
2573876,8730.0,
15727959,71688.0,
7942940,13026.0,
5163746,146374.0,
5163746,660076.0,illustrator
31522139,2916869.0,
18191343,4182577.0,
5607787,150038.0,
285212,40563.0,
285212,46540.0,
285212,38066.0,
285212,11859.0,
285210,40563.0,
285211,40563.0,
23379244,55547.0,
23379245,55547.0,
23379245,7711592.0,Reading
28925111,172487.0,
149338,5339.0,
17901125,5830526.0,
473867,12991.0,
473868,12991.0,
473869,12991.0,
15798453,18879.0,
552357,65471.0,Editor
552357,32252.0,Editor
552357,23113.0,Contributor
552357,32278.0,Contributor
552357,11065.0,Contributor
552357,12476.0,Contributor
552357,4841825.0,Contributor
552357,2115024.0,Contributor
552351,65471.0,
552351,85761.0,
514150,3565.0,
17470199,4605878.0,
17470199,4609188.0,Illustrations
532846,1077326.0,
2098158,3618.0,
25529646,7114860.0,
11336491,137902.0,
2388005,803937.0,
2837560,145294.0,
400899,13026.0,
1373490,9018.0,
1373491,9018.0,
400897,13026.0,
23706102,3330668.0,
16160769,8988.0,
26890726,370361.0,
7811245,7581.0,
12046104,3456705.0,
11324204,286014.0,
715287,32278.0,
27154427,4721536.0,
20945146,38550.0,
3477242,806782.0,
25898527,87305.0,
2346891,73084.0,
15812190,68766.0,
13380680,5432887.0,
7823524,4605.0,
25263838,13754069.0,
9591398,338705.0,
9591398,403244.0,Illustrator
12007060,15016.0,
13414814,190110.0,
13414814,55869.0,Illustrations
364960,208650.0,
364961,208650.0,
911867,32641.0,
16074582,5130924.0,
4447622,1857564.0,
13576316,215044.0,
13576316,2930952.0,Illustrator
15260,9516.0,
15268,656983.0,
3697357,41942.0,
580002,15872.0,
991722,415934.0,
991724,415934.0,
3196364,15872.0,
3196364,465708.0,Narrator
21845139,4824985.0,
7149287,8794.0,
8820045,191456.0,
16064396,4720363.0,
12803894,43835.0,
5056084,2096360.0,
916384,15890.0,
28186323,13922418.0,
23485459,71688.0,
7896345,7581.0,
11387209,4446076.0,
232031,82540.0,
232033,82540.0,
556570,1069006.0,
7882701,237195.0,
535197,8347.0,
357091,91085.0,
357092,91085.0,
590325,3116926.0,
590324,3116926.0,
590327,3116926.0,
12083417,10746.0,
12083417,169487.0,Narrator
15989191,11654.0,
11116207,2989459.0,
20702025,5282455.0,
16644104,7717.0,
20702029,5186274.0,
1229977,4429.0,
8171984,758992.0,
6027716,5489.0,
11251546,131337.0,Editor
11251546,4798562.0,
11251546,33918.0,
11251546,128570.0,
11251546,221253.0,
11251546,12339.0,
11251546,8794.0,
11251546,2283303.0,
11251546,91717.0,
11251546,2957979.0,
11251546,466494.0,
11251546,108173.0,
11251546,376166.0,
11251546,18841.0,
11251546,7608.0,
11251546,20433.0,
11251546,193861.0,
11251546,121364.0,
11251546,56162.0,
11251546,484109.0,
11251546,371670.0,
11251546,3064456.0,
11251546,58856.0,
11251546,61958.0,
11251546,307629.0,
11251546,7601.0,
11251546,18879.0,
11251546,1221698.0,
11251546,7083555.0,
11662955,96909.0,
11221285,38550.0,
27823743,1654.0,
27823743,71224.0,Afterwards
5321479,304060.0,
17617648,6997222.0,
6193703,2759174.0,
25814434,1353301.0,
33198183,374504.0,
194204,29963.0,
25115888,6548820.0,
18147153,6923558.0,
830981,6252.0,
830981,8435196.0,Narrator
830981,494654.0,Narrator
7687257,106823.0,
785371,10380.0,
785371,821970.0,Editor
7641961,3295277.0,
7641961,6459302.0,
6917434,2023476.0,
1493253,243395.0,
1493253,6154058.0,
35410641,13994108.0,
17277938,117339.0,
34974417,16781874.0,
17286729,5307635.0,
12971641,4416306.0,
12971641,1132755.0,
15828366,6469599.0,
13274737,362654.0,
15763831,5865943.0,
8886737,1783576.0,
7981459,17054.0,
163919,19564.0,
1890387,16939.0,
1890387,102886.0,Illustrator
1890387,3961.0,foreword
794615,13014.0,
1110566,8924.0,
29409499,1228468.0,
9741685,1025280.0,
26191000,4575289.0,
17464806,560396.0,
23569524,7770873.0,
12379559,1429808.0,
13418329,1654.0,
13418329,1221698.0,
16100976,374504.0,
15812812,6463972.0,
6438140,28544.0,
499252,66394.0,
499252,278194.0,Illustrator
10756459,5255014.0,
10756459,7610927.0,Illustrator
23211020,16218.0,
394365,3618.0,
15827382,5169670.0,
18966806,6474348.0,
34623666,3389.0,
34623666,14008944.0,
34623666,16846791.0,Narrator
7811212,7581.0,
27218553,159659.0,
10807218,22995.0,
1350187,17061.0,
23784983,7791997.0,
13549029,3035791.0,
9307699,3618.0,
30114538,3433047.0,
6432786,38066.0,
6432786,46540.0,
6432786,35022.0,
6432786,101078.0,
24331443,8570780.0,
16059404,5046525.0,
16059409,6545271.0,
23128304,3354.0,
23128304,7353265.0,Translator
6929566,3098913.0,
271263,1977.0,
10429025,2313312.0,
28669595,3267859.0,
9753637,4475197.0,
297823,6988.0,
23719342,1161372.0,Series Editor
23719342,88506.0,Editor
23719342,11890.0,
23719342,1221698.0,
23719342,78024.0,
23719342,215044.0,
23719342,4648324.0,
23719342,33773.0,
23719342,2957979.0,
23719342,24902.0,
23719342,331143.0,
23719342,8391936.0,
23719342,1064072.0,
23719342,15020412.0,
23719342,5258016.0,
23719342,6860265.0,
23719342,1014253.0,
23719342,26417.0,
23719342,546427.0,
23719342,2860219.0,
23719342,107170.0,
15830521,6470511.0,
33000430,6268.0,
12378089,3378320.0,
20515775,9494.0,
20515775,105602.0,Narrator
13371258,17015.0,co-author
13371258,17010.0,co-author
18072615,101078.0,
15748960,5235670.0,
21844932,5785692.0,
22992234,375626.0,
22992234,3425403.0,
12396528,3046613.0,
11390,1630.0,
458034,71688.0,
176306,10333.0,
176304,10333.0,
176308,10333.0,
529015,656983.0,
13394182,5309942.0,
20957152,363130.0,
2021006,33918.0,
7128341,815.0,
7128341,221645.0,Translator
4042928,470176.0,
7280026,5725313.0,
1604437,10986.0,
519827,32279.0,
199785,11654.0,
199786,11654.0,
199781,167932.0,
199781,11654.0,
199783,167932.0,
199783,11654.0,
1486069,418784.0,
92408,7717.0,
18490706,36344.0,
32940886,5235501.0,
22540205,5777997.0,
18187783,71688.0,
20821306,7855177.0,
12216302,10746.0,
12925333,456208.0,
13424935,7717.0,
533052,1388082.0,
12589630,108007.0,
469954,41542.0,
858352,1077326.0,
20893407,4712375.0,
18429929,5287392.0,
9652947,38531.0,
22668749,78736.0,
12059554,3512625.0,
3609756,2678.0,
14910823,6177334.0,
845501,23069.0,
9047567,155990.0,
6713614,1141422.0,
3413662,40563.0,
569978,1221698.0,
569979,1221698.0,
28686905,24.0,
17930217,7093346.0,
15757348,5769884.0,
15502,8516.0,
15505,8516.0,
12848120,4245438.0,
1103385,34049.0,
34497909,46138.0,Editor
34497909,345026.0,Editor
34497909,7581.0,contributor
34497909,96300.0,contributor
34497909,3410564.0,contributor
34497909,7083555.0,contributor
34497909,19305.0,contributor
34497909,48355.0,contributor
34497909,27841.0,contributor
34497909,2860219.0,contributor
34497909,112802.0,contributor
34497909,72451.0,contributor
34497909,17032614.0,contributor
34497909,5259692.0,contributor
34497909,8347.0,contributor
34497909,79879.0,contributor
34497909,4444279.0,contributor
34497909,7495615.0,contributor
827276,129487.0,
47989,1654.0,
20764916,1221698.0,
20764916,59749.0,Illustrator
24486756,7741564.0,
1931915,19564.0,
81524,46474.0,
21341548,4575289.0,
12905462,5281726.0,
2460633,3504.0,
473923,2465550.0,
473926,17064.0,
16038676,669810.0,
16038676,2743336.0,Narrator
8718952,137902.0,
11995902,3219496.0,
18580984,4452712.0,
18580984,947.0,
6965955,2900815.0,
16135497,4831831.0,
824444,7025.0,
20082,26.0,
30334177,46138.0,Editor
30334177,4538187.0,Contributor
10454285,3140482.0,
26098510,14216477.0,
12104857,340054.0,
508499,4845.0,
18318664,1549088.0,
21412673,7577.0,
7061684,37557.0,
13263764,4575301.0,
18280911,1221698.0,
118755,68871.0,
118756,68871.0,
6443645,359109.0,
11071294,2742182.0,
478600,33467.0,
11838803,2755160.0,
7824059,105839.0,
12829428,4414284.0,
43818,24648.0,Adapter
43818,3222597.0,Illustrator
43818,5204504.0,Illustrator
43818,7457611.0,Illustrator
43818,7577.0,Creative Supervisor
43815,7577.0,
43814,7577.0,
493790,13733.0,
27414389,6420147.0,
25857200,4476934.0,
4703905,1958136.0,
1112665,279224.0,
1112665,1886686.0,Illustrator
135284,3242.0,
135284,5044885.0,Illustrator
195816,106.0,
11408354,3112212.0,
66659,24902.0,
6290885,7710.0,
6421522,43538.0,
6421529,43538.0,
65610,1069006.0,
65610,25523.0,Illustrator
2679633,375143.0,
18692289,7359478.0,
8908,5791.0,
12882267,3200239.0,
181424,33461.0,
181425,33461.0,
181425,26291.0,Illustrator
181426,33461.0,
181427,33461.0,
181423,33461.0,
23235777,6585392.0,
13628172,164187.0,
372986,16222914.0,
10634310,202875.0,
29895106,14469474.0,
29338023,2973783.0,
13442031,4785031.0,
20600454,4303493.0,
6257480,267687.0,
6257487,823146.0,
6257484,1046722.0,
15808621,108424.0,
13758481,1161372.0,Editor
13758481,3617.0,
13758481,8988.0,
13758481,11735.0,
13758481,33773.0,
13758481,71155.0,
13758481,35022.0,
13758481,735413.0,
13758481,83308.0,
13758481,2868678.0,
13758481,29479.0,
13758481,2860219.0,
13758481,1988739.0,
13758481,11890.0,
1044058,12949.0,
1044058,3524830.0,
47323,3873.0,
47323,26615.0,Translator
47323,7728.0,Foreword
47323,17027176.0,
6240223,2839407.0,
14501,1221698.0,
25064648,6567825.0,
17208764,6442922.0,
6343247,131208.0,
7795066,23894.0,
13041606,3406550.0,
9031163,27206.0,
9031163,174708.0,
17410362,21911.0,
17410362,140566.0,
1383797,673750.0,
1383797,85928.0,translator
25761086,119888.0,
17254055,298438.0,
13613627,16199171.0,
18051172,25052.0,
6393,4333.0,
6393,4335.0,
6394,4333.0,
6394,4335.0,
1695820,27379.0,
925959,472456.0,
6616382,2465550.0,
767580,8596.0,
9548964,4417749.0,
22328546,7074943.0,
27828948,1221698.0,
27828948,688417.0,Narrator
27828948,2440736.0,Narrator
27828948,551119.0,Narrator
27828948,280134.0,Narrator
27828948,2753276.0,Narrator
27828948,14133608.0,Narrator
27828948,1181278.0,Narrator
27828948,585301.0,Narrator
27828948,80805.0,Narrator
27828948,715427.0,Narrator
27828948,120864.0,Narrator
27828948,413870.0,Narrator
27828948,139291.0,Narrator
11923030,2936493.0,
11965835,5020278.0,
28807,3619.0,
15980406,6464240.0,
23522305,10517.0,
23168836,6472264.0,
23168830,3405346.0,
23168833,3016197.0,
2766898,7116.0,
12794018,3464665.0,
21843165,8119768.0,
18089921,827236.0,
16067683,5393357.0,
10085245,90340.0,
7940997,3449368.0,
71811,40563.0,
13048093,5278438.0,
1436393,322402.0,
583984,9550.0,
15747474,146374.0,
786621,6781.0,
16158611,153738.0,
26805518,5276341.0,
7629854,3339369.0,
34217477,7025.0,
9601799,3399559.0,
1334860,580315.0,
20404905,13557729.0,
394406,656983.0,
8718597,9494.0,
887877,73149.0,
29223861,15012550.0,
847751,8685.0,
345299,31232.0,
9260632,71090.0,
13065962,5295520.0,
34077009,16366800.0,Co-Author
34077009,16366801.0,Co-Author
13644055,4476934.0,
464678,26771.0,
464672,26771.0,
24885878,94868.0,
15764736,179153.0,
9565548,6914204.0,
29207441,3420702.0,
7181829,8164.0,
7181829,495248.0,Introduction
7181829,180439.0,Illustrator
25897765,9640.0,
28364013,46138.0,Editor
28364013,10182.0,Illustrations
28364013,4798562.0,
28364013,466494.0,
28364013,37557.0,
28364013,237787.0,
28364013,48355.0,
28364013,4451294.0,
28364013,167606.0,
28364013,2966042.0,
28364013,6861257.0,
28364013,765702.0,
28364013,96300.0,
28364013,7083555.0,
28364013,2860334.0,
28364013,144323.0,
26030742,276660.0,
313256,6268.0,
313259,6268.0,
11801463,25307.0,
25615305,4632661.0,
25776642,10789739.0,
25361852,5137530.0,
15810145,226816.0,
24690795,817907.0,
21466236,6860531.0,
7457397,3020684.0,
28078791,5351847.0,
23332977,8891928.0,
13517589,5116661.0,
28536304,3431194.0,
28536304,6864826.0,Narrator
17971591,7102859.0,
13167096,4522.0,
13167096,27209.0,
13167096,52050.0,
13167096,823146.0,
13167096,72451.0,
13167096,4467098.0,
13167096,40383.0,
13167096,51518.0,
13167096,27140.0,
13167096,4479170.0,
13167096,5610950.0,
13167096,97136.0,
13167096,2129854.0,
13167096,2444658.0,
13167096,33773.0,
13167096,63807.0,
13167096,48557.0,
13167096,589.0,
13167096,16560.0,
13167096,6565839.0,
13167096,18841.0,
13167096,41942.0,
29777634,4900972.0,
29777634,6543639.0,
23311450,7188768.0,
12614754,4737695.0,
20940832,1228468.0,
17905593,7074080.0,
13046692,27379.0,
12899734,131208.0,
188267,7941.0,
12330365,5116661.0,
16108870,1141209.0,
23830990,370361.0,
17978132,4417749.0,
3124932,116581.0,
17836100,1654.0,
22747824,93726.0,
24548235,1077326.0,
24548235,3911856.0,Illustrator
11797285,2998.0,
11797287,241301.0,
474111,10885.0,
10060012,4028407.0,
333970,191475.0,
333970,3973521.0,Illustrator
333970,3973802.0,Illustrator
13033924,5322850.0,
18110063,28946.0,
17793860,4601855.0,
13596828,3425627.0,
24726335,3396842.0,
1160921,68871.0,
13479179,3387285.0,
13338730,5157083.0,
27972951,7328358.0,
18053264,137386.0,
17315329,200500.0,
15818593,21911.0,
16083044,4394928.0,
22693307,7305254.0,
239239,23419.0,
17287054,43504.0,
20660219,7063660.0,
7832141,8646.0,
775436,108693.0,
5111039,153734.0,
21043488,815.0,
18469987,5622334.0,
18209104,5877921.0,
16129295,14269.0,
16129295,685911.0,Translation
13536802,4882841.0,
16299948,5805814.0,
176881,8685.0,
6618272,2987125.0,
28936314,7009629.0,
367333,87305.0,
11506205,137902.0,
20821206,1375697.0,
28547,26.0,
6076379,7742.0,
11469563,4880860.0,
11469563,573749.0,Illustrator
7507951,5339.0,
567586,7025.0,
20893509,876105.0,
32454291,176372.0,
9713071,3465557.0,
11458578,4443809.0,
116982,3619.0,
20647547,6524620.0,
5198413,165168.0,
5198413,2161876.0,Illustrator
20513342,7758781.0,
259127,44103.0,
23460928,7273669.0,
23460926,3002543.0,
18079665,7190339.0,
17738211,99117.0,
153838,88922.0,
153838,59844.0,
153838,1583937.0,
18466420,6929808.0,
18466420,5162273.0,
378619,11663.0,
34275232,8384949.0,
9462664,25268.0,
6376794,128231.0,
7012,947.0,
7012,41570.0,Editor
7012,21187.0,Editor
47887,26875.0,
47881,6206.0,
22698568,6953956.0,
97089,7935185.0,
97089,55825.0,Illustrator
97085,7935185.0,
97087,7935185.0,
97087,55825.0,Illustrator
97087,3889643.0,Illustrator
13568836,5137530.0,
13522,7025.0,
18153046,30279.0,
11282970,1008054.0,
31213706,57990.0,
8366199,201369.0,
16479479,3251728.0,
8527908,3169806.0,
18130881,4094557.0,
13453604,5130837.0,
12543750,4611175.0,
30257957,132923.0,
12680986,3228055.0,
26228934,14247695.0,
25873786,7036415.0,
1138121,1221698.0,
3102821,1077326.0,
31549513,8306309.0,
126018,6245.0,
126018,6244.0,
126018,337207.0,Illustrations
25543733,4796263.0,
11806849,8604.0,
7179686,1628012.0,
9640019,17061.0,
17327157,2772365.0,
326128,36344.0,
26169429,1332605.0,
230852,33919.0,
230852,16939.0,Introduction
230853,33919.0,
230855,33919.0,
1569097,22543.0,
33155,947.0,
33155,18604.0,Editor
8534899,4105961.0,
64144,1654.0,
16067459,6548741.0,
12939838,6234.0,
16127272,14178660.0,
16127272,4415207.0,
22703968,6520834.0,
1190811,12521.0,
1190811,393249.0,
9277334,63669.0,
9277339,4342615.0,
6609758,347385.0,
687215,12980.0,
7292791,723801.0,Editor/Contributor
7292791,21748.0,Contributor
7292791,10746.0,Contributor
7292791,114283.0,Contributor
7292791,15292.0,Contributor
7292791,291002.0,Contributor
7292791,137386.0,Contributor
7292791,131208.0,Contributor
7292791,8988.0,Contributor
18482680,643309.0,
18663205,4108184.0,
9858870,20936.0,
53806,566.0,
53806,169609.0,Translator
53806,215818.0,Translator
1191449,88922.0,
3697553,137902.0,
12895386,5131305.0,
15808767,71688.0,
15808762,40563.0,
6437765,25307.0,
6437768,25307.0,
25219028,13711216.0,
23898354,8304331.0,
219760,2526.0,
43917,8588.0,
9551603,25307.0,
9551603,53255.0,
872816,5376.0,
13721878,32279.0,
33973968,2905269.0,
669570,359109.0,
113540,13026.0,
27209443,612167.0,
20413502,5816.0,
5999961,941441.0,
37190,13663.0,
37190,121656.0,Illustrator
37193,13663.0,
37193,5466147.0,
23664877,8422242.0,
1830755,71688.0,
18269815,5424286.0,
6945530,167605.0,
6945530,202311.0,
1048623,345572.0,
6409700,9355.0,
28114396,8171797.0,
18480516,7264292.0,
1348468,27498.0,Creator
1348468,73351.0,
1348468,1871685.0,Illustrator
10639954,105805.0,
13260060,7710.0,
20920324,7142258.0,
334123,33467.0,
1462970,10522.0,
17258996,6568822.0,
66691,32916.0,
66692,1023510.0,
66693,1023510.0,
66694,1023510.0,
66695,1023510.0,
13425797,4528793.0,
12372363,4741652.0,
771620,641268.0,
15981709,32912.0,
24602702,3111338.0,
3109566,4636.0,
18196876,73149.0,
2998814,1290625.0,
2721947,270312.0,
11102457,3023964.0,
362592,8694.0,
362592,46137.0,Introduction
44187,15872.0,
28734,8685.0,
7294912,3780.0,
10338023,13677.0,
13495069,4629194.0,
3019990,26906.0,
1095560,1831.0,
23399287,9879340.0,
25450479,7753988.0,
24611676,272922.0,
24611676,3525857.0,
13562109,5784430.0,
6707525,8794.0,
9461965,2988406.0,
9461965,1411091.0,Translator
10429903,33467.0,
1276886,15873.0,Author
1276886,614479.0,Narrator
17165980,72678.0,
17165980,252914.0,Illustrations
17165986,270479.0,
1416845,54475.0,
194003,6259.0,
22813444,5805455.0,
29601,696805.0,
10635806,4104358.0,
7031306,4432.0,
7031306,3132865.0,Narrator
12027429,445303.0,
603398,326338.0,
12059093,71688.0,
3531469,1325446.0,
15854146,836009.0,
18138967,4877694.0,
23563120,9854370.0,
13552286,421434.0,
13552281,421434.0,
7698279,10746.0,
7698279,169487.0,Narrator
28550610,1077326.0,
28550610,3911856.0,Illustrator
297815,53193.0,
11162744,10604071.0,
11162744,4083207.0,
11162744,40563.0,
568592,732829.0,
568592,8486.0,Translator
18657033,5219553.0,
11785468,32638.0,
29758013,5403541.0,
273512,27498.0,
20607958,4845.0,
14059271,4104941.0,
7861871,477469.0,
9552082,941441.0,
25689041,6883551.0,
741624,8164.0,
13184223,4574107.0,
337943,8840.0,
337943,2387.0,
69456,4699102.0,
69456,1510193.0,Translator
69456,21187.0,editor
69456,2946202.0,Cover design
16134674,4756190.0,
15732001,234115.0,
7286699,108424.0,
7286699,4173628.0,Illustrator
20968174,7176787.0,
883458,11735.0,
32792667,15752281.0,
12811730,2002988.0,
6195236,4636.0,
68005,1221698.0,
18114980,4464118.0,
185695,108197.0,
4558004,61277.0,
7165300,1370283.0,
23598679,150038.0,
23598679,836009.0,
23598679,10317.0,
16077824,17276686.0,
153779,8596.0,
13102039,3101058.0,
21936742,5014564.0,
6341582,207694.0,
11433585,65335.0,
11433585,65334.0,Illustrations
6780702,5808280.0,
36394924,14072132.0,
92740,1067608.0,
24795920,4722094.0,
367349,61659.0,
13513409,272814.0,
13513407,4894063.0,
153849,5255014.0,
153849,123344.0,Narrator
18460183,7145212.0,
823763,8842.0,
823763,43668.0,Illustrator
13063912,4370565.0,
13063912,123344.0,Narrator
9738697,57717.0,
7430962,288167.0,
6297248,2861276.0,
29939198,14173645.0,
13519964,5362029.0,
673946,170520.0,Pseudonym
673946,28550.0,
6889348,16143.0,
140667,13026.0,
140669,13026.0,
34016323,5356562.0,
32890474,13734129.0,
9514590,2614.0,
9033224,2847546.0,
6700360,15292.0,
3048,4699102.0,
3048,656983.0,Translator
3048,9533.0,Editor
20995607,7165513.0,
25721421,6586877.0,
29358350,27148.0,
13642591,12696.0,
28588345,4342215.0,
20612059,4847560.0,
512447,57462.0,
512447,472036.0,Illustrations
512444,57462.0,
512444,472036.0,Illustrations
274149,31869.0,
274149,63522.0,Series Creator
274146,116617.0,
601134,656983.0,
1222817,24830.0,
1222817,59749.0,
756410,1429808.0,
15798690,47104.0,
2933271,659178.0,
20759444,13957.0,
34466922,3389.0,
34466922,218826.0,
452304,6988.0,
452304,24041.0,Introduction
17977053,161399.0,
8177852,2768449.0,
8177852,5212370.0,
258323,8164.0,
258323,607082.0,Introduction
17233708,5445209.0,
15839932,4528793.0,
17790234,5331983.0,
1762364,8726.0,
12862108,580315.0,
295265,170443.0,
295265,63608.0,Illustrator
67954,8454.0,Adaptation
67954,8455.0,Illustrator
67954,346732.0,
67955,346732.0,Editor / Author
67955,185359.0,Contributor
67955,4659292.0,Contributor
67955,150432.0,Contributor
67955,70454.0,Contributor
67955,725899.0,Contributor
67955,74608.0,Cover Artist
67955,2924742.0,Contributor
67956,346732.0,
67957,346732.0,
67957,38313.0,
25362894,4632659.0,Editor
25362894,3072055.0,Editor
25362894,17146263.0,Contributor
25362894,17146264.0,Contributor
25362894,17146265.0,Contributor
25362894,14813411.0,Contributor
25362894,5359213.0,Contributor
25362894,6981308.0,Contributor
25362894,7113262.0,Contributor
25362894,17146266.0,Contributor
25362894,7058667.0,Contributor
25362894,4446292.0,Contributor
25362894,5016187.0,Contributor
25362894,17146267.0,Contributor
10808965,2232265.0,
15942629,2909019.0,
16035850,6535967.0,
18107099,4260.0,
18107099,324500.0,
317519,1069006.0,
16060716,2526.0,
27154621,40881.0,
469491,233554.0,Alias
469491,16933.0,
70585,22548.0,
70583,22548.0,
70581,22548.0,
91973,346732.0,
91971,12949.0,
91971,3524830.0,
6973574,1080585.0,
3873345,777375.0,
215543,74046.0,
215542,74046.0,
215541,74046.0,
215540,74046.0,
554202,194172.0,
7013171,3127235.0,
7013171,13856.0,
219589,8125999.0,
16066445,4428.0,
6353702,1312879.0,
32991569,1373880.0,
8788554,4175419.0,
8788555,4175419.0,
8788555,334840.0,Narrator
3452981,24009.0,
23456349,6564843.0,
12947792,48206.0,
2192340,36276.0,
263146,153733.0,
263147,153734.0,
263145,153732.0,
263145,1411091.0,Translator
263148,153734.0,
263149,17059.0,
816297,3502.0,
8273005,48192.0,
8273005,114283.0,
8273005,270312.0,
8273005,291002.0,
8273002,1958136.0,
937003,54201.0,
17929925,6880655.0,
8191539,213980.0,
17288770,3001245.0,
479658,57462.0,
479658,472036.0,Illustrations
190388,17618.0,
190388,546590.0,Illustrator
32997948,2060858.0,
20345202,7105753.0,
12387007,5137209.0,
237721,445303.0,
12015520,1192311.0,
3940508,1077326.0,
17623344,5310508.0,
6391683,2895895.0,
9640779,10604071.0,
9640779,4083207.0,
9640779,40563.0,
12427473,421434.0,
26196475,25.0,
26196475,1067608.0,Introduction
8585178,4201.0,
12846479,2096360.0,
18229437,7184104.0,
18229437,7022840.0,Narrator
9597597,2943699.0,
2132429,25205.0,
9510221,96300.0,
1164284,13652.0,
190361,9550.0,
190360,9550.0,
516036,4764.0,
23567756,2897820.0,
3287692,7025.0,
11387447,823146.0,
2871839,573850.0,
2871839,26170.0,
65018,4764.0,
1263398,15453706.0,
1263398,28550.0,
1642591,656983.0,
1642591,9533.0,Editor
1642591,9545.0,Illustrator
15824174,6467927.0,
22219681,5251086.0,
22219681,50802.0,
6464742,83308.0,
19279000,5139182.0,
8548107,20248.0,
15161,8842.0,
15161,10763.0,Illustrator
76920,13663.0,
76920,121656.0,Illustrator
3056460,543323.0,
3056460,465626.0,Illustrator
11953675,5016653.0,
18459458,5234352.0,
13628839,5827096.0,
47567,4260.0,
7199017,97228.0,
7199017,40881.0,
7199017,202865.0,
8168507,346732.0,Editor
8168507,113942.0,Contributor
8168507,4659292.0,Contributor
8168507,111819.0,Contributor
8168507,1988739.0,Contributor
8168507,8988.0,Contributor
8168507,3619.0,Contributor
8168507,48960.0,Contributor
8168507,4176271.0,Contributor
8168507,150432.0,Contributor
8168507,4601681.0,Contributor
8168507,70454.0,Contributor
8168507,2924742.0,Contributor
8168507,15018.0,Contributor
580828,101624.0,
186103,13957.0,
9650938,71688.0,
492773,4471254.0,
722251,23001.0,
7815691,30819.0,
7815690,30819.0,
11313672,3023434.0,
16279796,5047249.0,
7975387,816561.0,
7975387,946615.0,
15843397,3097905.0,
22553536,2988406.0,
22553536,1411091.0,Translator
6376522,201462.0,
355917,157663.0,
355917,619712.0,Illustrations
355916,157663.0,
355916,619712.0,Illustrations
10867387,4178213.0,
25159315,5404616.0,
674749,1040250.0,
248309,145092.0,
16082686,445303.0,
10734298,430332.0,
305088,9355.0,
305088,925.0,Narrator
40866,5376.0,
40869,5376.0,
119491,3995.0,
6442616,9072.0,
7107790,61659.0,
437638,1301649.0,
6089604,2103666.0,
18755909,445303.0,
15844279,8164.0,
15844279,180439.0,Illustrator
15844279,6765.0,Essay
23210033,13467007.0,
23210033,13536220.0,
7818881,293603.0,
17571274,25052.0,
818111,3354.0,
818111,323598.0,Translator
17861,8794.0,
17867,8794.0,
17864,8794.0,
12884237,165168.0,
187811,11654.0,
8531289,2892333.0,
8785374,1654.0,
22565395,1221698.0,
22565395,5122.0,Illustrator
9944349,2876763.0,
34094813,13260916.0,
22060868,4464118.0,
22077977,47104.0,
997846,26897.0,
6400720,40563.0,
6400720,334840.0,Narrator
9931820,81096.0,
11872688,137902.0,
7455201,346732.0,
204792,2001324.0,
798527,49177.0,
798527,663796.0,Narrator
15991959,359109.0,
17790646,2905269.0,
322920,2041.0,
6690996,2018764.0,
538381,1356336.0,
20525909,5228940.0,
8776757,1330292.0,
13139,3780.0,
16101040,7581.0,
23303672,33408.0,
1070555,376347.0,
1070554,131208.0,
20708810,7025.0,
209215,12351.0,
209215,2676580.0,Illustrator
209215,3510823.0,Illustrator
12432531,2778323.0,
10336,6781.0,
26106229,9830676.0,
35452863,6427501.0,
2325009,656983.0,
21881932,7278507.0,
28109927,4149342.0,
13573576,2995873.0,
16110946,363130.0,
16110946,4945241.0,Narrator
24408006,6474348.0,
24408006,4132657.0,Narrator
6245492,165168.0,
302457,7710.0,
2892159,38569.0,
2892159,591108.0,Translator
18761015,48192.0,
184003,22631.0,
3121124,108007.0,
17265255,53793.0,
18947303,7390210.0,
18666295,5181752.0,
18666293,5181752.0,
35333530,240840.0,
16937694,3449368.0,
15812761,10739.0,
15812761,163934.0,Illustrator
7146050,1112218.0,
24818693,1221698.0,
4255,1077326.0,
33785174,8685.0,
645954,1003655.0,
9953281,4520226.0,
27876157,1077326.0,
27876157,5446186.0,Narrator
310737,8593.0,
12977172,4629194.0,
13492880,3389.0,
842927,1221698.0,
842927,10365.0,Illustrator
533690,3242.0,
33385408,7801879.0,
13638020,4890182.0,
15773979,4735144.0,
89589,20560.0,
89582,20560.0,
89581,20560.0,
89585,20560.0,
13895,6252.0,
13890,6252.0,
13891,6252.0,
27219584,2869149.0,
2369498,169523.0,
1947527,885302.0,
10194637,4575398.0,
23352538,4342215.0,
23352538,13787482.0,Narrator
23352538,13787483.0,Narrator
181886,34850.0,
181886,4841825.0,
6666394,13026.0,
17061490,836009.0,
30985898,2264238.0,
255879,17739.0,
3128406,17061.0,
28953458,28544.0,
25309770,3435990.0,
1598068,4522.0,
4020390,1077326.0,
4020390,1079451.0,Afterword
4020390,15625388.0,Translator
4020390,14877156.0,Commentary
765301,3242.0,
765301,5044885.0,Illustrator
765300,3242.0,
765300,5044885.0,Illustrator
6801389,16961.0,
6801389,4428700.0,
29356108,150038.0,
20516386,5898355.0,
6602818,35023.0,
128495,73789.0,
9715640,497291.0,
12924288,5073459.0,
22571365,5295120.0,
29981868,15965840.0,
15801763,836009.0,
148206,65471.0,
148205,65471.0,
22878833,106.0,
10336420,1441847.0,
6490566,5793234.0,
6490566,39840.0,Translator
6490566,2939598.0,Translator
713687,8596.0,
17561414,4543325.0,
20821001,246753.0,
838640,656983.0,
838640,42155.0,Translator
9939156,4522.0,
18330843,80808.0,
6699637,142270.0,
10318247,4606484.0,
15814563,173493.0,
11426110,5989.0,
11426110,1411821.0,Illustrator
69449,4699102.0,
69449,39100.0,Translator
6033247,2759174.0,
6033249,2759175.0,
1080270,89622.0,
26156471,96300.0,
22522818,1654.0,
22522818,6870042.0,Illustrator
64207,36122.0,
64207,36175.0,
6460099,150810.0,
6460099,362098.0,Translator
13554639,4700417.0,
6692896,15872.0,
286507,8732.0,
176754,103028.0,
10764210,3427995.0,
378414,23284.0,
8500408,1080585.0,
26570784,8573519.0,
860520,4260.0,
860520,70032.0,Illustrator
31438751,15614540.0,
13648038,667300.0,
17612654,2905297.0,
12308723,5113138.0,
10066399,40823.0,
15793094,3312940.0,
16035496,2959120.0,
1610998,4698899.0,
1610998,1945379.0,Translator
7263429,3041100.0,
3430165,103359.0,
3430166,103359.0,
2348596,1967.0,
3597667,673750.0,
20415883,7504850.0,
15811661,4540563.0,
14741366,6151198.0,
13260802,5416090.0,
26114479,3508219.0,
25645269,6519859.0,
16156357,137902.0,
30124904,1222405.0,
218637,18253.0,
218635,18253.0,
15851414,4735144.0,
1128164,1040250.0,
904896,10896.0,
22749788,65335.0,
252969,4338.0,
6334523,93726.0,
77673,656983.0,
77673,9533.0,Editor
17673620,6533979.0,
975076,99836.0,
8109130,3508354.0,
828879,4260.0,
828878,66700.0,
828878,6943.0,Editor
828878,11210.0,Illustrator
26207629,3234239.0,
5723653,81017.0,
863689,16022666.0,
3295695,1395810.0,
3295696,1395810.0,
25950053,8167946.0,
76862,10896.0,
76863,10896.0,
5228806,24978.0,
13151638,26546.0,
10637766,2876763.0,
25024487,4718800.0,
6381205,2891665.0,
28512700,6202730.0,
18488572,5804101.0,
18488572,5659982.0,Narrator
641511,332731.0,Pen Name
641511,375626.0,
7199136,1301649.0,
20558767,6153661.0,
11515995,26897.0,
12084278,5054179.0,
9503573,3099087.0,
34314702,15417864.0,
13275209,223600.0,
8498031,625.0,
1229,811.0,
18632219,5135449.0,
8720079,566874.0,
10890702,5816.0,
49329,8185168.0,
9633064,21748.0,
9633064,101078.0,
9633064,156522.0,
9633064,329391.0,
25505739,4601681.0,
929587,500.0,
101041,13026.0,
18465608,6549281.0,
22733969,8190719.0,
6547258,38550.0,
6547259,38550.0,
24527941,324620.0,
3,1077326.0,
3,2927.0,Illustrator
29467247,8427407.0,
21471657,102987.0,
18668115,7054485.0,
61903,16094.0,
11382304,4167378.0,
15710591,226816.0,
15710593,1975671.0,
2102600,4763.0,
31298846,150038.0,
31298846,5377476.0,Illustrator
13124003,1067608.0,
23524779,1445909.0,
22586252,6549285.0,
2619996,1155055.0,
17929785,7094601.0,
6058551,99642.0,
20736850,6923558.0,
5995419,23.0,
25659482,14055047.0,
6150838,492365.0,
123557,71081.0,
123557,8537.0,Translator
14836136,5140626.0,
17340764,326339.0,
19983,20.0,
6090433,213980.0,
17905355,4154802.0,
12044078,1202217.0,
12044078,4332964.0,Illustrator
28006120,15872.0,
977841,27100.0,
28451694,324620.0,
28451694,737890.0,narrator
2801573,27498.0,
13446612,9494.0,
172764,7742.0,
9475900,566.0,
7978958,2895706.0,
7978958,2895707.0,
564309,2938140.0,
564309,2938141.0,
9660102,2924930.0,
7930335,2895706.0,
7930335,2895707.0,
891997,12935.0,
413814,28946.0,
413814,1310149.0,
17660863,6900888.0,
6573555,941441.0,
908330,9266.0,
13584400,5437976.0,
18528430,99117.0,
22730614,2769036.0,
18152865,7158309.0,
819920,8347.0,
6927748,1405152.0,
6927743,237787.0,
5075964,40881.0,
17926850,137902.0,
18621200,542967.0,
18621200,14834295.0,
8432418,3020656.0,
3503263,10746.0,
222672,5339.0,
26241281,4150064.0,Editor
26241281,87305.0,
26241281,3381686.0,
26241281,466494.0,
26241281,2998.0,
26241281,27874.0,
26241281,4994753.0,
26241281,4522.0,
26241281,27148.0,
26241281,72451.0,
26241281,58971.0,
26241281,15292.0,
26241281,6450613.0,
26241281,2860219.0,
26241281,17967.0,
22864838,5348132.0,
2800905,7581.0,
95914,7540.0,
95910,7540.0,
95913,7540.0,
95913,644567.0,Illustrator
12265215,4721536.0,
7937589,15872.0,
1718577,118848.0,
1718577,118847.0,
211973,9346.0,
18617680,7312935.0,
18131,106.0,
304028,6268.0,
304028,76459.0,
304028,175139.0,
304028,46540.0,
304025,10318.0,
304025,33876.0,
304025,175137.0,
304025,175138.0,
304027,20248.0,
304026,4430.0,
29430737,3389.0,
12588363,2905297.0,
216252,58997.0,
216253,58997.0,
8389870,445303.0,
16280546,6644323.0,
18722335,4384865.0,
2653173,1069006.0,
618198,246590.0,
618197,246590.0,
618196,246590.0,
618195,41942.0,
618194,41942.0,
399376,16939.0,
31836780,600309.0,
96458,26.0,
7158537,213980.0,
24313624,7077654.0,
11238484,874602.0,
639894,344352.0,
30039020,15215219.0,
8546815,28375.0,
3767279,3155347.0,
2764437,941441.0,
16065829,6526309.0,
9945127,2905297.0,
16059323,953612.0,
13617298,1228621.0,
17451462,3431194.0,
18357173,2937053.0,
20691458,33465.0,
1551102,1069006.0,
29993747,771.0,
18134015,4649677.0,
23731820,324620.0,
129798,57739.0,
129798,147253.0,Selected by
7340340,207708.0,
120273,205.0,
10086007,9505.0,
23359992,21911.0,
27237703,9879340.0,
694942,47991.0,
727798,656983.0,
31333,7577.0,
31332,7577.0,
31331,7577.0,
31330,7577.0,
31337,7577.0,
31338,7577.0,
13635564,17061.0,
13635564,2729427.0,Narrator
176860,8685.0,
176867,4766.0,
176867,8685.0,
20343,12030.0,
20482734,6883979.0,
111450,57990.0,Pseudonym
111450,1077326.0,
545761,70853.0,
804414,67481.0,
784916,25052.0,
784911,25052.0,
55776,9685.0,
42900,20248.0,
18860795,137902.0,
544313,31265.0,
544315,31265.0,
32493342,15941689.0,
15814425,27280.0,
15814425,4570608.0,Illustrations
11646671,4928594.0,Contributor
11646671,5732087.0,
11646671,16738465.0,Contributor
11646671,16738466.0,Contributor
11646671,16738467.0,Contributor
11646671,16738468.0,Contributor
11646671,4283413.0,Contributor
11646671,16738469.0,Contributor
11646671,16738470.0,Contributor
11646671,16738471.0,Contributor
11646671,16738472.0,Contributor
11646671,16738473.0,Contributor
11646671,16738474.0,Contributor
11646671,16738475.0,Contributor
11646671,16738476.0,Contributor
11646671,16738477.0,Contributor
11646671,16738478.0,Contributor
11646671,16738479.0,Contributor
11646671,11072248.0,Contributor
11646671,16738480.0,Contributor
11646671,1107689.0,Contributor
11646671,16738481.0,Contributor
11646671,16738482.0,Contributor
11646671,16738483.0,Contributor
11646671,16738484.0,Contributor
11646671,3080847.0,Contributor
11646671,16738485.0,Contributor
11646671,625158.0,Contributor
11646671,16738486.0,Contributor
11646671,16738487.0,Contributor
11646671,16738488.0,Contributor
11646671,383019.0,Contributor
11646671,7277357.0,Contributor
11646671,3434107.0,Contributor
11646671,16738489.0,Contributor
11646671,16738490.0,Contributor
77139,874602.0,
77138,874602.0,
77138,123300.0,Illustrator
7882883,146374.0,
7882883,660076.0,Illustrations
6965998,36122.0,
13450181,14740341.0,Writing as
13450181,4216062.0,
11231621,53793.0,
25315922,15292.0,
25746707,14107529.0,
7830973,114283.0,
6723348,167605.0,
6723348,202311.0,
17681750,27498.0,
910102,1077326.0,
16445270,6696692.0,
6867949,304060.0,
11362198,4851799.0,
12299435,2503028.0,
12299435,2995869.0,Narrator
8707774,2740668.0,
540489,4099.0,
16098976,9355.0,
5999242,2503028.0,
21421126,146655.0,
21457243,26897.0,
7775611,19954.0,
15927534,6506571.0,
10841297,4443070.0,
10814707,8646.0,
25273121,150810.0,
11187090,2938140.0,
11187090,2938141.0,
11187090,2866353.0,
18113422,145946.0,
18113422,1272.0,Illustrator
13607320,5331802.0,
11382868,2938140.0,
8242902,4020794.0,
1433826,150338.0,
20787232,7843051.0,
18462140,186145.0,
17817925,5785692.0,
45480,3618.0,
45480,178734.0,Illustrator
13488299,26878.0,
6402375,240708.0,
18977,656983.0,
18977,9533.0,Editor
2049427,71808.0,
11735456,346732.0,
15701058,4408422.0,
30280823,7235297.0,
7508223,26935.0,Editor
7508223,413510.0,Contributor
7508223,7581.0,Contributor
7508223,631503.0,Contributor
7508223,240709.0,Contributor
7508223,481782.0,Contributor
7508223,1531483.0,Contributor
7508223,1965926.0,Contributor
7508223,765702.0,Contributor
7508223,3469.0,Contributor
7508223,224179.0,Contributor
7508223,2444658.0,Contributor
7508223,2930173.0,Contributor
7508223,1967.0,Contributor
7508223,2879106.0,Contributor
7508223,2914122.0,Contributor
7508223,2917037.0,Contributor
7508223,2978425.0,Contributor
7508223,3403916.0,Contributor
7508223,3403917.0,Contributor
7508223,3403918.0,Contributor
7508223,3403919.0,Contributor
7508223,3403920.0,Translator
7508223,3403921.0,Contributor
7508223,3403927.0,Contributor
7508223,3403928.0,Contributor
11185432,4807573.0,
6178354,24818.0,
1051620,87306.0,
26532283,7077654.0,
26532283,2740918.0,Narrator
12871657,3125711.0,
1190036,6252.0,
8437831,3369676.0,
25689056,7979840.0,
491178,8516.0,
59267,33467.0,
59266,33467.0,
59265,33467.0,
59264,33467.0,
59268,33467.0,
13514292,40563.0,
13514292,473481.0,Narrator
23013689,8475418.0,
23013689,153013.0,Illustrations
6926983,55474.0,
6926983,48192.0,
6926983,2612.0,
536504,19823.0,
9838286,1304819.0,
906899,9355.0,
25656828,2063919.0,
25656828,4132657.0,Narrator
499485,18684.0,
499485,256641.0,
917220,1067608.0,
18685210,2526.0,
18685210,4564814.0,Narrator
15814899,1375697.0,
8614692,129092.0,
15814893,1563059.0,
15814895,3409997.0,
29739361,13505420.0,
18196738,7173492.0,
2445045,162678.0,
30241499,45315.0,
12384967,72545.0,
22930,4708.0,
9820245,1221698.0,
9532901,17054.0,
9532901,5821661.0,Illustrator
9532901,5772144.0,Illustrator
12784862,4767490.0,
954248,483910.0,
954248,3014566.0,Translation and adaptor
954248,2988217.0,Lettering
6400069,426944.0,
25489486,234115.0,
292654,47991.0,
9922371,874602.0,
17270883,3849415.0,
25013418,3389.0,
9988362,4527822.0,
9988362,835265.0,Illustrator
28220986,12803.0,
10818702,5369.0,
227532,13014.0,
12534860,794667.0,
1443570,237194.0,
6976966,1111511.0,
7106964,753097.0,
10562661,4667751.0,
589771,13014.0,
648514,348878.0,
5200548,92149.0,
22739196,8391100.0,
10880493,2060858.0,
407234,625.0,
8414223,241301.0,
25959041,13708274.0,
156766,1069006.0,
156766,25523.0,
363026,1141781.0,
34213598,16424621.0,
13595635,5814544.0,
13595639,10317.0,
18158475,4786551.0,
229496,122001.0,
8782738,756861.0,
25354011,4776262.0,
452409,106.0,
18886,4841825.0,
18881,8732.0,
18882,8732.0,
1961314,26878.0,
642956,346387.0,Compilation
642952,2917021.0,Translator
17261579,368978.0,
16052859,6252.0,
16052859,38550.0,
13326372,5237606.0,
1819013,5791.0,
23653469,10142051.0,
26090003,14181072.0,
15728807,5022765.0,
25058405,6268.0,
19401029,2905297.0,
1651392,762973.0,
499214,2253157.0,Editor
499214,8185168.0,contributor
499214,2916952.0,contributor
499214,23069.0,contributor
499214,1221698.0,contributor
499214,155759.0,contributor
499214,4659292.0,contributor
499214,18253.0,contributor
499214,126752.0,contributor
499214,345026.0,contributor
499214,11270.0,contributor
499214,12991.0,contributor
499214,7610.0,contributor
499214,207823.0,contributor
499214,287923.0,contributor
499214,27142.0,contributor
499214,7415.0,contributor
499214,102886.0,Cover Artist
499214,2843991.0,contributor
10888677,346732.0,
1190695,136759.0,
6809339,5098.0,
153175,8588.0,
18812785,5865943.0,
13531021,116504.0,
1121393,24830.0,
1121393,59749.0,
17852056,4649677.0,
81072,25.0,
15811526,2788789.0,
491087,26.0,
491087,11906.0,
102259,48192.0,
564204,5288510.0,
6356046,6378.0,
6356046,18064.0,Illustrator
6356046,53354.0,Compiler
13641561,5832728.0,
13513643,8988.0,
2190742,3843.0,
2190742,57085.0,Illustrator
16059443,6981454.0,
16059443,140129.0,Editor
16059442,3020684.0,
137997,19954.0,
9795263,4485813.0,
15778514,5321960.0,
17162397,1641228.0,
11280254,4830336.0,
107379,4432.0,
10212067,1228621.0,
4685971,1405152.0,
10429067,1051591.0,
72485,6988.0,
72485,288119.0,Introduction
30259,17054.0,
30257,9550.0,
18333851,7222680.0,
26866700,6439448.0,
7667523,131208.0,
10314229,3465557.0,
116367,67424.0,
18640815,6892507.0,
18640815,6871262.0,Translation
18404246,4430.0,
56400,1069006.0,
56400,25523.0,Illustrator
56400,149738.0,Illustrator
1455439,23069.0,
371638,46138.0,Editor
371638,46137.0,Editor
371638,205075.0,Contributor
371638,23113.0,Contributor
371638,48397.0,Contributor
371638,23069.0,Contributor
371638,78024.0,Contributor
371638,513709.0,Contributor
371638,27075.0,Contributor
371638,26897.0,Contributor
371638,8125999.0,Contributor
371638,144814.0,Contributor
371638,1182450.0,Contributor
371638,1221698.0,Contributor
371638,5989.0,Contributor
371638,24.0,Contributor
371638,8694.0,Contributor
371638,69469.0,Contributor
371638,21158.0,Contributor
371638,4583731.0,Contributor
371638,3524.0,Contributor
371638,20432.0,Contributor
371638,22545.0,Contributor
23403654,2300692.0,
18464510,14817829.0,
183659,13677.0,
183659,7877.0,Illustrator
183658,13677.0,
183658,7877.0,Illustrations
183652,13677.0,
183657,13677.0,
183657,7877.0,Illustrations
183656,13677.0,
5537014,12991.0,
558681,44003.0,
506202,15337.0,
584371,127191.0,
7849034,3406550.0,
3405958,1434236.0,
23015970,4800378.0,
12377857,38550.0,
12377857,494654.0,Narrator
12377857,8435196.0,Narrator
7411232,1079136.0,
7165405,15890.0,
12998980,370361.0,
12998980,3911856.0,illustrator
6602575,33918.0,
12295280,2310121.0,
179579,2413.0,
179579,3292400.0,Narrator
179576,2413.0,
119090,7577.0,
119091,7577.0,
119091,258912.0,Narrator
119092,7577.0,
27832051,7088116.0,
12376605,5133625.0,
11275518,836009.0,
17731788,282217.0,
218716,23001.0,
6762906,941441.0,
6762906,17054.0,
6762906,157676.0,
6762906,11654.0,
6762906,268304.0,
6803525,2892154.0,
163716,3565.0,
6923325,27379.0,
25668486,193300.0,
25668486,11762.0,
208159,110234.0,
6699311,5816.0,
8105613,23.0,
22693181,6474354.0,
10553081,4031054.0,
22716886,8124757.0,
17596261,6993207.0,
17596262,6989845.0,
18527947,625.0,
5266667,79589.0,
894352,4764.0,
210197,8660.0,
210196,8660.0,
6453307,2923539.0,
18997080,71688.0,
26044720,9865244.0,
442807,35023.0,
18716722,5054179.0,
15549,9629.0,
25205316,25052.0,
25205316,2086916.0,
25205313,14106091.0,
1066654,19729.0,
8675994,580315.0,
9583525,9237.0,
87986,8146.0,
87986,9685.0,Illustrator
19346471,4051426.0,
23437156,4575289.0,
827238,31232.0,
25114664,7152490.0,
16075147,656983.0,
16075147,9533.0,Editor
16006898,2802394.0,
24611682,14002.0,
10626639,1292475.0,
10626634,484627.0,
15800522,17047.0,
13539712,3112090.0,
20522640,6914204.0,
19124363,4971535.0,
108571,2998.0,
12519614,3178457.0,
16079090,6552989.0,
883316,36122.0,
883315,36122.0,
883314,36122.0,
9875,3299.0,
29594616,6474348.0,
12760503,849723.0,
29910761,15180818.0,
13181683,8185168.0,
11512713,375143.0,
11512718,375143.0,
23276983,1238111.0,
8182700,15292.0,
15558,9629.0,
170136,99117.0,
7824013,3095.0,
8603232,4125204.0,
398198,53519.0,
398198,66004.0,Introduction
2132220,1077326.0,
2132220,5446186.0,Narrator
32600602,99117.0,
10839173,3912.0,
761023,10366.0,
2340561,335956.0,
10764418,4710047.0,
16037338,4154802.0,
23847975,151713.0,
23847975,10803945.0,
18492314,375143.0,
45343,25422.0,
45343,25421.0,Illustrator
10582463,4366471.0,
10582463,4474929.0,
15828982,5240334.0,
12083433,10746.0,
12083433,169487.0,Narrator
10564967,1332.0,
13548020,4992618.0,
18070700,25422.0,
6798947,2232265.0,
10803619,20248.0,
763481,5339.0,
763489,7935185.0,
11579336,2772365.0,
481499,93149.0,
6545740,2357.0,
16248223,6547911.0,
18315788,3433047.0,
12702453,2503028.0,
12702453,2995869.0,Narrator
9653862,221073.0,
16178685,2891665.0,
16178685,184638.0,Illustrator
28331715,14417841.0,
18525702,504038.0,
6011268,2736291.0,
6011268,3058940.0,Translator
6011268,242237.0,Translator
6011268,21259.0,Translator
307220,47991.0,
9578590,21911.0,
12493086,11654.0,
864890,1077326.0,
2232994,41032.0,
3093361,1069006.0,
15801381,25052.0,
18682615,7152490.0,
903653,367043.0,
6581334,1177779.0,
889503,145946.0,
7801488,3399559.0,
24331409,6947727.0,
9064128,491707.0,
159424,7577.0,
159429,7577.0,
26890008,34049.0,
30329462,8347.0,
959230,30819.0,
16204835,4414255.0,
16204835,2978188.0,Narrator
24485599,8159417.0,
17475481,15890.0,
9498555,431825.0,
29570143,1858.0,
23883752,1023510.0,
22062202,26897.0,
18209322,803826.0,
8084,5339.0,
8085,5339.0,
8085,5345.0,
8087,5339.0,
8088,5339.0,
8089,5339.0,
32672519,4430.0,
25010609,6441917.0,
12610321,1375697.0,
7040020,3135698.0,
372007,43989.0,
32622501,5621828.0,
27865134,14685175.0,
7739838,6075640.0,
7739838,3378153.0,Illustrator
12905437,3449368.0,
6527740,137902.0,
6527741,137902.0,
16115620,172490.0,
2304317,57461.0,
641719,308775.0,
136251,1077326.0,
136251,2927.0,Illustrator
2357073,418403.0,
2302159,1035609.0,
11020173,1169504.0,
2072511,2967731.0,
6419136,498072.0,
6419136,6466294.0,Narrator
18693883,5288442.0,
9888165,137902.0,
8442485,25422.0,
18586621,7171979.0,
24016117,4181354.0,
8074838,101078.0,
8074831,101078.0,
6479259,137902.0,
18169826,643309.0,
6288940,1395810.0,
6288945,88608.0,
23279104,6588780.0,
24885831,6556689.0,
24885832,2782638.0,
23012473,13974.0,
9628653,2902.0,
6289933,1880316.0,
6289935,1080585.0,
6289938,15292.0,
6289939,9550.0,
6289939,101078.0,
6289939,35022.0,
6289939,28544.0,
13422422,3439922.0,
13422426,4989166.0,
1723927,2387.0,
7967563,57462.0,
11013172,4768263.0,
1106545,5339.0,
5628753,71688.0,
691995,22543.0,
28767184,4994980.0,
818472,4.0,
818478,1221698.0,
2299110,4430.0,
23358677,6928196.0,
17823780,168324.0,
17823780,4572921.0,
1108884,546979.0,
2075601,16143.0,
30622162,3389.0,
30622162,218826.0,
3064985,1312879.0,
663098,9018.0,
21469082,4610401.0,
16170202,656983.0,
2162714,33918.0,
3124975,17060.0,
457310,12177.0,
23310718,3406550.0,
68843,9494.0,
18211884,5446913.0,
25678343,1030664.0,
2113972,104514.0,
333939,191456.0,
333938,191456.0,
717201,381629.0,
474750,1067608.0,
29203449,554463.0,
34897,6252.0,
34896,346732.0,
34896,63924.0,Illustrator
10757054,4708453.0,
25262299,4721536.0,
6553137,8270.0,
29670787,7426942.0,
14624517,4541521.0,
18137193,150038.0,
9745506,131208.0,
7327214,573850.0,
7327214,26170.0,
29939037,7086094.0,
17290850,3378120.0,
1734463,88922.0,
10547152,9550.0,
741226,13450.0,
17881333,543233.0,
638157,344160.0,
820672,10896.0,
13385877,1373880.0,
13385877,163934.0,Illustrator
282952,8596.0,
282952,321855.0,
143728,23894.0,
17910065,4092655.0,
17910066,63341.0,
17910067,5324198.0,
8652190,17015.0,
8652190,17010.0,
139417,9550.0,
139418,5833.0,
15985386,96909.0,
458394,3020656.0,
23524359,9841180.0,
12127750,15872.0,
23340902,7212275.0,
20519006,5390444.0,
20519003,27704.0,
7811578,145129.0,
3202026,1654.0,
3202026,19439.0,Narrator
9024346,42122.0,
9024346,212788.0,
10866880,20561.0,
6237780,12980.0,
4495776,37060.0,
4495772,429863.0,
4495772,583113.0,
995116,3389.0,
15815357,2958060.0,
15815350,20248.0,
1062113,225692.0,
6948234,37557.0,
3944358,363090.0,
18049965,6591511.0,
18337479,4896623.0,
6353014,71688.0,
24971241,5257588.0,
11702955,273399.0,
33113864,3159299.0,
31126769,137902.0,
7146831,4145.0,
7889416,4430.0,
17608219,4785031.0,
11458531,239128.0,
18042148,2845954.0,
18393324,59749.0,
27236789,8176981.0,
9549267,7581.0,
7726036,119848.0,
22752442,33919.0,
22675931,8367936.0,
22675931,3402430.0,Illustrations
13542700,28375.0,
18079623,370361.0,
7015223,970554.0,
13638462,370361.0,
22635871,27498.0,
22635871,3082297.0,Illustrations
5957313,175855.0,
1225621,17054.0,
15757202,3995.0,
17232913,14167761.0,
151370,106.0,
7962,589.0,
7964,589.0,
7965,589.0,
7968,589.0,
24611820,8164.0,
24611820,7101704.0,Illustrations
14290499,5990460.0,
15714476,5331983.0,
23527476,7305254.0,
8428073,345630.0,
11036713,2898479.0,
24611780,41942.0,
25699435,249590.0,
1257271,10359.0,
20456671,4863270.0,
212679,3995.0,
22011941,4824985.0,
6408558,4698899.0,
6408558,1945379.0,Translator
23944,4462369.0,
8164410,164187.0,
12140024,7581.0,
20821327,6268.0,
11922,7581.0,
7907192,348878.0,
327156,38820.0,
597432,13733.0,
2132254,10089.0,
6616466,240708.0,
21087134,88506.0,
11212021,131337.0,Editor
11212021,18341.0,Contributor
11212021,41749.0,Contributor
11212021,4345.0,Contributor
11212021,6941.0,Contributor
11212021,56162.0,Contributor
11212021,33502.0,Contributor
11212021,207729.0,Contributor
11212021,9494.0,Contributor
11212021,4798562.0,Contributor
11212021,157018.0,Contributor
11212021,1003655.0,Contributor
11212021,6464342.0,Contributor
11212021,490342.0,Contributor
11212021,38592.0,Contributor
11212021,4624490.0,Contributor
11212021,61958.0,Contributor
11212021,27206.0,Contributor
11212021,26813.0,Contributor
11212021,12991.0,Contributor
11212021,120918.0,Contributor
11212021,8185168.0,Contributor
11212021,3256822.0,Contributor
11212021,1670340.0,Contributor
11212021,7935185.0,Contributor
11212021,37182.0,Contributor
11212021,40173.0,Contributor
11212021,58971.0,Contributor
11212021,6464343.0,Contributor
11212021,1630.0,Contributor
11212021,20561.0,Contributor
11212021,11508.0,Contributor
11212021,128466.0,Contributor
7755455,3383744.0,
1201724,56162.0,
21422225,7152490.0,
353695,12521.0,
42143,23704.0,
16054252,5604797.0,
334620,8347.0,
334620,258912.0,Narrator
18651970,5976337.0,
18651970,3118938.0,Illustrator
31145102,15038654.0,
64108,36122.0,
64105,15590.0,
14060081,5445209.0,
2730022,3780.0,
423098,5329.0,
423098,277359.0,Illustrator
423092,656983.0,
423092,9533.0,Illustrator
423092,3998152.0,Illustrator
6063110,2120001.0,
18492473,355500.0,
23492543,580315.0,
16158489,43393.0,
16158488,1958136.0,
2133795,970554.0,
10810955,72445.0,Editor
10810955,7581.0,Foreword
10810955,4792535.0,Contributor
10810955,3200938.0,contributor
10810955,6467480.0,Contributor
10810955,5297049.0,Contributor
10810955,6467481.0,Contributor
10810955,3088611.0,Contributor
10810955,6467482.0,Contributor
10810955,6422091.0,Contributor
10810955,1166851.0,Contributor
10810955,5822798.0,Contributor
10810955,108584.0,Contributor
10810955,773815.0,Contributor
10810955,4853849.0,Contributor
10810955,6467483.0,Contributor
255371,2995925.0,
255371,39412.0,Editor
5562484,270479.0,
130352,5329.0,
22668768,17061.0,
3168038,5370775.0,
17465444,4536555.0,
17465447,3407883.0,
17465447,407416.0,Illustrations
17465446,63983.0,
17465441,1441644.0,
19286603,4154802.0,
18342290,7225852.0,
7346,656983.0,
7346,9533.0,Editor
7347,656983.0,
7347,9533.0,Editor
7345,4945.0,
7345,283833.0,Editor
7341,4942.0,
7348,656983.0,
13507512,5763301.0,
22725828,4052093.0,
112538,7779.0,
112539,65137.0,
112537,7779.0,
35712360,13787489.0,
8903595,3002235.0,
23209670,7390210.0,
6550760,25307.0,
13649239,5354926.0,
24910026,2743831.0,
25938442,363130.0,
25330014,5258016.0,
13597203,5294897.0,
15993111,4672699.0,
18400723,445303.0,
25257653,13747494.0,
13552865,5395602.0,
20826544,298438.0,
20826544,25355.0,Translator
20826544,5333638.0,Narrator
6460716,1149905.0,
6460716,573749.0,Illustrator
6460716,1282611.0,Illustrator
7212010,33508.0,
7212010,913909.0,
49011,27500.0,
872109,99776.0,
30329,17082.0,
30324,5833.0,
15755965,5251026.0,
36161,1276004.0,
36164,1276004.0,
6294300,156522.0,
542906,8924.0,
13556285,5127753.0,
13279692,5404616.0,
23215491,144323.0,
2590200,221253.0,
106925,23419.0,
819060,136127.0,
6761277,74046.0,
6714177,346732.0,editor
6714177,12052.0,editor
6714177,61073.0,Contributor
6714177,12476.0,Contributor
6714177,25307.0,Contributor
6714177,17613.0,Contributor
6714177,6587.0,Contributor
6714177,58971.0,Contributor
6714177,1067608.0,Contributor
6714177,3617.0,Contributor
6714177,8730.0,Contributor
6714177,42919.0,Contributor
6714177,38809.0,Contributor
6714177,10517.0,Contributor
6714177,8988.0,Contributor
6714177,14002.0,Contributor
6714177,113942.0,Contributor
6714177,12535.0,Contributor
6714177,4338.0,Contributor
6714177,3388323.0,Contributor
59326,33508.0,
13497287,3389.0,
13497287,2895898.0,Narrator
1289644,9494.0,
8260631,688826.0,
1431689,338354.0,
13183547,3091065.0,
13183547,1411091.0,Translator
13183545,3091065.0,
13183545,1411091.0,Translator
27161818,131208.0,
25350,1069006.0,
641637,6223.0,
11774272,2917917.0,
6441539,1435883.0,
6441539,812957.0,Illustrator
6441539,5392955.0,Translator
1851166,63116.0,
20640322,1141209.0,
16056352,8649.0,
16056356,8649.0,
33958230,15215228.0,
2430564,376347.0,
12686358,12695.0,
18868664,150038.0,
26802679,1864374.0,
13797103,5445830.0,
22934445,6474354.0,
16095076,6559537.0,
17286922,1137883.0,
4617371,146374.0,
4617371,601095.0,Narrator
7235718,15298.0,
9807733,1495325.0,
248583,145294.0,
248584,4099.0,
140081,17061.0,
140082,17061.0,
140086,17061.0,
1169361,49177.0,
13224793,4718186.0,
9657910,74488.0,
101869,8794.0,
15791085,5303332.0,
18811375,33408.0,
8195316,2748537.0,
6318217,656983.0,
6318217,9533.0,Editor
833422,1654.0,
9433912,287923.0,
15734760,9550.0,
819680,874602.0,
13486922,1958588.0,
18761332,3087787.0,
22504680,989897.0,
22504680,99790.0,Illustrations
22546129,767547.0,
31702733,1147801.0,
8564935,3486415.0,
12670968,1569666.0,
12670968,5300258.0,Narrator
29627784,7235297.0,
18775302,7382111.0,
231916,75603.0,
4056634,172194.0,
12933942,78111.0,
2498983,48192.0,
3423025,168844.0,
17571845,196399.0,
29430530,2830642.0,
5221577,421434.0,
21851572,7091823.0,
23248251,5898355.0,
3342764,15890.0,
13515864,13663.0,
6951425,2915851.0,
771713,25307.0,
771712,19954.0,
155421,41942.0,
235577,32279.0,
13641721,5251202.0,
25286,14199.0,
25286,613876.0,Illustrator
153800,8596.0,
9460487,3046613.0,
18460142,6751021.0,
22725150,4106197.0,
2033584,1067608.0,
3264918,589.0,
3264918,44767.0,Narrator
3264918,55831.0,Narrator
28822458,3027554.0,
444381,2413.0,
444381,244754.0,Illustrations
444380,2413.0,
444380,823721.0,Illustrator
444382,2413.0,
444382,4489.0,Illustrator
18053128,4384465.0,
7099474,688826.0,
7106664,2839569.0,
17910124,7086094.0,
17910122,1301649.0,
23224,11654.0,
23225,11654.0,
10429917,4609972.0,
13095857,4409769.0,
3871801,6464383.0,
3871801,121364.0,
358978,58971.0,
358978,205615.0,
13645671,5834274.0,
26114337,270624.0,
8848401,1228468.0,
9872091,347385.0,
17849883,7063660.0,
10710459,405199.0,
15755296,48192.0,
14785910,4370565.0,
5586134,2478287.0,
822200,242473.0,
99794,43219.0,
99794,299134.0,Translator
15715530,1654.0,
15715530,20295.0,
60738,1967.0,
474037,1221698.0,
7378426,3252210.0,
1818287,418403.0,
501909,4431689.0,
18078556,6889132.0,
27161787,1709139.0,
22571737,4550789.0,
22571737,2074749.0,Editor
22571737,15620.0,Translator
24736191,7305459.0,
8488204,131337.0,Editor
8488204,376166.0,
8488204,5791.0,
8488204,4020459.0,
8488204,331704.0,
8488204,327493.0,
8488204,58971.0,
8488204,1221698.0,
8488204,4439076.0,
8488204,11508.0,
8488204,9072.0,
8488204,107891.0,
8488204,24827.0,
8488204,133838.0,
8488204,162930.0,
8488204,52050.0,
8488204,24902.0,
8488204,120918.0,
8488204,23144.0,
8488204,4465153.0,
8488204,12339.0,
8488204,59165.0,
8488204,783456.0,
9975659,3290920.0,
27209399,21748.0,
17272365,4011131.0,
17272365,6948943.0,illustrator
17272365,7307645.0,illustrator
10825816,1372374.0,
785947,53574.0,
328787,5542.0,
48580,4522.0,
24809194,4575223.0,
11550021,4348183.0,
11550021,1394000.0,Designer
10627210,70854.0,
6586433,11663.0,
311512,8349.0,
13647567,162678.0,
23302838,8347.0,
345660,28544.0,
2878668,1248068.0,
7717157,35022.0,
9732865,60177.0,
8513950,4432.0,
17561810,4086715.0,
27619091,5618190.0,
7241984,8685.0,
7241984,8691.0,
8100979,234115.0,
8562584,4113219.0,
237764,13450.0,
237764,341111.0,Illustrator
966087,106464.0,
966087,14067221.0,Translator
25667041,4684322.0,
841381,196212.0,
25813915,150038.0,
25813915,14985448.0,Narrator
3462638,445303.0,
3426092,116581.0,
118812,68750.0,
6528553,436788.0,
12767830,4586597.0,
644197,1346213.0,
18492510,16155.0,
2382362,208650.0,
15797937,106969.0,
15797937,2965596.0,Illustrator
15797936,106969.0,
15797936,2965596.0,Illustrator
11157986,4408422.0,
7822778,1373880.0,
7822778,925.0,Narrator
7822778,5481957.0,Narrators
3176532,55474.0,
6064646,224004.0,
9166876,26738.0,
29496208,20248.0,
15816412,4486715.0,
15816410,2803627.0,
19121842,812657.0,
13545614,117339.0,
13545614,1180263.0,
13545614,332359.0,
8504669,2755160.0,
131621,75821.0,
131621,75819.0,
131621,59619.0,Illustrator
8139160,191456.0,
6970707,2089928.0,
6661349,1343790.0,
15749326,6429243.0,
702525,93552.0,
6262365,17015.0,
6262365,17010.0,
31323287,7074943.0,
5660852,73149.0,
5660855,73149.0,
5660854,73149.0,
1355946,12981.0,
1355946,496121.0,Illustrations
227331,31869.0,
30262,17054.0,
30263,17054.0,
384962,11586.0,
30264,17054.0,
30268,17054.0,
30268,17059.0,
30268,7581.0,
30268,17060.0,
30269,17054.0,
72286,40881.0,
1209527,327010.0,
27401657,6570694.0,
22494087,4559822.0,
36020,6559160.0,Adaptor
36020,5773.0,Adapted from
1026168,12275.0,
8690988,43393.0,
3314369,16496.0,
15725907,50873.0,Creator
15725907,5760167.0,
33454,16218.0,
33455,16218.0,
33455,748787.0,Narrator
33456,16218.0,
33457,16218.0,
33453,16218.0,
1091582,1630.0,
1091582,6297.0,Illustrator
33458,16218.0,
33459,16218.0,
5040403,1080585.0,
30343665,2973783.0,
7841647,1644193.0,
11045423,1301649.0,
1220830,15337.0,
1220830,32048.0,Illustrations
20814993,7314532.0,
428428,45816.0,
10057167,10746.0,
16112450,4265362.0,
18194,10991.0,
18194,410354.0,Translator
18194,3122459.0,Illustrator
12396795,5107011.0,
12025637,1051591.0,
9680830,16019981.0,
9680830,7797764.0,translator
25271794,6536659.0,
25271797,1549088.0,
25271796,15153514.0,
7663247,137902.0,
895072,3780.0,
28133,2778055.0,
317788,182649.0,
64399,65471.0,
18079343,52047.0,
18079343,8435196.0,Narrator
1123741,656983.0,
1123741,9533.0,Preface
474740,1067608.0,
29143,16393.0,
15925005,15872.0,
1658759,3261705.0,
1658759,3261706.0,
29752685,15141807.0,
6519728,9550.0,
6519728,8621.0,
6519728,93095.0,
6519728,2950834.0,
6519728,4154297.0,Text
25797438,7778856.0,
607584,15393.0,
6697866,8588.0,
129984,15393.0,
58085,32665.0,
17374097,6585416.0,
6045974,379444.0,
24323918,7150768.0,
12979788,4689503.0,
13000535,3290920.0,
400345,1654.0,
6387496,25422.0,
6387496,105776.0,Illustrator
10304244,73825.0,
10304244,133460.0,
7841432,1257234.0,
26999,4432.0,
713798,82453.0,
713798,692794.0,Introduction
18760207,4720363.0,
100915,1069006.0,
7818303,16585360.0,
6520263,190848.0,
10574156,48397.0,
17933330,345026.0,
6509143,17082.0,
3246224,4430.0,
936732,16625.0,
893396,26171.0,
893396,158961.0,Illustrator
2892113,32915.0,
24819482,13451714.0,
8098146,3504189.0,
9750937,3681.0,
973565,12980.0,
24618787,150038.0,
17157707,5767496.0,
13092652,3429117.0,
13257637,15987.0,
5929664,2103666.0,
19246477,7440794.0,
19246477,2780754.0,Illustrator
19246479,36998.0,
1099757,9320.0,
4214,811.0,
1851687,1630.0,
1851687,25682.0,Illustrator
31754,17813.0,
31754,285212.0,Translator
511150,10746.0,
511150,169487.0,Narrator
311502,8349.0,
23659059,8840.0,
23659059,2387.0,
387061,17059.0,
13097596,4175419.0,
18460044,1654.0,
18460044,20295.0,
122943,13353.0,
122947,70853.0,
28600081,5032196.0,
9645260,1375697.0,
29939270,7867639.0,
3973532,338705.0,
26715121,58971.0,
395962,9237.0,
12804197,2938554.0,
762713,15873.0,
762713,25355.0,Translator
24951698,296540.0,
6401209,322402.0,
1053569,83937.0,
3173559,3780.0,
7698424,10746.0,
7698424,169487.0,Narrator
8966,5816.0,
8853482,4191700.0,
7849352,1868743.0,
21956219,25307.0,
6580970,125984.0,
28252234,14558814.0,
13157446,3041100.0,
9740847,3222611.0,
14741256,3020684.0,
32025689,15799268.0,
6515734,1153072.0,
25558608,7770873.0,
25338012,1330292.0,
25338012,1004238.0,Narrator
11544421,21748.0,
13008385,3522214.0,
1237461,6268.0,
32729717,1211671.0,
2183571,589.0,
20821047,7855157.0,
18803586,4883529.0,
884583,238631.0,
114936,38631.0,
3337171,1410339.0,
19548127,375143.0,
17737311,7036158.0,
21076207,3849415.0,
942573,3389.0,
942573,40573.0,Narrator
8519822,27100.0,
743599,48206.0,
25332062,1238111.0,
5957044,114283.0,
6320397,36344.0,
33785205,33467.0,
11175319,18967.0,
11175319,104179.0,
7351320,146374.0,
14652563,5258855.0,
16074843,5376046.0,
16074843,5777764.0,Illustrations
2415887,941441.0,
9588207,2922723.0,
332210,6252.0,
17699859,150038.0,
17699853,150038.0,
24040548,10493.0,
11213380,4178737.0,
11213380,117339.0,
11213380,2944621.0,
11213380,162678.0,
13393471,346732.0,
13393471,579648.0,Narrator
7739310,1435731.0,
12959863,2988212.0,
2255792,27704.0,
33590221,8184486.0,
10880685,2909019.0,
8487365,222429.0,
8487363,415967.0,
8487361,80075.0,
24001095,8184486.0,
1146744,228898.0,
1146743,228898.0,
9316050,3500801.0,
337017,28544.0,
11995715,28550.0,
24867584,1429808.0,
13594541,1166851.0,
13594541,292746.0,
22138440,6549285.0,
6746528,922699.0,Illustrator
6746528,947.0,
6746528,5770353.0,Original Animation
6746528,816347.0,Original Animation
10783905,1051591.0,
144258,83378.0,
144258,126120.0,Illustrator
17883441,2995873.0,
64701,20560.0,
7044445,71688.0,
7044446,23.0,
7044446,71688.0,
7044446,11858.0,
7044446,24009.0,
290645,60177.0,
3294489,153738.0,
3294488,156522.0,
3294485,783760.0,
3294483,17064.0,
20299673,131337.0,Editor
20299673,396931.0,
20299673,108173.0,
20299673,25422.0,
20299673,40563.0,
20299673,22548.0,
20299673,10746.0,
20299673,8185168.0,
20299673,2861133.0,
20299673,41942.0,
20299673,4798562.0,
20299673,21158.0,
20299673,7608.0,
20299673,73149.0,
20299673,72451.0,
20299673,588356.0,
20299673,119848.0,
20299673,241236.0,
20299673,806782.0,
20299673,24.0,
20299673,61958.0,
20299673,2847546.0,
20299673,289314.0,
20299673,338705.0,
20299673,8988.0,
20299673,4451294.0,
10790516,4428.0,
27415414,14590456.0,
9708888,713646.0,
6135576,64364.0,
76827,589.0,
12345083,5263939.0,
8578385,1141209.0,
9556889,4417841.0,
16049113,5294897.0,
974209,29479.0,
27404238,2847515.0,
27404238,14587718.0,illustrator
24316,13669.0,
24316,188999.0,Illustrator
13414506,5772158.0,
7863207,270312.0,
9561876,4421022.0,
18090214,32637.0,
18090214,56968.0,Translator
1142789,75818.0,
10346185,38531.0,
25943103,14173986.0,
13351300,3524215.0,
21981650,2938140.0,
21981650,2938141.0,
21981650,5282421.0,Illustrations
21981650,41878.0,Translation
12976678,1654.0,
10456697,30819.0,
17345242,346732.0,
17345242,6952853.0,
17345242,5813075.0,
2907430,11047.0,
1234727,16939.0,
21457923,5825760.0,
38686,8164.0,
38686,203838.0,Editor
25609111,6858934.0,
3875037,656983.0,
33843449,15218531.0,
33843449,4600197.0,
33843449,26810.0,
33843449,5288442.0,
33843449,7353006.0,
33843449,15100575.0,
33843449,15218564.0,
33843449,14743111.0,
33843449,261240.0,
33843449,15218565.0,
33843449,15218566.0,
33843449,9240590.0,
33843449,16313721.0,
33843449,654922.0,
33843449,15218567.0,
33843449,15218568.0,
33843449,13984436.0,
33843449,15218569.0,
33843449,7694781.0,
33843449,15222042.0,
33843449,4499623.0,
33843449,15218533.0,
33843449,4684322.0,
33843449,2471183.0,
33843449,3099544.0,
33843449,5830526.0,
33843449,7577278.0,
11094658,223885.0,
36320,9494.0,contributor
36320,56943.0,Editor
36320,57720.0,contributor
36320,66700.0,contributor
36320,117570.0,contributor
36320,20598.0,contributor
36320,12540.0,contributor
36320,70167.0,contributor
36320,23001.0,contributor
36320,20602.0,contributor
36320,18253.0,contributor
36320,9016.0,contributor
36320,52310.0,contributor
36320,88014.0,contributor
36320,10089.0,contributor
36320,3389.0,contributor
36320,10088.0,contributor
13594369,130045.0,
8480952,2845500.0,
13604334,3486415.0,
21424278,7205593.0,
9766801,3148096.0,
13279499,4370565.0,
23306734,8609368.0,
31014644,787384.0,
24316214,172490.0,
333670,50873.0,
333676,1077326.0,
333676,123344.0,Narrator
15710557,6425045.0,
22749522,3267859.0,
18811613,4601855.0,
29155101,2300692.0,
50331,16218.0,
124094,19823.0,
7779059,10746.0,
8862170,334443.0,
35463990,363130.0,
35463990,4945241.0,Narrator
28615,7308.0,
17737027,64364.0,
15792870,110234.0,
17616067,5817161.0,
6726734,2772067.0,
1104759,14454.0,
32562417,14590940.0,
23848452,4175419.0,
6681585,17059.0,
6450251,2922003.0,
20763788,108584.0,
5886131,1036925.0,
5886131,1036924.0,
24517353,5445209.0,
13021366,3111338.0,
15766776,6448210.0,
17283434,1472837.0,
14383,4428.0,
14384,4428.0,
47755,26819.0,
20518949,3484883.0,
4749700,1977441.0,
653651,27500.0,
175671,8685.0,
13422727,346732.0,
15958916,2526.0,
12758871,177305.0,
107670,32590.0,
26001344,4476934.0,
40303,589.0,
2187538,82540.0,
10920730,81309.0,
68833,9494.0,
68833,406026.0,Editor
8013682,3474636.0,
762156,1967.0,
20799751,9291.0,
20799751,8393921.0,Illustrator
862136,2526.0,
862136,148430.0,Narrator
862137,2526.0,
862137,148430.0,Narrator
6289926,1958136.0,
7336256,3020684.0,
17981400,6950740.0,
13010376,5152709.0,
1137702,38840.0,
1137703,38840.0,
1116497,1069006.0,
7117197,1395810.0,
13239822,815259.0,
2253471,20513.0,
18190280,94868.0,
12080917,4074044.0,
602699,3912.0,
12993852,723801.0,Editor
12993852,10746.0,
12993852,8988.0,
12993852,21748.0,
12993852,2922003.0,
12993852,15292.0,
12993852,9756.0,
12993852,41942.0,
12993852,17060.0,
621660,336040.0,
12411635,5145808.0,
84977,9355.0,
22370204,7843051.0,
18135513,143691.0,
20929552,161399.0,
6927827,41032.0,
7268566,108905.0,
114280,3618.0,
15771083,370361.0,
10154839,1228468.0,
5667325,1370283.0,
9818474,3780.0,
9818474,13613.0,
9818474,3022554.0,
9818474,3022555.0,
216211,52050.0,
92581,9465.0,
2294535,4260.0,
16006132,6526309.0,
6304332,1005984.0,
6304333,20248.0,
6304335,2895706.0,
6304335,2895707.0,
18043337,497865.0,
6795189,2961327.0,
15746101,64364.0,
9645328,2759175.0,
29412228,7127010.0,
10662433,151371.0,
10662433,800187.0,
13389231,588743.0,
7531409,15873.0,
7531409,3203.0,Illustrator
10194157,4575289.0,
333118,3502.0,
333115,3502.0,
1192363,445303.0,
1192365,445303.0,
24944116,22123.0,
1094741,15619.0,
1094741,38449.0,Translator
1094741,262689.0,Illustrator 
33357682,38550.0,
25705795,7440406.0,
20691419,7278389.0,
10081055,8685.0,
899079,461063.0,
23208777,4343092.0,
24819531,9363.0,
17290682,4851121.0,
11306989,3519233.0,
15714677,224004.0,
17313512,6916036.0,
228391,5989.0,
13417946,4464118.0,
543164,18393.0,Editor
543164,3486237.0,Illustrator
543164,7450112.0,Illustrator
543164,7363007.0,
836924,435026.0,
836924,290375.0,Illustrator
30269126,5217313.0,
459700,225455.0,
827394,22018.0,
207365,38066.0,
1212627,588356.0,
25476541,6268.0,
452141,237195.0,
13729751,2924955.0,
334012,24830.0,
334012,59749.0,Illustrator
2986869,49177.0,
4914044,47792.0,
17313971,3153841.0,
13546450,4428.0,
868,4698899.0,
868,1945379.0,Translator
9279303,276660.0,
9279303,237184.0,Narrator
17822788,887961.0,
320697,9494.0,
15829686,2887638.0,
21776,12521.0,
323944,186144.0,
651240,8732.0,
13166650,5069496.0,
10807784,8604.0,
23602778,38550.0,
13554713,3618.0,Editor
13554713,2938140.0,
13554713,2938141.0,
30312684,61659.0,
22238194,8248285.0,
35448,8154.0,
34964846,3486415.0,
1046558,8659.0,
24626,12603.0,
28220897,3431194.0,
28220897,16155.0,
28220897,100764.0,
28220892,4579328.0,
28220899,3486415.0,
6953394,50873.0,
372807,13014.0,
372808,13014.0,
229147,8476.0,
229147,1892274.0,Translator
1902381,8660.0,
575101,245756.0,
2424593,1654.0,
2424593,2608381.0,Illustrator
17969495,3464665.0,
18394751,6995709.0,
104351,20560.0,
104350,20560.0,
131161,6245.0,
131161,6244.0,
131161,337207.0,Illustrations
285438,67038.0,
11399605,4862379.0,
732363,11912.0,
78208,28574.0,
22475781,65137.0,
598661,13957.0,
1053996,4841825.0,
1053996,8685.0,
17288831,346732.0,
11029744,801712.0,
19145072,7581.0,
446698,79885.0,
34145337,1951011.0,
7092453,3153048.0,
5519768,116581.0,
13536649,4414255.0,
13079544,7235297.0,
8627917,78111.0,
18177623,6424971.0,
5264557,1375697.0,
2011175,913909.0,
5948697,46269.0,
7851791,298546.0,
17802762,5145815.0,
1273911,40593.0,
3817859,1628012.0,
18932,4260.0,
22608767,1359944.0,
22608767,13739218.0,illustrator
25029915,4342215.0,
463024,46137.0,
7101968,104558.0,
29469165,1549088.0,
12871690,787702.0,
6365110,150038.0,
16233259,4538875.0,
29521339,15077746.0,
7234801,3020684.0,
166797,97045.0,
855638,16218.0,
14062069,5044405.0,
8122052,3512625.0,
15824172,8685.0,
13562380,705059.0,
18904215,6591948.0,
15802977,17739.0,
48037,26930.0,
29901992,2091952.0,
58437,32968.0,
954208,4432.0,
29382653,6880131.0,
22856146,95190.0,
36161967,3433047.0,
129125,6632.0,
12643556,5212747.0,
13455568,146986.0,
227570,209.0,
227570,9345.0,Illustrator
7031834,21911.0,
16078917,6546134.0,
15803940,153732.0,
22369406,7074943.0,
13531506,1100089.0,
13490054,4787929.0,
12799435,2891665.0,
1938308,1654.0,
1938308,19440.0,Illustrator
11024669,4675895.0,
11024669,4675896.0,Editor
4379197,66700.0,
13623966,4404139.0,
3130618,8355.0,
12369942,4134859.0,
727169,10896.0,
727169,73234.0,Narrator
727167,10896.0,
727167,73234.0,Narrator
25062765,7523813.0,
23346643,4565834.0,
27797358,14666708.0,
428263,941441.0,
5974150,101078.0,
452244,9558.0,
8649246,1226977.0,
8649246,107891.0,
18392,11078.0,
18393,11078.0,
18394,11078.0,
18395,11078.0,
18396,11078.0,
8324870,211729.0,
21404683,5014564.0,
462169,4260.0,
25387463,48976.0,
18590476,590558.0,
539911,8730.0,
539911,5602.0,Narrator
302179,8694.0,
302176,8694.0,
7884969,3429015.0,
7884969,38063.0,
35054476,3433047.0,
822603,1069006.0,
822603,25523.0,Illustrator
201354,10181.0,Adapter
201354,5329.0,
201354,134098.0,
201354,93215.0,Lettering
10433020,27498.0,
23282249,2716954.0,
2904213,1257463.0,
7129598,3165706.0,
4827840,8605.0,
35214860,15269309.0,
13512455,849723.0,
7928011,12444.0,
7928011,74339.0,Illustrator
71321,40330.0,
176591,7132534.0,
17737893,6535608.0,
5886011,942248.0,
32849250,15228794.0,
11030236,4346631.0,
8202714,2184228.0,
10877155,46138.0,Editor
10877155,46137.0,Editor
10877155,1182450.0,contributor
10877155,8185168.0,contributor
10877155,27075.0,contributor
10877155,21158.0,contributor
10877155,8694.0,contributor
10877155,147966.0,contributor
10877155,8125999.0,contributor
10877155,194172.0,contributor
10877155,5824162.0,contributor
10877155,329320.0,contributor
10877155,490342.0,contributor
10877155,207823.0,contributor
10877155,36175.0,contributor
10877155,4584067.0,contributor
10877155,1221698.0,contributor
10877155,4584068.0,contributor
10877155,33502.0,contributor
10877155,142717.0,contributor
10877155,5989.0,contributor
10877155,25.0,contributor
10877155,205075.0,contributor
6691674,457300.0,
5213503,213980.0,
939478,52005.0,
9653392,3902419.0,
32337902,2063919.0,
17377989,5322962.0,
22725791,7849640.0,
8320534,4350009.0,
8320534,37607.0,Illustrator
8320534,988508.0,Illustrator
8320534,8588.0,
11559200,3849415.0,
6416702,24827.0,
7397729,371202.0,
29427818,150038.0,
29427818,5377476.0,Illustrator
138507,8164.0,
13454731,4730698.0,
22718814,7979840.0,
13547527,999289.0,
13547527,843234.0,
21806455,8111053.0,
14743283,5120291.0,
177978,1654.0,
177978,1221698.0,
25863014,5403541.0,
24885521,150038.0,
24885524,150038.0,
22823221,5359218.0,
23783638,9870934.0,
17262197,7577.0,
17332271,27704.0,
17332271,2977214.0,
17332275,8988.0,
4097025,585.0,
4097025,5775502.0,Editor
4097025,8349.0,Foreword
10831726,4665259.0,
15725683,22369.0,
27245604,1654.0,
27245604,975643.0,Illustrator
30095472,114528.0,
9552080,941441.0,
15784613,4785031.0,
24909485,2905297.0,
364472,126955.0,
32768515,4430.0,
552889,3780.0,
2951911,585244.0,
644283,3389.0,
17986039,4708453.0,
26800241,19729.0,
84552,4841825.0,
84552,34850.0,
20454626,7245339.0,
20454626,343553.0,Illustrations
84559,4841825.0,
811191,174526.0,
16085458,14032.0,
16085457,357601.0,
13246018,1370283.0,
6763961,415967.0,
21028440,148470.0,
21028440,3929150.0,Translator
17286845,8552787.0,
1087154,8476.0,
1087154,362098.0,Translator
30649331,7076633.0,
102878,40983.0,
481866,6587.0,
5989616,823146.0,
7249522,3100027.0,
177250,12980.0,
10315753,78763.0,
13024331,46976.0,
10553047,1651952.0,
10236501,108424.0,
13542445,9266.0,
27422533,21748.0,
7821931,3780.0,
7821932,3780.0,
7821932,2697291.0,
13264490,5753326.0,
763539,402804.0,
25380845,7942583.0,
2422033,344352.0,
18599667,5218360.0,
23006119,4575289.0,
7384801,375626.0,
12532841,19823.0,
530174,10105.0,
33916060,5796286.0,
24611640,18130.0,
12617119,48206.0,
138020,19954.0,
11058092,752898.0,
72193,1077326.0,
50027,1023510.0,
12488998,1140298.0,
11035657,40563.0,
18040515,4156441.0,
6727322,190887.0,
176967,103133.0,
20002,11889.0,
20002,24.0,
55451,31253.0,
55451,203791.0,
55453,478745.0,
55453,209.0,
55453,4427.0,
3030779,589.0,
3030779,34827.0,Illustrator
937727,1223.0,
231989,82540.0,
29751984,5825979.0,
319644,153394.0,
10390182,137553.0,
17332365,38550.0,
544238,26546.0,
544239,26546.0,
544236,26546.0,
18305603,7219081.0,
62291,346732.0,
62292,11586.0,
7683254,1136158.0,
19366810,121825.0,
7238737,3203095.0,
9518461,26.0,
9518461,1948907.0,
14897141,4094557.0,
594574,16939.0,
43893,3441.0,
43892,3441.0,
43890,3441.0,
7507657,3020684.0,
13450043,4167378.0,
13699834,2905297.0,
222818,21770.0,
24888,14004.0,
17235894,6887988.0,
13241659,17054.0,
603211,9629.0,
25610486,2060858.0,
18077311,150038.0,
20322287,6244.0,
20322287,2853276.0,Illustrator
197459,27498.0,
34539,1654.0,
34532,1654.0,
34534,1654.0,
957931,17729.0,
7727518,17015.0,
24769,13957.0,
24761,106.0,
24767,13957.0,
24764,13957.0,
15329,656983.0,
2599651,566874.0,
2599653,566874.0,
575004,30819.0,
21535284,40881.0,
29895188,1014374.0,
23000308,8471086.0,
10508775,940521.0,
13077542,4086715.0,
345563,51422.0,
22798836,2895706.0,
22798836,2895707.0,
2402971,27100.0,
1926061,156522.0,
6467009,54989.0,
10103026,97228.0,
10103026,491441.0,
10103026,332423.0,
582663,4429.0,
60154,16939.0,
5863651,2669754.0,
12015268,2096360.0,
597033,1654.0,
396356,7577.0,
291693,31.0,
15742902,4163056.0,
15985395,136127.0,
13093165,1332605.0,
23013327,200052.0,
169885,36122.0,
169880,36122.0,
169881,36122.0,
26689,8695.0,
25526296,2860219.0,
2866718,17015.0,
2866718,17010.0,
10180166,4109961.0,
10180166,4572336.0,Pseudonym
7955579,1077326.0,
17436893,14623307.0,
17477,10657.0,
16077558,6534510.0,
92846,9629.0,
92845,9629.0,
17302559,15890.0,
24754560,4954384.0,
12696396,2916869.0,
883287,8596.0,
20362706,1221698.0,Creator
20362706,28715.0,Writer
23271194,4731557.0,
23271194,8107498.0,Illustrator
1961496,8591.0,
1961495,396497.0,
16071681,1441847.0,
36282887,8296969.0,
3519921,44540.0,
33574090,225033.0,
25218679,4649678.0,
15746892,279146.0,
15746892,589146.0,Illustrator
10721934,48192.0,
2439336,1086430.0,
8664091,25422.0,
8664091,3969234.0,Narrator
33230813,14590940.0,
192204,28375.0,
460334,15890.0,
16144869,5804101.0,
13542884,2917919.0,
2068667,71155.0,
849113,98411.0,
849113,4845.0,
16140493,1279194.0,
21935308,5829989.0,
71894,40593.0,
71894,6261.0,
5282798,17059.0,
91540,35238.0,
7790906,7577.0,
11680321,4937042.0,
17669075,7012642.0,
20519011,3398274.0,
6930002,2916205.0,
215954,10885.0,
215950,10885.0,
6582637,71688.0,
6582636,196212.0,
6582635,7941.0,
6582630,78305.0,
22999863,7210024.0,
13349742,5240334.0,
29348069,4475715.0,
209688,8835.0,
6884614,1429808.0,
729234,38822.0,
17336133,4877034.0,
29361219,5313027.0,
5201659,336058.0,
1844851,172487.0,
8844926,41032.0,
22698037,1304470.0,
227416,9766.0,
22859852,2909900.0,
11696574,175855.0,
12637460,4575289.0,
28687247,36276.0,
10861195,4737695.0,
585667,1069006.0,
585667,115040.0,Narrator
671719,13878.0,
3839996,429197.0,
13007263,4721318.0,
857695,8842.0,
857695,329957.0,Reading
838844,1069006.0,
10980787,4175419.0,
20874309,272922.0,
20874309,3525857.0,
12993862,2789878.0,
12349654,5596285.0,
17162953,5835604.0,
303200,27206.0,
303200,174708.0,
17825280,38550.0,
33640121,14759054.0,
17251203,6439443.0,
2722413,1192311.0,
8406387,40563.0,
6647989,10359.0,
28699026,14907899.0,
10475929,46138.0,Editor
10475929,194172.0,
10475929,145792.0,
10475929,15021.0,
10475929,575027.0,
10475929,48355.0,
10475929,4798562.0,
10475929,193861.0,
10475929,3400141.0,
10475929,107744.0,
10475929,207823.0,
10475929,26767.0,
10475929,19305.0,
10475929,466494.0,
10475929,108173.0,
10475929,58971.0,
10475929,7083555.0,
17334484,18967.0,
17334484,104179.0,
7936594,3149825.0,
13405671,588743.0,
666601,23069.0,
31702811,4637369.0,
618938,153703.0,
122901,10105.0,
122901,3319298.0,cover art
25852860,6540057.0,
7723486,3016101.0,
15802137,3387293.0,
18714864,25307.0,
18714864,259413.0,illustrator
24330733,7734306.0,
6508774,169377.0,
6508774,1265.0,
6508774,7785546.0,Illustrator
12927528,3112090.0,
601632,25422.0,
9916170,33918.0,
2112904,16094.0,
7456159,9550.0,
6073584,80808.0,
23395716,150038.0,
23395716,836009.0,
23395716,10317.0,
6544193,131208.0,
5978834,2739770.0,
7302399,1407193.0,
7302398,1923475.0,
18527499,771.0,
18527495,3027554.0,
18527495,441126.0,Illustrations
18527497,374504.0,
10800955,3408349.0,
10800955,131208.0,
11354687,4849738.0,
11703541,3041100.0,
47952,26897.0,
47953,26897.0,
47956,26897.0,
47954,26897.0,
47955,26897.0,
47958,26897.0,
47959,26897.0,
13499,346732.0,
13499,579648.0,Narrator
13496,346732.0,
13497,346732.0,
1234765,8355.0,
21406652,3409936.0,
816440,439723.0,
816440,65276.0,Translator
461658,732829.0,
669027,8694.0,
22043566,6268.0,
9923824,1445909.0,
11738407,4370565.0,
22715,12948.0,
22712,12949.0,
22712,3524830.0,
18168636,1248068.0,
4341085,4698899.0,
4341085,1945379.0,Translator
18716966,1069006.0,
6383491,324620.0,
18490629,2765760.0,
25614277,2788789.0,
13116022,4814169.0,
12080697,3097905.0,
18109771,7144440.0,
31212082,780120.0,
8703197,293603.0,
10836896,282919.0,
1517507,345287.0,
31716900,4721536.0,
293412,8694.0,
18482782,6536659.0,
44660,8732.0,
22748133,123463.0,
531782,16094.0,
16129217,16059.0,
16129217,2538559.0,Illustrations
28797211,14926007.0,
28271,869.0,
28271,868.0,
3487348,28946.0,
3487348,1310149.0,
9607988,8730.0,
23355798,7190350.0,
23355795,7190350.0,
7989610,1394555.0,
17731644,5787300.0,
2337147,7025.0,
472392,180392.0,
7920255,8685.0,
7920255,6256.0,
7920255,3378351.0,
77999,18791.0,
77999,29954.0,Translator
18075001,5780445.0,
62562,20561.0,
4095589,656983.0,
15808242,6456015.0,
13621610,1221698.0,
13621610,12718.0,Reading
13621610,753489.0,Reading
13621610,45978.0,Reading
13621610,73443.0,Reading
6327336,644349.0,
7828882,20248.0,
7828883,38531.0,
7828881,153741.0,
317372,182452.0,
317377,182452.0,
317378,182452.0,
15831550,4517253.0,
30849848,13650045.0,
19481404,7036845.0,
20596632,1553590.0,
6768413,2915782.0,
8598554,3441.0,
23216043,4280.0,
11974142,1415543.0,
18282914,4453028.0,
18282912,64364.0,
7430203,270479.0,
673025,4005.0,
5739076,5816.0,
5739076,3067498.0,Art
5739075,5816.0,
5739075,3067498.0,Art
3325931,224004.0,
11540514,4486715.0,
15745804,150038.0,
15745804,6896577.0,Narrator
3683,437669.0,pseudonym
3683,7577.0,
26829865,14425999.0,
17349326,37557.0,
7939682,23894.0,
13560839,5171573.0,
12937427,10317.0,
12291506,815.0,
15774500,6451319.0,
8428035,3020684.0,
1828067,835348.0,
17222198,5116849.0,
839776,106.0,
22550398,2503028.0,
218677,19317.0,
6445700,111012.0,
22719550,4430.0,
560635,3242.0,
560635,5044885.0,Illustrator
560637,3242.0,
560637,5044885.0,Illustrator
23348553,375626.0,
979682,874602.0,
15782111,4417841.0,
12680907,1373880.0,
733949,389486.0,
92126,9233.0,
17707471,6872325.0,
478587,33467.0,
478587,405334.0,Narrator
13155477,5244478.0,
13155477,150134.0,Narrator
1130444,49177.0,
1130444,5481957.0,Narrators
13543199,14002.0,
20893322,232932.0,
20893322,2939598.0,Translation
20893322,11030934.0,Illustrator
20893322,16483579.0,Illustrator
20893322,11030935.0,Illustrator
20893324,7267068.0,
20893324,10749.0,Translation
2813124,7581.0,
24987,14032.0,
26878915,1857564.0,
1228628,32278.0,
17612879,33467.0,
1190896,40563.0,
15750606,276660.0,
853631,696805.0,
13515151,492365.0,
18487189,421434.0,
18487186,421434.0,
33384153,7219081.0,
2464757,13026.0,
13548763,346732.0,
748061,8605.0,
21793828,7334288.0,
1661390,505695.0,
8715343,150038.0,
6356180,74488.0,
6257500,2846074.0,
1059682,1630.0,
5531637,35022.0,
748024,129092.0,
18244295,7190778.0,
1553844,8646.0,
802968,154081.0,
16248166,17595.0,
15743650,1330292.0,
24487011,2988406.0,
24487011,1411091.0,Translator
12576579,5430378.0,
20883847,6524620.0,
6479550,21748.0,
9272976,23023.0,
4628647,328151.0,
15801243,348878.0,
34042748,4600197.0,
13594842,5049521.0,
9260518,153738.0,
17944655,320212.0,
16228884,152309.0,
28503870,130698.0,
6223474,58846.0,
688770,426944.0,
974764,14756463.0,
974764,13350.0,
974764,13351.0,
13588400,3407883.0,
8686057,4149342.0,
8069816,78111.0,
2330,1583.0,
2330,656983.0,
3116026,1654.0,
3116026,4588624.0,Narrator
7937657,200317.0,
11885673,4372118.0,
8470998,990626.0,
8470998,1452086.0,Illustrator
22663629,6863587.0,
16126208,3618.0,
7982114,8476.0,
7982114,362098.0,Translator
248539,13014.0,
10535171,4430487.0,
10535171,336011.0,
12035671,3032940.0,
22875082,5529995.0,
22875083,14039683.0,
7383032,175855.0,
1312183,16218.0,
1312183,5296442.0,Narrator
11992012,5028484.0,
6957624,267687.0,
7841509,4757071.0,
7023534,153738.0,
10477597,30819.0,
10477596,30819.0,
2834095,55474.0,
13563138,293603.0,
500657,82467.0,
29347711,5757332.0,
7708731,205.0,
7708731,8283771.0,Narrator
12982158,3389.0,
25817407,2987125.0,
17305416,4443809.0,
13562180,5371025.0,
9860837,2731809.0,
15804760,4721536.0,
9601072,2851725.0,
17165909,6863132.0,
17165909,153998.0,Illustrations
17165902,4432.0,
22934483,143659.0,
5585300,4430.0,
104080,60177.0,
104085,60177.0,
104087,60177.0,
104086,60177.0,
104088,60177.0,
7823570,463850.0,
7823570,463849.0,
7823570,61659.0,Contributor
82648,47232.0,
9616780,2995873.0,
22456248,15872.0,
207114,2938140.0,
207114,2938141.0,
207114,41878.0,
12930909,5288442.0,
22535531,4423580.0,
509858,4633123.0,
13544455,874602.0,
13544456,767547.0,
2385397,88506.0,
2385397,4522.0,Introduction
13483340,5329790.0,
20343959,5049521.0,
10092,6587.0,
10090,6587.0,
157569,15292.0,
11595072,54201.0,
32686095,10366.0,
32686095,229863.0,Illustrations
13115995,4384465.0,
445654,32278.0,
31433704,3405346.0,
1583470,6268.0,
19346538,146374.0,
36257499,4116488.0,
19346537,4074051.0,
7850694,4201.0,
18480443,177305.0,
22041733,885393.0,
326917,162927.0,
28539,869.0,Editor
28539,868.0,Editor
28539,115156.0,Contributor
28539,115155.0,Contributor
28539,88017.0,Contributor
28539,2912069.0,Contributor
28539,184918.0,Contributor
28539,5369.0,Contributor
28539,53301.0,Contributor
28539,32354.0,Contributor
28539,6547976.0,Contributor
28537,869.0,
28533,869.0,
28533,868.0,
8525731,2961327.0,
8077229,1292596.0,
10940619,8349.0,
8725325,4432.0,
16043628,771.0,
10781908,1549088.0,
18754456,6474348.0,
6231453,2835927.0,
7005931,3125018.0,
1387252,15873.0,
1387252,614479.0,Narrator
1387252,25355.0,Translator
6224877,20248.0,
16245589,6622769.0,
7796816,2905297.0,
201819,117698.0,
12242419,5091902.0,
10575798,142717.0,Editor
10575798,162932.0,Editor
10575798,1067608.0,
10575798,22993.0,
10575798,8347.0,
10575798,23069.0,
10575798,277536.0,
10575798,31321.0,
10575798,4338.0,
10575798,70906.0,
10575798,65171.0,
10575798,67272.0,
10575798,11890.0,
10575798,26767.0,
10575798,466494.0,
10575798,284559.0,
10575798,19305.0,
10575798,22631.0,
10575798,7083555.0,
9686423,944594.0,
8685612,2995873.0,
20709602,7363517.0,
20709602,226759.0,Editor
20709602,7753511.0,Illustrations
962821,52320.0,
5069522,9494.0,
5069522,406026.0,Introduction
13513483,6252.0,
13513481,6252.0,
11354787,3097905.0,
25074773,49177.0,
25074773,1157440.0,
25074773,65333.0,illustrator
3171815,1350949.0,
23203252,6916708.0,
7140462,2869203.0,
2330877,230226.0,
2987912,1286845.0,
13579,8476.0,
13579,362098.0,Translator
13578,8476.0,
13578,362098.0,Translator
13575,8476.0,
13575,362098.0,Translator
13574,8476.0,
13574,3855795.0,Translator
13577,8476.0,
13577,362098.0,Translator
13576,8476.0,
13576,362098.0,Translator
13571,8476.0,
13571,362098.0,Translator
13570,8476.0,
13570,3855795.0,Translator
13573,8476.0,
13573,362098.0,Translator
23846013,4342215.0,
33143967,101078.0,
21411978,7382047.0,
21411978,7382048.0,Illustrations
21411978,8034909.0,Storyboards
18775657,150038.0,
2352137,1077326.0,
5201089,34049.0,
1151335,31265.0,
24885765,13481724.0,
42146,23704.0,
6311614,3441.0,
978391,493439.0,
10364053,1221698.0,
10364053,436308.0,Narrator
111626,8924.0,
882028,8726.0,
9539767,3519233.0,
303496,32265.0,
303496,5457646.0,Foreword by
303496,474878.0,Introduction
10266063,3339347.0,
13595388,25.0,
13595388,8185168.0,Introduction
18516090,3252210.0,
7291741,34049.0,
833709,74046.0,
2015492,87306.0,
17160209,824409.0,
6237448,81017.0,
982184,124153.0,
12925178,3187114.0,
12925173,15292.0,
13278166,9494.0,
2432504,13652.0,
429142,2925619.0,
429142,3626.0,
429142,461520.0,Illustrator
429145,4094986.0,
3717544,1069006.0,
12754892,3389.0,
22042095,6938728.0,
31931960,4051426.0,
13542644,492365.0,
8727968,88506.0,
1285240,305720.0,
12101419,3397290.0,
2490519,230226.0,
10552013,36998.0,
11540475,270312.0,
6329547,21748.0,
23315657,131208.0,
13050865,4983102.0,
17563021,4188120.0,
15774609,1530940.0,
8428110,28572.0,
8428115,3901597.0,
9648553,3041100.0,
11444119,4595804.0,
1522942,1077326.0,
1522942,123344.0,Narrator
17787411,7043852.0,
16117425,4698899.0,
33413074,16203173.0,
47613,8347.0,
17794804,2789878.0,
17794804,7046738.0,Illustrations
8872180,2740668.0,
8513992,65391.0,
10723532,298438.0,
18663615,3144748.0,
18663615,6922624.0,Illustrator
428854,22547.0,
10156063,1139632.0,
9419372,1654.0,
13284283,13557729.0,Adaptation
13284283,346732.0,
13284283,2924855.0,Artist
19216478,33116.0,
21059,8660.0,
54487,4333.0,
6913778,26796.0,
35224165,3409936.0,
17801573,7224467.0,
20747269,821097.0,
34002070,13899.0,
34002070,6756896.0,Illustrations
34876208,7184104.0,
25444441,55547.0,
25444441,7711592.0,Reading
14780701,3780.0,
14780701,4713885.0,
357968,4841825.0,
8637310,4101643.0,
6609636,1192311.0,
8249765,4022548.0,
8249764,4022548.0,
45109,25307.0,
45108,25307.0,
45107,25307.0,
45106,25307.0,
45100,25307.0,
27177386,5041072.0,
27177389,2924930.0,
346222,31247.0,
28054396,4814169.0,
28260627,3433047.0,
13589866,93726.0,
1341147,13652.0,
13555460,5294897.0,
65094,272814.0,
65093,272814.0,
65091,272814.0,
9520195,15872.0,
26084417,4153659.0,
13600791,5759214.0,
6533485,130698.0,
503385,86889.0,
30955863,612167.0,
17969138,6912759.0,
16109210,2310121.0,
26118377,119830.0,
18067887,6591948.0,
219069,1077326.0,
2151424,656983.0,
6238413,269168.0,
784398,9345.0,
81148,5989.0,
16101193,1368122.0,
16101193,4767792.0,
29356121,150038.0,
6900002,20248.0,
873613,32401.0,
873615,32401.0,
10635363,24902.0,"Editor, Contributor"
10635363,441180.0,Editor
10635363,31688.0,
10635363,25422.0,
10635363,2526.0,
10635363,4089004.0,
10635363,150038.0,
10635363,12581.0,
10635363,42127.0,
10635363,3405063.0,
10635363,91085.0,
10635363,8347.0,
10635363,24.0,
10635363,133908.0,
10635363,4690580.0,
186182,66700.0,
186182,68412.0,Illustrator
186182,1996705.0,Editor
186187,66700.0,
186187,3460561.0,Illustrator
186187,3460562.0,Illustrator
30201080,119830.0,
30201080,59749.0,Illustrator
127564,15873.0,
127564,25355.0,Translator
127566,26.0,
5271066,2232265.0,
11748806,121364.0,
7775974,59165.0,
129327,9494.0,
26722146,14396013.0,
26114456,29479.0,
9951114,4260.0,
9951114,4633113.0,Illustrator
6672129,41942.0,
30228,9550.0,
30226,9550.0,
30227,9550.0,
30224,9550.0,
30225,9550.0,
30223,17015.0,
15755864,6426636.0,
8107253,10746.0,
959433,13677.0,
959433,7877.0,Illustrations
3066582,33508.0,
248382,145129.0,
248380,145129.0,
29616267,7804356.0,
2868646,5339.0,
4443319,88506.0,
4443319,4522.0,Introduction
77232,4338.0,Editor/Contributor
77232,3389.0,Contributor
77232,6252.0,Contributor
77232,3441.0,Contributor
77232,26.0,Contributor
77232,8588.0,Contributor
77232,346732.0,Contributor
77232,1654.0,Contributor
77232,589.0,Contributor
77232,874602.0,Contributor
77232,6587.0,Contributor
1820174,477469.0,
6261472,7536.0,
6261472,8658.0,Illustrator
16122245,1077326.0,
79088,5286.0,
33490,9494.0,
15844438,4708453.0,
17189031,6150699.0,
1507805,27498.0,
11957637,3396842.0,
92796,10082.0,
23308727,2917423.0,
18155,989968.0,
2836109,34049.0,
18635004,2096360.0,
2916266,38840.0,
259858,869.0,
259858,868.0,
53367,1069006.0,
6821199,99025.0,
20542832,7765772.0,
18081228,4116488.0,
17232049,6886359.0,
668860,869.0,
668860,868.0,
22500587,7380291.0,
488718,2526.0,
18055987,65211.0,
18055987,2885905.0,Illustrations
24397067,230991.0,
23310749,837219.0,
1931351,35022.0,
7980104,53793.0,
16122623,6570694.0,
3713102,1005984.0,
2483902,334465.0,
843633,17054.0,
11782131,4873609.0,
28077411,669810.0,
28077411,2995869.0,Narrator
11276437,2876763.0,
112749,48206.0,
18889246,484627.0,
352270,37060.0,
17219052,1292475.0,
20518884,298438.0,
20518884,25355.0,Translation
16062807,5763250.0,
15798661,13652.0,
15798661,10365.0,Illustrations
10114276,2958157.0,
33414246,4579328.0,
5537992,93149.0,
5537992,1653312.0,Illustrator
18281997,6429303.0,
66993,13608.0,
3878183,226816.0,
19346451,3380908.0,
34420,19392.0,
838791,1069006.0,
3115950,24827.0,
10410278,4042181.0,
936776,76423.0,
7771450,3389094.0,
7771450,1054428.0,Illustrator
12585607,2867375.0,
20799156,5139182.0,
3965854,1691206.0,
33546,8726.0,
2580514,41542.0,
123070,3618.0,
123070,362816.0,Illustrator
13119649,1221698.0,
22238209,1301649.0,
13584816,6883662.0,
22238200,4489560.0,
53541,30279.0,
53541,89232.0,Illustrator
53543,30279.0,
53546,30279.0,
13543580,7717.0,
13543580,105442.0,Narrator
10813784,1238111.0,
29430690,4428.0,
29430690,375143.0,
29430690,48192.0,
29430695,1136158.0,
29430695,14219.0,
171471,1023510.0,
12287628,15890.0,
13003102,1654.0,
13003102,20295.0,
7023788,27498.0,
1589581,3389.0,
1589581,6941.0,
6070992,11859.0,
2184632,692437.0,
24727103,93726.0,
24727103,526807.0,Illustrations
31552953,4788719.0,
720977,145294.0,
13531806,1279679.0,
28504472,272922.0,
28504472,3525857.0,
7935521,8588.0,
16373193,2063919.0,
16373193,4132657.0,Narrator
29939230,7168230.0,Pseudonym
3017234,203839.0,
3017234,1297029.0,
34728667,16642745.0,
13159540,4524507.0,
537124,19475.0,
12177850,346732.0,
186973,108905.0,
15718272,4116488.0,
4395088,23069.0,
18400224,7127497.0,
18400224,317359.0,
13411799,5442570.0,
35492151,4575289.0,
20706651,13688402.0,
20706651,655992.0,Illustrations
20706656,4011455.0,
34429428,16508815.0,
24885623,4788719.0,
24885623,61659.0,
10640453,767547.0,
16066568,15872.0,
40423,10885.0,
40423,142759.0,Illustrator
40422,10885.0,
40425,10885.0,
5552542,2614.0,
10321640,6876215.0,
149055,7779.0,
258178,8588.0,
1999849,908571.0,
16039482,3400076.0,
17889664,1280953.0,
6461779,3009541.0,
17994785,7088116.0,
20759749,151371.0,
20759749,800187.0,
12087949,1183442.0,
8419236,109005.0,
473720,41032.0,
177363,106.0,
362205,96909.0,
1231807,6252.0,
17559420,40563.0,
17559420,334840.0,Narrator
17055,1221698.0,
17055,10763.0,Illustrator
567708,8694.0,
567707,880695.0,
2516238,153741.0,
23454468,4629194.0,
25363511,1530227.0,
25363511,92525.0,
25363511,21070.0,Illustrations
8158993,4428.0,
8158992,4428.0,
7538299,10746.0,
7538299,169487.0,Narrator
10816908,4074051.0,
469732,62586.0,
17404703,6893006.0,
26499463,14331475.0,
15795561,4175419.0,
15795561,334840.0,Reading
17267,1069006.0,
15881,1077326.0,
15881,2927.0,Illustrator
780906,82540.0,
25739181,6540057.0,
461978,48192.0,
596930,1654.0,
6670348,15292.0,
15702859,1106214.0,
20734562,5251202.0,
16223857,510191.0,
23266425,7867499.0,
1778908,1221698.0,
13056868,99117.0,
3301645,4735.0,
111017,64216.0,
395945,25307.0,
395947,33918.0,
395949,1654.0,
12814594,1226977.0,
12814595,815.0,
22619514,408766.0,
23492495,387612.0,
1792183,941441.0,
1792183,511951.0,Narrator
290992,168353.0,
2470411,31247.0,
17934530,33919.0,
16277039,5406978.0,
25111294,4715088.0,
25770962,370361.0,
7857713,40563.0,
20711498,7815498.0,
8492319,20248.0,
13043180,4116488.0,
20980680,8660.0,
25863045,1221698.0,
18505756,41762.0,
22633620,21911.0,
22633620,140566.0,
389104,221253.0,
7968415,90866.0,
11735733,324500.0,
11735733,526807.0,Illustrator
1692372,762973.0,
2387722,1067608.0,
704043,375626.0,
13160327,144690.0,
13160327,3084485.0,Illustrator
15742853,2990843.0,
3303559,15872.0,Contributor
3303559,22636.0,
3303559,8473953.0,Translator
3303559,50901.0,Contributor
3303559,5765088.0,Translator
3303559,206531.0,Contributor
3303559,144814.0,Contributor
3303559,52320.0,Contributor
3303559,6997957.0,Contributor
3303559,4819080.0,Contributor
3303559,7527675.0,Contributor
3303559,224004.0,Contributor
3303559,61659.0,Contributor
3303559,29011.0,Contributor
3303559,99117.0,Contributor
3303559,151371.0,Contributor
3303559,374429.0,Contributor
3303559,270487.0,Contributor
3303559,3408212.0,Contributor
3303559,4112549.0,Contributor
27415451,4919495.0,
24220,8164.0,
24220,495248.0,Editor
24220,180439.0,Illustrator
18570069,847247.0,
33574252,4175419.0,
11771994,25422.0,
2444135,6268.0,
489434,226816.0,
13350732,5282280.0,
13414545,34765.0,
27774758,7770873.0,
21855894,2880618.0,
490403,4430.0,
16433,9355.0,
29356064,150038.0,
17325157,5625978.0,
863521,8185168.0,
18695294,1221698.0,
18513718,5898355.0,
1939794,58997.0,
31915219,119830.0,
15818829,4293114.0,
129020,34861.0,
12499290,1370283.0,
9065272,2949152.0,
12873027,359109.0,
25106755,25422.0,
25106755,3144008.0,Narrator
182538,12531.0,
17701728,71688.0,
478123,1077326.0,
29736231,8347.0,
8680418,363130.0,
8680417,363130.0,
4020601,1713558.0,
16149368,2973783.0,
12988047,794450.0,
12988047,66595.0,Illustrations
15956687,2331.0,
18051912,1396685.0,
13097681,4996736.0,
9829422,17061.0,
9829422,2729427.0,Narrator
3585344,4428.0,
12989106,27206.0,
13608989,25422.0,
13608989,150038.0,
918682,257520.0,
27876188,1077326.0,
27876188,5446186.0,Narrator
12711662,5228256.0,
973242,491442.0,
30988092,1221698.0,Author and Narrator
17849735,7047233.0,
22320471,5782568.0,
2435853,552457.0,
293446,13733.0,
293446,18015.0,Creator
248869,145435.0,
248869,42506.0,Translator
18866743,4864215.0,
18866743,6591473.0,
1705748,7779.0,
11274771,4811847.0,
28650,15292.0,
12510899,338705.0,
12510899,403244.0,Illustrations
7823210,17061.0,
7823210,2729427.0,Narrator
36159,1276004.0,
6780439,50873.0,
17280108,6903716.0,
12159318,41032.0,
21167966,105839.0,
21167966,271200.0,Illustrator
341027,65137.0,
12962374,5171573.0,
4412,1221698.0,
4412,19365.0,Narrator
7812745,93726.0,
7812745,2796762.0,Illustrator
1117637,3619.0,
6449448,2921599.0,
60212,23069.0,
60213,23069.0,
60214,23069.0,
60215,23069.0,
18873823,2868678.0,
2728900,1654.0,
2728900,391236.0,Illustrator
6788767,18967.0,
6788767,104179.0,
9226492,4327466.0,
30363424,6456912.0,
1245993,601937.0,
413896,28946.0,
413896,1310149.0,
13538708,338705.0,
13538708,403244.0,Illustrations
20518987,21770.0,
9578103,4414232.0,
8339286,7195.0,
6655491,291916.0,
6655491,3000181.0,Editor
2808945,1221698.0,
2808945,10365.0,Illustrator
2808946,1221698.0,
7083270,17061.0,
16079648,5756901.0,
8559769,10518.0,
1729643,794667.0,
10679230,4693312.0,
16052411,6542670.0,
3671415,2614.0,
19523941,18130.0,
12028090,5038699.0,
767358,13335.0,
7124101,27140.0,
17156415,4763.0,
17156415,55547.0,
17156415,27276.0,
17156415,54475.0,
17156415,108173.0,
17156415,73419.0,
17156415,1343790.0,
17156415,572738.0,
17156415,2868678.0,
17156415,73418.0,
17156415,37075.0,Narrator
17156415,44554.0,Narrator
17156415,2725838.0,Narrator
17156415,98992.0,Narrator
17156415,44767.0,Narrator
17156415,5431181.0,Narrator
17156415,511951.0,Narrator
17156415,2899437.0,Narrator
17156415,12052.0,Editor
365522,8516.0,
15857735,2869550.0,
239105,1023510.0,
13418802,71688.0,
7797032,7581.0,
17612202,958354.0,
18775141,580315.0,
26869951,540845.0,
2357378,1069006.0,
9662386,3097905.0,
17848997,108424.0,
17848997,4173628.0,Illustrator
12845211,9355.0,
6002109,8715.0,
13589152,34049.0,
14290023,19954.0,
15793041,2924955.0,
351451,201555.0,
15746149,177305.0,
32332687,26.0,
32332687,83308.0,Editor
32332687,25883.0,
32332687,1948907.0,
32332687,22781.0,
32332687,229863.0,
32332687,33503.0,
32332687,4527512.0,
32332687,7143538.0,
32332687,16486274.0,
32332687,16486275.0,
32332687,13876217.0,
32332687,9759803.0,
32332687,5259915.0,
32332687,16486276.0,
32332687,16371603.0,
32332687,16486277.0,
32332687,7814066.0,
32332687,1058964.0,
32332687,16486278.0,
32332687,16486279.0,
32332687,16486280.0,
32332687,16486281.0,
32332687,301471.0,
32332687,16486282.0,
32332687,16486283.0,
32332687,15927962.0,
32332687,16486284.0,
32332687,16486285.0,
32332687,16225302.0,
32332687,7054830.0,
32332687,16486286.0,
32332687,16486747.0,
32332687,16486751.0,
32332687,16674864.0,Illustrator
858078,13663.0,
858078,443790.0,Narrator
25231892,13734129.0,
29765252,9990.0,
22717666,7044164.0,
22717666,2978188.0,Narrator
7049405,172490.0,
23007024,38066.0,
24969678,4476934.0,
1035647,516467.0,
1035647,516466.0,
18108645,4428563.0,
9292965,4346631.0,
1103965,17063.0,
1103961,17063.0,
7157044,1718040.0,
17695521,12521.0,
1285704,103359.0,
762677,13834.0,Adapter
762677,3242.0,
11169952,44003.0,
653711,26.0,
28439832,101078.0,
23964954,7328358.0,
16045091,6539556.0,
1316617,137902.0,
9969201,2936493.0,
10574690,4574107.0,
25038983,3144748.0,
20359361,17061.0,
13183556,5502630.0,
13183556,7448765.0,Illustrator
13573764,5390266.0,
10201356,4577009.0,
21473404,15872.0,
6667612,7581.0,
6371117,3408349.0,
6371117,131208.0,
12314606,5114859.0,
31944679,836009.0,
3187965,49028.0,
24896872,5275596.0,
7854325,5237562.0,
9581507,29471.0,
13618421,5827253.0,
17280122,5626120.0,
9905387,78111.0,
12700790,1192311.0,
24851136,150038.0,
341723,26906.0,
802929,1654.0,
981782,127191.0,
398332,12935.0,
13110537,3023842.0,
4916680,1239645.0,Editor
4916680,226035.0,Contributor
4916680,21748.0,contributor
4916680,7581.0,contributor
4916680,116581.0,Contributor
4916680,24009.0,Contributor
4916680,15292.0,Contributor
4916680,269065.0,Contributor
4916680,35023.0,contributor
4916680,521916.0,Contributor
4916680,669810.0,contributor
4916680,794667.0,Contributor
4916680,156522.0,contributor
4916680,2465550.0,Contributor
4916680,4430.0,contributor
4916680,870.0,Contributor
4916680,26738.0,contributor
4916680,67431.0,Contributor
4916680,113986.0,Contributor
4916680,33876.0,contributor
4916680,38531.0,Contributor
4916680,417798.0,Contributor
4916680,445303.0,contributor
4916680,8988.0,contributor
4916680,1149276.0,contributor
158395,7025.0,
158395,6543253.0,Illustrator
23603,656983.0,
28159210,131337.0,Editor
12858494,6436872.0,Editor
12858494,360092.0,Editor
12858494,43988.0,
12858494,43989.0,
12858494,919348.0,
12858494,53109.0,
12858494,27205.0,
12858494,9615.0,
12858494,234088.0,
12858494,2944686.0,
12858494,833164.0,
12858494,2860219.0,
12858494,28045.0,
12858494,4382946.0,
12858494,3145527.0,
579553,4432.0,
23266329,5314516.0,
13542773,5097017.0,
289066,20561.0,
740042,1967.0,
18050009,7126388.0,
25740412,14107386.0,
30139740,8835824.0,
29381751,2817820.0,
11359684,4851121.0,
851339,32590.0,
11419156,45315.0,
20617773,519134.0,
13514468,5767064.0,
32938151,1082411.0,
32938151,822831.0,Illustrator
92904,32354.0,
92909,869.0,
92909,868.0,
13549677,4601855.0,
12924379,5816.0,
18967213,2130.0,
271261,1977.0,
271262,1977.0,
271264,1977.0,
271265,1977.0,
271266,1977.0,
7620605,2018764.0,
24441639,7307477.0,
16008616,5815513.0,
15733545,2953781.0,
15733545,3152411.0,
15733545,151973.0,
463064,8924.0,
463063,8924.0,
20628555,771.0,
1795542,821504.0,
12406624,4953558.0,
12406624,3384734.0,Illustrator
4505719,17061.0,
23151530,7339930.0,
7890058,3430641.0,
3546602,4404946.0,
22929489,17060.0,
9633188,3409997.0,
6340843,815.0,
6340843,221645.0,Translator
35505463,16127395.0,
3290542,397100.0,
3290542,3987525.0,Translator
22929092,4308706.0,
8898748,3397290.0,
421007,121825.0,
6110731,1177779.0,
383950,63659.0,
18799370,54856.0,
5932984,116981.0,
104903,11078.0,
12070,1654.0,
12070,1221698.0,
17428641,125308.0,
17428644,2973783.0,
9746384,8685.0,
10177045,172210.0,
15854503,6479929.0,
10307510,6620.0,
9517626,3125711.0,
15926769,2984032.0,
10550107,4665536.0,
35997739,8221406.0,
24612533,1562974.0,
476692,4430.0,
185224,1301649.0,
23598474,7778856.0,
494610,38951.0,
47876,6206.0,
47876,623693.0,Narrated by
47878,6206.0,
2003738,6464383.0,
2003738,121364.0,
17233496,365496.0,
18744618,1221698.0,
23299513,4864634.0,
5171018,1025280.0,
410910,3441.0,
1296444,234088.0,
12982439,83291.0,Contributor
15735014,5005386.0,
23250725,891354.0,
10590852,8988.0,
28733,8685.0,
28735,8685.0,
28737,8685.0,
28737,8690.0,
28736,8685.0,
28524677,1228468.0,
15703795,2562.0,
27246122,3409936.0,
13497118,28083.0,
16282974,3064305.0,
27074515,88685.0,
71365,15873.0,
71365,25355.0,Translator
13013864,142270.0,
23497534,5835506.0,
2226187,12350.0,
9903358,489580.0,
7740216,1520317.0,
8537227,670242.0,
8537227,246750.0,Commentaires
1811543,21748.0,
6376904,49177.0,
25365584,7093346.0,
8379305,4062676.0,
8379305,13635.0,
6917863,3094787.0,
209496,82540.0,
209497,82540.0,
4600167,1915619.0,
19329367,4178737.0,
333715,7577.0,
333714,7577.0,
333716,7577.0,
333719,7577.0,
31363558,284720.0,
7912998,3406.0,Editor
10740735,3380908.0,
10740738,3380908.0,
12980966,5108885.0,
10439703,37557.0,
6261011,2847425.0,
18520619,4752492.0,
25318815,2924955.0,
11382427,816070.0,
11382427,23120.0,
32308123,5778174.0,
2930018,2845500.0,
8520551,76342.0,
140099,81017.0,
11458881,103359.0,
17571692,2847542.0,
7620623,2988406.0,
7620623,1411091.0,Translator
27406739,7340907.0,
27406734,386969.0,
28260402,5830526.0,
200545,49103.0,
200545,4245727.0,Foreword by
200544,49103.0,
15826590,421434.0,
715276,88014.0,
18164236,5890982.0,
6370801,6988.0,
6370801,25422.0,Introduction
32605051,1221698.0,
53747,58.0,
18309415,572738.0,
13026356,2741432.0,
350788,81096.0,
2127283,396497.0,
2316940,1441.0,
2316941,2285270.0,Editor
2316941,589.0,Editor/Contributor
2316941,83308.0,
2316941,121364.0,
2316941,20936.0,
2316941,225692.0,
2316941,1362876.0,
2316941,2851724.0,
2316941,55830.0,
2316941,2851721.0,
2316941,2851722.0,
2316941,2851723.0,
2316941,2851725.0,
2316941,2851726.0,
2316941,2851727.0,
7823592,15873.0,
7823592,325203.0,translator
6593383,162678.0,
6593385,23.0,
308732,10087.0,
828440,38605.0,
7708384,1002902.0,
6337006,4428.0,
22488031,271685.0,
206961,1069006.0,
22704922,4181354.0,
311864,1567394.0,
869,4698899.0,
869,1945379.0,Translator
1338872,22760.0,
866,4698899.0,
866,1945379.0,
504118,53256.0,
651440,1606.0,
651440,1902980.0,Illustrator
13552764,2769516.0,
13552760,12091.0,
10173501,27280.0,
10173501,4570608.0,Illustrator
11162228,46976.0,
564427,33467.0,
8349348,3486415.0,
24396880,7212406.0,
11503082,1177779.0,
17347389,1330292.0,
17347384,1077326.0,
17347384,27372.0,Illustrator
17347384,2927.0,Illustrator
70533,656983.0,
8843789,1330287.0,
25909686,15872.0,
22896545,8427891.0,
6164018,279598.0,
6164018,2809379.0,Illustrator
11009396,4767490.0,
591821,28946.0,
591821,1310149.0,
7933615,17015.0,
7933615,17010.0,
7933617,17015.0,co-author
7933617,17010.0,co-author
7933619,17015.0,co-author
7933619,17010.0,co-author
739886,92064.0,
739886,4107336.0,Illustrator
25474267,13915892.0,
25474267,5197636.0,
10423094,1599723.0,
20824605,6903785.0,
10815662,2053448.0,
9737151,685776.0,
9667897,162678.0,
793401,1077326.0,
793401,10917.0,Narrator
25372230,6474348.0,
120552,1630.0,
220937,51422.0,
833205,48348.0,
16112191,363130.0,
16112191,4945241.0,Narrator
325365,1654.0,
5072077,27498.0,Creator
5072077,73351.0,
5072077,157004.0,Illustrator
22586972,7391763.0,
545061,18451.0,
412816,26.0,
376663,4845.0,
12925656,5323170.0,
7846209,23138.0,
468144,5376.0,
16148208,3405346.0,
6218096,15872.0,
31408829,7210024.0,
25785366,445303.0,
11577576,4245017.0,
66677,1023510.0,
1696917,16.0,
24464590,17360.0,
16074605,119933.0,
33158530,504038.0,
8414756,2607.0,
1016314,11921.0,
23848085,5214733.0,
225668,2357.0,
6892991,240708.0,
2903736,10746.0,
23506,4698899.0,
23506,1945379.0,Translator
23847976,3433047.0,
13049688,3194936.0,
14522607,5286654.0,
23246844,4558309.0,
20409425,7728542.0,
923985,8604.0,
6392859,515691.0,
16031563,4182577.0,
558833,13681.0,
15985432,6519015.0,
21402784,5822465.0,
396312,43784.0,
16303287,150038.0,
16303287,836009.0,
16303287,10317.0,
16303287,5377476.0,Illustrator
969430,11654.0,
144015,83267.0,
144012,83267.0,
144013,7144810.0,
68842,9494.0,
68842,20598.0,Introduction
3081438,119755.0,
869068,2614.0,
213647,125308.0,
284440,165168.0,
284440,2161876.0,Illustrator
17559041,6889132.0,
17167572,1654.0,
17167572,20295.0,
6651640,2901559.0,
9918110,27140.0,
3643502,30819.0,
7945295,70885.0,Editor
7945295,7025.0,Foreword
7945295,61855.0,Contributor
7945295,8523.0,Contributor
7945295,113153.0,Contributor
7945295,48355.0,Contributor
7945295,1432.0,Contributor
7945295,1448.0,Contributor
7945295,131724.0,Contributor
7945295,330853.0,Contributor
7945295,133451.0,Contributor
7945295,535433.0,Contributor
7945295,49237.0,Contributor
7945295,229975.0,Contributor
7945295,59247.0,Contributor
7945295,24902.0,Contributor
7945295,12177.0,Contributor
7945295,21550.0,Contributor
7945295,43504.0,Contributor
7945295,454616.0,Contributor
7945295,94239.0,Contributor
7945295,5285.0,Contributor
7945295,215959.0,Contributor
7945295,3524.0,Contributor
7945295,6878.0,Contributor
7945295,132761.0,Contributor
7945295,137901.0,Contributor
7945295,1221698.0,Contributor
7945295,9072.0,Contributor
7945295,1460737.0,Contributor
7945295,2954997.0,Contributor
7945295,3114179.0,Contributor
7945295,201804.0,Contributor
7945295,5793234.0,Contributor
7945295,56892.0,Contributor
7945295,4487471.0,
7945295,4125204.0,Contributor
7945295,12180.0,Contributor
7945295,16967.0,Contributor
7945295,17542.0,Contributor
7945295,26414.0,Contributor
7945295,12827431.0,Contributor
13343283,5403927.0,
9814347,15872.0,
975638,492365.0,
17696369,5823058.0,
161887,93858.0,
31753348,6469599.0,
6147366,5816.0,
18666105,66280.0,
15787790,5307635.0,
3244112,40563.0,
22504699,190887.0,
573592,26457.0,
1003985,456850.0,
13648459,38616.0,
13648459,1204167.0,Foreword
15808366,4025591.0,
12926132,49177.0,
34942,9629.0,
34941,9629.0,
34941,3231.0,Story & Screenplay
284946,165466.0,
34736638,14675561.0,
1332162,7780181.0,
1332162,3619.0,Series Creator
8246566,2614.0,
3300863,91714.0,
7830215,82453.0,
24684097,13251175.0,
13040826,20248.0,
13742264,5169670.0,
13484720,5314867.0,
10498695,4132968.0,
10498695,4315436.0,
17377224,6592100.0,
23920769,4369922.0,
140997,81309.0,
227454,1023510.0,
35479883,2654606.0,
27187955,4208569.0,
22859817,40881.0,
9759508,1577311.0,
613744,52074.0,
11308,7308.0,
11306,7308.0,
10866458,1221698.0,
26073154,345630.0,
26073150,3433047.0,
26073151,3433047.0,
10422756,48190.0,
1140216,246590.0,
11164791,277536.0,
6342840,17060.0,
17783115,5865943.0,
21483545,8062911.0,
18376853,10896.0,
24723317,370361.0,
25658857,7881896.0,
28933383,4575289.0,
16065725,3380908.0,
6885954,2957043.0,
6885957,3780.0,
6661635,1301649.0,
11393927,4849861.0,
21853321,324620.0,
10809785,2937372.0,
15725160,940521.0,
472224,4841825.0,
12292002,5130924.0,
2930659,30819.0,
6425505,17015.0,co-author
6425505,17010.0,co-author
25893966,6872325.0,
13414128,4077598.0,
8603765,2741432.0,
6383472,620946.0,
6383472,6877116.0,Illustrator
26368672,10817647.0,
6485421,150038.0,
409583,106.0,
1066081,5816.0,
15767586,4430.0,
12451711,866822.0,
7592279,34049.0,
2880715,20248.0,
1039264,1654.0,
5989059,27206.0,
5989059,174708.0,
28129039,14745588.0,
10922521,4724870.0,
17899351,2526.0,
17899356,324620.0,
4068663,324975.0,
11260430,30819.0,
47918,26878.0,
6052140,1441.0,
6052140,2749342.0,
10890323,2870420.0,
12394100,357601.0,
1261704,112838.0,
11338679,1156556.0,
11296565,13856.0,
22561347,4684322.0,
22561347,3124176.0,Narrator
1111891,32590.0,
12958049,1857564.0,
33358408,30819.0,
31213698,1077326.0,
7089277,186145.0,
7089277,1265.0,
6393644,108173.0,
20949486,6999638.0,
17287093,359109.0,
899758,656983.0,
899758,3998152.0,Resetter
899759,656983.0,
8826125,4159043.0,
371998,101078.0,
3103806,8685.0,editor / contributor
3103806,237175.0,contributor
3103806,34861.0,contributor
3103806,32916.0,contributor
3103806,1967.0,contributor
3103806,38234.0,contributor
3103806,32262.0,contributor
3103806,28045.0,contributor
3103806,8691.0,contributor
3103806,69803.0,contributor
3103806,41194.0,contributor
3103806,8690.0,Contributor
3103806,186776.0,Contributor
3103806,2772185.0,contributor
3103806,2779169.0,Contributor
3103806,2799345.0,contributor
10557816,104514.0,
506583,1077326.0,
22246717,5360266.0,
2491569,25205.0,
17925677,7091408.0,
17251424,168090.0,
17251422,48192.0,
758546,234115.0,
3099780,50873.0,
27882492,14097819.0,
1569105,87306.0,
12381271,4629194.0,
17262238,6897709.0,
100721,58124.0,
6352248,656983.0,
6352248,9533.0,Editor
876637,5775185.0,
876637,313018.0,Translator
14589221,137902.0,
6537013,8185168.0,
14743698,1335180.0,
18596555,285730.0,Editor
18596555,8489.0,Contributor
18596555,4471254.0,Contributor
18596555,4338.0,Contributor
18596555,162930.0,Contributor
18596555,5989.0,Contributor
18596555,7415.0,Contributor
18596555,26767.0,Contributor
18596555,76471.0,Contributor
18596555,6448297.0,Contributor
18596555,23069.0,Contributor
18596555,8185168.0,Contributor
18596555,4625773.0,Contributor
18596555,34429.0,Contributor
18596555,57814.0,Contributor
18596555,10765.0,Contributor
18596555,50408.0,Contributor
18596555,1226977.0,Contributor
18596555,40983.0,Contributor
18596555,3389.0,Contributor
18596555,2917920.0,Contributor
18596555,6944.0,Contributor
18596555,10992.0,Contributor
18596555,2768688.0,Contributor
18596555,193296.0,Contributor
10557761,1429808.0,
216455,12479.0,
644341,122995.0,
428050,7308.0,
428050,571819.0,Illustrator
1612671,10180.0,
1612671,15086.0,Illustrator
1612671,35400.0,Illustrator
1612671,18313.0,Illustrator
1612671,159492.0,Illustrator
1612671,4111263.0,Illustrator
1612671,16582578.0,Illustrator
1612671,38860.0,Illustrator
1612671,131396.0,Illustrator
1612671,706288.0,Illustrator
1797901,16094.0,
16071950,4414255.0,
16071950,2978188.0,Narrator
7005421,1628012.0,
13603989,5818208.0,
13531509,8349.0,
8796700,4176961.0,
7598522,1141052.0,
23346642,4565834.0,
24402469,31869.0,
287873,166884.0,
287873,3145879.0,Editor
2310956,336058.0,
15737884,3396842.0,
15737884,144425.0,Narrator
574955,74488.0,
3564777,1508570.0,
18143812,1977.0,
18143810,155990.0,
13701727,1351500.0,
13701727,7630665.0,Illustrator
13701720,2761947.0,
6507754,2855517.0,
13542786,2860219.0,
3451949,323656.0,
264001,1040250.0,
11280552,4475715.0,
11974187,1415543.0,
4052982,28375.0,
1562090,8649.0,
2080863,760392.0,
186793,918948.0,
186793,2387.0,
15803016,15393.0,
2992247,43697.0,
13519258,413783.0,
9647782,1651952.0,
1243009,1069006.0,
8515996,435114.0,
755277,234115.0,
6342483,2063919.0,
7114471,88608.0,
23362116,15872.0,
17926437,1045593.0,
11598940,50873.0,Creator
11598940,29840.0,
11598940,6436578.0,
296942,27498.0,
1215918,28375.0,
30242712,6996754.0,
29936143,5788745.0,
18633358,7327878.0,
192205,28375.0,
25324129,1654.0,
1150189,178924.0,
17286949,225033.0,
23197281,135707.0,
15848274,6477522.0,
32718466,150038.0,
8767117,3780.0,
13416236,4154802.0,
8857585,1023510.0,
17348467,6928449.0,
17332422,182166.0,
20319844,7704723.0,
13615610,3267859.0,
675314,3626.0,
675314,190713.0,Illustrator
849768,11586.0,
44011,11586.0,
18089991,780120.0,
18089991,2738900.0,Illustrations
21404888,7054485.0,
17307614,3064305.0,
23384457,14872135.0,
18406862,1330292.0,
34198698,7074943.0,
1019873,5816.0,
541859,16024.0,
25068467,8730.0,
8673931,4145664.0,
13526144,2895706.0,
13526144,2895707.0,
19539641,7145212.0,
2378312,8349.0,
8030167,17015.0,
8030167,17010.0,
22667736,221253.0,
15790846,131208.0,
774626,13677.0,
7193767,3187142.0,
140151,27704.0,
14059024,33467.0,
25631442,1332605.0,
13096191,42122.0,
13096191,212788.0,
548260,3242.0,
548260,5044885.0,Illustrations
25541572,4600197.0,
9672598,821504.0,
33222255,6953956.0,
30075809,7092218.0,
10103367,5339.0,
17165950,2964564.0,
21796750,2919140.0,
13437141,5321960.0,
129510,8730.0,
17349055,122302.0,
17349055,4684643.0,Illustrations
34511974,16541001.0,
12823329,5260599.0,
10841303,19729.0,
10841301,128231.0,
16078432,2687.0,
16078432,3044224.0,narrator
16078432,3056521.0,narrator
16078432,3395969.0,narrator
16078432,2960911.0,narrator
16078432,2865958.0,narrator
924046,471620.0,
2725180,11858.0,
9666812,696372.0,
8041873,3484883.0,
1401766,552958.0,
1401766,97839.0,
18210706,363130.0,
515587,57461.0,
735609,83272.0,Illustrator
735609,83273.0,
735609,11735.0,
11341277,72986.0,
1050676,28083.0,
25779131,311468.0,
25779131,7751493.0,Illustrations
10273328,8840.0,
10273328,2387.0,
25452013,25307.0,
5040588,157663.0,
5040588,619712.0,Illustrator
16526,2238.0,
16526,30209.0,
16529,2238.0,
2179276,10896.0,
501442,1429808.0,
501442,17060.0,
501442,26738.0,
501442,41032.0,
9747943,4473599.0,
535758,346732.0,
535757,346732.0,
9461562,87305.0,
24903914,4575301.0,
170303,25477.0,
2073629,10087.0,
2073629,1179548.0,Illustrations
1135078,359431.0,
263180,51461.0,
7779258,656983.0,
7779258,9533.0,Editor
7779258,9545.0,Illustrator
28759,8685.0,
2187324,315657.0,
17331424,2357.0,
9359808,510991.0,
13661,874602.0,
13660,874602.0,
13660,389991.0,Illustrator
13662,874602.0,
13664,874602.0,
13664,389991.0,Illustrator
13667,874602.0,
228916,133838.0,
987217,26.0,
944078,276660.0,
21859656,8126382.0,
694074,2613.0,
13638131,3099544.0,
24035668,625.0,
17667092,6583988.0,
28261850,8423348.0,
12532672,2909019.0,
13260524,1074989.0,
13260521,14617.0,
2332157,1047356.0,
2332154,1047356.0,
9226402,3112090.0,
1257586,588356.0,
12031673,916010.0,
15781726,830098.0,
13253994,645118.0,
727166,10896.0,
727166,73234.0,Narrator
10724628,8685.0,
8478549,4090478.0,
15808272,28946.0,
23719469,4025590.0,
26130928,7277852.0,
6076380,7742.0,
33123322,8347.0,
29884790,45315.0,
29884790,44554.0,narrator
9889765,4698899.0,
30237061,15269309.0,
3042227,2526.0,
5603148,6268.0,
1835584,10275.0,
828388,3618.0,
7682233,587983.0,
11741831,386042.0,
729578,387612.0,
729576,57434.0,
104901,11078.0,
339026,3155347.0,
21936862,24978.0,
12650685,15524266.0,
5024135,9494.0,
5024135,7405468.0,Illustrator
12878796,5275086.0,
15793201,3381686.0,
15793208,2868678.0,
910143,1077326.0,
47870,6206.0,
837063,224518.0,
49604,27944.0,
49605,27944.0,
49606,27944.0,
49607,27944.0,
49603,27944.0,
49609,27944.0,
444309,10896.0,
444304,25422.0,
444304,25421.0,
744461,8924.0,
10353283,98903.0,
6895179,2895895.0,
3697358,221073.0,
7199667,359109.0,
8447255,31232.0,
16096824,3433047.0,
30123368,3486415.0,
22753658,2995873.0,
18490721,9072.0,
18490727,17063.0,
15795549,8988.0,
12924153,17082.0,
5455873,237195.0,
507688,275125.0,
10795208,4718800.0,
493809,3389.0,
493809,2777560.0,Illustrations
28588101,5108399.0,
506128,7267068.0,
506128,4785.0,
506128,41878.0,Introduction
506128,10749.0,Translation
18339939,26796.0,
9859436,4499623.0,
7656231,164576.0,
99715,2613.0,
99714,57461.0,
99714,44524.0,Illustrator
859561,2413.0,
859561,1069006.0,Introduction
12845132,4420439.0,
3308840,1149276.0,
3374819,1423732.0,
20604399,1221698.0,
20604399,10365.0,Illustrations
25278490,57858.0,
25278490,1656.0,
17193778,15872.0,
3393124,3780.0,
10398160,48190.0,
3063247,8596.0,
15818775,16178982.0,
15818775,6448509.0,
2705629,11571.0,
3564414,1508385.0,
17838247,5618089.0,
31426116,14469474.0,
31706920,941441.0,
3488375,153741.0,
17190364,505695.0,
6479419,836009.0,
7182626,27209.0,
16130164,6430361.0,
13064233,5331983.0,
21890857,7210024.0,
15757183,1332605.0,
15740507,6437336.0,
689486,2387.0,
786255,15873.0,
786255,25355.0,Translator
24044142,33918.0,
24044140,33773.0,Editor
24044140,1161372.0,Editor
24044140,31712.0,Foreword
24044140,221608.0,Contributor
24044140,2845502.0,Contributor
24044140,6623846.0,Contributor
24044140,4918514.0,Contributor
24044140,25422.0,Contributor
24044140,2860219.0,Contributor
24044140,639491.0,Contributor
24044140,8121752.0,Contributor
24044140,95272.0,Contributor
24044140,2283303.0,Contributor
24044140,1064072.0,Contributor
24044140,7608.0,Contributor
24044140,21981.0,Contributor
24044140,2739719.0,Contributor
24044140,12581.0,Contributor
24044140,7808090.0,Contributor
24044140,13989591.0,Contributor
24044140,6896365.0,Contributor
24044140,2824486.0,Contributor
24044140,71155.0,Contributor
24044140,3001246.0,Contributor
24044140,2917920.0,Contributor
24044140,338705.0,Contributor
24044140,6540057.0,Contributor
24044140,3064305.0,Contributor
2365730,13026.0,
2345603,2465550.0,
19486394,5041072.0,
19486395,5804101.0,
38075,79138.0,
596897,1654.0,
596897,19440.0,Illustrator
596896,1654.0,
1284050,74488.0,
16146013,4698899.0,
7786771,776435.0,
47617,8347.0,
15756063,3380908.0,
23743745,1630.0,
23743745,1732726.0,Illustrations
8428157,46138.0,Editor
8428157,46137.0,Editor
8428157,146783.0,
8428157,150038.0,
8428157,175855.0,
8428157,25422.0,
8428157,1221698.0,
8428157,19305.0,
8428157,2957979.0,
8428157,8125999.0,
8428157,338705.0,
8428157,11889.0,
8428157,4690745.0,
8428157,3400079.0,
8428157,22548.0,
8428157,8694.0,
8428157,224189.0,
8428157,396931.0,
8428157,24.0,
8428157,8347.0,
8428157,52468.0,
8428157,1207458.0,
16107369,613805.0,
19913,23.0,
6553209,1369219.0,
13495006,5070344.0,
23015062,5816392.0,
23015062,5751572.0,
23015062,5822521.0,
23015062,7374346.0,
23015062,6505947.0,
14759655,1451404.0,
24734689,2898479.0,
3840040,1637418.0,
453916,9355.0,
453916,18252.0,Illustrator
10626,3389.0,
10626,6941.0,
821583,11889.0,
92121,3619.0,
92127,9233.0,
13455513,5626120.0,
68021,874602.0,
68020,874602.0,
68022,874602.0,
25016375,1330292.0,
25016375,3111338.0,
25016375,3023658.0,
501910,4431689.0,
11210741,2895706.0,
11210741,2895707.0,
7989944,19552.0,
13494123,5756901.0,
25776279,13922215.0,
25776279,5824401.0,Narrator
22537705,3508219.0,
9663384,81096.0,
18114581,49177.0,
18114583,374504.0,
6781184,1177779.0,
18010355,7116446.0,
6852350,323656.0,
44170,24818.0,
13141567,1213825.0,
22369418,7074943.0,
478927,31232.0,
20530924,38328.0,Adapter
20530924,1221698.0,
20530924,1391240.0,Illustrator
20530924,10762.0,Illustrator
20530924,14022.0,Illustrator
20530924,153691.0,Illustrator
20530924,431316.0,Colorist
20530924,817756.0,Letterer
2287499,567167.0,
20575410,4735144.0,
463421,8685.0,
25890355,15292.0,
13515074,1967.0,
10255156,4149342.0,
23310670,953371.0,
16249277,4708453.0,
12425532,504038.0,
34758605,3433047.0,
12577643,101078.0,
9879221,120918.0,
10065348,3180076.0,
1270247,224189.0,Editor
1270247,25422.0,Contributor
1270247,146783.0,Contributor
1270247,150038.0,Contributor
1270247,237545.0,Contributor
1270247,12991.0,Contributor
1270247,194172.0,Contributor
1270247,5187772.0,Contributor
1270247,5763118.0,Contributor
1270247,162810.0,Contributor
1270247,361629.0,Contributor
1270247,345572.0,Contributor
1270247,1634882.0,Contributor
1270247,1394555.0,Contributor
1270247,172490.0,Contributor
1270247,3015290.0,Contributor
826373,811.0,
15764009,6446815.0,
25526307,1238111.0,
18579803,5100095.0,
13635645,5135449.0,
7687657,1069006.0,
23719417,8204028.0,
1986297,8164.0,
1986297,123344.0,Narrator
74043,7742.0,
74046,7742.0,
74045,7742.0,
1013389,507943.0,
28432251,625.0,
4936618,202438.0,
11969941,286059.0,
20697444,24902.0,Editor
20697444,441180.0,Editor
20697444,4020459.0,Contributor
20697444,4439076.0,Contributor
20697444,3405063.0,Contributor
20697444,2507198.0,Contributor
20697444,370361.0,Contributor
20697444,8301728.0,Contributor
20697444,31688.0,Contributor
20697444,1226977.0,Contributor
20697444,25422.0,Contributor
20697444,836009.0,Contributor
20697444,150038.0,Contributor
20697444,27528.0,Contributor
20697444,42127.0,Contributor
20697444,2957979.0,Contributor
534420,869.0,
534420,868.0,
7658462,12991.0,
77275,106.0,
77275,8658.0,Illustrator
77276,106.0,
21479290,363130.0,
602467,13143.0,
16065665,88506.0,
16065665,3118607.0,Narrator
11013328,3297510.0,
559747,4432.0,
18666302,5181752.0,
18666303,5181752.0,
18666300,5181752.0,
18666301,5181752.0,
17675470,7015032.0,
8087906,40563.0,
11262609,1248068.0,
11138508,3339369.0,
9917925,594951.0,
18114,3389.0,
18115,3618.0,
24490481,1077326.0,
24490481,3911856.0,Illustrator
310516,178924.0,
31693618,1077326.0,
5134555,48913.0,
5134555,2124253.0,
21937130,150038.0,
12739984,3429117.0,
363077,100403.0,
13727,1977.0,
13728,1977.0,
18085456,5833183.0,
20743003,7741166.0,
438925,131208.0,
48318,1388082.0,
48318,3860622.0,Translator
1086456,4841825.0,
16109478,1221698.0,
15737640,6436214.0,
24549323,8201633.0,
12586979,2995873.0,
24937342,3618.0,
23310784,3406550.0,
13570162,5047249.0,
706553,237638.0,
16034218,6535359.0,
6728116,3020684.0,
284695,5339.0,
6997193,2837821.0,
7793496,3396910.0,
3275,2226.0,
1334340,656983.0,
668714,23012.0,
668710,65335.0,
668710,65334.0,Illustrations
21964735,88506.0,
1203856,65471.0,
15781026,71688.0,
26243996,5040774.0,
81059,4798562.0,
81059,105776.0,Illustrator
81058,4798562.0,
426803,8164.0,
426803,180439.0,Illustrator
21944665,5294594.0,
12793221,23.0,
953403,656983.0,
953403,9533.0,Editor
128506,48397.0,
16293064,6583988.0,
229132,81338.0,
1474608,580315.0,
13483201,5752359.0,
2325248,1044773.0,
2325248,1044772.0,
2325248,4530961.0,Illustrator
117980,106.0,
19145465,15873.0,
1013214,348878.0,
1013210,348878.0,
3391271,387612.0,
10783492,4715253.0,
12003546,5097017.0,
25772321,5074920.0,
83829,47991.0,
21520932,10359.0,
18776630,7388964.0,
1386549,8476.0,
15850937,21911.0,
15850937,5806715.0,
8510013,2936691.0,
1190374,36122.0,
1190374,344400.0,Narrator
1190374,423163.0,Narrator
1190374,10087.0,Narrator
1190374,1371163.0,Narrator
1190374,458701.0,Narrator
1190374,3392001.0,Narrator
1190374,3392002.0,Narrator
1190374,3392003.0,Narrator
1190374,3392004.0,Narrator
1190374,3392005.0,Narrator
1190374,3392006.0,Narrator
1190374,3392007.0,Narrator
1190374,3392008.0,Narrator
1190374,3392009.0,Narrator
2116412,426944.0,
822147,1077326.0,
7108001,169377.0,
7797356,9550.0,
7797359,9550.0,
7508615,17015.0,
7508615,17010.0,
25418989,13851542.0,
10285181,12949.0,
10285181,3524830.0,
24943556,4340243.0,
7850063,1067608.0,Editor and Contributor
7850063,3389.0,Contributor
7850063,29535.0,Contributor
7850063,1221698.0,Contributor
7850063,874602.0,Contributor
7850063,72538.0,Contributor
7850063,73422.0,Contributor
7850063,25.0,Contributor
7850063,14454.0,Contributor
7850063,110153.0,Contributor
7850063,110206.0,Contributor
7850063,19305.0,Contributor
7850063,1064072.0,Contributor
7850063,13390.0,Contributor
7850063,7025.0,Contributor
7850063,811.0,Contributor
7850063,12589.0,Contributor
7850063,5285.0,Contributor
7850063,6404.0,Contributor
7850063,9072.0,Contributor
7850063,8842.0,Contributor
24662406,3145809.0,Editor
24662406,6435974.0,
24662406,13434787.0,
24662406,3636.0,
24662406,6922601.0,
24662406,8037264.0,
65549,37013.0,
7740130,33467.0,
310717,26417.0,
24791985,2957979.0,
19161843,25422.0,
3169710,23138.0,
25074893,3153804.0,
9917596,1330292.0,
9917596,655707.0,Narrator
9917596,4341893.0,Narrator
32073069,24901.0,
32073069,1448.0,Introduction
219811,128570.0,
219813,128570.0,
219812,128570.0,
708549,1046844.0,
816201,11853.0,
816207,153734.0,
10551253,3425627.0,
11029842,5596285.0,
6834864,23894.0,
11826847,15872.0,
13517675,34878.0,
13517675,285212.0,Translator
8628126,4132920.0,
27799343,4721473.0,
18296020,7210055.0,
18296020,7210054.0,
18296022,6244.0,
16096968,1405152.0,
2137538,180392.0,
2137538,2878198.0,Illustrations
7169238,1441847.0,
6433834,5951.0,
11966269,14178660.0,
8521629,9059.0,
24885661,5446303.0,
6856011,5816.0,
298504,15684352.0,
20587108,2272915.0,
15757055,1301649.0,
101591,29479.0,
3768830,8476.0,
3768830,362098.0,Translator
6528805,2765760.0,
9673936,121825.0,
1183379,27498.0,
2516188,242473.0,
28954187,1330287.0,
25781691,14124424.0,
9404151,3091065.0,
9404151,1411091.0,Translator
189802,8732.0,
189802,11358.0,
12078803,1427650.0,
13597181,2310121.0,
13597181,2775292.0,
363416,10087.0,Editor and Contributor
363416,1072805.0,Illustrator
363416,133838.0,Contributor
363416,22547.0,Contributor
363416,4389824.0,Contributor
363416,237175.0,Contributor
363416,8596.0,Contributor
363416,416511.0,Contributor
363416,7025.0,Contributor
363416,5989.0,Contributor
363416,4102731.0,Contributor
26165456,3380908.0,
16087853,6587.0,
11768308,40881.0,
11768308,192.0,Pseudonym
11294214,375626.0,
833444,1654.0,
833445,1654.0,
833447,1654.0,
590323,3116926.0,
12383252,9550.0,
13271555,5038699.0,
8876413,2917750.0,
1064154,7941.0,
84073,19954.0,
718951,28569.0,
19055149,4182577.0,
11225502,3222611.0,
2842796,274667.0,
2737931,131208.0,
194685,28135.0,
759837,1654.0,
2254392,22543.0,
7889692,202312.0,
23557129,8076291.0,
18212395,6653788.0,
11755978,3112212.0,
13240202,2909124.0,
36181989,14166772.0,
11698983,4260.0,author
11698983,1221698.0,introduction
869924,4430.0,
7004479,648748.0,
84536,4841825.0,
84536,48386.0,
8960483,50873.0,Creator
2598001,184516.0,
27862222,6860531.0,
13057774,131337.0,Editor
13057774,108173.0,Contributor
13057774,8694.0,Contributor
13057774,106.0,Contributor
13057774,24902.0,Contributor
13057774,4088550.0,Contributor
13057774,4766.0,Contributor
13057774,510191.0,Contributor
13057774,6464383.0,Contributor
13057774,375827.0,Contributor
13057774,24.0,Contributor
13057774,5117618.0,Contributor
13057774,4025590.0,Contributor
13057774,1088074.0,Contributor
13057774,7601.0,Contributor
13057774,902641.0,Contributor
13057774,5989.0,Contributor
13057774,1221698.0,Contributor
13057774,11890.0,Contributor
13057774,27206.0,Contributor
13057774,24901.0,Contributor
13057774,8685.0,Contributor
13057774,874602.0,Contributor
13057774,277536.0,Contributor
23301545,1221698.0,
23301545,59749.0,Illustrator
25689012,8545217.0,
84367,1069006.0,
14287169,5128829.0,
105660,17126.0,
105660,571819.0,Illustrator
105660,5766244.0,
1045206,1077326.0,
10096884,5725313.0,
18457827,5785692.0,
13310624,17015.0,
13310624,48192.0,
1764154,7742.0,
15944406,25422.0,
15944406,4281427.0,Illustrator
263082,153703.0,
7718597,1221698.0,
7718597,10365.0,Illustrator
28159073,14754448.0,
6744949,53574.0,
7243142,25052.0,
232270,46097.0,
232270,3926350.0,Illustrator
18683809,6539577.0,
3307816,14617.0,
26892060,771.0,
26892060,157676.0,
26892060,13899.0,
7226664,11859.0,
22341276,7801879.0,
22341278,1418226.0,
11284750,4573983.0,
16104414,338705.0,
12463444,3502.0,
23423370,6451816.0,
9638,1630.0,
9634,1630.0,
13181901,4042181.0,
18630504,3471272.0,
22864523,5014564.0,
12381214,78305.0,
22893141,6517970.0,
5552232,1967.0,
357788,17064.0,
9487114,27498.0,
11194946,4733707.0,
768121,78024.0,
17269071,137902.0,
8909631,3174636.0,
18505792,1221698.0,
7107573,6461009.0,
17333471,5618190.0,
2323296,1977.0,
2323295,1977.0,
161768,93791.0,
161768,81433.0,Story
161768,93790.0,Story
161768,16024.0,Introduction
16440866,6434323.0,
16130925,6574288.0,
8272495,38531.0,
26109267,5872567.0,
1064084,29974.0,
1064084,16910.0,Introduction
1064084,56782.0,Afterword
25714594,7279550.0,
690450,11654.0,
2961879,28569.0,
749827,396931.0,
23398746,7581.0,
25489134,13922215.0,
1015766,40387.0,
18594430,3433047.0,
10762643,847247.0,
3961451,87306.0,
13057150,375143.0,
32735182,6950740.0,
27774712,4841825.0,
27774712,48386.0,
409124,16309509.0,
28605284,14769021.0,
12912387,5244595.0,
96977,8516.0,
96979,8516.0,
6100204,17054.0,
3040953,16667.0,
22718716,62233.0,
7875327,3425627.0,
13610179,190887.0,
8062210,19729.0,
13411245,5444795.0,
256683,150038.0,
16057864,207498.0,
13260260,1136158.0,
58894,8596.0,
22072083,6861881.0,
16082541,504038.0,
16082541,4794913.0,Narrator
1148457,3502.0,
21939269,324620.0,
21939269,2899437.0,Narrator
18443343,7336492.0,
857291,4344760.0,
4904977,1171746.0,
4904977,2871392.0,Translator
18306322,7181074.0,
17046614,7033323.0,
8346300,156342.0,Illustrator
8346300,156342.0,Illustrator
437790,246590.0,
22430860,6538289.0,
6636890,2013272.0,
17333252,2891665.0,
25898743,6599726.0,
5367,3619.0,
23922381,33467.0,
12854055,9018.0,
12854055,1784940.0,
12854055,636934.0,
12854055,5268815.0,
7841744,7025.0,
2113261,4432.0,
2113261,5774051.0,Narrator
603511,22547.0,
603515,1100089.0,
9719614,2384.0,
18072,3389.0,
18072,7431.0,Illustrator
29553734,13855435.0,
1893392,521676.0,
23453463,46540.0,
22313627,38550.0,
21858682,4430.0,
9718047,1330292.0,
1239219,470176.0,
2365897,567167.0,
18361683,5808280.0,
13829,8596.0,
13821,3619.0,
13821,5787645.0,Translator
13827,3619.0,
20702949,5814355.0,
20702949,6922202.0,Illustrator
25192567,5201320.0,
20930012,25422.0,
58077,17061.0,
17333338,6588780.0,
210329,7308.0,
1335010,12521.0,
23848607,3441.0,
14428264,4173672.0,
14428264,8390839.0,Make-Up Artist
14428264,8390840.0,Graphic Cover Design
14428264,8390841.0,Editor
23463234,625.0,
6541090,7025.0,
25391368,2909019.0,
18741251,7369643.0,
432884,16032.0,
432884,258322.0,
432884,299283.0,Editor
7421463,208650.0,
7421460,208650.0,
17316565,590743.0,
18810502,6442785.0,
290732,13677.0,
11449247,4866520.0,
17131604,332731.0,Pseudonym
17131604,375626.0,
22037439,1077326.0,
4497753,828855.0,
30364161,14469474.0,
1021837,1221698.0,
1021837,860368.0,Narrator
9542,7031278.0,
6505069,82453.0,
9785202,56019.0,
29496506,7581.0,
18635092,1221698.0,
18635092,5122.0,
11968173,4921525.0,
21569527,123463.0,
28250,15890.0,
2411128,8202779.0,
733809,153734.0,
13362094,4882841.0,
42898,20248.0,
42899,20248.0,
33830397,6863587.0,
30072,16967.0,
9531064,3002235.0,
31458203,4684322.0,
170762,3387850.0,
12417793,1221698.0,
12417793,12718.0,Narrator
12417793,753489.0,Narrator
12417793,45978.0,Narrator
12417793,73443.0,Narrator
6662349,25307.0,
28214396,8282527.0,
12908877,3353516.0,
18667863,34049.0,
8942063,2002988.0,
3233803,26878.0,
436629,245963.0,
26038869,13451714.0,
23309818,3165706.0,
893759,6252.0,
7393372,1025498.0,
9307257,1226977.0,
308450,2594.0,
308453,2594.0,
618158,6252.0,
25601790,7170947.0,
25746699,7210024.0,
122126,5989.0,
3112330,4.0,
25814258,10517.0,
25814258,6568305.0,
12323398,71688.0,
13129136,1074989.0,
2946896,88608.0,
71409,27528.0,
27006898,4346631.0,
17162718,72451.0,
17162718,313399.0,
17162718,4448495.0,
17162718,4994753.0,
17162718,13334.0,Editor
6052249,552457.0,
6854741,81096.0,
46987,26359.0,
46987,375916.0,Illustrator
14635692,656983.0,
6149939,2803627.0,
32498439,5303332.0,
18108609,7143973.0,
25586133,7979840.0,
186859,2387.0,
9329354,38550.0,
14567,9072.0,
14566,9072.0,
14565,9072.0,
14562,9072.0,
14561,9072.0,
10193060,13611546.0,
10193060,4574972.0,
820599,811.0,
837910,27209.0,
837910,4522.0,
7970843,150810.0,
7970843,362098.0,Translator
7626805,48192.0,
17826786,6543523.0,
5453478,2354819.0,
5453478,5847409.0,
714629,49381.0,
17290601,3297526.0,
18469695,25422.0,
18469695,4758224.0,Narrator
10889249,2387.0,
1541223,625.0,
12427544,5150716.0,
9516288,33918.0,
9498485,3441.0,
23590296,6463972.0,
13547208,1353301.0,
23569787,9857504.0,
17372310,5265741.0,
100427,5369.0,
18007564,6540057.0,
6580510,2973783.0,
25293197,10109690.0,
6434232,4430.0,
7638313,3342342.0,
17302792,6912153.0,
291356,8732.0,
291354,8732.0,
84119,1069006.0,
18007880,4558309.0,
10757361,23894.0,
12445309,4175419.0,
12445309,334840.0,Narrator
6319176,2869550.0,
6319177,2869550.0,
11286888,4831831.0,
3246035,6245.0,
3246035,6244.0,
20737633,7219081.0,
20737639,7219081.0,
893172,15872.0,
893174,15872.0,
7325963,498072.0,
9757234,477711.0,
399916,145129.0,
88071,4763.0,
3793942,178924.0,
8675753,15872.0,
13729,1977.0,
17679544,2995873.0,
6718729,6252.0,
6718729,28709.0,
6718729,8455.0,
6718729,229813.0,Illustrations
32162948,6467608.0,
408855,3389.0,
408855,10365.0,Illustrator
408854,3389.0,
408854,7430.0,Illustrator
408853,3389.0,
408853,4045.0,Illustrator
19355345,234253.0,
24612072,7855157.0,
121927,9550.0,
6468666,7581.0,
13272713,5402447.0,
12083392,10746.0,
12083392,169487.0,Narrator
891592,8730.0,
891593,8730.0,
891591,8730.0,
4789801,1441.0,
10583193,41032.0,
23848145,3433047.0,
13706938,2938140.0,
13706938,2938141.0,
13706938,69163.0,Illustrator
5618698,2503028.0,
2177356,9237.0,
1966969,445303.0,
530872,9550.0,
24685472,4042181.0,
2243541,941441.0,
821787,1077326.0,
13370523,5429309.0,
40997,23069.0,
40996,23069.0,
40992,23069.0,
34299752,4279785.0,
5080018,1441.0,
5080018,2749342.0,
5080018,2321798.0,Narrator
61994,3619.0,
9064899,3027554.0,
8576171,175855.0,
337130,1221698.0,
337138,193296.0,
337138,70397.0,introduction
337138,2735363.0,illustrator
8471992,2869550.0,
10729120,4703186.0,
2273246,270479.0,
6051255,33918.0,
6878812,16155.0,
23391795,4996736.0,
13259637,2129854.0,
20980941,7314537.0,
179064,49177.0,
9675020,2830341.0,
94757,10330.0,
29957486,14881546.0,
9581001,1857564.0,
6492676,10604071.0,Adapter
6492676,435038.0,Illustrator
6492676,40563.0,Creator
6492676,4240402.0,Illustrator
6492676,3086557.0,Illustrator
12899180,27379.0,
20417843,2860219.0,
17190704,6872325.0,
33573674,6466369.0,
13130275,580315.0,
20483095,2937730.0,
13811234,5865943.0,
9756609,22528.0,
22020023,6477522.0,
12154327,2989459.0,
12154327,6551671.0,
17372039,1077326.0,
17372039,27372.0,Illustrator
17372039,2927.0,Illustrator
12414384,10746.0,
12414384,169487.0,Narrator
16084118,4175419.0,
16084118,334840.0,Narrator
13173379,5371078.0,
295832,65335.0,
295832,65334.0,Illustrator
13528362,276660.0,
1161439,32665.0,
4893390,165168.0,
10137413,7742.0,
92895,53292.0,
92895,53291.0,
18693942,8685.0,
209700,8835.0,
1178842,7577.0,
7404829,116581.0,
2235235,215710.0,
817358,27704.0,
6905534,164187.0,
16102236,3242.0,
26114291,2868678.0,
9339612,107891.0,
9339612,4350305.0,Illustrator
5604862,284897.0,
11734301,346732.0,
31373879,15600143.0,
14655507,6470969.0,
7896527,3433047.0,
16299211,6653386.0,
16299211,6653398.0,
108860,63032.0,
11511696,225692.0,
13642245,5772158.0,
764861,179733.0,
599090,11735.0,Ghostwriter
599090,3231.0,Story & Screenplay
12971670,8685.0,
12971670,8691.0,
12971670,1067630.0,
6394157,13652.0,
264064,16143.0,
264065,16143.0,
264066,16143.0,
264067,16143.0,
264068,16143.0,
264069,16143.0,
30196348,3409936.0,
252205,4821.0,
252205,1887931.0,
12886599,4430.0,
20701398,4888434.0,
84544,4841825.0,
519933,4260.0,
2288232,273705.0,
3079691,1831.0,
3079691,1004753.0,Editor
3079691,236040.0,Editor
631828,341189.0,
6616833,650199.0,
6668868,28569.0,
2946056,1977.0,
147917,346732.0,
18681420,7276994.0,
7002360,50873.0,
13227445,1023510.0,
20821473,4851121.0,
307072,312453.0,
307072,122662.0,Illustrator
17397922,1357414.0,
765296,3242.0,
765296,5044885.0,Illustrator
23010561,1228468.0,
23010560,1228468.0,
63720,1654.0,
5170684,349153.0,
957654,10366.0,
1416784,4260.0,
566784,22546.0,
566781,22546.0,
7654360,17061.0,
6453293,767547.0,
29533,16625.0,
29551843,14737283.0,
6087903,177047.0,
31748402,15697993.0,
15450,8516.0,
15453,8516.0,
15456,8516.0,
10059396,43393.0,
26114406,43784.0,
18693360,179712.0,
17860324,1112218.0,
16050312,6541831.0,
10473144,4649344.0,
21976510,6858934.0,
14201,8842.0,
10127647,132628.0,
1060562,81096.0,
57690,30279.0,
57691,30279.0,
57693,30279.0,
908296,22648.0,
25480342,370361.0,
25177897,7949493.0,
25813245,7340907.0,
30273,9550.0,
16155612,6420295.0,
15712186,15292.0,
5155532,3995.0,
12050695,4506281.0,
23014619,100764.0,
16166400,5808037.0,
22883474,142270.0,
22883474,15011468.0,Narrator
96487,23.0,
2043256,3377941.0,
6303855,82453.0,
6303859,1423732.0,
25318858,833687.0,
382870,36175.0,
2295830,15292.0,
32796810,7150768.0,
21412504,4698899.0,
6380608,19005.0,
6380608,19006.0,
6380608,3093275.0,Narrator
21787,12521.0,
20490484,6894289.0,
32827036,16033197.0,
2208767,14617.0,
23589086,2894399.0,
26521836,2526.0,
26521836,4564814.0,Narrator
7923163,3443203.0,
21917866,1141209.0,
19721475,4305414.0,
126503,11735.0,
22238165,226035.0,
11746102,1857564.0,
24906795,421434.0,
118579,68750.0,
511356,284473.0,
17665849,150038.0,
9680718,4476934.0,
1035910,27100.0,
1035910,3026615.0,narrator
828400,656983.0,
828401,656983.0,
2658950,1169391.0,
828409,4432.0,
25228309,3389.0,
30047519,4769304.0,
731809,30819.0,
20308335,7847506.0,
8735907,2413.0,
8735907,874602.0,Introduction
16075796,2742715.0,
11063310,3097905.0,
20927204,656983.0,
3128411,40563.0,
109417,35335.0,
6764254,418627.0,
18668473,159997.0,
18668473,6922624.0,Illustrations
481509,1069006.0,
481509,25523.0,Illustrations
24470600,8330616.0,
638559,33936.0,
638559,3242.0,Creator
39063,22018.0,
10890808,27206.0,
10890808,174708.0,
9222475,1003655.0,
7821929,3780.0,
7821929,880946.0,
7821929,2348505.0,Editor
7821929,4724452.0,Illustrator
16111556,6430924.0,
33441,16218.0,
14760527,46474.0,
29960499,6427501.0,
12959086,15872.0,
12959086,13673487.0,Contributor
15810365,9355.0,
158992,92150.0,
158992,126120.0,Illustrator
9573469,3218603.0,
8731014,25422.0,
7091488,17061.0,
20493914,1654.0,
17558838,3465557.0,
11199165,573850.0,
11199165,26170.0,
6561491,178924.0,
282439,164187.0,
17341365,1332605.0,
6539920,2778890.0,
17195830,4835790.0,
17195831,5778695.0,
10631724,191456.0,
8039386,3184606.0,
15813668,4175419.0,
20646678,33919.0,
1906381,165675.0,
1906381,20010.0,
1906381,50802.0,
1906381,5251086.0,
1906381,26798.0,Contributor
1262341,42540.0,
639095,26.0,
498214,44003.0,
13543039,6483413.0,
6677204,650835.0,
25244111,7418796.0,
17164655,3064305.0,
17949038,4293325.0,
13037538,5324198.0,
886955,276660.0,
33296222,259548.0,
29241744,14674573.0,
358488,3242.0,
13574184,5298677.0,
34703445,38550.0,
11018862,1958136.0,
25437624,7151265.0,
15724396,15872.0,
9716855,105220.0,
981170,93858.0,
13560376,4601855.0,
9860070,209877.0,
13604243,6469829.0,
8255965,2384.0,
8255965,334840.0,Read by
905404,13677.0,
9433601,3158545.0,
23200621,25307.0,
18337259,13557729.0,Adaptation
18337259,346732.0,
18337259,2924855.0,Illustrator
896889,1069006.0,
896889,25523.0,Illustrations
16159252,4499623.0,
10903928,3153048.0,
33507,696805.0,
33507,223300.0,Translator
6098687,9550.0,
6098684,9550.0,
13280098,1025498.0,
23381707,5806251.0,
11275323,1654.0,
77472,3618.0,
77472,9629.0,Introduction
13020111,100979.0,
26248692,1228468.0,
16054217,3849415.0,
13047567,370361.0,
29360999,6520834.0,
542284,7012498.0,
12812550,324620.0,
1382868,4106.0,
24068185,1221698.0,
295956,57983.0,Pseudonym
295956,1077326.0,
34908,19733.0,
34901,19729.0,
25486801,8344638.0,
13604857,5726831.0,
13051265,4764.0,
13606511,5458573.0,
349560,2413.0,
349560,77297.0,
2319370,28550.0,
8709528,137902.0,
8709523,137902.0,
8709526,137902.0,
8709527,137902.0,
8709525,137902.0,
6146826,17015.0,
10264676,3780.0,
10264676,2697291.0,
10264676,3022555.0,
10264676,3022554.0,
10264676,1297569.0,
11232016,3389.0,
10258076,7717.0,
426792,8164.0,
426792,180439.0,Illustrator
426792,368402.0,Introduction
6457334,1238111.0,
22053393,7302140.0,
13539142,5773639.0,
13539143,147857.0,
7156647,3174636.0,
18342319,78305.0,
104100,60177.0,
104101,60177.0,
10861110,37060.0,
29010526,14969899.0,
13586336,4577316.0,
20578949,53793.0,
20578940,25422.0,
20578940,150038.0,
2762488,27498.0,Creator
2762488,73351.0,
2762488,157004.0,Illustrator
20874388,7868858.0,
2798094,9550.0,
11797382,6461009.0,
2499315,49381.0,
680938,811.0,
680938,430626.0,Illustrator
32940857,4919495.0,
1579790,540845.0,
4926996,72545.0,
7123181,82453.0,
12088860,4090478.0,
25387362,38550.0,
25387360,38550.0,
832982,146449.0,
13548105,17064.0,
3168250,27100.0,
5265856,12350.0,
7519652,17060.0,
15923739,656983.0,
20893458,21911.0,
20893458,140566.0,
20893457,363130.0,
22668736,28569.0,
6606305,20248.0,
8058609,1000381.0,
13090825,4755336.0,
26065653,8343775.0,
17617140,4414284.0,
31930313,5190768.0,
6350554,317079.0,
20176578,56328.0,
20176578,56327.0,
7508451,2759174.0,
259035,8842.0,
6448482,2018764.0,
16282850,6645233.0,
7113498,60177.0,
338118,1967.0,
338117,1967.0,
15817226,3619.0,
15817226,4302324.0,Narrator
13603362,108173.0,
13603362,73149.0,Introduction
2029927,9355.0,
6754536,137902.0,
16043804,2063919.0,
349347,1221698.0,
16205945,350677.0,
16205945,6603731.0,
3219391,854076.0,
3219391,39598.0,Editor
6217361,2830341.0,
9462774,222429.0,
332420,153741.0,
1082753,22542.0,
13432620,5437976.0,
22032577,8196241.0,
348730,59445.0,
569674,133438.0,
10481268,10739.0,
10481268,163934.0,Illustrator
959336,13957.0,
17934405,5784534.0,
47508,4260.0,
104766,41942.0,
432058,2614.0,
601379,5025620.0,
9943270,6914204.0,
511390,49177.0,
511390,2747350.0,Narrator
577271,16967.0,
20949447,6928196.0,
13644324,965908.0,
3136191,108173.0,
18516113,3502.0,
26236877,1014374.0,
8087828,13856.0,
8087823,3500801.0,
15726351,6431581.0,
11837058,4983261.0,
400924,13026.0,
8097637,3504189.0,
12274389,3389.0,
16180175,4370565.0,
16180179,4096668.0,
13395504,5438808.0,
32766311,6570694.0,
16046969,6540331.0,
921537,10087.0,
9490468,4404139.0,
32055872,4735144.0,
9828218,3290920.0,
20894732,3145809.0,
12383015,73149.0,
10454982,264571.0,
65640,1069006.0,
65640,25523.0,Illustrator
65641,1069006.0,
65641,25523.0,Illustrator
65645,1069006.0,
65645,25523.0,Illustrator
97967,28544.0,
97962,28544.0,
13227699,13390.0,Editor
13227699,3874635.0,Editor
13227699,66700.0,
13227699,5209023.0,
13227699,23001.0,
13227699,32278.0,
13227699,16939.0,
13227699,52310.0,
13227699,715521.0,
13227699,88014.0,
13227699,18253.0,
13227699,346732.0,
13227699,19472.0,
13227699,4798562.0,
13227699,13026.0,
13227699,23069.0,
13227699,5989.0,
13227699,52752.0,
13227699,58856.0,
13227699,19305.0,
13227699,14454.0,
4835,3299.0,
4835,2886033.0,Illustrator
33823946,13734301.0,
2274683,1025280.0,
1035888,941441.0,
1035886,941441.0,
15808673,6462472.0,
1295004,621283.0,
22824590,4388953.0,
11475427,76360.0,
7283373,169377.0,
7283373,4386644.0,Reading
11235712,4684322.0,
6364663,2885318.0,
6002391,1005381.0,
32337619,3413873.0,
32337619,8568110.0,Illustrations
7048492,3138466.0,
650579,7144810.0,
650579,7144814.0,Avatar Project Pseudonym
650579,102143.0,Editor
394237,223894.0,
394237,1368268.0,Illustrator
60186,16625.0,
17861812,4124910.0,
26007133,7184104.0,
218467,12534.0,
218467,39099.0,
33858773,8573519.0,
233664,1654.0,
233664,19439.0,adapter
233669,1654.0,
8989664,4239539.0,
8989664,5660578.0,
27802741,7328282.0,
27802741,13740131.0,
27802741,14258402.0,
27802741,13682020.0,
27802741,13910339.0,
27802741,5610652.0,
27802741,13614771.0,
27802741,10181127.0,
27802741,8290521.0,
27802741,9838776.0,
27802741,13694741.0,
27802741,13734782.0,
27802741,14054782.0,
27802741,14620580.0,
27802741,13982436.0,
7842739,179712.0,
14743765,5826477.0,
5702282,2548426.0,
13495346,25268.0,
2767793,38550.0,
9820781,1330292.0,
16030817,4134859.0,
18754638,6524232.0,
6076413,1330292.0,
13503090,1383409.0,
26804473,15292.0,
7367757,108424.0,
7367757,2803557.0,Narrator
9919843,653461.0,
7205104,13663.0,
9380186,7742.0,
27257485,3389.0,
23603906,6450613.0,
168525,16142.0,
24380167,8086515.0,
6344424,35022.0,
25741593,8306309.0,
102575,9494.0,
102575,406026.0,Editor
102575,4551013.0,
102575,4562177.0,
102575,1141781.0,
102575,552627.0,Illustrator
14780684,1637418.0,
25775619,9494.0,
8396337,85545.0,
317517,1069006.0,
317517,25523.0,Illustrator
6134783,415967.0,
25133311,7226007.0,
6762468,2989459.0,
6762468,6551671.0,
1192701,723801.0,
34494,1654.0,
34497,1654.0,
34496,1654.0,
34496,257685.0,Illustrator
34493,1654.0,
34499,1654.0,
34498,1654.0,
34498,17162288.0,Translator
17465483,137902.0,
17465485,5375890.0,
17465485,163934.0,Illustrations
35782611,99042.0,
18395849,2614.0,
18395849,4840744.0,Narrator
22055587,2958515.0,
11830198,4605878.0,
8517235,336058.0,
7981382,1194340.0,
12637490,767317.0,
1598309,606108.0,
1598309,734522.0,
1598309,734521.0,
6416698,888413.0,
6416698,7023701.0,
28637641,2869923.0,
507689,275125.0,
20697586,7811723.0,
15756982,6444158.0,
6953778,27498.0,
6953778,610353.0,Illustrator
6483519,17082.0,
239402,62586.0,
239402,9678.0,Foreword by
250612,13014.0,
250612,238503.0,
18009588,7045055.0,
291735,168710.0,
291735,15291.0,
6586599,224004.0,
6933479,6268.0,
266607,25422.0,
10798398,1049315.0,
3072254,38066.0,
17148003,3219496.0,
74107,9320.0,
24965713,150038.0,
12227219,3016762.0,
18051090,6459572.0,
22802281,5762464.0,
27276237,1136158.0,
27276237,14219.0,
17785884,2847227.0,Creator
11458632,17054.0,
22504710,36276.0,
13574710,1330292.0,
13574710,3023658.0,
13574710,3111338.0,
13542868,876105.0,
16568,500.0,
16568,41565.0,
16568,8658.0,Illustrator
16568,3947.0,Translation
2298136,3565.0,
18666047,276660.0,
16146870,4483617.0,
25553015,3431194.0,
92034,656983.0,
92034,9533.0,Introduction
5714874,8355.0,
59571,8732.0,
59571,11358.0,
15945614,5255014.0,
870824,146374.0,
4311773,2357.0,
62033,34878.0,
62033,285212.0,Translator
9396162,3111339.0,
626721,2615.0,
22444972,7579061.0,
25679785,7015032.0,
13139100,5184237.0,
13624,1378543.0,
13624,16073537.0,Illustrator
15793131,4386136.0,
13510106,403538.0,
13159395,5203044.0,
21942107,5047249.0,
9284655,3097905.0,
5071490,150810.0,
5071490,362098.0,Translator
273769,159586.0,
3301564,65137.0,
25430759,13854562.0,
12941033,25027.0,
17978239,4684322.0,
17978239,3124176.0,Narrator
21855285,5758692.0,
570550,150810.0,
10844308,234088.0,
1432618,656983.0,
15985375,3174636.0,
20257177,1330292.0,
15985372,9550.0,
15985373,4721536.0,
13542763,270312.0,
238458,119933.0,
17976172,7104596.0,
24905359,1217665.0,
26196299,4208569.0,
285105,1429808.0,
446279,190887.0,
12958042,1857564.0,
295834,65335.0,
295834,65334.0,Illustrations
17985187,780120.0,
17985187,2738900.0,Illustrator
22350873,298438.0,
22350873,25355.0,Translation
27426598,14593464.0,
13416481,5020443.0,
10840557,974195.0,
2411569,941441.0,
6051589,2765438.0,
10566288,3117044.0,
6598735,6565477.0,
16107699,74862.0,
5769675,588246.0,
3236307,1373880.0,
17163623,3087787.0,
5427171,116617.0,
17168416,941441.0,
18512,656983.0,
18513,656983.0,
18513,9533.0,Editor
18511,656983.0,
2754510,137902.0,
6080889,445303.0,
22668812,21748.0,
22668811,40563.0,
2002,1077326.0,
6861455,15872.0,
25852920,169377.0,
25852920,1265.0,
1771764,760392.0,
17166336,2264238.0,
10482783,122001.0,Pseudonym
10482783,4788719.0,
5212771,15292.0,
6681206,13733.0,
21795840,8107261.0,
23559647,9852801.0,
22450745,41032.0,
8088305,1152342.0,
181036,1654.0,
20764638,7751265.0,
17162150,6862026.0,
17162156,3046613.0,
18523268,38550.0,
9999813,1029349.0,
9999813,4826394.0,
444349,8347.0,
444348,8347.0,
685371,9550.0,
685373,9550.0,
685372,9550.0,
26225506,3299538.0,
26836052,4575289.0,
26836052,7477725.0,Narrator
26836052,781561.0,Narrator
26836052,3144008.0,Narrator
26836052,6503.0,Narrator
26836052,13615251.0,Narrator
26836052,7155626.0,Narrator
26836052,14690841.0,Narrator
33590076,76360.0,
10459088,175855.0,editor
10459088,7581.0,editor
10459088,415967.0,
10459088,836009.0,
10459088,56019.0,
10459088,123463.0,
10459088,164187.0,
10459088,1290625.0,
10459088,1192311.0,
10459088,2761947.0,
10459088,1443712.0,
10459088,15292.0,
10459088,2895706.0,
10459088,2895707.0,
10459088,2755160.0,
10459088,1304470.0,
13592828,4845.0,
13592828,74340.0,
96281,10518.0,
116564,11761.0,
116566,11761.0,
116560,11761.0,
116563,11761.0,
116562,11761.0,
264446,34854.0,
8110348,17015.0,
8110348,1021129.0,
832143,3618.0,
22466070,1349820.0,
15776953,1180263.0,
7646805,3780.0,
7646805,2697291.0,
12089986,3849415.0,
12089986,2580449.0,Narrator
773622,57462.0,
773622,350325.0,Illustrations
7901864,2917917.0,
9640042,379444.0,
28954041,4077409.0,
4862337,2023476.0,
25893822,2172337.0,
9665450,4443809.0,
26305543,6994636.0,
815645,10896.0,
13019841,4443809.0,
100623,10313.0,
100623,816814.0,
100623,58067.0,Illustrator
26848831,7326501.0,
6254610,6941.0,Editor
6254610,4624490.0,contributor
6254610,155811.0,contributor
6254610,14403.0,contributor
6254610,159.0,contributor
6254610,16.0,contributor
6254610,3190.0,contributor
6254610,9494.0,contributor
6254610,12540.0,contributor
6254610,7799.0,contributor
6254610,3243461.0,contributor
6254610,10889.0,contributor
6254610,28525.0,contributor
6254610,14913365.0,contributor
6254610,4652063.0,contributor
6254610,35817.0,contributor
6254610,19879.0,contributor
6254610,26515.0,contributor
6254610,77025.0,contributor
6254610,512885.0,contributor
6254610,1468240.0,contributor
6254610,4489839.0,contributor
6254610,82926.0,contributor
6254610,422441.0,contributor
6254610,4104142.0,contributor
6254610,881203.0,contributor
6254610,485215.0,contributor
6254610,223294.0,contributor
6254610,263531.0,contributor
6254610,26926.0,contributor
6254610,811234.0,contributor
6254610,1624.0,contributor
6254610,345967.0,contributor
6254610,66700.0,contributor
6254610,1665357.0,contributor
6254610,20598.0,contributor
6254610,57720.0,contributor
6254610,29527.0,contributor
6254610,57739.0,contributor
6254610,5132.0,contributor
6254610,35238.0,contributor
6254610,6478378.0,contributor
6254610,102922.0,Contributor
6254610,392933.0,
17676230,2331.0,
118074,6988.0,
118074,6941.0,Introduction
118074,3898055.0,Noted by
6371893,200317.0,
6371893,3121878.0,Narrator
6438479,2839569.0,
28197,15873.0,
1473780,73149.0,
17378068,4971675.0,
12387745,4805272.0,
139981,32279.0,
17403037,5298385.0,
22922356,4175419.0,
13507586,207379.0,
9677397,87534.0,
10299110,1023510.0,
20933811,2995873.0,
18625131,6938728.0,
20618864,5284782.0,
536653,1244.0,
2578940,128231.0,
18798983,4600197.0,
17304052,1227888.0,
6329342,10746.0,
823127,429197.0,
11710500,4785031.0,
186672,43784.0,
7062980,121825.0,
12323688,29482.0,
12323688,3914116.0,Translator
15714590,6426921.0,
15790807,15873.0,
13538816,4735144.0,
2452326,23.0,
16146055,338705.0,
22817456,639491.0,
8428195,386042.0,
11711994,8476.0,
688560,17064.0,
25875555,5201320.0,
25875555,5762464.0,
25875555,8193655.0,
25875555,6526309.0,
25875555,7326382.0,
25875555,6525664.0,
25875555,5391472.0,
25875555,5038955.0,
25875555,4794993.0,
25875555,6579646.0,
25875555,4601855.0,
25875555,7267647.0,
25875555,7792732.0,
25875555,7181038.0,
948090,21970.0,
948090,14554680.0,
29777813,4489132.0,
18104846,7142522.0,
34187776,36346.0,
93275,53350.0,
93275,1870745.0,Afterword
93273,13867.0,
93273,279919.0,Illustrations
15038253,9345.0,
15038253,63222.0,
15038253,127084.0,Illustrator
15038253,5792066.0,Illustrator
9421748,3369676.0,
476543,48192.0,
8178,5369.0,
2584424,1141756.0,
25776235,36276.0,
17250961,38550.0,
13329738,5415687.0,Foreword
13329738,5415688.0,
13329738,346732.0,Foreword
18114540,72896.0,
18114543,8347.0,
18114543,31321.0,
9642279,498980.0,
9642278,3342174.0,
9642277,3016878.0,
9642271,15292.0,"Editor, Contributor"
9642271,360092.0,Editor
9642271,38066.0,Contributor
9642271,415967.0,Contributor
9642271,131208.0,Contributor
9642271,723801.0,Contributor
9642271,51118.0,Contributor
9642271,26738.0,Contributor
9642271,38598.0,Contributor
9642271,329391.0,Contributor
9642271,9756.0,Contributor
9642271,1356336.0,Contributor
9642271,17063.0,Contributor
9642271,27206.0,Contributor
23677316,10315278.0,
7463192,136127.0,
8501291,3220024.0,
15747587,6440255.0,
16130663,56352.0,Editor
16130663,13557729.0,
16130663,4025591.0,
16130663,108173.0,
16130663,15890.0,
16130663,73149.0,
16130663,13026.0,
16130663,8660.0,
16130663,19305.0,
16130663,24901.0,
16130663,11889.0,
16130663,240708.0,
16130663,133908.0,
16130663,2845500.0,
25350122,2847534.0,
45183,7935185.0,
45183,55825.0,Illustrator
45181,7935185.0,
9300798,276660.0,
834479,9266.0,
33642526,16254180.0,
155238,3995.0,
10255198,412433.0,
1438315,874602.0,
7009,947.0,
8150317,375626.0,
29065082,5827587.0,
19539103,5529995.0,
7372975,3321132.0,
17320837,11078.0,
17981283,48190.0,
248538,13014.0,
248534,13014.0,
248537,13014.0,
248537,6603.0,Illustrator
248531,13014.0,
248532,13014.0,
248533,13014.0,
6084409,1023510.0,
6696602,4430.0,
18750310,6645634.0,
13411825,5073330.0,
9069880,3013623.0,
2430999,86265.0,
13023,34933.0,Adapter
13023,8164.0,
13023,28120.0,Illustrator
16101115,5255014.0,
476206,266368.0,
7106094,221073.0,
21480933,3399330.0,
22571583,20248.0,
9132056,4200019.0,
25410851,7074943.0,
20890560,40383.0,
25692886,6904806.0,
9969698,4524033.0,
2239941,1077326.0,
15798085,4871930.0,Pseudonym
15798085,18130.0,
30055885,7997265.0,
20873804,346732.0,
28561660,830098.0,Preface
8686138,76423.0,
13258964,172152.0,
20359719,266470.0,
13436365,53793.0,
35604481,1077326.0,
3819453,1628658.0,
6341533,1654.0,
34219873,596345.0,
13722506,359109.0,
532373,9355.0,
532373,4807796.0,Narrator
92718,22543.0,
92719,22543.0,
92717,22543.0,
16280717,5298385.0,
12987245,32912.0,
11880612,166640.0,
11880612,127084.0,
11880612,5792066.0,
11880612,9345.0,
7640634,53193.0,
28927033,150038.0,
28927033,5377476.0,Illustrator
15725141,815.0,
15725141,221645.0,Translator
481779,656983.0,
481779,16191.0,Narrator
7757584,26.0,
7757584,1948907.0,
17831605,5782137.0,
858665,8596.0,
858669,8596.0,
25277627,6538289.0,
312043,179712.0,
16137612,4340243.0,
23482781,6953956.0,
6726099,668710.0,Editor
6726099,8988.0,Contributor
6726099,376166.0,Contributor
6726099,105839.0,Contributor
6726099,19305.0,Contributor
6726099,1105690.0,Contributor
6726099,8695.0,Contributor
6726099,2172337.0,Contributor
6726099,168090.0,Contributor
6726099,54475.0,Contributor
6726099,157655.0,Contributor
6726099,2917917.0,Contributor
6726099,1454720.0,Contributor
6726099,232137.0,Contributor
6726099,2861133.0,Contributor
6726099,2917750.0,Contributor
6726099,103982.0,Contributor
6726099,78024.0,Contributor
6726099,445303.0,Contributor
6726099,2958713.0,Contributor
6726099,3400076.0,Contributor
6726099,3400079.0,Contributor
6726099,3400085.0,Contributor
370308,75603.0,
725806,99836.0,
16165768,760392.0,
16165768,189761.0,Illustrator
18166891,59165.0,
12907355,267687.0,
17983740,49177.0,
2924152,34997.0,
7339,656983.0,
1347061,361736.0,
13410013,3464665.0,
20451982,1221698.0,
568473,6252.0,
10802904,71688.0,
971239,23894.0,
594452,6223.0,
5519449,270312.0,
81012,27.0,
15709129,8649.0,
13584788,2938140.0,
13584788,2938141.0,
13584789,6988.0,
8429688,833164.0,
9127479,1405152.0,
407813,5339.0,
6367131,11858.0,
15799424,87305.0,
15780279,269342.0,
10432550,2945688.0,
6080980,2776448.0,
13517384,5768569.0,
23234901,4877034.0,
25582556,3251728.0,
15814699,5307736.0,
748610,9355.0,
15942652,6508919.0,
15942656,3464665.0,
8993202,71688.0,
29431371,150038.0,
15817069,3326863.0,
16162524,6527799.0,
477725,811.0,
16037687,6536721.0,
135288,3242.0,
388793,221073.0,
30145678,3510823.0,
30145678,565825.0,
30145679,152309.0,
30145677,36346.0,
18245256,1077326.0,
5961342,2594.0,
25391400,2300692.0,
13490798,4134859.0,
13490795,4134859.0,
13490791,3000519.0,
60924,29535.0,
60925,29535.0,
9694311,1000381.0,
1128964,9018.0,
31450847,231755.0,
31450846,3433047.0,
17448194,4601855.0,
15811516,3408349.0,
15811516,131208.0,
953260,6244.0,
953260,505236.0,Illustrations
5941143,9072.0,
12578370,3027554.0,
30138814,9817050.0,
30138814,14342961.0,
2185113,41942.0,
714568,57462.0,
714568,472036.0,Illustrator
26155898,5756547.0,
13594459,7264674.0,
26066905,88685.0,
5601088,3780.0,
773523,8732.0,
12205360,5085738.0,
5266655,145926.0,
3234424,393138.0,
3234424,732517.0,Illustrator
37591,10896.0,
12691271,5224760.0,
6234910,823146.0,
19395849,7150768.0,
6497526,4260.0,
33893545,9860680.0,
7823038,2803627.0,
31670261,38954.0,
17802151,6604148.0,
11514121,3387285.0,
525440,121651.0,
10900324,221253.0,
17797268,34765.0,
24611620,6259.0,
28870482,7734837.0,
351017,6573790.0,
351017,27205.0,
351017,3193580.0,
351018,57462.0,
12697251,2867375.0,
28001867,38066.0,
25269614,8038662.0,
4007054,202438.0,
9626382,3400079.0,
32312194,1211671.0,
32312194,15899045.0,
7709810,3006397.0,
30038935,359109.0,
23546779,42508.0,
1295202,41942.0,
2169313,5816.0,
47530,8685.0,Editor / Contributor
47530,22636.0,Editor
47530,215044.0,Contributor
47530,299277.0,Contributor
47530,1179800.0,Contributor
47530,596797.0,Contributor
47530,8687.0,Contributor
47530,718924.0,Contributor
47530,83405.0,Contributor
47530,299363.0,Contributor
47530,5816951.0,Contributor
47530,20331.0,Contributor
47530,87305.0,Contributor
47530,110249.0,Contributor
47530,3033685.0,Contributor
614738,17064.0,
30279525,4562483.0,
4885189,323656.0,
1007276,367043.0,
580898,33461.0,
17669067,3399559.0,
18283006,5200845.0,
573205,50040.0,
573205,50043.0,Drawings
573205,490602.0,Coloring
11334430,2884866.0,
13616087,5823115.0,
2120358,10896.0,
2120358,2743539.0,Narrator
15790906,9766.0,
18463661,15872.0,
22553542,7341024.0,
22553542,4617746.0,Visual Art
176277,10333.0,
23128750,3901024.0,
10999517,4752743.0,
22718724,5825979.0,
357,4.0,
6909045,2860745.0,
359,4.0,
34828626,6588482.0,
34828626,16364425.0,Illustrator
7420106,1305376.0,
15762152,5890982.0,
15783725,17064.0,
159816,92667.0,
159816,5140429.0,
7938254,3395248.0,
20752709,7307477.0,
8348904,613805.0,
9637446,75497.0,
12205549,10746.0,
12205549,169487.0,Narrator
220753,90090.0,
13500706,3363172.0,
110931,1077326.0,
110933,1077326.0,
35020380,6434877.0,
13648564,3381686.0,
10603241,345630.0,
10603241,7582.0,
28008158,71688.0,
20696013,6525929.0,
572522,17739.0,
12900491,48192.0,
10476501,3849415.0,
10476501,2580449.0,Narrator
6137154,1373880.0,
7766064,3387293.0,
23529245,336058.0,
12676614,4904826.0,
29806,1069006.0,
29806,13290.0,Illustrator
8700056,15872.0,
3649147,1330287.0,
25446343,324620.0,
1069345,33918.0,
627203,58017.0,
627204,184516.0,
10856736,17064.0,
34290,4260.0,
6614280,2961326.0,
6614280,67481.0,
20809112,7848979.0,
4717491,396931.0,
15818410,815.0,
15818410,221645.0,Translator
1001997,15873.0,
1001995,15873.0,
12926807,5287305.0,
12926807,2059176.0,
9464732,8347.0,
9464732,31321.0,
13496376,200317.0,
262431,153394.0,
262431,1357326.0,narrator
262430,153394.0,
15721980,346732.0,
15721980,220391.0,Illustrator
27015397,2300692.0,
197397,36501.0,
22401556,400367.0,
12953903,5294897.0,
12354691,3484883.0,
227409,4699102.0,Source
227409,4798562.0,Adapter
227409,1221698.0,"Introduction, Screenplay"
227409,168777.0,Screenplay
7303250,3226226.0,
50749,28550.0,
50748,28550.0,
50747,28550.0,
29742151,5458477.0,
49130,1077326.0,
49130,2927.0,Illustrator
6695157,11912.0,
6695157,171517.0,
12787553,2970308.0,
40290,589.0,
127663,19954.0,
7788758,3395248.0,
16146282,2503028.0,
12150,7717.0,
8205669,2384.0,
106131,6206.0,
13587105,5810276.0,
1359900,408864.0,
9571401,2060858.0,
13079147,4430.0,
17732017,2995873.0,
17732017,2964904.0,Narrator
4159015,16304.0,
29430673,3389.0,
232102,135829.0,
367,209.0,
365,4.0,
176534,11761.0,
5550882,133908.0,
77353,25.0,
77355,25.0,
13609042,3020553.0,
22820624,6540057.0,
22820624,6478373.0,Narrator
15733108,4458590.0,
18298890,119830.0,
7159016,1290625.0,
6583234,78305.0,
3276653,8661.0,
764640,9339.0,
764647,29535.0,
10512887,4658172.0,
11595593,79589.0,
15787204,4971535.0,
16280678,4414255.0,
1925821,20248.0,
11973377,5022765.0,
1189906,3618.0,
1950067,23894.0,
7804119,1330292.0,
6975601,81096.0,
21863903,4005010.0,Editor
21863903,14454.0,Contributor
21863903,6569623.0,Contributor
21863903,6863587.0,Contributor
21863903,31321.0,Contributor
21863903,78024.0,Contributor
21863903,5754196.0,Contributor
21863903,4175397.0,Contributor
21863903,3122955.0,Contributor
21863903,13557729.0,Contributor
24453338,9291.0,
23660629,4889668.0,
225142,19729.0,
27876137,1077326.0,
27876137,5446186.0,Narrator
13633699,4575326.0,
384565,3377941.0,
59919,874602.0,
59919,389991.0,Illustrator
25486064,13920382.0,
25486064,15651689.0,
7048787,15292.0,
2969684,1630.0,
6541058,2958986.0,
6541058,324055.0,Illustrator
3891951,276660.0,
27477114,71688.0,
25741001,14097535.0,
607445,24830.0,
607445,59749.0,Illustrator
22570785,276660.0,
228202,3389.0,
22037471,1077326.0,
149267,3389.0,
149267,133241.0,Illustrator
16124062,5780485.0,
17901077,17061.0,
17901077,2729427.0,Narrator
29496544,119888.0,
10530700,4661677.0,
6352652,8685.0,
6352652,8686.0,
18005280,145946.0,
18005280,3056384.0,Illustrator
8973441,2737333.0,
32311055,1136158.0,
16008471,2860219.0,
320700,6943.0,Editor
320700,9494.0,Contributor
320700,18879.0,Contributor
320700,455071.0,Contributor
320700,20435.0,Contributor
320700,19443.0,Contributor
320700,12339.0,Contributor
320700,20602.0,Contributor
320700,1221698.0,Contributor
320700,38689.0,Contributor
320700,314962.0,Contributor
320700,317159.0,Contributor
320700,33463.0,Contributor
320700,1945504.0,Contributor
320700,18253.0,Contributor
320700,60522.0,Contributor
320700,16291.0,Contributor
30036,16939.0,
2234034,1441.0,
515619,1654.0,
8133077,121825.0,
15982000,6517902.0,
12005736,128570.0,
8058301,10746.0,
377661,82937.0,
13160289,1365342.0,
23367270,5295120.0,
31366516,88685.0,
18222545,3267859.0,
2506250,1111511.0,
17790869,6554179.0,
26150650,3046613.0,
64251,36203.0,
85744,8202779.0,
11160341,3015664.0,
374855,346732.0,
13003088,2847542.0,
17454731,38550.0,
17454731,8435196.0,Narrator
21428915,5295294.0,
7740659,38550.0,
13646858,3267859.0,
29527038,8179024.0,
2647293,8164.0,
2647293,180439.0,Illustrator
13489872,5448112.0,
1437283,58.0,
5978613,2739688.0,
1362112,656983.0,
1362112,10269.0,Editor
1362112,1582.0,Editor
225092,72237.0,
225092,15122.0,Illustrator
225092,3937518.0,Illustrator
9693759,78111.0,
1045090,1069006.0,
1045090,25523.0,Illustrations
15831197,10518.0,
12394246,1441847.0,
3430119,156522.0,
9690444,4458590.0,
27991136,14713025.0,
29939390,4499623.0,
117693,1221698.0,
333356,128570.0,
333356,108173.0,
12389611,4831114.0,
12862611,1562974.0,
12862612,1562974.0,
12831376,150038.0,
12831376,5455612.0,Narrator
9329317,2924955.0,
12880428,7577.0,
15849699,346732.0,Editor
15849699,12052.0,Editor
15729751,415967.0,
227865,10896.0,
817196,8516.0,
17192124,63669.0,
17192124,5894935.0,Narrator
4836030,86508.0,
16078218,1221698.0,
16078218,10365.0,Illustrator
101672,88639.0,Adaptor
101672,9536.0,Adaptor
101672,88951.0,Adaptor
101672,1069006.0,Creator
157572,15292.0,
24103818,324620.0,
5962744,230226.0,
7060582,1857564.0,
12090218,346732.0,
12090218,579648.0,Narrator
20344702,2844043.0,
23127782,1141209.0,
12648636,90866.0,
6658685,79632.0,
83506,15016.0,
83506,220245.0,Afterword
100464,15873.0,
94666,51589.0,
94669,51589.0,
28633840,8835.0,
11387535,10896.0,
84158,48190.0,Contributor
84158,17064.0,Contributor
84158,4430.0,Contributor
84158,21665.0,Contributor
84151,4430.0,
84156,723801.0,Editor/Contributor
84156,4430.0,
84156,17061.0,
84156,10746.0,
84156,1356336.0,
84156,15292.0,
84156,17060.0,
84156,17063.0,
84156,33502.0,
84154,4430.0,
23200514,8546572.0,
20344877,1343790.0,
411199,20559.0,
9397685,456208.0,
436044,7577.0,
436044,4007550.0,Designed by
6940211,20560.0,
7951509,17060.0,
9369726,4372737.0,
9369720,2905297.0,
22236535,8247794.0,
9025022,190887.0,
9025022,3860423.0,Editor
9025022,3330007.0,Illustrator
22543639,1731936.0,
21541794,7045055.0,
6691056,445303.0,
7957117,71688.0,
7957117,1144378.0,Narrator
27429432,2973783.0,
6970490,456208.0,
39624,21665.0,
39623,21665.0,
7075298,79589.0,
28118494,2917917.0,
880062,330393.0,
8607205,50873.0,Creator
11072286,15292.0,
15774082,5021072.0,
28220852,7326743.0,
23848109,38550.0,
110744,2938140.0,
110744,2938141.0,
110744,716332.0,Introduction
110744,5790296.0,Illustrations
57972,10885.0,
7838980,3412307.0,
57977,10885.0,
57977,1630.0,Introduction
57977,189648.0,Illustrator
30199421,10811406.0,
30199421,10378770.0,
81078,36122.0,
14759816,38066.0,
7549828,2870843.0,
18183598,4874418.0,
18183598,2738900.0,Illustrations
8269725,4028407.0,
3691870,1569320.0,
108039,236.0,
27426221,2033695.0,
12119496,21748.0,
61958,26.0,
61959,26.0,
61953,26.0,
61950,26.0,
61957,26.0,
23291869,7359478.0,
23586994,669810.0,
363350,1036736.0,
876537,19651.0,
35720770,7778856.0,
198483,27500.0,
198487,27500.0,
7182421,18684.0,
6608663,48386.0,
6608663,4841825.0,
34625067,3211590.0,
17845725,5008815.0,
19140,11508.0,
8049140,27944.0,
35149,11735.0,
12510849,2195377.0,
1061252,1221698.0,
59,25.0,
58,24.0,
15750588,3117580.0,
11022672,4770274.0,
11022672,4770275.0,Illustrator
2979469,248431.0,
4436849,37048.0,
7501537,3295546.0,
34336498,38598.0,
35813,7779.0,
2330222,1046722.0,
20174424,2916869.0,
13646978,1077326.0,
13646978,123344.0,Narrator
16123975,165168.0,
25135842,8306428.0,
7747064,2995873.0,
6313707,329391.0,
6933152,580315.0,
24600268,7210511.0,
24600268,6550220.0,
18501670,7272146.0,
7961893,2778890.0,
9821781,8596.0,
3053342,9550.0,
3053342,93095.0,Artist
3053342,8621.0,Artist
3053342,4154297.0,Text
13536349,1654.0,
26209488,1549088.0,
26209488,3164289.0,Narrator
12080400,1005935.0,
10767985,324620.0,
885862,13663.0,
33783637,4116488.0,
11280,2687.0,
7871086,17015.0,
6260701,48190.0,
12971637,1797360.0,
6687860,1221698.0,
6687860,59749.0,Illustrator
2051840,153734.0,
20652253,7152490.0,
17883964,7742.0,
21017636,4475715.0,
3942622,17059.0,
16144329,58971.0,
4268272,1267027.0,
4268273,1267027.0,
397859,80984.0,
590128,13957.0,
31473152,6268.0,
805052,421350.0,
22308738,7074943.0,
22308738,6880847.0,Narrator
43763,7577.0,
619889,33461.0,
28593805,14671890.0,
28593805,7171978.0,
34745603,7127010.0,
10339851,3388865.0,
7719324,1599723.0,
8129662,410598.0,Editor
8129662,33919.0,Editor
8129662,4011131.0,Contributor 
8129662,2891665.0,Contributor
8129662,221253.0,Contributor
8129662,13557729.0,Contributor
8129662,4798562.0,Contributor
8129662,20295.0,Contributor
8129662,5399453.0,Contributor 
8129662,14623506.0,Contributor
11145835,4788613.0,
20551638,7768712.0,
10349697,3505204.0,
13928,8649.0,
13929,8649.0,
13927,8649.0,
13925,8649.0,
13922,8649.0,
13920,8646.0,
16170180,3305514.0,
37442,7025.0,
37442,6543253.0,Illustrator
21911707,20248.0,
386162,4.0,
13497199,71688.0,
16059370,5324198.0,
6644111,13026.0,
30900064,48192.0,
1756830,17064.0,
18716456,4558309.0,
490966,143699.0,
11256309,17015.0,co-author
11256309,17010.0,co-author
6612741,30819.0,
7493593,485271.0,
7493593,3292639.0,
7493593,4777916.0,Editor
165964,39302.0,
165964,10952.0,
165964,138207.0,Foreword by
28339299,8835824.0,
28339299,15186724.0,Translator
15894438,2936691.0,
7187728,1654.0,
22323659,374504.0,
22323658,6950740.0,
22323656,6950740.0,
1477274,880695.0,
1477274,821389.0,Illustrator
285205,40563.0,
285207,40563.0,
285206,40563.0,
285209,40563.0,
285208,40563.0,
20670382,7210024.0,
1550100,275125.0,
15779886,6453465.0,
81617,46540.0,
19307732,7150768.0,
473870,12991.0,
72625,4430.0,
72625,17064.0,
72625,2514.0,
72625,11858.0,
8590353,4121470.0,
553247,303833.0,
694997,47991.0,
552347,65471.0,
25261903,2905297.0,
31361,589.0,
7576115,1654.0,
1139389,559290.0,
4544390,74488.0,
6018598,1180263.0,
20996178,6889514.0,
33540347,35022.0,
33540347,377312.0,Artist
23343135,7060225.0,
92377,1221698.0,Editor
92377,5621921.0,Editor
92377,122629.0,
92377,43734.0,
92377,205075.0,
92377,645128.0,
92377,10333.0,
92377,39852.0,
92377,76471.0,
92377,4798562.0,
92377,52181.0,
92377,6587.0,
92377,157655.0,
92377,62156.0,
92377,130014.0,
92377,24.0,
92377,48397.0,
92377,23069.0,
92377,27704.0,
92377,8842.0,
92377,779.0,Preface
92377,43292.0,Afterword
26727264,5609118.0,
26727264,21762.0,
7091713,15292.0,
7091713,1222197.0,Narrator
24215135,8152069.0,
24215135,15160361.0,Narrator
6364017,81096.0,
43907,8588.0,
43907,8591.0,
43908,8588.0,
3345417,36521.0,
9583247,585244.0,
10134778,62877.0,
293363,65735.0,
293363,18015.0,Creator
25170253,6880615.0,
10839204,4731557.0,
17946241,5829989.0,
418173,53255.0,
8710747,347385.0,
15804084,5390719.0,
10789138,1868743.0,
88770,10900.0,
88770,41868.0,
26067167,4292165.0,
375980,214334.0,
375980,6603.0,Illustrator
375985,6604.0,
375985,6603.0,
22906853,38550.0,
6052502,9550.0,
6052502,93095.0,Illustrator
6052502,4154297.0,Text
24016773,10799032.0,
18342060,10333.0,
22544135,4684322.0,
22544135,3124176.0,Narrator
1052311,33262.0,
30322601,93726.0,
14463,8988.0,
14461,8988.0,
513260,8659.0,
513267,8659.0,
513269,8659.0,
16613978,1440203.0,
741951,10763.0,
12115192,5034167.0,
29092951,49177.0,
29092951,1157440.0,
29092951,65333.0,Illustrations
27259205,7344245.0,Editor and Author
27259205,6449478.0,
27259205,7184882.0,
27259205,28224.0,
27259205,199737.0,
27259205,7543536.0,
27259205,13543314.0,
27259205,7922481.0,
27259205,7954733.0,
27259205,6979556.0,
27259205,4121443.0,
27259205,133460.0,
27259205,674828.0,Contributor
27259205,5444500.0,
8660582,806500.0,
25674742,7849640.0,
3143259,74488.0,
1037476,10366.0,
9780099,9206.0,
11422644,3020684.0,
14592730,4872191.0,
539519,4708573.0,
116434,8924.0,
25523025,13967180.0,
29556849,1330292.0,
29556849,1004238.0,Narrator
18490638,57461.0,
760984,1221698.0,
760984,10365.0,Illustrator
17936156,7095642.0,
1211904,125984.0,
12421152,1221698.0,"Author, Narrator"
3124249,7025.0,
3124249,6543253.0,Illustrator
533609,1654.0,
17658001,6986.0,
17658001,4896401.0,Illustrator
89128,51170.0,
89128,818916.0,
89128,3886304.0,Illustrator
89128,4676237.0,
10913887,5307635.0,
23849652,7144440.0,
13272633,2891665.0,
13272633,184638.0,Art and Adaptation
13272633,4956542.0,Art and Adaptation
241798,4.0,
12253483,4866520.0,
17693680,21911.0,
141024,46138.0,Editor
141024,46137.0,Editor
141024,13218.0,Contributor
141024,329320.0,Contributor
141024,490342.0,Contributor
141024,207823.0,Contributor
141024,36175.0,Contributor
141024,4584067.0,Contributor
141024,1221698.0,Contributor
141024,4584068.0,Contributor
141024,33502.0,Contributor
141024,142717.0,Contributor
141024,1182450.0,Contributor
141024,5989.0,Contributor
141024,25.0,Contributor
141024,205075.0,Contributor
141024,8185168.0,Contributor
141024,27075.0,Contributor
141024,21158.0,Contributor
141024,8694.0,Contributor
141024,147966.0,Contributor
141024,8125999.0,Contributor
141024,194172.0,Contributor
23848002,4430.0,
23848004,12676.0,
13412018,5445209.0,
12768147,324620.0,
6976916,7581.0,
2642445,823146.0,
4497980,27140.0,
2436899,53249.0,
5088467,15292.0,
75013,42540.0,
12432220,3267859.0,
29414614,1238111.0,
117902,58.0,
198581,26878.0,
24965436,2895706.0,
24965436,2895707.0,
21867533,5332306.0,
9333606,4089873.0,
10222479,345630.0,
10222479,7582.0,
34017058,8326636.0,
776283,1630.0,
499269,5989.0,
499269,68042.0,Illustrator
18929850,38550.0,
30078649,4684322.0,
30078649,16115382.0,Illustrator
25877522,7176787.0,
7989160,76360.0,
12770150,5121644.0,
18040401,7103731.0,
18691781,1221698.0,
18892,4841825.0,
18892,34850.0,
24120519,3046613.0,
11979189,40563.0,
16128147,338705.0,
18757037,7036415.0,
25985840,25307.0,
15803278,2995873.0,
15803278,835348.0,
15803278,405199.0,
18527509,1330292.0,
25696247,8427404.0,
6783137,344067.0,
1226318,20248.0,
1226315,20248.0,
1226316,20248.0,
1226317,20248.0,
16059433,644349.0,
13617581,4979194.0,
279588,5369.0,
279588,162703.0,
279583,5369.0,
1335019,9494.0,
1335019,11210.0,Illustrator
1335019,6943.0,Editor
725944,6986.0,
725944,2804058.0,Illustrator
793296,415934.0,
793297,415934.0,
793299,101078.0,
28366638,14808943.0,
209645,122735.0,
27798925,13754069.0,
1010890,12948.0,
12759,1954.0,
12759,159559.0,
12096557,415967.0,
1813172,142758.0,
1813172,142759.0,Illustrator
6963749,3111339.0,
23454,869.0,
23454,868.0,
2899121,146374.0,
2899121,660076.0,Illustrator
33980909,14002.0,
8543252,767547.0,
23281919,8016035.0,
142023,70853.0,
965878,874602.0,
36218512,14072132.0,
1006821,3618.0,
1006821,478703.0,illustrator
94813,6268.0,
1020767,175006.0,
818431,9629.0,
16045120,5805455.0,
20299849,7390210.0,
5266279,132091.0,
5981076,102987.0,
23911680,4414232.0,
662641,14219.0,
13548142,7031278.0,
13548142,6256.0,
469964,41542.0,
8181181,137902.0,
13793239,4764.0,
13793239,2962677.0,Introduction
22668771,7798544.0,
76659,8516.0,
76658,8516.0,
8131377,169377.0,
26014376,7734428.0,
766869,4624490.0,
766869,231699.0,
386029,8164.0,
386029,180439.0,Illustrator
386029,13867.0,Editor
18079730,20248.0,
6441527,337831.0,
6441528,337831.0,
826078,17061.0,
15534,8516.0,
3054684,1192311.0,
10552287,2614.0,
10552287,11858.0,
10552287,46540.0,
10552287,1958136.0,
13533650,5331983.0,
14061957,4575289.0,
47994,1654.0,
47990,1654.0,
47998,1654.0,
15781364,6453983.0,
872761,374504.0,
13029036,5321218.0,
10086357,363130.0,
18517164,346732.0,
6290270,2858537.0,
11732479,324620.0,
11732479,2899437.0,Narrator
18777760,6580373.0,
33552474,15118466.0,
1303749,1077326.0,
20706293,324620.0,
12541330,445303.0,
9622268,913887.0,
9622268,4428788.0,Illustrator
1582996,150038.0,
7307503,71688.0,
7307504,71688.0,
2744959,2748537.0,
62552,20561.0,
15797023,4452502.0,
43808,24648.0,
43808,7577.0,Original Story
43808,15087.0,Illustrator
43808,7457611.0,Illustrator
4569906,947.0,
4569906,299961.0,Editor
31145057,1638953.0,
25387906,36276.0,
24838415,2891665.0,
9791714,33918.0,
7823635,767547.0,
9815922,34410.0,
76079,4594585.0,
12160940,100764.0,
12160942,2860745.0,
12208526,3441.0,
10965391,3165706.0,
22887640,38550.0,
760263,1141209.0,
181431,33461.0,
71643,1077326.0,
71643,2927.0,Illustrator
33517532,27704.0,
225691,34872.0,
9261978,3100027.0,
9564472,8523.0,
201546,18454.0,
201547,18454.0,
201548,18454.0,
25136271,8152069.0,
15808630,6483413.0,
15808639,28550.0,
18143891,172152.0,
25493853,13922215.0,
831329,1023510.0,
12614410,2995873.0,
18046019,7123774.0,
7775569,18967.0,
7775569,104179.0,
29509599,4900972.0,
29509599,6543639.0,
6362785,1418697.0,
613991,11586.0,
13085374,4116488.0,
11273438,58.0,
348660,2614.0,
224536,9766.0,
224534,9766.0,
13634646,5829689.0,
449261,4338.0,
15989598,739875.0,
7787487,1239645.0,Editor
7787487,1330292.0,
7787487,2876763.0,
7787487,415967.0,
7787487,2916205.0,
7787487,119848.0,
7787487,93220.0,
7787487,1443712.0,
7787487,30036.0,
7787487,519824.0,
7787487,836009.0,
7787487,38531.0,
7787487,2232265.0,
7787487,823146.0,
6382055,346732.0,
13488364,5352392.0,
22819674,6558842.0,
13383130,3486415.0,
440223,10087.0,
440223,3050603.0,Illustrator
1297352,42530.0,
1961402,26878.0,
816203,76423.0,
520448,127492.0,
22062259,3074905.0,
22328559,8266180.0,
22328558,7074943.0,
6013342,15292.0,
2133969,15872.0,
6647778,61958.0,
13642501,64085.0,
20871334,3330668.0,
876013,8649.0,
10324808,17015.0,
10324808,17010.0,
7841490,38951.0,
35457273,48206.0,
16092634,8605.0,
15845605,4888434.0,
13543159,17061.0,Editor
13543159,81016.0,Editor
13543159,21748.0,
13543159,72451.0,
13543159,406326.0,
13543159,35022.0,
13543159,202867.0,
13543159,27209.0,
13543159,234115.0,
13543159,146628.0,
13543159,27206.0,
13543159,27140.0,
13543159,7177350.0,
6769025,1332605.0,
6748062,80808.0,
18266064,8454.0,adapter
18266064,346732.0,
18266064,8455.0,Artist
18266062,2894399.0,
18266060,8454.0,Adapter
18266060,346732.0,
18266060,8455.0,Artist
7869757,4430.0,
7869757,2987414.0,Illustrator
21890414,7125700.0,
8926959,38066.0,
18211295,8794.0,
34725837,16189297.0,
11691084,4356316.0,
771204,406026.0,Editor
771204,128466.0,
771204,23001.0,
771204,3243461.0,
771204,8726.0,
771204,246684.0,
771204,28525.0,
771204,14403.0,
771204,159.0,
771204,7802906.0,
771204,4624490.0,
771204,12540.0,
771204,44806.0,
771204,88014.0,
771204,3524.0,
771204,4798562.0,
771204,56162.0,
771204,327493.0,
771204,3389.0,
771204,9494.0,
771204,13388.0,
771204,1630.0,
771204,7799.0,
771204,57720.0,
771204,1141781.0,
771204,66700.0,
771204,57739.0,
16074780,150038.0,
16163983,1405152.0,
15746217,10896.0,
9540084,15873.0,
9302745,4845.0,
2,1077326.0,
2,2927.0,Illustrator
12268194,4181397.0,
12268194,5102264.0,
30282611,1136158.0,
30282611,554339.0,Narrator
189288,16961.0,
17290261,57462.0,
17290261,440271.0,Illustrations
7669259,19564.0,
12106940,17061.0,
2022976,1221698.0,
9960624,3780.0,
9960624,2697291.0,
12249184,5041905.0,
25157628,5047249.0,
18187275,6950698.0,
2301796,48206.0,
2301796,564470.0,Narrator
235718,137902.0,
6569211,40881.0,
9720768,200317.0,
9720766,51118.0,
231183,37060.0,
9553503,3465557.0,
6766315,108424.0,
6766315,2803557.0,Narrator
34859095,9792476.0,
15801288,2876763.0,
7908762,28544.0,
13168217,2789878.0,
13168217,4682198.0,Illustrations
10459837,3849415.0,
11703437,4698899.0,
25361849,27209.0,
15808414,28946.0,
15808414,1310149.0,
6705489,22716.0,
6705489,2762793.0,Illustrator
309480,30654.0,
15810153,200292.0,Editor
15810153,750358.0,Editor
15810153,6579126.0,
15810153,1003655.0,
15810153,234088.0,
15810153,81017.0,
15810153,162927.0,
15810153,250784.0,
15810153,48397.0,
15810153,4802423.0,
15810153,354970.0,
15810153,1000381.0,
15810152,38531.0,
22838892,8421671.0,
28815195,2966042.0,
10095750,8695.0,
7964129,2860745.0,
3359098,7779.0,
23882997,4005010.0,Editor
23882997,6863587.0,Contributor
23882997,6563092.0,Contributor
23882997,13557729.0,Contributor
23882997,4037364.0,Contributor
23882997,4417562.0,Contributor
23882997,5553854.0,Contributor
23882997,73419.0,Contributor
23882997,51204.0,Contributor
23882997,6476065.0,Contributor
23882997,2917920.0,Contributor
25252994,830098.0,
4703427,31232.0,
302641,61659.0,
2041545,8588.0,
18808068,2115689.0,
10570236,20248.0,
15784247,6455086.0,
8600441,8988.0,
8114647,3023658.0,
153008,9237.0,
153007,9237.0,
2941259,17729.0,
7005865,10896.0,
19821,25.0,
19823,25.0,
19822,25.0,
2819137,1221698.0,
2819137,44524.0,Illustrator
13074999,4417841.0,
15940309,5303332.0,
18273594,7176787.0,
6493405,441453.0,
2973754,8596.0,
676905,168090.0,
333946,191456.0,
333947,191456.0,
333942,191456.0,
853629,696805.0,
853629,913247.0,Translator
16113693,1654.0,
16113693,20295.0,
7969594,38550.0,
208740,81698.0,
7839201,3681.0,
7839201,7761079.0,Narrator
7839201,2096447.0,Narrator
6729268,17015.0,
228990,12980.0,
228992,12980.0,
9848515,3395431.0,
70988,7577.0,
70985,6988.0,
70985,2868705.0,Editor
15818566,1654.0,
9817672,566874.0,
9817672,2738857.0,
21826050,6904400.0,
239248,3995.0,
23747202,7857387.0,
33835,1276004.0,
13536272,1654.0,
284138,78303.0,
284139,78303.0,
7832174,329391.0,
5081991,13143.0,
5081991,201504.0,
5081991,1732212.0,Illustrator
189358,7742.0,
189359,7742.0,
189357,7742.0,
18191619,7086401.0,
13099180,26.0,
13099180,1948907.0,
44659,8732.0,
8688066,150038.0,
458322,6259.0,
12165008,3290920.0,
16090769,2995873.0,
10273623,58654.0,
13547099,137553.0,
13134437,5341919.0,
16145444,780120.0,
16145444,2858595.0,Narrator
13536811,1654.0,
13536811,1169504.0,Introduction
15755349,6443456.0,
6239025,17059.0,
11283775,4831114.0,
13549218,2915782.0,
25529318,3995.0,
463593,28083.0,
22774988,6441917.0,
13537640,165168.0,
24914112,26897.0,
24914112,2937325.0,Narrator
23587635,7906727.0,
23587637,7906727.0,
3233802,26878.0,
2042248,52050.0,
17342750,2995873.0,
20893537,19475.0,
450449,19552.0,
13507498,22369.0,
13520061,28544.0,
30714873,15900194.0,
11006334,71688.0,
24402674,580315.0,
36386546,15395348.0,
12000103,272814.0,
20911450,817907.0,
17457068,9355.0,
23430471,4637369.0,
10573557,2184228.0,
3437309,1445909.0,
9669765,4097558.0,
3638,2495.0,
3638,47782.0,Illustrator
581720,27500.0,
6308141,267687.0,
308452,2594.0,
97090,7935185.0,
97090,55825.0,Illustrator
22908923,4476934.0,
10409524,4631640.0,
11213139,4814169.0,
60824,589.0,
15592516,6397335.0,
15592516,6397361.0,
360274,8591.0,
25981433,4750529.0,
13361336,580315.0,
31450908,2860219.0,
25746696,543080.0,
26514517,415967.0,
1928597,206960.0,
1928597,239385.0,
8713020,15016.0,
11671686,4934832.0,
11671686,4934833.0,Illustrator
18713527,7278507.0,
12680998,2699594.0,
12680993,164187.0,
12988074,345572.0,
1624920,8988.0,
11984884,5009433.0,
2918324,52050.0,
454600,23894.0,
30335482,7979840.0,
83346,8164.0,
83346,180439.0,Illustrator
83346,220245.0,Afterword
83345,8164.0,
83345,180439.0,Illustrator
83345,220245.0,Afterword
2039283,165168.0,
2039283,2161876.0,Illustrations
23735633,321303.0,
363777,26897.0,
12332845,413783.0,
24934,7025.0,
24934,10664.0,Illustrator
24930,7025.0,
24930,605373.0,Illustrator
8723736,1077326.0,
6237480,87306.0,
15750692,5898355.0,
6609769,75334.0,
22609306,4088550.0,
22609309,2103666.0,
13555538,4863270.0,
8756402,180392.0,
8756402,55869.0,Illustrator
13390709,5437013.0,
22019756,5804086.0,
5980975,38550.0,
53812,566.0,
53812,169609.0,Translator
53812,215818.0,Translator
32826931,4684322.0,
8041853,45315.0,
8041853,44554.0,Narrator
8041853,3283712.0,Narrator
8041853,4498764.0,Narrator
18334401,1221698.0,
17060640,5181752.0,
6970656,20248.0,
20791887,111012.0,
47212,10746.0,
9653734,3143458.0,
19276094,36276.0,
23158400,8525827.0,
3170225,87306.0,
25861100,941441.0,
24998915,46138.0,Editor
24998915,4798562.0,Contributor
24998915,6941.0,Contributor
24998915,3912.0,Contributor
24998915,18879.0,Contributor
24998915,5258016.0,Contributor
24998915,19305.0,Contributor
24998915,2966042.0,Contributor
24998915,765702.0,Contributor
24998915,215044.0,Contributor
24998915,142717.0,Contributor
24998915,12052.0,Contributor
24998915,3008545.0,Contributor
24998915,167606.0,Contributor
24998915,96300.0,Contributor
24998915,1227240.0,Contributor
24998915,22993.0,Contributor
24998915,207729.0,Contributor
24998915,4451294.0,Contributor
24998915,490342.0,Contributor
24998915,91717.0,Contributor
24998915,7083555.0,Contributor
1110282,625.0,
909351,2745.0,
37188,13663.0,
37188,121656.0,Illustrator
1133398,202312.0,
3942410,25422.0,
214573,1077326.0,
214573,123344.0,Narrator
2139956,11663.0,
13022711,17015.0,co-author
13022711,17010.0,co-author
1541884,7581.0,
6503161,17059.0,
13456081,4493935.0,
9409362,1441644.0,
1702668,97228.0,
1702668,17059.0,
8063032,15872.0,
7831744,170520.0,Pseudonym
7831744,28550.0,
6261522,2755160.0,
244887,143178.0,
244887,18882.0,Editor
2348318,42508.0,
281954,5329.0,
588670,5816.0,
614712,33876.0,
16045037,3486415.0,
5098079,20248.0,
184324,6268.0,
32971135,746724.0,Editor 
32971135,191475.0,
32971135,505695.0,
32971135,3413873.0,
32971135,784178.0,
32971135,753637.0,Illustrator
32971135,45687.0,Illustrator
32971135,589146.0,Illustrator
32971135,2789848.0,Illustrator
32971135,343553.0,Illustrator
32971135,4821221.0,Illustrator
32971135,14158211.0,Illustrator
1022658,10333.0,
1022657,41542.0,
23399295,99650.0,
25403108,38550.0,
25403108,14825062.0,Illustrator
21839074,7062570.0,
32177462,15855053.0,
31297816,4013896.0,
20868595,4430.0,
6048518,852078.0,
490358,12949.0,
490358,3524830.0,
541934,16391.0,
541931,66700.0,
541931,3305.0,
541931,4947.0,
17912981,336058.0,
22068123,106.0,
22068123,708623.0,Narrator
1416852,276615.0,
341272,880695.0,
341272,3472.0,Introduction
341272,5809539.0,Annotations
341272,68764.0,Editor
25175902,13672675.0,
17888587,2168689.0,
13110891,4719838.0,
13110891,5351025.0,Illustrator
414895,3400721.0,
414895,954360.0,Translator
12752963,4717601.0,
297866,28550.0,
7747263,21911.0,
6400940,14199.0,
2158376,589.0,
2158376,122652.0,
359410,40593.0,
140079,17061.0,
140075,17061.0,
140077,17061.0,
26699591,1221698.0,
273501,41942.0,
16101156,10739.0,
16101156,163934.0,Illustrations
10407279,17061.0,
11311,7308.0,
11311,571819.0,Illustrator
22878281,8340223.0,
485165,270939.0,
485165,748030.0,
485165,6327.0,
22839894,3433047.0,
20701975,5186274.0,
6404538,498072.0,
23592175,119830.0,
17334538,4372737.0,
13486992,4558016.0,
9314339,40563.0,
30840877,6538289.0,
15813209,1030664.0,
21984238,917335.0,
20648608,3486225.0,
15826602,215907.0,
8114745,97045.0,
6147527,6268.0,
6147527,5205412.0,Narrator
13275818,1000381.0,
6801582,2096360.0,
9474052,137386.0,
12668959,5219114.0,
764704,11859.0,
10644437,3140086.0,
29056083,5042201.0,Adaptation
29056083,3439408.0,
29056083,1077326.0,
11279771,4105707.0,
201889,874602.0,
160859,15091.0,
160859,3231.0,Contributor
15705687,6422993.0,
155459,41942.0,
15838236,22602.0,
367336,87305.0,
367334,87305.0,
367335,87305.0,
15750610,276660.0,
386368,1654.0,
6375914,811.0,
9833170,7710.0,
13558188,5108648.0,
13558184,5449630.0,
250317,6459715.0,
250317,40237.0,
6411554,86346.0,
29082575,92441.0,
29082575,162943.0,Translation
2362764,1077326.0,
263731,64216.0,
5111147,201369.0,
6735147,184987.0,
16240543,45315.0,
31865973,3433047.0,
25305054,7054485.0,
27366528,2860219.0,
17125973,14269.0,
1222807,24830.0,
1222807,59749.0,Illustrator
1222808,24830.0,
1222808,59749.0,
1222809,24830.0,
1222809,59749.0,
22859559,207080.0,
10710406,3408349.0,
10710406,131208.0,
9221793,125308.0,
107390,4432.0,
11799797,79589.0,
2933268,4653775.0,
8266924,40563.0,
11060998,46138.0,Editor
11060998,58971.0,
11060998,8694.0,
11060998,167606.0,
11060998,338705.0,
11060998,2844043.0,
11060998,40383.0,
11060998,126765.0,
11060998,65171.0,
11060998,96300.0,
11060998,5328601.0,
11060998,3912.0,
11060998,20435.0,
11060998,1088740.0,
11060998,4446653.0,
11060998,18841.0,
11060998,518983.0,
11060998,5328602.0,
11060998,7083555.0,
11060998,5132157.0,
452318,3389.0,
452318,7430.0,Illustrations
18398797,7581.0,
20648060,4340243.0,
24409126,400678.0,
24409126,14258048.0,Illustrator
24409126,757219.0,Translator
20821111,4342215.0,
488447,272813.0,
17253972,6894289.0,
1145177,28946.0,
1145177,1310149.0,
25171645,7235297.0,
23281892,36276.0,
28669109,946017.0,
9797582,137902.0,
15942615,421434.0,
27013558,7561804.0,
27013558,5770753.0,
27013558,14468984.0,Illustrator
2580579,41874.0,
17404695,6893006.0,
20312462,8184486.0,
20312461,945430.0,
215539,74046.0,
28000518,8445150.0,
18624197,1126499.0,
18212439,1221698.0,
361121,4841825.0,
361121,48386.0,
361120,4841825.0,
332626,141587.0,
18107951,17061.0,
20613479,99117.0,
1124833,9615.0,
7575231,15872.0,
21920688,1221698.0,
21920688,11306.0,Narrator
23000230,96017.0,
8538030,27500.0,
8538030,4106856.0,Illustrator
25488996,498072.0,Editor
12973281,125308.0,
269713,2413.0,
269713,244754.0,Illustrator
1032913,34878.0,
659399,354307.0,
659399,349971.0,Translator
16136599,17015.0,
16136599,17010.0,
23182764,5066179.0,
3350218,17126.0,
3350218,571819.0,Illustrator
3350218,5766244.0,
7006095,34049.0,
17159944,71688.0,
19179,4699102.0,
19179,8994.0,Translator
23131075,1221698.0,Story
23131075,12537.0,
23131075,6547885.0,
3485562,38550.0,
21944884,1304470.0,
13459107,9753.0,
13260739,19564.0,
1146613,157663.0,
1146613,551119.0,Narrator
17879285,6975382.0,
22749748,8393969.0,
1568376,8649.0,
17264589,6897702.0,
17264584,6897702.0,
17938354,4485813.0,
6965068,16625.0,
24766,13957.0,
9663371,128570.0,
9663371,108173.0,
13594414,4389526.0,
24393777,38550.0,
24393777,7711592.0,Narrator
2882,1977.0,
2881,1977.0,
6456016,2924930.0,
17560872,6472261.0,
123512,8661.0,
757479,1141781.0,
159339,7577.0,
15857253,4389465.0,
10215337,87306.0,
11387458,165105.0,
12628635,4579328.0,
257333,8661.0,
257333,8659.0,
257333,8660.0,
26025681,5369.0,
7247856,4611069.0,
18335700,656983.0,
22237392,8271002.0,
6473157,26.0,
6473157,11906.0,
1861938,33918.0,
18274861,363130.0,
1105380,3995.0,
1105380,3142052.0,Illustrations
16652754,760392.0,
16692299,6761251.0,
29400945,15014769.0,
47570,4260.0,
47571,4260.0,
47572,4260.0,
20727654,7801879.0,
20727653,6535367.0,
15835861,6472599.0,
12813938,5257898.0,
12813938,69836.0,Real Name
3777732,150038.0,
7815689,30819.0,
11041547,346732.0,
11313669,3023434.0,
40160,1112988.0,Editor
37685,1069006.0,
37685,25523.0,Illustrator
37684,94838.0,Adapted by
37684,1069006.0,
37684,524634.0,Illustrator
37686,1069006.0,
37686,25523.0,Illustrator
15790940,27528.0,
7670800,221253.0,
11916,7581.0,
11919,7581.0,
11918,7581.0,
12368199,4558309.0,
7533903,1048167.0,
110688,8732.0,
110688,11358.0,
110689,8732.0,
6348045,34049.0,
24611587,5288442.0,Editor and Contributor
24611587,5626138.0,Contributor
24611587,4086715.0,Contributor
24611587,4735144.0,Contributor
24611587,72451.0,Contributor
24611587,1443712.0,Contributor
24611587,2741432.0,Contributor
24611587,4575289.0,Contributor
24611587,5186274.0,Contributor
24611587,4342215.0,Contributor
24611587,7305254.0,Contributor
24611587,5108399.0,Contributor
24611587,5404521.0,Contributor
24611587,5351847.0,Contributor
195672,3502.0,
13260196,121825.0,
13640928,5448154.0,
17304097,6563633.0,
561456,15872.0,
17934795,19391.0,
248377,145129.0,
248375,145129.0,
248378,145129.0,
18683883,4035156.0,
11340586,175855.0,
17939545,3433047.0,
12035966,5041072.0,
2643052,5255014.0,
2643052,69163.0,Illustrations
24303,10105.0,
17214409,4245438.0,
249747,10896.0,
13572812,12091.0,
22892,3502.0,
16127190,1654.0,
16127190,10336.0,
16127190,19441.0,
17707672,8685.0,
26207,771.0,
22886868,1654.0,
29546138,13734301.0,
7818890,4195533.0,
615203,1077326.0,
615204,1077326.0,
615207,1077326.0,
9413044,4384465.0,
32370233,4600197.0,
20980648,2891665.0,
6539105,7581.0,
2324902,153732.0,
2324902,1411091.0,Translator
861388,1077326.0,
7222152,102987.0,
89626,2998.0,
22929563,8446650.0,
254450,2938140.0,
254450,2938141.0,
6400712,20248.0,
6400712,2870757.0,Narrator
13564272,4951964.0,
7851761,374429.0,
22162129,8660.0,
492069,128570.0,
18387423,7091467.0,
1387600,1069006.0,
7320740,132091.0,
985594,178734.0,
6614242,74488.0,
798518,347316.0,
29118,869.0,
29118,868.0,
29119,869.0,
29119,868.0,
7091314,180392.0,
7091314,55869.0,Illustrator
6671653,23138.0,
3423435,16094.0,
787282,10885.0,
7763145,22528.0,
29637408,3145809.0,
3928253,24978.0,
18104927,200208.0,
297929,8695.0,
8546768,17739.0,
8546763,10359.0,
2120932,15872.0,
359375,32637.0,
359375,56968.0,Translator
13611183,5769305.0,
8992,5816.0,
296524,65783.0,
519655,23.0,
519655,4708.0,
519655,2614.0,
519655,11853.0,
2549937,202312.0,
23512999,3389.0,
20518813,3312940.0,
20949514,1188608.0,
13500203,346732.0,
13500203,579648.0,Narrator
27815700,7171978.0,
27815700,14671890.0,
16101030,385966.0,
18716399,4684322.0,
8404519,34049.0,
26061581,88685.0,
50787,28550.0,
50787,28569.0,
50787,28570.0,
50785,28550.0,
50781,11859.0,
250457,146374.0,
13606393,5138153.0,
231784,696805.0,
231784,11078.0,Foreward
73574,41661.0,
73574,1221698.0,Foreword
73574,1582.0,Introduction
7237556,48206.0,
10897866,4666971.0,
7038489,8730.0,
66902,13608.0,
907630,8715.0,
17944649,4446076.0,
3326897,50873.0,
3326895,6988.0,
3326895,43322.0,Contributor
3326895,1221698.0,Introduction
6750586,2761947.0,
3462639,445303.0,
29974352,7771866.0,
6470498,4763.0,
25882558,76360.0,
7694627,35010.0,
7797380,1718040.0,
7797384,9550.0,
12699042,3618.0,
15733144,5406182.0,
20899178,7881896.0,
493491,83085.0,
1480078,15873.0,
23399911,7343261.0,
15812779,81017.0,
29953886,28946.0,
29953886,1310149.0,
24737347,8347.0,
27405594,6421258.0,
92637,656983.0,
92637,9498.0,Editor
92637,9497.0,Editor
17707769,7025914.0,
33137867,15179230.0,
2797251,1219247.0,
32446959,6520834.0,
12603698,5070344.0,
2946948,136127.0,
28100273,942248.0,
24486629,1221698.0,
9515638,1550534.0,
12135215,4893411.0,
9861743,104925.0,
9861743,1346213.0,
8442016,7015519.0,Pseudonym
8442016,664468.0,
6468337,8349.0,
15852849,3064305.0,
13108754,4167378.0,
2572997,131208.0,
18061954,17061.0,
35820508,3420702.0,
3754016,1370283.0,
20762226,4521954.0,
8364977,184987.0,
7827387,121825.0,
33099588,7106859.0,
33099585,15045277.0,
33099584,96300.0,
33099586,7106859.0,
650883,65391.0,
18072523,4452712.0,
25105321,5753883.0,
25105321,4611597.0,
12425703,38550.0,
12425703,1298226.0,Narrator
12129021,4893411.0,
3128414,137902.0,
30531880,1221698.0,
5505328,1015012.0,
22570746,1654.0,
15742678,114283.0,
1348886,66700.0,
16153997,2094451.0,
16153997,3345395.0,
16153997,6581513.0,Illustrator
8008715,3155347.0,
833499,1654.0,
202029,105839.0,
833496,1654.0,
833496,1221698.0,
13516097,3100200.0,
15753910,6442922.0,
20252,56.0,
20252,4845.0,
17369403,71688.0,
22706570,4280.0,
553250,303838.0,
26030697,7177350.0,
17566969,234115.0,
3174695,588356.0,
838638,656983.0,
838638,70032.0,Illustrator
15728681,3219496.0,
30037781,8635086.0,
7701720,355223.0,
6790045,40563.0,
6790045,334840.0,Narrator
126348,2585828.0,
31076583,3433047.0,
367638,3389.0,
20945093,5780686.0,
20945093,2917920.0,Translator
20945093,2978188.0,Narrator
409207,346732.0,
64216,1654.0,
64218,1654.0,
64219,1654.0,
18241263,1356979.0,
9477931,2973783.0,
13627371,90866.0,
823660,4.0,
16235119,18880.0,
21840448,133838.0,
13432327,1330292.0,
569109,311365.0,
569109,1411091.0,Translator
12695591,3002543.0,
30652334,14097765.0,
17860841,125308.0,
25051392,6469681.0,
817829,66700.0,
817829,2401.0,Illustrator
20561819,7771316.0,
9329,6108.0,
9326,4698899.0,
9326,1945379.0,Translator
9325,4698899.0,
9325,1945379.0,Translator
28553,26.0,
11512595,137902.0,
2261459,848968.0,
8930976,3380908.0,
6564075,1428675.0,
17320105,1405152.0,
306426,4327517.0,
22522080,74488.0,
18210707,20248.0,
21422053,7212406.0,
28954200,6423161.0,
2388730,179712.0,
9896522,37613.0,
9896523,37613.0,
9896523,1014364.0,Narrator
11754793,56.0,
11754793,4845.0,
12893536,5140626.0,
6609848,2984032.0,
6609848,337207.0,Illustrator
6567284,4430.0,
22922375,3080608.0,
7124925,27498.0,
7124921,27498.0,
22847838,4888434.0,
897717,175282.0,
17697186,1330292.0,
17697186,1004238.0,Narrator
13572358,5301256.0,
7084062,566874.0,
7084062,717304.0,Narrator
679465,290125.0,
330746,12948.0,
22550717,8328543.0,
9207753,4322279.0,
9207753,2866171.0,
17987501,639491.0,
6979584,692437.0,
475151,4260.0,
16121637,6569644.0,
77685,656983.0,
77684,656983.0,
17900113,6092607.0,
16049275,6541366.0,
11477714,3297526.0,
3342493,27498.0,
32198259,17078580.0,Pseudonym
32198259,7431.0,Illustrator
32198259,3389.0,
76852,8842.0,
76852,43668.0,Illustrator
32862986,8546572.0,
791872,5158478.0,
791872,365385.0,Editor
791872,15743202.0,Illustrator
1294946,172130.0,
40995,23069.0,
1777231,6981617.0,
34329687,26897.0,
34329687,2937325.0,narrator
656939,18454.0,
33313201,15553009.0,
13477921,42550.0,
18519239,6849375.0,
563315,10885.0,
563315,5657.0,Introduction by
563310,94868.0,
14922794,6180865.0,
7669945,23894.0,
6255895,1445909.0,
23822620,7329194.0,
1214422,25307.0,
31945438,13843055.0,
109986,63669.0,
18779659,41032.0,
3457753,95132.0,
3457753,471627.0,
294140,93434.0,
13547741,150038.0,
13547741,6896577.0,Narrator
18656310,7742.0,
12746667,2961327.0,
7135014,1651952.0,
1140906,7717.0,
12077553,4430.0,
22369377,6252.0,
509283,9550.0,
509284,9550.0,
18760997,7880259.0,
42432,58.0,
6402,4333.0,
6401,4333.0,
6401,4335.0,
6406,4333.0,
24998247,5661809.0,
6404,4333.0,
8705465,27704.0,
1318894,630285.0,
16006117,4568610.0,
18074584,4919009.0,
1108497,32637.0,
1108497,56968.0,Translator
13234408,25027.0,
61912,34854.0,Editor
61912,10318.0,Contributor
61912,16094.0,Contributor
61912,33876.0,Contributor
61912,34853.0,
61912,8659.0,
18725742,2891665.0,
11382317,4167378.0,
185192,1301649.0,
1558414,15726385.0,Adaptor
133664,10746.0,
18601430,36346.0,
22819890,8417690.0,
12049592,25421.0,
5311113,941441.0,
35719003,17039595.0,
6570066,30819.0,
1265703,445303.0,
11531818,17059.0,
15826999,3027554.0,
529581,32911.0,
529582,1023510.0,
34523174,3153776.0,
16090340,45315.0,
818068,1077326.0,
19180,4699102.0,
19180,6890841.0,
19184,4699102.0,
19184,6527021.0,Translator
125965,72451.0,
199212,116148.0,
199212,3170993.0,Translator
199212,57333.0,Translator
22571273,3267859.0,
9324970,625.0,
8012287,21970.0,
8012287,14554680.0,
7199829,18967.0,
7199829,104179.0,
7199828,18967.0,
7199828,104179.0,
15979672,6464098.0,
17376583,970554.0,
11621048,3290920.0,
21950952,5172000.0,
17981391,1330292.0,
823502,26875.0,
18739275,4420439.0,
8312956,102987.0,
287634,6268.0,
287635,6268.0,
287632,6268.0,
287633,6268.0,
287630,6268.0,
18281991,28375.0,
27917260,12052.0,Editor
27917260,240708.0,Contributor
27917260,25307.0,Contributor
27917260,2917920.0,Contributor
27917260,257412.0,Contributor
27917260,8660.0,Contributor
27917260,48960.0,Contributor
27917260,13557729.0,Contributor
27917260,989968.0,Contributor
27917260,8347.0,Contributor
27917260,11889.0,Contributor
27917260,73149.0,Contributor
27917260,439266.0,Contributor
27917260,108173.0,Contributor
27917260,572738.0,Contributor
27917260,61073.0,Contributor
27917260,346732.0,Contributor
12355553,815.0,
564317,9494.0,
564315,9494.0,
564315,3890839.0,Narrator
564318,9494.0,
564318,406026.0,Editor
21462947,7855471.0,
7741856,3378915.0,
891987,12935.0,
28165791,995289.0,
3474906,74488.0,
3474905,11859.0,
1073524,8164.0,
1073524,72144.0,
18304348,7213197.0,
17132881,3380908.0,
23129080,6535608.0,
13605727,4476934.0,
1039041,5158478.0,
13573402,3020656.0,
23314948,1051591.0,
23314948,3387675.0,
31199023,1221698.0,
31199020,1221698.0,
3796415,3399330.0,
24514112,48192.0,
613687,2413.0,
181437,33461.0,
15989120,852078.0,
15989120,7210703.0,Narrator
176250,10333.0,
149863,1654.0,
149863,4654216.0,Illustrator
11988046,5027236.0,
621616,6268.0,
15710470,4443809.0,
17333171,21748.0,
17333174,21748.0,
9408083,4132968.0,
25663573,8446650.0,
6518042,1443712.0,
13087704,117339.0,
13557575,148694.0,
30317436,7074943.0,
30317436,6880847.0,Narrator
30317436,3283712.0,Narrator
30317436,6571299.0,Narrator
10790290,2063919.0,
10100824,4619644.0,
18043364,6861881.0,
85990,49177.0,
588809,320741.0,
62319,17064.0,
62319,35022.0,
62319,35023.0,
62319,24009.0,
62313,8476.0,
62313,299142.0,Translator
25436641,13856066.0,
23495112,5752145.0,
6621880,28946.0,
6621880,1310149.0,
24453093,3178457.0,
24453097,852078.0,
26138446,2300692.0,
8105565,783760.0,
23989925,13957.0,
23989925,277536.0,
23989925,2920678.0,
845078,33297.0,
845078,35620.0,Translator
6440512,1423732.0,
31706495,3099544.0,
186885,101078.0,
13542510,1375697.0,
16059334,4245017.0,
9712492,4464118.0,
17456972,13557729.0,Adaptation
17456972,346732.0,
17456972,2924855.0,Illustrations
18626145,4720363.0,
8879516,1067608.0,
13495244,5374297.0,
20924711,2060858.0,
13585576,97228.0,
13585576,3087787.0,
13585576,978803.0,
24612470,4845.0,
24612470,74340.0,Creator
406404,230218.0,
23437221,4605878.0,
12416944,1909134.0,
924765,3389.0,
924762,3389.0,
924762,540202.0,Photographer
9813572,33918.0,
9813572,5774051.0,Narrator
3973,2687.0,
3979,2687.0,
6900573,668710.0,
17572625,73084.0,
34371907,16487840.0,
18658149,5816770.0,
176874,8685.0,
176876,8685.0,
7355137,157663.0,
7355137,619712.0,Illustrations
6470958,1248068.0,
8230578,944594.0,
479326,9059.0,
25471700,5406182.0,
23492829,3194936.0,
8041402,8794.0,
12852746,2101606.0,Creator
12852746,1411091.0,Translator
452570,32401.0,
3097657,48190.0,
8496907,1375697.0,
8496901,2860219.0,
8123164,70885.0,
8123164,163891.0,Illustrator
20589110,233300.0,
7426970,2023476.0,
18889,4841825.0,
18889,34850.0,
18884,8732.0,
18884,11358.0,
18887,4841825.0,
258664,151155.0,
34455798,23894.0,
492490,8596.0,
10400575,4629065.0,
7023148,1221698.0,
7023148,10763.0,Illustrator
62309,8476.0,
62309,299142.0,Translator
2923570,829488.0,
2923570,417798.0,
13869135,4386644.0,Narrator
13869135,169377.0,
258666,151155.0,
2069495,17618.0,
2069495,546590.0,Illustrator
30653719,4615776.0,
7830969,156522.0,
32320908,15872.0,
22441671,8265278.0,
25781,14454.0,
18212634,6981922.0,
25822052,2869923.0,Preface
8732892,8382246.0,
3128398,17061.0,
228564,6259.0,
8539063,96767.0,
17256217,4800436.0,
2199996,175855.0,
3475161,10746.0,
3430907,150810.0,
3430907,362098.0,Translator
6640565,2994705.0,
10575508,4201.0,
10755443,3420702.0,
20959395,4684322.0,
20959395,3124176.0,Narrator
10836728,4730894.0,
30653924,4530256.0,
397666,24645.0,
20344642,7710193.0,
13019704,1051591.0,
159575,7577.0,
159579,7577.0,
20256570,173493.0,
10904100,32279.0,
10904100,4310152.0,Creator
12539132,4087473.0,
365089,41942.0,
25065631,5295120.0,
15701067,4423580.0,
7602235,2868311.0,
16008688,6527314.0,
463090,4841825.0,
19286579,4086715.0,
22878967,8427407.0,
7857695,7581.0,
7857695,2981411.0,Illustrator
31702362,57990.0,
31702362,1077326.0,
418785,12980.0,
4070493,345630.0,
15750380,133838.0,
13578175,38550.0,
17617617,6997216.0,
18693994,3149825.0,
6400079,426944.0,
7201913,3780.0,
105732,1221698.0,
17336025,15872.0,
17336025,465708.0,Narrator
854854,874602.0,
944600,457300.0,
36194899,14178108.0,
570383,19512.0,
562794,13014.0,
18186721,6563633.0,
589767,13014.0,
24173870,7843051.0,
15230312,2905297.0,
1000014,3299.0,
9640368,1284339.0,
9640363,1429808.0,
407224,20035.0,
18668021,5295120.0,
23613183,19954.0,
20613807,3020684.0,
18404416,47104.0,
29071035,35022.0,
29071035,377312.0,Illustrator
229489,17618.0,
229489,546590.0,Illustrator
25210813,7210024.0,
25210815,7210024.0,
25210814,7210024.0,
25361904,40387.0,Creator
25361904,288672.0,Illustrator
17136,880695.0,
17136,4449011.0,Introduction
1814387,9432.0,
434880,135829.0,
4360147,56019.0,
25876967,7176787.0,
12362454,5128829.0,
17005,10317.0,
11926316,4349709.0,
11926311,5219613.0,Editor
11926311,24902.0,
11926311,72451.0,
11926311,99622.0,
11926311,12991.0,
11926311,338705.0,
11926311,23144.0,
11926311,12728.0,
11926311,635107.0,
11926311,2283303.0,
11926311,97045.0,
11926311,5415110.0,
419954,24818.0,
419954,150814.0,Illustrator
419954,6440732.0,Illustrator
419954,6440733.0,Designer
419954,6440734.0,Designer
22181606,3565.0,
11603726,3780.0,
11603726,13613.0,
30079403,9013537.0,
4907587,479779.0,
4907587,39043.0,Translation
3392285,270479.0,
17452685,7075461.0,
17313797,4960082.0,
16058665,7581.0,
16058665,27874.0,
16058665,4522.0,
16058665,72451.0,
16122237,57983.0,Pseudonym
16122237,1077326.0,
23395648,61741.0,
33836786,16299755.0,
491093,11906.0,
771527,22548.0,
10775707,1217665.0,
5422179,2339572.0,
5422179,17406.0,Translator
5422179,1313638.0,Translator
8998906,42211.0,
8998906,552801.0,Narrator
8998906,2387.0,
15852020,4193568.0,
6406675,1475374.0,
6406675,2878198.0,Illustrator
17975557,7104396.0,
15746512,6439741.0,
15746512,8122841.0,Illustrator
34988,9629.0,
6560220,2901559.0,
22055262,7168230.0,Pseudonym
22055262,3099544.0,
7624272,15872.0,
7624272,3343082.0,Narrator
890361,26771.0,
1292327,145092.0,
15986068,573850.0,
15986068,26170.0,
20307078,85745.0,
11332967,145643.0,
17287106,2195377.0,
10331607,4610078.0,
23964063,10191657.0,
21806405,8111038.0,
817357,27704.0,
11224175,4817032.0,
17634000,150038.0,
23019001,25307.0,
16279698,5295120.0,
183661,13677.0,
183661,7877.0,Illustrations
9636553,1395810.0,
22246684,5360266.0,
23281952,8623149.0,
23281952,266391.0,Illustrations
1062958,11761.0,
176332,25027.0,
176336,25027.0,
176334,25027.0,
1176248,38951.0,
1176248,358889.0,Narrator
1290386,10746.0,
1290387,10746.0,
1290387,169487.0,Narrator
1290383,619755.0,
12665819,5218360.0,
2300898,1035116.0,
119089,7577.0,
119086,1067608.0,
7635805,2980339.0,
759600,97228.0,
759600,17059.0,
9279710,25307.0,
9279710,1357326.0,Narrator
117899,58.0,
13362536,4476934.0,
23900993,3267859.0,
23900993,2892243.0,Reading
153782,8596.0,
21874627,6868809.0,
21941910,387792.0,
7932973,4902840.0,
22238689,1351375.0,
858361,13677.0,
13056723,2184228.0,
81644,4.0,
10553093,28550.0,
1375607,15987.0,
18077816,9629.0,
4961957,10746.0,
4961959,10746.0,
4961959,203762.0,
4961959,1186079.0,Illustrator
22715908,580315.0,
20800199,6914204.0,
7815817,2063919.0,
546114,8596.0,
12013853,8661.0,
442819,33461.0,
15575,9629.0,
15578,9629.0,
8789438,2891665.0,
8789438,526142.0,Narrator
23497497,5190768.0,
1685986,777375.0,
17707538,88609.0,
836898,1069006.0,
11749412,4957267.0,
6611074,2984460.0,
6678398,445303.0,
7083075,7742.0,
2425696,411853.0,
23377679,38809.0,
23377679,2525338.0,
15698800,1183442.0,
8230496,208650.0,
13459547,17054.0,
20611669,2063919.0,
20611669,4132657.0,Narrator
31361778,5042201.0,Adaptation
31361778,3439408.0,
31361778,1077326.0,
10394348,108424.0,
16133112,6573508.0,
11104740,108905.0,
6757426,2918731.0,
6707521,8349.0,
16126716,3188620.0,
13228149,491707.0,
9760895,64364.0,
2920825,150810.0,
2920825,362098.0,Translator
53086,3602.0,
53086,236242.0,
8409017,4070803.0,
25810368,4349837.0,
33405540,14421346.0,
26136468,14177000.0,
268187,2413.0,
2386345,26.0,
7183665,207971.0,
7183665,3007480.0,
7183665,40563.0,
19759540,7230868.0,
11418574,415967.0,
21558972,6535367.0,
2065091,42110.0,
970547,5244478.0,
15351,656983.0,
15351,9533.0,Editor
15350,656983.0,
11260355,4794993.0,
7904453,2917917.0,
13456414,42414.0,
10583269,3020684.0,
26098210,656983.0,
5597588,10746.0,
5597588,169487.0,Narrator
33,656983.0,
32,656983.0,
31,656983.0,
30,656983.0,
36,5448409.0,Editor
36,5325360.0,Foreword
36,10154.0,Contributor
35,656983.0,
35,9545.0,Illustrator
34,656983.0,
17172391,338705.0,
25493815,146374.0,
13560382,5783675.0,
23894611,8342911.0,
12449246,4163056.0,
10153731,41542.0,
9764206,18967.0,
9764206,104179.0,
9764206,430207.0,
20503009,7323620.0,
25330102,12075.0,
25330102,63143.0,Introduction
23254391,6549285.0,
1060850,8157173.0,
13438525,5610529.0,
3166686,1429808.0,
7687462,61659.0,
17855971,4121665.0,
13642954,375626.0,
144110,83308.0,
9619273,7581.0,
9619273,4870718.0,Illustrator
3975775,35007.0,
3975774,200317.0,
26114621,7121486.0,
25938499,11735.0,
25938499,454670.0,Narrator
14759334,3486415.0,
14759330,4105961.0,
400688,1023510.0,
13429646,4239539.0,
11454877,1141209.0,
437802,28544.0,
437802,8110.0,
437802,246590.0,
437802,2465550.0,
437804,28544.0,
437806,28544.0,
22062213,26897.0,
245727,36122.0,
28850,656983.0,
28850,16191.0,Narrator
8092,5339.0,
8090,5339.0,
18719280,4574107.0,
22596109,852078.0,
22596109,7210703.0,Narrator
947126,51589.0,
25014122,6644114.0,
170293,25477.0,
22456909,5398571.0,
12099838,5058182.0,
7739803,2946327.0,
23168806,2731809.0,
17340090,6925274.0,
25640918,3431194.0,
25640918,16155.0,
25640918,100764.0,
11788811,346732.0,
702051,64364.0,
24876258,10746.0,
31246863,5761580.0,
18722882,107072.0,
7687322,61659.0,
22844191,1077326.0,
22844196,1077326.0,
20983366,2973783.0,
20983362,2973783.0,
929373,54201.0,
25241629,200052.0,
488581,15016.0,
488581,2439908.0,Illustrator
1717891,2901559.0,
1128579,359910.0,
9740560,110249.0,
11136,1069006.0,
11136,25523.0,Illustrator
3577266,1276004.0,
1147723,43784.0,
20697500,1351375.0,
4436895,230226.0,
13422432,5471774.0,
6976104,17082.0,
162898,1244.0,
13211685,5008398.0,
670339,3377941.0,
6234751,23379.0,
32856011,1510073.0,
32856011,15404908.0,translator
32856010,7379542.0,
691985,61659.0,
15744141,51118.0,
24686734,3247178.0,
1042319,145294.0,
12205949,5085889.0,
21900558,24978.0,
9015663,2772067.0,
28591722,8423348.0,
7635629,2002988.0,
36281028,2060858.0,
25695756,4730894.0,
288600,5255014.0,
29430466,59611.0,
29430466,7842595.0,
4687635,941441.0,
34437155,240708.0,
34437157,363130.0,
16100526,21748.0,
10857081,225033.0,
10775407,200317.0,
12044946,27206.0,
12044946,174708.0,
900668,161908.0,
3365119,3389.0,
3365119,183421.0,Narrator
18143069,5782149.0,
18143067,57720.0,
18143067,406026.0,Editor
788572,413783.0,
36070854,6868825.0,
23766623,3433047.0,
2111634,20295.0,
24234491,71688.0,
6709663,38550.0,
6709663,8435196.0,Narrator
579138,2778055.0,
727915,139575.0,
20388225,7721844.0,
13624565,4057588.0,
153785,8596.0,
23129684,9550.0,
33571217,4374349.0,
70947,3618.0,
70946,15619.0,
70946,38449.0,Translator
70946,262689.0,Illustrator
70949,3618.0,
13547477,5778089.0,
17411119,3224031.0,
820602,811.0,
820602,528191.0,Narrator
820602,586284.0,Narrator
15731679,6433747.0,
21806701,2860219.0,
17667054,2860219.0,
17910074,813982.0,
11388177,73154.0,
2470390,31247.0,
79307,5244478.0,
12630405,15872.0,
659855,158170.0,Editor / Contributor
659855,17061.0,Contributor
659855,6331.0,Contributor
659855,28544.0,Contributor
659855,114746.0,Contributor
659855,67644.0,Contributor
659855,38680.0,Contributor
659855,168090.0,Contributor
659855,60646.0,Contributor
659855,41942.0,Contributor
659855,189204.0,Contributor
659855,26897.0,Contributor
10131347,2916205.0,
8288279,4034404.0,
33124167,14677901.0,
93724,11654.0,
20648285,6588802.0,
13153953,1654.0,
7125342,142270.0,
7443986,1239159.0,
17567752,963702.0,
7705429,3112090.0,
304217,10765.0,
304217,1221698.0,Introduction
2584352,2803575.0,
13553531,5046525.0,
25650677,7074174.0,
25650677,6431156.0,
25650677,6448939.0,
25650677,7762889.0,
25650677,7152490.0,
25650677,8391110.0,
25650677,5237606.0,
25650677,7191170.0,
995123,3389.0,
10348689,17061.0,
10348689,908931.0,
10348689,2949536.0,
11215260,1005984.0,
93251,1630.0,
20821235,137415.0,
6353009,4430.0,
6516513,2884866.0,
34876712,3330668.0,
12019355,4430.0,
222304,118848.0,
222304,118847.0,
295198,46130.0,
7986482,566874.0,
12,4.0,
16,4.0,
16,10917.0,Narrator
10661603,3340475.0,
12796005,4422205.0,
6966881,1495325.0,
6966881,6584197.0,
1506152,703660.0,
2705590,48206.0,
9416418,59390.0,
35693030,1330292.0,
13105929,3380908.0,
18246321,2995873.0,
26032825,25422.0,
13542714,28550.0,
6818083,200317.0,
606935,22547.0,
20763852,8427009.0,
34442391,7277852.0,
7979,5329.0,
7974,5329.0,
7974,4517970.0,Illustrator
7976,5329.0,
7976,158961.0,Illustrations
7971,589.0,
7973,589.0,
1331644,5816.0,
616046,212514.0,
9206526,4188120.0,
13056511,696372.0,
30197319,11680644.0,
1100400,18454.0,
17262584,5772158.0,
17888912,6950698.0,
31521391,4600197.0,
69451,4699102.0,
69451,6890841.0,Translator
833135,3242.0,
833135,220245.0,Afterword
833135,5044885.0,Illustrations
13356708,656983.0,
7736327,5753883.0,
22436841,8296035.0,
68396,1023510.0,
15788936,2891665.0,
15788936,3898739.0,Narrator
171125,40381.0,
171125,3918323.0,Translator
171125,589.0,Introduction
10082454,48206.0,
636742,20602.0,
10390076,311365.0,
25816519,175855.0,
31145176,298438.0,
31145176,25355.0,Translation
19298,11586.0,
27882864,7176787.0,
9721638,4430.0,
25776210,40563.0,
12814088,179712.0,
24978,14032.0,
29003305,5752145.0,
21421460,6517970.0,
20743262,151371.0,
20743262,800187.0,
13515128,15292.0,
7768157,17015.0,
11915069,1221698.0,
11915069,12718.0,Narrator
11915069,19365.0,Narrator
11915069,753489.0,Narrator
11915069,45978.0,Narrator
11915069,73443.0,Narrator
7102544,17061.0,Editor
7102544,81016.0,Editor
7102544,28550.0,
7102544,669810.0,
7102544,131208.0,
7102544,5095.0,
7102544,1356336.0,
7102544,4522.0,
7102544,95190.0,
7102544,63669.0,
7102544,50581.0,
7102544,43295.0,
7102544,5445782.0,
136508,166852.0,
7948544,3219496.0,
8312989,102987.0,
15808716,4721536.0,
18233795,3219566.0,
17378508,1330292.0,
2430310,28083.0,
710830,16147.0,
710830,511697.0,
15842677,4475969.0,
15842677,4118589.0,Illustrator
15842677,24424.0,Illustrator
15842677,7204179.0,Illustrator
15842677,9413.0,Illustrator
15842677,7204180.0,Illustrator
15842677,6646584.0,Illustrator
15842677,349203.0,Illustrator
7143429,31232.0,
17622927,30819.0,
7992851,25422.0,
7992851,105776.0,Illustator
5664051,153741.0,
12529847,415967.0,
15790887,230189.0,
15790883,6524620.0,
24836168,13652.0,
17455817,4476934.0,
13547189,2755160.0,
22357750,4119987.0,
11707621,153732.0,
6978487,413783.0,
30334,17082.0,
30335,17082.0,
30336,17082.0,
30337,17082.0,
30332,17082.0,
30333,17082.0,
589428,15299.0,
7721912,1405152.0,
7721912,2760464.0,Narrator
818867,356164.0,
2893217,31232.0,
28256493,1365801.0,
32711417,780120.0,
32711417,2738900.0,Illustrator
281913,5329.0,
281912,5329.0,
9786023,6988.0,
9786023,52850.0,Introduction
9786023,41003.0,Preface
133465,27704.0,
133464,27704.0,
133460,27704.0,
25898175,692829.0,
25898175,3048234.0,With
6396822,10366.0,
6396829,2897845.0,
13629260,5258872.0,
15897048,54475.0,
57081,989968.0,
29981,880695.0,
24000720,2130.0,
10322436,2949152.0,
25321,13878.0,
8597888,4123504.0,
11299720,4752305.0,
9816077,2916205.0,
2880,1977.0,
1743870,257412.0,
4978,3389.0,
4978,133241.0,Illustrator
6932856,3100080.0,
7083,4764.0,
7082,4764.0,
7082,3619.0,Introduction
13557183,75822.0,
17286910,3081700.0,
19166108,2503028.0,
19166108,2995869.0,Narrator
33616857,4788719.0,
24173639,4826732.0,
12577683,101078.0,
30341482,13922215.0,
2917251,21198.0,
3351354,1415543.0,
25614023,38951.0,
25614023,7058246.0,
23014001,8310517.0,
16096212,107170.0,
30968533,11362882.0,
11851051,137902.0,
11851051,3007479.0,
11851051,6588565.0,Illustrator
156199,16086.0,
7726143,50873.0,Based on the novels
7726143,29840.0,Based on the TV series
7726143,4101698.0,Based on the TV series
16036260,4755336.0,
229280,6268.0,
21964532,5726831.0,
6318223,1868743.0,
1559895,528122.0,
18167468,65137.0,
26796308,5771853.0,
7944201,8685.0,
1374429,652133.0,
17182499,6868825.0,
6869344,2905297.0,
6869344,1144378.0,Narrator
32195037,7855177.0,
18667776,5188888.0,
22294478,6653788.0,
5136179,2124883.0,
6599113,2980339.0,
6280121,17015.0,
6280121,17010.0,co-author
29750595,8660.0,
7607561,101078.0,
12243291,5095403.0,
261604,57461.0,
20344635,87305.0,
17568783,3140482.0,
25318857,38569.0,
20629795,3354.0,
13451546,3046613.0,
25663775,8123145.0,
6544020,6259.0,
22747919,1023510.0,
14289259,5989889.0,
469261,74469.0,
141444,20560.0,
3262139,4430.0,
3262139,20248.0,
3262139,164485.0,
3262139,1383797.0,
22725149,4106197.0,
13521,7025.0,
13521,6543253.0,illustrator
13521,17204500.0,Translator
121763,1069006.0,
20486768,7325602.0,
17463583,5298677.0,
1448631,142717.0,Editor
1448631,12052.0,Editor
1448631,1221698.0,Contributor
1448631,8347.0,Contributor
1448631,241236.0,Contributor
1448631,53193.0,Contributor
1448631,40983.0,Contributor
1448631,10896.0,Contributor
1448631,5989.0,Contributor
1448631,6587.0,Contributor
1448631,25.0,Contributor
1448631,331704.0,Contributor
1448631,1067608.0,Contributor
1448631,21158.0,Contributor
1448631,19305.0,Contributor
1448631,8694.0,Contributor
1448631,73422.0,Contributor
1448631,22993.0,Contributor
1448631,23069.0,Contributor
1448631,589.0,Contributor
11470277,4369922.0,
23615679,2750251.0,
685384,17061.0,
685385,17061.0,
685386,17061.0,
685387,17061.0,
685383,63669.0,
24716836,2526.0,
16247958,6623792.0,
8779896,57721.0,
2697119,1036943.0,
18053135,4637539.0,
34397653,3099544.0,
34397653,7168230.0,Pseudonym
6646849,38550.0,
6646849,5779081.0,Adaptor
6322885,27379.0,
6369517,1239645.0,Editor
6369517,28569.0,
6369517,64216.0,
6369517,11853.0,
6369517,375143.0,
6369517,835348.0,
6369517,177046.0,
6369517,26033.0,
6369517,1045593.0,
6369517,86889.0,
6369517,1332605.0,
6369517,1005984.0,
6369517,94892.0,
6369517,823146.0,
6369517,634912.0,
6369517,61156.0,
6369517,4798562.0,
6369517,1001422.0,
6369517,9756.0,
6369517,1938234.0,
6369517,30036.0,
6369517,27206.0,
6369517,345572.0,
6369517,2792373.0,
6369517,329391.0,
6369517,1375697.0,
7099468,821504.0,
7099460,2780862.0,
7099460,5438.0,
23218,11654.0,
8107779,852078.0,
8131640,3240669.0,
17343101,4637539.0,
17343101,1065493.0,Narrator
3539006,9494.0,
1942596,874602.0,
13423346,4649677.0,
28442549,4900972.0,
28442549,6543639.0,
11168297,4610078.0,
905756,463875.0,
905756,362098.0,Translator
905757,463875.0,
905757,362098.0,Translator
2107142,89622.0,
17302963,5255014.0,
17302963,3317536.0,Introduction
8044074,15890.0,
8044074,1657851.0,Narrator
24361900,12123245.0,
10223509,2895111.0,
12257771,3965895.0,
15739212,6436774.0,
11761455,4718186.0,
11761452,2988389.0,
5955666,4431689.0,
5955666,4431689.0,
15796714,346732.0,
7307202,71688.0,
25174916,7581.0,
13493304,2677974.0,
17721,9629.0,
26835271,7060225.0,
290131,5255014.0,
67961,346732.0,
23012481,4565834.0,
12516692,5074162.0,
8147991,3113902.0,
119490,3995.0,
119492,3995.0,
119493,3995.0,
119494,3995.0,
119495,3995.0,
537771,9550.0,
25582867,3267859.0,
16059057,6545102.0,
6590520,1305376.0,
2006757,507943.0,
2006756,507943.0,
13480291,1000381.0,
30227022,7074943.0,
30688516,85545.0,
17304282,6912759.0,
8206466,3379695.0,
21469060,1238111.0,
21469064,355175.0,
2282320,218826.0,Editor
2282320,22475.0,Editor
2282320,242350.0,Illustrator
2282320,54584.0,Contributor
2282320,120948.0,Contributor
2282320,58023.0,Contributor
2282320,28185.0,Contributor
2282320,7709913.0,Contributor
2282320,9768.0,Contributor
2282320,277865.0,Contributor
2282320,121703.0,Contributor
2282320,22425.0,Contributor
2282320,7709895.0,Contributor
2282320,686961.0,Contributor
2282320,98215.0,Contributor
2282320,25027.0,Contributor
2282320,83852.0,Contributor
2282320,21550.0,Contributor
2282320,149688.0,Contributor
2282320,70026.0,Contributor
2282320,6296.0,Contributor
2282320,9212.0,Contributor
2282320,455201.0,Contributor
17605075,6993187.0,
7171956,27209.0,
7171956,1162045.0,Illustrator
23477942,6591244.0,
293979,50873.0,
11082143,3105903.0,
20765307,4629194.0,
30612698,6517244.0,Contributor
12974372,105839.0,
12640578,836009.0,
12640578,30033.0,
509094,28525.0,
23013884,1405152.0,
22147185,10746.0,
22147185,169487.0,Narrator
23130269,2844043.0,
4719340,24830.0,
4719340,59749.0,
25410497,4154802.0,
13425130,5560132.0,
35268737,7152490.0,
968868,23069.0,
101555,29479.0,
30612656,2300692.0,
24674130,1563059.0,
841394,51590.0,
7024635,941441.0,
32334268,15906650.0,
144349,34049.0,
2477117,1100593.0,
27833610,33918.0,
27170764,4969406.0,
27170764,14532937.0,Translator
22829692,7843051.0,
974192,8694.0,
2801577,27498.0,
1768957,191456.0,
10335701,4611175.0,
590349,27704.0,
106924,23419.0,
2488435,5816.0,
12578294,3027554.0,
13492517,383583.0,
16074215,2372536.0,Editor
16074215,1967.0,
16074215,2861133.0,
16074215,1562881.0,
16074215,2860219.0,
13047090,4476934.0,
25423972,1136158.0,Editor/Author
25423972,3874125.0,Editor
25423972,72451.0,
25423972,359109.0,
25423972,234115.0,
25423972,14219.0,
25423972,186776.0,
25423972,9615.0,
25423972,5289122.0,
25423972,58124.0,
25423972,10746.0,
25423972,15710682.0,
25423972,441793.0,
25423972,1000848.0,
25423972,14033169.0,
25423972,4063834.0,
25423972,4413062.0,
7516001,8988.0,
981834,230692.0,
10184403,2860219.0,
1101166,144024.0,
13517402,153738.0,
15753550,241301.0,
9662832,4450877.0,
9277751,1373880.0,
184962,7742.0,
184963,7742.0,
25382657,9863605.0,
822630,8924.0,
201341,5329.0,
201342,5329.0,
187124,9629.0,
3630790,23138.0,
277897,131208.0,
20522862,137902.0,
11480917,40563.0,
18656031,38569.0,
30117284,4039811.0,
17205213,6877480.0,
7199027,90866.0,
215643,71688.0,
1157452,153732.0,
23129410,2559520.0,
23129410,4532873.0,
601719,2526.0,
21544670,1040132.0,
21544670,2925501.0,Illustrations
21544670,4401700.0,Illustrations
438190,44003.0,
583677,82540.0,
15790982,304812.0,
18081426,6831429.0,
19051153,7114860.0,
16078584,363130.0,
924351,165168.0,
924351,1149240.0,Narrator
24042732,6151960.0,
27776403,3389.0,
11557788,3023842.0,
613898,10896.0,
16166626,2975035.0,
33854386,4499623.0,
939334,25.0,
34356650,5829056.0,
20890540,14507930.0,
23285716,5181752.0,
2220889,137386.0,
7841656,346732.0,Editor
7841656,12052.0,Editor
7841656,9237.0,
7841656,38313.0,
7841656,202269.0,
7841656,33876.0,
7841656,8694.0,
7841656,1067608.0,
7841656,101078.0,
7841656,3617.0,
7841656,10318.0,
7841656,8988.0,
7841656,1868743.0,
7841656,61073.0,
7841656,725899.0,
7841656,25307.0,
7841656,1221698.0,
7841656,35022.0,
7841656,10746.0,
979598,1069006.0,
17950402,5779135.0,
17950402,5807129.0,With
31311018,15944595.0,
21857935,6572571.0,
30312597,15087311.0,
11365017,137902.0,
12711152,801712.0,
12707703,2917423.0,
26244536,177305.0,
28218868,251725.0,
3302568,1161372.0,Editor
3302568,88506.0,
3302568,346732.0,
3302568,10366.0,
3302568,1221698.0,
3302568,9550.0,
3302568,58971.0,
3302568,9558.0,
3302568,7415.0,
3302568,24902.0,
3302568,3389.0,
3302568,18351.0,
3302568,2283303.0,
3302568,2687.0,
3302568,91717.0,
3302568,4174.0,
3302568,327493.0,
3302568,12991.0,
3302568,14454.0,
3302568,12728.0,
3302568,19305.0,
3302568,78024.0,
3302568,2127171.0,
3302568,56162.0,
3302568,48355.0,
3302568,4213907.0,
3302568,3095884.0,
3302568,345026.0,
3302568,26935.0,
3302568,215044.0,
3302568,331704.0,
3302568,2938554.0,
3302568,4338.0,
3302568,27206.0,
3302568,23144.0,
3302568,7083555.0,
3302568,4264401.0,
11251011,3305484.0,
24764571,7184104.0,
1004354,9072.0,
6707275,17015.0,
6707275,17010.0,
23419981,8588556.0,
668830,160870.0,
668830,53307.0,
17617373,6453465.0,
10385629,421434.0,
474752,1067608.0,
474752,28947.0,Illustrator
15954434,5828129.0,
6449517,91714.0,
562849,8164.0,
562849,180439.0,Illustrator
8133472,169377.0,
7488686,2949152.0,
20518854,3291561.0,
16101072,2096360.0,
384353,31247.0,
384352,31247.0,
384356,31247.0,
384355,31247.0,
384354,31247.0,
29962194,5045068.0,
101991,58889.0,
25560279,150038.0,
20413616,4403314.0,
27846534,14582814.0,
8302705,267687.0,
40217,9237.0,
1911138,35017.0,
21806047,5424286.0,
7022843,56352.0,Editor
7022843,61741.0,Editor
7022843,31232.0,Contributor
7022843,13026.0,Contributor
7022843,23069.0,Contributor
7022843,2669754.0,Contributor
7022843,989968.0,Contributor
7022843,240708.0,Contributor
7022843,8347.0,Contributor
7022843,16939.0,Contributor
7022843,59165.0,Contributor
7022843,4338.0,Contributor
7022843,12949.0,Contributor
7022843,58856.0,Contributor
7022843,73149.0,Contributor
7022843,8694.0,Contributor
7022843,4798562.0,Contributor
7022843,12444.0,Contributor
7022843,276660.0,Contributor
7250778,122550.0,editor
6184297,28550.0,
7565545,282919.0,
1039182,17082.0,
18480399,2909019.0,
33785202,2973783.0,
11488396,4416995.0,
499122,13026.0,
15771846,2880618.0,
5842021,100752.0,
16147058,6578506.0,
6315567,4.0,
6315567,64464.0,Foreword
6315566,4.0,
6315566,10896.0,Foreword
11836518,4983102.0,
22665330,2740668.0,
395967,16094.0,
12033364,2891665.0,
12033364,184638.0,Art and Adaptation
12033364,13709050.0,Lettering
34610036,15986018.0,
10863148,7581.0,
27389987,6620.0,
28812474,38550.0,
6020071,2620393.0,
20631345,7793168.0,
15796725,1654.0,
1975302,821504.0,
6993490,1405152.0,
89553,17739.0,
25901575,240708.0,
29939243,9237.0,
25358021,13177248.0,
13389546,4971535.0,
29437145,1221698.0,
70746,566.0,
70746,24758.0,Translator
18351890,1276258.0,
10917089,73977.0,
1177331,99776.0,
1177330,99776.0,
2958520,752898.0,
18072566,7133166.0,
21870817,7012437.0,
29760778,15144005.0,
17623995,6999638.0,
11301765,4836172.0,
28939912,8127239.0,
7849341,3097905.0,
18248381,38550.0,
9394691,8596.0,
9647295,38550.0,
28650500,6520834.0,
6602822,50873.0,
1553885,4735.0,
8608740,590558.0,
7628700,8695.0,
15813929,4979194.0,
11443325,4873609.0,
291249,16032.0,
291249,997755.0,
6399851,13557729.0,
6399850,13557729.0,
8525338,347385.0,
13408586,32349.0,
13408586,25334.0,Introduction
15832300,4161354.0,Editor
15832300,9629.0,Contributor
15832300,108424.0,Contributor
15832300,38550.0,Contributor
15832300,9237.0,Contributor
15832300,6587.0,Contributor
15832300,1023510.0,Contributor
15832300,8730.0,Contributor
15832300,162980.0,Contributor
15832300,1405152.0,Contributor
15832300,13557729.0,Contributor
15832300,142270.0,Contributor
15832300,214232.0,Contributor
15832300,1362876.0,Contributor
15832300,1916427.0,Contributor
15832300,2063919.0,Contributor
15832300,334261.0,Contributor
15832300,2845500.0,Contributor
15832300,8988.0,Contributor
15832300,4414255.0,Contributor
15832300,4687048.0,Contributor
15832300,271200.0,Contributor & Illustrator
15832300,4721536.0,Contributor
28696452,3099544.0,
28696452,7168230.0,Pseudonym
13223132,150038.0,
6609623,108849.0,
27170168,4971535.0,
77021,4432.0,
77020,4432.0,
12923534,3100200.0,
28003002,7361703.0,
410615,3502.0,
24039422,4279785.0,
102083,57720.0,
102083,63218.0,Editor
102083,3891634.0,Editor
8409252,2895895.0,
22583888,4106197.0,
16118889,421434.0,
7203230,1141209.0,
15858,7025.0,
282201,629885.0,
282201,5989.0,Foreword
18310679,114283.0,
135433,5989.0,
30268886,15230378.0,
22716079,4101698.0,
23598680,9871464.0,
11987465,4105961.0,
16074851,5376046.0,
16074851,5777764.0,Illustrator
12356958,6094097.0,
31389365,9759281.0,
581125,4764.0,
18240439,6474354.0,
18240439,7902502.0,Narrator
755023,23069.0,
23688792,10811406.0,
23688792,10378770.0,
18119448,1238111.0,
18119448,1144378.0,Narrator
8711617,71688.0,
11859655,8988.0,
13157246,37557.0,
6,1077326.0,
6,2927.0,Illustrator
30652372,57983.0,Pseudonym
30652372,1077326.0,
9500884,4406756.0,
18213570,6446311.0,
18213570,1124030.0,Illustrator
21939105,4851250.0,
15109208,110234.0,
12803252,155990.0,
22718800,4575289.0,
30363288,38550.0,
3123162,51118.0,
23492427,8186010.0,
9641411,3187114.0,
4643301,1301649.0,
10729298,4703223.0,
10629328,4453028.0,
31199384,4476934.0,
20512144,3064305.0,
11058018,2876763.0,
273921,5158478.0,
273921,53411.0,Translator
273921,115530.0,Editor
13038833,31232.0,
9552084,941441.0,
252938,27498.0,
850432,43697.0,
13581370,415967.0,
23168796,4245017.0,
23168796,2735290.0,Illustrator
6070896,34049.0,
9760071,19954.0,
6007336,1136158.0,
906015,81096.0,
34602513,5309409.0,
59819,625.0,
11882171,4996736.0,
6940291,827236.0,
25942167,4615377.0,
13813,8588.0,
18743167,6604148.0,
22465605,2261547.0,
11821546,4432.0,
616469,12935.0,
22891407,1014374.0,
22891402,48190.0,
16130369,580315.0,
16130366,14219.0,
13888,6252.0,
421157,66700.0,
1677750,773948.0,
11938261,4606082.0,
1061262,4861.0,
38675,5255014.0,
38675,21781.0,
38676,5255014.0,
31450751,72451.0,editor
31450751,7092935.0,
31450752,15218531.0,Editor
31450752,4600197.0,
31450752,780120.0,
31450752,4499623.0,
31450752,15218533.0,
31450752,4684322.0,
31450752,2471183.0,
31450752,3099544.0,
31450752,5830526.0,
31450752,7577278.0,
31450752,1383409.0,
31450752,5288442.0,
31450752,7353006.0,
31450752,15100575.0,
31450752,14743111.0,
31450752,261240.0,
31450752,15218565.0,
31450752,7694781.0,
31450752,15218566.0,
31450752,9240590.0,
31450752,15960140.0,
31450752,15218567.0,
31450752,15218568.0,
31450752,13984436.0,
31450752,15218569.0,
31450752,15218632.0,
31450752,16345889.0,
3430269,46540.0,
4482753,136127.0,
18782045,46138.0,Editor
6547260,38550.0,
6344286,950184.0,
21469054,4684322.0,
28604328,466494.0,
11594750,1960761.0,
30962604,59165.0,
102266,23001.0,
18051965,580315.0,
13486177,740944.0,
13486172,16496.0,
15745772,6439448.0,
13206828,4684322.0,
31020402,13525505.0,
16479439,3396842.0,
9769032,28083.0,
125926,7581.0,
125925,7581.0,
28507357,30819.0,
23638813,5829056.0,
28501512,33467.0,
86451,15292.0,
21222820,330393.0,
33509076,8353652.0,
13337716,346732.0,
13337715,346732.0,
18775652,4428.0,
11782786,431825.0,
8073506,12948.0,
31627294,8152069.0,
13538947,359109.0,
32962973,16075736.0,
20483058,266470.0,
6950910,38550.0,
6950910,8435196.0,Narrator
15955526,3265248.0,
26084414,8159016.0,
29758649,14166772.0,
33843251,3290920.0,
17191535,5778089.0,
92138,34408.0,
92138,34410.0,
23467456,41185.0,
7775973,765702.0,
7744299,3060067.0,
18635002,4671817.0,
18635002,63577.0,Illustrations
647505,92991.0,
647505,348412.0,
13550078,4823432.0,
13550078,2789511.0,Narrator
68487,25307.0,
68485,11889.0,
68483,16094.0,
68488,25307.0,
13135293,34049.0,
18404312,1131057.0,
605015,9355.0,
18809598,4601855.0,
14802438,401053.0,
22246544,4830336.0,
20318205,33467.0,
4499214,190887.0,
6508005,15872.0,
17791549,5263747.0,
20929541,2995873.0,
3701237,1573874.0,
1124884,5339.0,
52640,10366.0,
17382362,1194340.0,
18216813,4430.0,
627720,6259.0,
541513,10006.0,
24734047,38550.0,
8329766,6244.0,
362636,3651.0,
7467055,8695.0,
17318676,5404616.0,
16108066,1161372.0,Editor
16108066,32018.0,Editor
16108066,589.0,Contributor
16108066,4074051.0,Contributor
16108066,83308.0,Contributor
16108066,19305.0,Contributor
16108066,11890.0,Contributor
16108066,41942.0,Contributor
16108066,4098207.0,Contributor
16108066,2917920.0,Contributor
16108066,72451.0,Contributor
16108066,2860219.0,Contributor
16108066,2919603.0,Contributor
16108066,21981.0,Contributor
16108066,6587.0,Contributor
16108066,5989.0,Contributor
16108066,7025.0,Contributor
16108066,91717.0,Contributor
16108066,2725468.0,Contributor
16108066,5312020.0,Illustrator
13097686,346732.0,
35234,6252.0,
35232,6252.0,
35233,6252.0,
35231,6252.0,
10859654,18130.0,
6950498,23894.0,
22544040,202807.0,
32177852,2063919.0,
13542553,5032105.0,
13450678,4175419.0,
13450678,334840.0,Narrator
8241571,240708.0,
239109,1023510.0,
239107,1023510.0,
239103,1023510.0,
239102,1023510.0,
20958632,25422.0,
7121691,345630.0,
33357675,38550.0,
27428880,9355.0,
81038,46138.0,Editor
81038,46137.0,Editor
81038,84604.0,Contributor
81038,22545.0,Contributor
81038,135733.0,Contributor
81038,8185168.0,Contributor
81038,341189.0,Contributor
81038,4584187.0,Contributor
81038,3524.0,Contributor
81038,4584188.0,Contributor
81038,144814.0,Contributor
81038,483704.0,Contributor
81038,8694.0,Contributor
81038,113942.0,Contributor
81038,8842.0,Contributor
81038,24.0,Contributor
81038,33502.0,Contributor
81038,81165.0,Contributor
81038,1221698.0,Contributor
81038,47721.0,Contributor
81038,5989.0,Contributor
81038,4584189.0,Contributor
274135,116617.0,
20262813,5294897.0,
3479,2354.0,
3479,2358.0,
3479,2843445.0,
3479,2356.0,
3479,2355.0,
3479,2357.0,
3479,2353.0,
12090838,3389.0,
7171637,150038.0,
16173627,3247006.0,
29563587,25052.0,
12072969,5041733.0,
15788822,4006267.0,
22589085,7717.0,
22589085,64537.0,Illustrator
18667312,5763301.0,
12924371,1654.0,
17415882,6953956.0,
452157,3469.0,
8386023,668710.0,
15698948,5198894.0,
15698948,5188131.0,Illustrator
5083281,17054.0,
11459850,1167639.0,
19272456,5321960.0,
17182126,38550.0,
29332599,7127010.0,
895953,106.0,
6203049,38066.0,
19542845,4832976.0,
77160,43784.0,
77161,43784.0,
490196,6268.0,
17663148,6548216.0,
29906288,3433047.0,
29906288,2580449.0,Narrator
1066445,24009.0,
350500,7025.0,
64333,1654.0,
7719503,3370870.0,
631329,9550.0,
617539,7577.0,
3369511,410598.0,Editor
3369511,33919.0,Editor
3369511,61378.0,Contributor
3369511,8347.0,Contributor
3369511,8688.0,Contributor
3369511,53193.0,Contributor
3369511,108173.0,Contributor
3369511,16939.0,Contributor
3369511,817578.0,Contributor
3369511,1917064.0,Contributor
3369511,128570.0,Contributor
3369511,122631.0,Contributor
3369511,945430.0,Contributor
3369511,8988.0,Contributor
3369511,51420.0,Contributor
3369511,1653312.0,Cover Artist
3369511,8730.0,Contributor
3369511,113942.0,Contributor
3369511,820990.0,Contributor
3369511,2919602.0,Contributor
3369511,2919603.0,Contributor
3369511,2919604.0,Contributor
3369511,2919605.0,Editor / Contributor
3369511,2919606.0,Contributor
2871526,41032.0,
21893582,6751095.0,
870667,17126.0,
870667,571819.0,Illustrator
870667,5766244.0,
34605,10366.0,
2431123,65137.0,
2431123,153738.0,
18428210,4475715.0,
10634284,28083.0,
575112,625.0,
11315073,43538.0,
104362,20560.0,
16150830,2973783.0,
16150831,2973783.0,
6500152,948181.0,
568092,11586.0,
568093,11586.0,
568094,11586.0,
568099,11586.0,
7775663,4386164.0,
7775665,94091.0,
31170713,7275172.0,
8450009,2891665.0,
2257948,27498.0,
2257948,610353.0,Illustrator
2257949,27498.0,
13284052,5406182.0,
15769460,1077326.0,
15769460,123344.0,Narrator
25241871,174742.0,
25241871,4581877.0,Illustrations
816991,25.0,
12176883,4983109.0,
25273175,4175419.0,
25273175,334840.0,Narrator
2535732,828002.0,
2535732,2472310.0,Translator
10388881,6252.0,
10388881,38550.0,
29452027,7178089.0,
281831,2614.0,
17118724,5069496.0,
8627927,78111.0,
10883896,4743887.0,
22046915,8118497.0,
6493406,441453.0,
10118172,4556932.0,
26778730,4389526.0,
17802756,40881.0,
15797709,12091.0,
18943,7025.0,
119835,28544.0,
8096189,2172337.0,
12810754,5257090.0,
776572,874602.0,
245462,3995.0,
6980336,13957.0,
1216145,50873.0,
1135281,15590.0,
15808271,200208.0,
13542994,329391.0,
792775,415731.0,
16073073,6550753.0,
15842158,175855.0,
6343613,322402.0,
16032037,6440485.0,
2971026,435114.0,
29606677,7034215.0,
15839914,3112212.0,
9711050,33918.0,
15748529,2860219.0,
16051788,6542406.0,
8326789,28946.0,
8326789,1310149.0,
7687223,61659.0,
26114222,3405346.0,
26114229,14220711.0,
7031827,93220.0,
22584966,8337289.0,
2332389,69469.0,
33918885,15194090.0,
18773640,7742.0,
6393179,141587.0,
7877239,3099087.0,
1773616,723801.0,Editor/Contributor
1773616,35022.0,Contributor
1773616,28550.0,Contributor
1773616,131208.0,Contributor
1773616,21665.0,Contributor
1773616,7581.0,Contributor
1773616,10746.0,Contributor
1773616,15292.0,Contributor
1773616,823146.0,Contributor
21911337,5309409.0,
1164671,8596.0,
28808222,1332605.0,
3576176,27498.0,Creator
3576176,73351.0,
3576176,157004.0,Illustrator
7061309,1221698.0,
1247695,36203.0,
17785880,1370283.0,
17785880,414056.0,Visual Art
11595220,11137.0,
960658,1221698.0,
960658,1654.0,
960659,1654.0,
960659,1221698.0,
18283002,6862026.0,
13091999,3097905.0,
9464765,28550.0,
23249950,8125589.0,
2403889,6268.0,
9735478,5255014.0,
6715235,3023434.0,
19444398,7236218.0,
9193799,4317450.0,
96463,26.0,
9869553,4671817.0,
9869553,4501761.0,Illustrator
27692,15590.0,
374343,213510.0,
23453137,1395810.0,
822613,656983.0,
26178321,6952140.0,
13497142,4507090.0,
124838,174708.0,
5881635,36122.0,
5881635,46137.0,Introduction
24953051,13513927.0,
480384,8649.0,
13232892,1111511.0,
9514173,221253.0,
8333930,27100.0,
12853155,4087274.0,
13062713,5333703.0,
18139127,172490.0,
25320527,13660681.0,
10088540,4178737.0,
58893,8596.0,
58891,18684.0,
58890,8596.0,
7874158,103359.0,
15817094,259413.0,Illustrations
119,60.0,
312407,3618.0,
9429090,63669.0,
279501,7710.0,
279502,43697.0,
279508,18851.0,
4799482,1998294.0,
212828,23704.0,
10436562,4090847.0,
50035,1630.0,
15790603,15292.0,
22718822,4154802.0,
18136617,7031278.0,
30320053,7093630.0,
24885537,150038.0,
24885531,150038.0,
24885533,2917920.0,
6285818,17061.0,
15713147,5186274.0,
22743827,8180684.0,
12816817,4287922.0,
9462815,11654.0,
15883801,8604.0,
18050140,1023510.0,
30095464,7055613.0,
17934466,7095068.0,
19367070,3027554.0,
18667954,5288442.0,
42147,23704.0,
9271637,3197657.0,
32768509,15454955.0,
21965714,3100170.0,
26863057,2063919.0,
26863058,1445909.0,
7989708,10746.0,
7989708,169487.0,Narrator
17882103,17061.0,
23901077,4890182.0,
6726353,9806.0,
14912430,25052.0,
15734953,5756901.0,
11476593,4485813.0,
11408298,30003.0,
77887,19169.0,
16116023,48190.0,
31817749,2917917.0,
3225007,38531.0,
22540275,7263444.0,
22540275,2789848.0,Illustrations
22540276,6244.0,
25394092,1330292.0,
1062960,11761.0,
26863024,2063919.0,
26863024,4132657.0,Narrator
25209521,4476934.0,
545017,8185168.0,
25331982,4684322.0,
25331982,3124176.0,Narrator
9685397,270312.0,
18370392,6965532.0,
8356487,2891665.0,
24396857,10372063.0,
7274195,3216094.0,
234184,3441.0,
22215760,3099544.0,
68806,8732.0,
13526458,324620.0,
13526458,2899437.0,Narrator
4210483,1257463.0,
6472451,2884780.0,
11827808,4343092.0,
846341,184741.0,
23288266,1100089.0,
22535481,7093630.0,
29559052,3433047.0,
6363322,2884780.0,
27774409,3097905.0,
26168646,14235866.0,
4073514,229221.0,
4073514,229220.0,
7787857,123087.0,
16089573,6557157.0,
575754,1221698.0,
120526,5116.0,
18118589,8055273.0,
15829917,4629065.0,
15800518,3091065.0,
15800518,1411091.0,Translator
15800514,155990.0,
3852,2614.0,
3852,2615.0,
3852,2612.0,
3852,2613.0,
750134,397047.0,
750130,397047.0,
750130,1099588.0,
12551093,18111.0,
41424,5339.0,
10560849,4667368.0,
22086881,7022586.0,
13605603,4871930.0,Pseudonym
13605603,18130.0,
5205697,2168689.0,
13514,1113469.0,
13514,41878.0,Translator
13514,202629.0,Illustrator
219222,12980.0,
15735904,2789878.0,
6957484,17015.0,
176868,8685.0,
176868,8688.0,
176868,1917064.0,
17261,656983.0,
18177179,4499919.0,
20646683,36346.0,
25092138,59749.0,
21954756,8158527.0,
2038010,23894.0,
2038010,4022439.0,Narrator
12766833,852078.0,
43884,3441.0,
43886,3441.0,
43887,3441.0,
43888,3441.0,
43889,3441.0,
11702088,5040774.0,
8518030,1405152.0,
22890630,4443809.0,
6914119,7581.0,
16162867,6580884.0,
11832135,4981614.0,
14781513,2988406.0,Creator
14781513,1411091.0,Translator
9670065,64364.0,
33296298,16799981.0,
35053233,3433047.0,
35053233,2826367.0,Narrator 
12489079,1577311.0,
34506,1654.0,
34504,1654.0,
34503,1654.0,
34503,19440.0,
34502,1654.0,
34501,1654.0,
34509,1654.0,
34509,19439.0,
34509,202183.0,
34509,19440.0,Illustrator
34508,19439.0,Adaptor
34508,1654.0,
271362,103321.0,
29518618,7226363.0,
26667719,15873.0,
26667719,325203.0,Translator
23847929,1957584.0,
23847924,4938797.0,
23847922,589.0,
7724995,868.0,
6582080,6245.0,
6582080,6244.0,
6582080,123344.0,Narrator
29774788,4457900.0,
117888,1630.0,
117888,4654216.0,Illustrator
24733883,4527571.0,
455412,12694.0,
455412,10359.0,
455412,28544.0,
455412,128570.0,
11438693,4773763.0,
11438693,6450142.0,
11438693,6922624.0,Illustrations
8961636,191456.0,
32075662,3099544.0,
32075664,8628046.0,
60147,16939.0,
60141,16939.0,
60149,16939.0,
139986,32279.0,
139987,6378.0,
139987,3118434.0,Illustrator
23197491,4876604.0,
11345765,15337.0,
6138594,941441.0,
12037785,4343092.0,
3940051,5255014.0,
3940051,25421.0,Introduction
29923707,4086715.0,
26690,8695.0,
68890,38820.0,
164719,5816.0,
164718,5816.0,
1156047,284204.0,novelization by
1156047,63522.0,series creator
526797,81338.0,
159451,7577.0,
24973241,40563.0,
24973241,473481.0,Narrator
462389,4766.0,
17368232,3399559.0,
17368237,23894.0,With
28186257,5288442.0,
28186254,4342215.0,
16142043,7581.0,
33517574,1048153.0,
8725186,1301649.0,
22295304,5137530.0,
7823797,1423732.0,
16653,10147.0,
23004731,2918424.0,
162719,14617.0,
17797803,7047704.0,
420496,9629.0,
17368932,2996650.0,
460328,38531.0,
460327,38531.0,
8732017,71688.0,
20518892,2731809.0,
15808311,6259.0,
500743,125308.0,
25785357,48192.0,
22535408,4575289.0,
2870651,32590.0,
7696564,48192.0,
16115678,13026.0,
13530597,153741.0,
18196600,5753331.0,
5989671,175009.0,
24885649,150038.0,
6582625,153733.0,
13643064,5833021.0,
509285,9550.0,
258433,22018.0,
23740830,3849415.0,
346091,10746.0,
11473820,121825.0,
1085480,15873.0,
17162405,836009.0,
3029879,5816.0,
2924362,7577.0,
1012371,13014.0,
13721337,3901024.0,
13101468,1221698.0,
25726385,4565834.0,
229149,8476.0,
229149,299142.0,Translator
228062,8476.0,
228062,362098.0,Translator
12637458,298438.0,
12637458,25355.0,Translator
76684,16667.0,
21849253,5808037.0,
15726583,108424.0,
15726583,2803557.0,Narrator
6289940,11663.0,
23126606,8509945.0,
18122693,6261.0,
12606483,4370565.0,
12606483,123344.0,Narrator
6716319,1802330.0,
18404870,4428.0,
12131310,5066364.0,
7653931,137902.0,
6091035,167394.0,
17334497,1290625.0,
17334499,4126827.0,
35452713,150038.0,
14740456,5307635.0,
13486830,5754682.0,pen name
13486830,102872.0,
2433779,241301.0,
1107543,8840.0,
1107543,2387.0,
1107545,8840.0,
1107545,2387.0,
1468077,5255014.0,
1468077,3346002.0,Illustrator
12166748,4178737.0,
3190888,8835.0,
23876958,5449630.0,
24625625,12576598.0,
7796909,121610.0,
28700596,4400405.0,
13380221,381166.0,
13380221,11672.0,
13380221,337207.0,Illustrator
17927507,7092201.0,
7109406,42211.0,
7315439,2264238.0,
6762281,38951.0,
18079709,8164.0,
17899385,833687.0,
17899385,1251403.0,Illustrations
17899387,9766.0,
2404597,1073598.0,
437639,1301649.0,
24777,3618.0,
24777,605373.0,Illustrator
7664041,8349.0,
15819599,4637539.0,
15819599,1065493.0,Narrator
10072160,1248068.0,
13412557,4443809.0,
1620912,1441.0,
1620913,1441.0,
11713891,4946569.0,
12391741,3389.0,
116435,8924.0,
17288193,6522373.0,
17288193,7462654.0,
18490635,5449042.0,
18490635,4837568.0,Illustrator
699564,9237.0,
18404115,1141209.0,
20505830,370361.0,
6121287,6461009.0,
14448616,4188120.0,
17910038,8685.0,
17910038,8691.0,
24763621,13414088.0,
15331,656983.0,
29238781,3405346.0,
29238781,7516300.0,
29238781,97284.0,
29238781,42411.0,
11864728,7581.0,
6586336,50873.0,
15563,9629.0,
21103678,363130.0,
10559622,346732.0,Editor
10559622,12052.0,Editor
10559622,17061.0,
10559622,58971.0,
10559622,41942.0,
10559622,42919.0,
10559622,14002.0,
10559622,8988.0,
10559622,119121.0,
10559622,6760.0,
10559622,13026.0,
10559622,725899.0,
10559622,1868743.0,
10559622,38313.0,
10559622,3617.0,
10559622,19522.0,
10559622,40563.0,
10559622,198305.0,
9765207,38598.0,
1994990,9494.0,
1994990,3524.0,Editor
1994990,10182.0,Illustrator
93768,869.0,
93768,868.0,
17262286,32401.0,
531792,16094.0,
12924261,225033.0,
304253,10765.0,
16005072,6525843.0,
17911119,790143.0,
423194,1654.0,
1099466,18451.0,
34670747,6875729.0,
15096092,6209780.0,
62556,20561.0,
44601,25027.0,
8046569,225455.0,
8046569,4393224.0,
25851812,123463.0,
6886931,83267.0,
127583,45613.0,
127583,26.0,
793109,116581.0,
10722525,6876215.0,
11515328,4798562.0,
6613576,150810.0,
6613576,362098.0,Translator
20596649,7453846.0,
3630983,6259.0,
8709524,137902.0,
6666645,326992.0,
15843876,3380908.0,
554772,52794.0,
554773,52794.0,
554771,52794.0,
554777,52794.0,
554774,52794.0,
30753517,8473432.0,Editor
30753517,5318567.0,Editor
30753517,1221698.0,
30753517,15401818.0,
30753517,488006.0,
30753517,7210024.0,
30753517,6690114.0,
30753517,219918.0,
30753517,4227825.0,
30753517,7106859.0,
30753517,15401821.0,
30753517,4565834.0,
30753517,240708.0,
30753517,1716138.0,
30753517,15401822.0,
30753517,1748829.0,
30753517,15401824.0,
30753517,8117442.0,
30753517,8475480.0,
30753517,5825228.0,
30753517,13781351.0,
30753517,5618752.0,
30753517,6466778.0,
6612542,2917917.0,
12959176,1441.0,
12959176,427839.0,
17571275,25052.0,
589897,10885.0,
589898,10885.0,
589898,2731071.0,
23005253,8073356.0,
3002302,19733.0,
22882069,7940084.0,
7826546,3408212.0,
5292853,40563.0,
305262,9494.0,
11717826,1567394.0,
479525,161908.0,
21519817,25422.0,
21519817,150038.0,
8041240,15872.0,
689225,2695.0,
50788,28550.0,
15832002,5360266.0,
13356675,874602.0,
11147422,3041100.0,
11147422,11664.0,
17320,10517.0,
17327,1221698.0,
17327,10763.0,Illustrator
17327,3201168.0,Illustrator
17327,2719.0,Illustrator
17327,38328.0,Illustrator
17327,10224.0,Illustrator
17327,3857327.0,Illustrator
3066856,17061.0,
21420065,8038673.0,
187812,11654.0,
10251703,37060.0,
12735457,4767792.0,
12735457,1368122.0,
14296667,421434.0,
20893316,7581.0,
20893315,1967.0,
25810025,77049.0,
15703332,47290.0,
6134776,347385.0,
10225657,8660.0,
9471670,1051591.0,
20603028,6947727.0,
24516043,1405152.0,
8755776,150038.0,
25638598,6447357.0,
17465470,34049.0,
970602,51422.0,
11603886,806500.0,
11603886,4918625.0,
5149517,2129854.0,
887895,7577.0,
19486421,10746.0,
19486429,7563203.0,
17159943,71688.0,
29935867,137902.0,
7739606,3098913.0,
18693743,4721536.0,
7858184,1375697.0,
17787229,5445209.0,
18486140,7166436.0,
8728427,4735.0,
8728427,321891.0,Narrator
15713700,28569.0,
25605400,7086094.0,
307354,177049.0,
22571670,2614.0,
22896,3502.0,
20775055,1429808.0,
22895,12991.0,
618260,23069.0,
31686500,8306309.0,
8062063,4698899.0,
8062063,1945379.0,Translator
13594857,5145815.0,
13594857,2869550.0,
13594857,3200239.0,
13594857,5814309.0,
13594857,2916205.0,
13594857,1628012.0,
13594857,5814311.0,
13594857,2809083.0,
13594857,4145664.0,
13594857,1379540.0,Foreword
13594857,4515355.0,
13594857,164576.0,
13594857,2232265.0,
13594857,4611175.0,
13594857,3016878.0,
13594857,4965551.0,
13594857,27206.0,
13594857,2936539.0,
13594857,4342615.0,
13594857,5043332.0,
13594857,2915782.0,
981674,494856.0,
16069167,3251728.0,
17827098,6604537.0,
6372499,7581.0,
526672,4698899.0,
526672,1945379.0,Translator
10578952,60577.0,
8393603,3020553.0,
2984004,153394.0,
2984004,1357326.0,Narrator
237012,133688.0,
237012,43989.0,
248290,61659.0,
15834810,6472261.0,
10780042,20248.0,
3391672,58997.0,
8432018,150038.0,
29467419,150038.0,
6676743,3127624.0,
559475,8659.0,
539392,6252.0,
6578055,1221698.0,
6578055,1233276.0,Narrator
9529872,3399330.0,
901687,7717.0,
5217282,25052.0,
6484173,98903.0,
31560400,1864374.0,
31560400,2973216.0,Translator
6192961,167605.0,
6192961,202311.0,
6192961,2738525.0,Reading
6498925,1141209.0,
12612356,88609.0,
17737211,7036109.0,
15747540,758992.0,
8137232,845139.0,
22621765,6569197.0,
13583766,150038.0,Editor
13583766,25422.0,
13583766,3091721.0,
13583766,119848.0,
13583766,26891.0,
13583766,3100200.0,
13583766,21981.0,
13583766,4086715.0,
13583766,1951011.0,
13583766,836009.0,
13583766,15292.0,
13583766,2699594.0,
13583766,2895706.0,
13583766,4126827.0,
13583766,24902.0,
18249394,7192612.0,Design
18249394,2924956.0,Illustrations
16059435,5390444.0,
24756394,13957.0,
24756394,277536.0,
24756394,2920678.0,
58978,17967.0,
24763130,2300692.0,
13531832,26417.0,
194091,113153.0,
15954310,5769764.0,
394878,224189.0,
6240539,131208.0,
7150647,31253.0,
7150647,203791.0,
7177275,8649.0,
17412895,10317.0,
1498424,97228.0,
1498424,211530.0,
1498424,322781.0,
1184366,23894.0,
6351939,445303.0,
46596,8596.0,
31147267,1762294.0,
29338223,2060858.0,
23012627,5571.0,
711003,58935.0,
10614636,41942.0,
7832159,211269.0,
23507745,9886850.0,
22733616,5265998.0,
22733612,5875014.0,
359495,205915.0,
427252,3619.0,
10421550,1857564.0,
3798897,4431689.0,
3798897,4431689.0,
8752906,2915851.0,
8752907,2915851.0,
29496376,590743.0,
10114321,4555930.0,
10084,6587.0,
20946046,7913325.0,
18114043,17061.0,Editor
18114043,81016.0,Editor
18114043,38550.0,
18114043,8685.0,
18114043,2860219.0,
18114043,215044.0,
18114043,60459.0,
18114043,71170.0,
18114043,44540.0,
18114043,58971.0,
18114043,823146.0,
18114043,39304.0,
18114043,2358.0,
18114043,114504.0,
18114043,11889.0,
6184378,107170.0,
32602009,15968367.0,
6366271,1221698.0,
6366271,2885905.0,Illustrator
22449299,15872.0,
26795866,5046525.0,
28524,869.0,
222577,7308.0,
11834447,87305.0,
9691496,23.0,
47916,26878.0,
16043630,2918405.0,
16043638,374504.0,
24952878,240708.0,
18874799,72451.0,
18874799,58971.0,
18874799,11508.0,
18874799,52047.0,
18874799,252353.0,
18874799,4994753.0,Editor
7154685,170443.0,
818801,57462.0,
2790537,567167.0,
153789,8596.0,
153783,8596.0,
153780,8596.0,
153781,8596.0,
153784,8596.0,
21874620,6868809.0,
13250486,4077598.0,
1099262,228898.0,
3040004,1304819.0,
3040004,5816.0,
16045121,2988389.0,
3772535,656983.0,
3772535,9545.0,Illustrator
3772535,5288510.0,Introduction
12279259,5752854.0,
73930,28083.0,
9633281,1194340.0,
578200,6986.0,
578200,2804058.0,Illustrator
441732,8110.0,
441732,781.0,
23704941,10613509.0,
837039,70574.0,
12039371,72678.0,
373051,8685.0,
373051,8686.0,
13568,8476.0,
13568,362098.0,Translator
13569,8476.0,
13569,362098.0,Translator
1301154,5369.0,
11438966,3353516.0,
847048,4070895.0,"Editor, Introduction"
847048,21578.0,Illustrator
847048,159.0,Contributor
847048,13479797.0,Contributor
847048,5832736.0,Contributor
847048,51422.0,Contributor
847048,880695.0,Contributor
847048,237153.0,Contributor
847048,36998.0,Contributor
847048,42249.0,Contributor
847048,20598.0,Contributor
847048,9494.0,Contributor
847048,12540.0,Contributor
847048,52005.0,Contributor
847048,2448.0,Contributor
847048,2995925.0,Contributor
847048,14266369.0,Contributor
847048,13387.0,Contributor
312080,131683.0,
312080,385574.0,Illustrator
312081,131683.0,
312081,385574.0,Illustrator
312083,131683.0,
312083,385574.0,Illustrator
17280573,6903911.0,
23846000,10803346.0,
12968407,3436661.0,
10606009,6268.0,
13411684,4175419.0,
583924,1429808.0,
7880149,648748.0,
427257,60177.0,
7106633,114283.0,
899200,3502.0,
7039218,669810.0,
21402324,7775152.0,
31183180,2860219.0,
13417737,5448225.0,
24781389,23417.0,
26068064,3178457.0,
3636515,5158478.0,
7944427,2789878.0,
7944427,4636983.0,
11,4.0,
10,1077326.0,
13,4.0,
14,4.0,
18,4.0,
4947316,8730.0,
12246929,4824952.0,
11303596,75497.0,
17262384,370361.0,
21911686,272922.0,
21911686,3525857.0,
9721669,4124325.0,
3246910,1139632.0,
7989500,7581.0,
13209542,5381542.0,
2255638,31232.0,
2255639,3020656.0,
15815401,3267859.0,
15815409,7078408.0,
8,1077326.0,
8,2927.0,Illustrator
22551747,14199.0,
22551747,9748.0,
25610768,14015124.0,
12925140,27140.0,
15791347,15298.0,
273511,27498.0,
9549533,6268.0,
15847865,6457589.0,
240420,1630.0,
240420,3942743.0,Artist
11686280,4938697.0,
4728684,1968553.0,
102143,9558.0,
892317,25307.0,
22319819,3064305.0,
6544353,356164.0,
13480259,26878.0,
1953965,202312.0,
8529230,4104358.0,
25739099,1407193.0,
1166994,9550.0,
1871863,123087.0,
19351259,2053448.0,
175348,99650.0,
30753993,14612081.0,
30612657,2909019.0,
16117438,4107314.0,
3292280,1394639.0,
30956356,15292.0,
18665088,25027.0,
247178,144405.0,
176711,45816.0,
18350798,415967.0,
16083206,5187310.0,
15995593,5360266.0,
10891197,3780.0,
395921,50873.0,
979597,1069006.0,
22756074,16625.0,
20263225,21748.0,
2702948,31253.0,
2702948,203791.0,
15841830,7577.0,
249633,31247.0,
6113686,573850.0,
6113686,26170.0,
17332590,1312879.0,
11607104,106.0,
11607103,106.0,
7100266,64364.0,
7100266,16155.0,
7100266,3149825.0,
7100266,2935342.0,
18242825,7190292.0,
24784,8924.0,
9227125,56019.0,
24780,8924.0,
6018080,155517.0,
6018080,54159.0,Translator
6018080,41773.0,Translator
6018080,6921.0,Translator
4602032,17061.0,
15997975,4195533.0,
6707608,2120001.0,
907102,656983.0,
907102,9545.0,Illustrations
907102,9533.0,Editor
907102,4709058.0,Translator
761235,589.0,
338119,1967.0,
18293857,6908249.0,
45110,25307.0,
45111,25307.0,
45112,25307.0,
22500627,1221698.0,
2049298,6206.0,
28260638,2860219.0,
28260638,7035546.0,Narrator
33005985,7711109.0,
26818907,6474348.0,
18981888,4684322.0,
18981888,3124176.0,Narrator
22632889,13652.0,
16181879,6592100.0,
12795973,110249.0,
16075836,4766257.0,
7238,9355.0,
7238,4845.0,
11871563,2768002.0,
13520274,5769884.0,
7007753,3125621.0,
11693075,79589.0,
668693,58.0,
15808475,2465550.0,
15808474,60177.0,
987507,497291.0,
987508,497291.0,
18490647,38550.0,
13611052,4370565.0,
7859755,3092531.0,
8061032,3491812.0,
12177772,5028484.0,
9266779,2096502.0,
875064,153394.0,
875065,153394.0,
215606,72451.0,
1178862,50873.0,
16240988,6150699.0,
7207765,3192110.0,
4624955,26796.0,
16279723,3353516.0,
16059379,2946451.0,
129311,57461.0,
129312,57461.0,
129313,57461.0,
129313,1287267.0,Illustrator
1650178,3400721.0,
1650178,954360.0,Translator
26114421,38550.0,
283022,108693.0,
8698083,9753.0,
29560280,14888993.0,
16110828,2063919.0,
16110828,4132657.0,Narrator
22662559,6968144.0,
21192477,5295120.0,
34452896,7084793.0,
13485625,1335180.0,
10181768,794667.0,
13447190,30279.0,
6956554,4698899.0,
6956554,1945379.0,Translator
40395,10885.0,
40395,22653.0,Introduction
6931344,3099544.0,
15808602,121825.0,
11801971,48192.0,
11801971,513829.0,
23587621,7906727.0,
16076847,6551996.0,
25996024,7168230.0,
25996024,358889.0,Narrator
9505528,590558.0,
2637138,10746.0,
2637138,1186079.0,Illustrator
25569124,8137512.0,
13226817,340054.0,
3186057,942248.0,
123668,43625.0,
398479,7132534.0,
259866,868.0,
3416337,272814.0,
1662589,221073.0,
880461,5169382.0,
21061684,2895706.0,
21061684,2895707.0,
29934239,323656.0,
22456224,15872.0,
15826107,3486415.0,
1079424,656983.0,
7091397,62444.0,
11163421,128970.0,
13597733,5815423.0,
17702284,346732.0,Editor/Contributor
17702284,12052.0,Editor
17702284,276660.0,Contributor
17702284,29593.0,Contributor
17702284,3141021.0,Contributor
17702284,725899.0,Contributor
17702284,10746.0,Contributor
17702284,8988.0,Contributor
17702284,58971.0,Contributor
17702284,53255.0,Contributor
17702284,17613.0,Contributor
17702284,38550.0,Contributor
17702284,24655.0,Contributor
17702284,142270.0,Contributor
17702284,21158.0,Contributor
17702284,852078.0,Contributor
17702284,3617.0,Contributor
17702284,4430.0,Contributor
17702284,14002.0,Contributor
17702284,3252210.0,Contributor
17702284,27841.0,Contributor
17702284,222813.0,Contributor
13274082,849723.0,
890167,87106.0,
18164677,7074909.0,
15520672,6162355.0,
17793570,588743.0,
8700723,2261547.0,
34878995,16693437.0,
6416052,50873.0,
27387162,4400405.0,
2700825,27206.0,
2700825,174708.0,
775973,191456.0,
775977,191456.0,
15798673,370361.0,
15798673,80760.0,Conception
15798673,3911856.0,Illustrator
6571771,1651952.0,
2924344,236020.0,
6787083,15987.0,
531468,293829.0,
12394148,4094154.0,
12394148,4712106.0,
113304,15873.0,
229148,8476.0,
229148,278879.0,Translator
5278010,38809.0,
10796565,275125.0,
25215400,3002235.0,
100924,1069006.0,
959334,13957.0,
27242803,14778718.0,
6366110,38550.0,
363852,99650.0,
6640070,10087.0,
13613563,7128.0,
13613563,5106204.0,
2930220,8349.0,
2930220,12434.0,Narrator
104765,41942.0,
342659,129262.0,
498192,65471.0,
364662,145307.0,
364662,16304.0,
364662,65334.0,Illustrations
18372538,6879348.0,
474072,1221698.0,
474073,1221698.0,
474073,10365.0,Illustrator
2181092,344067.0,
380203,216539.0,
6406015,304060.0,
6535079,4497.0,
21957948,8159417.0,
15772506,4388953.0,
13531834,9346.0,
13531835,17054.0,
13531835,5772144.0,Illustrations
692755,370361.0,
23346335,639491.0,
10552965,56019.0,
23378951,7210511.0,
9832204,4493935.0,
13519812,5769665.0,
32871581,7152490.0,
13411788,5382939.0,
19471715,5387551.0,
20949446,3178457.0,
25760792,14118411.0,
23497890,767547.0,
394749,27206.0,
394749,174708.0,
394748,27206.0,
394748,174708.0,
394745,1630.0,
13644322,965908.0,
17202851,88506.0,
10803856,2895111.0,
8642589,67481.0,
12681104,2905297.0,
22873044,7848979.0,
22873044,13851929.0,Illustrator
21496755,6538289.0,
26793013,14395977.0,
34270,19317.0,
15853094,6479279.0,
6319978,1857564.0,
13330785,346732.0,
833419,1654.0,
833418,1654.0,
15734731,3169806.0,
18114292,6561851.0,
32766757,16014964.0,
11551045,17015.0,
11551045,17010.0,
12882683,4633056.0,
15723916,5393357.0,
760690,8842.0,
17061,1221698.0,
17064,1221698.0,
17064,10365.0,Illustrator
7951497,1830698.0,
6881498,435114.0,
128946,1221698.0,
128946,10763.0,Illustrator
17612697,3396842.0,
21898402,2300692.0,
12244583,8056252.0,
24397043,33467.0,
11826332,6252.0,
11826332,494654.0,Narrator
11826332,8435196.0,Narrator
17339959,6925229.0,
20887429,7874327.0,
279668,1036736.0,
279664,1036736.0,
279665,1036736.0,
279666,1036736.0,
57064,989968.0,
7715664,375143.0,
30112512,5752145.0,
1885731,1077326.0,
