,author_id,book_id
0,4,"[6507988, 8706, 8709, 372299, 985159, 9813826, 613099, 16094002, 285985, 79259, 10439597, 358, 13484271, 862856, 17057264, 13535914, 22675091, 823528, 17707, 2591661, 286041, 31847104, 161493, 3501, 818472, 3112330, 357, 359, 365, 386162, 241798, 823660, 81644, 12, 16, 6315567, 6315566, 11, 13, 14, 18]"
1,10,"[15216, 14833682]"
2,16,"[1696917, 6254610]"
3,20,[19983]
4,23,"[19911, 19910, 19912, 19914, 19916, 6294228, 313268, 19908, 19909, 615945, 615941, 1708127, 30279, 15808851, 5995419, 8105613, 7044446, 6593385, 19913, 12793221, 96487, 2452326, 519655, 9691496]"
5,24,"[81042, 9727730, 15793149, 249855, 7304345, 11545694, 81039, 13177385, 4738393, 463033, 13262782, 220944, 13414149, 9191899, 28686905, 371638, 20299673, 20002, 10635363, 8428157, 13057774, 58, 92377, 81038]"
6,25,"[81042, 126437, 740038, 7416873, 92762, 92769, 781124, 249855, 92755, 81073, 81070, 81039, 11935, 491075, 2917367, 44328, 463033, 13262782, 81068, 81069, 258313, 220944, 25489443, 7894642, 50739, 19819, 77364, 77362, 9191899, 26196475, 81072, 10877155, 13595388, 7850063, 77353, 77355, 59, 141024, 19821, 19823, 19822, 1448631, 939334, 816991]"
7,26,"[471560, 471562, 410927, 1598837, 6014861, 61974, 398218, 177928, 177927, 61967, 61965, 480569, 7416873, 24866, 24869, 177911, 61922, 61926, 61924, 61928, 96460, 738228, 8138331, 238959, 231012, 61931, 444100, 177938, 664553, 61970, 61975, 61976, 24872, 24870, 24874, 465904, 673252, 127586, 127584, 797088, 61938, 491076, 1996409, 574676, 177001, 614558, 176850, 77563, 238961, 412820, 797077, 797074, 797079, 203288, 127567, 20076, 20074, 20075, 20078, 28543, 28541, 177945, 61963, 61940, 61942, 2266884, 20082, 28547, 96458, 491087, 9518461, 127566, 77232, 32332687, 653711, 412816, 987217, 639095, 7757584, 61958, 61959, 61953, 61950, 61957, 13099180, 6473157, 28553, 2386345, 96463, 127583]"
8,27,"[2504935, 127122, 68765, 81012]"
9,31,"[7959022, 291514, 19852, 19855, 291693]"
10,38,"[18050226, 23156342]"
11,50,"[7242941, 2240429, 9835932]"
12,56,"[17910044, 99218, 20252, 11754793]"
13,58,"[1000049, 1685995, 103, 106, 104, 1022825, 53726, 991909, 53732, 780894, 5022352, 25772375, 17662622, 13249366, 234225, 53747, 1437283, 117902, 11273438, 42432, 117899, 668693]"
14,60,"[31014504, 119]"
15,106,"[317521, 317522, 317523, 11843, 11841, 605562, 1258928, 13415723, 1309367, 865964, 18130, 6405143, 1148896, 2086389, 177358, 839741, 7619, 1068841, 159069, 865963, 452406, 195816, 22878833, 18131, 452409, 151370, 24761, 839776, 177363, 409583, 77275, 77276, 117980, 13057774, 22068123, 895953, 11607104, 11607103]"
16,159,"[6254610, 771204, 847048]"
17,192,[11768308]
18,205,"[16690, 355, 50852, 50856, 3242353, 16688, 16686, 349, 1061925, 1061927, 121586, 120273, 7708731]"
19,209,"[14977, 227570, 55453, 367]"
20,214,"[497118, 16468, 853871, 714603, 10623784, 378]"
21,235,[526652]
22,236,[108039]
23,317,"[5739760, 2871256, 7840832, 10869776, 7455727]"
24,500,"[929587, 16568]"
25,545,"[32075825, 2246092, 12853150]"
26,566,"[4008, 1426, 53806, 9475900, 53812, 70746]"
27,585,"[93282, 4097025]"
28,589,"[13579397, 10264769, 28729, 267768, 92956, 170972, 126437, 7416873, 12040447, 31351, 31352, 31354, 31357, 418273, 1856301, 210482, 11736574, 15793068, 10148930, 17452242, 92923, 24441, 18668428, 10803222, 544482, 92961, 10627280, 120240, 7957, 7956, 77563, 40304, 724283, 8100267, 40271, 95573, 13600356, 92974, 9265891, 40287, 9534, 13167096, 7962, 7964, 7965, 7968, 3264918, 2183571, 76827, 40303, 3030779, 77232, 2316941, 40290, 31361, 60824, 2158376, 7971, 7973, 171125, 1448631, 16108066, 23847922, 761235]"
29,607,[770794]
30,616,[2223324]
31,625,"[26049, 26046, 685379, 16158558, 114149, 24611454, 3094593, 3985660, 34311452, 114190, 31313, 114218, 59822, 59829, 762053, 762011, 30280, 2195309, 17781, 114215, 59833, 59830, 248682, 114122, 682137, 18754961, 114163, 294158, 40491, 27209407, 114206, 8498031, 407234, 18527947, 24035668, 28432251, 23463234, 1541223, 1110282, 9324970, 59819, 575112]"
32,663,[6907879]
33,686,[7123161]
34,771,"[23399228, 17560541, 14759306, 26210, 26212, 3233381, 30254933, 13547802, 15843287, 21399241, 12390039, 5168977, 26892072, 17981403, 29993747, 18527499, 16043628, 20628555, 26892060, 26207]"
35,779,[92377]
36,781,[441732]
37,811,"[1226, 8244021, 6093294, 8530685, 317818, 13356690, 15939146, 170453, 16044296, 1229, 4214, 826373, 7850063, 820599, 680938, 477725, 6375914, 820602]"
38,815,"[17655238, 13623012, 9790778, 9440324, 18773989, 3372431, 13642229, 4513, 13369595, 9837489, 7128341, 21043488, 12291506, 12814595, 6340843, 15725141, 15818410, 12355553]"
39,868,"[68380, 260025, 29169, 28471, 28478, 1082252, 260220, 259836, 2029736, 17742026, 259897, 362787, 2399403, 1082246, 28507, 259841, 603268, 534415, 29187, 1307, 28483, 28482, 28481, 28485, 28484, 68378, 28514, 28271, 28539, 28533, 259858, 668860, 92909, 534420, 23454, 29118, 29119, 7724995, 93768, 259866]"
40,869,"[5372, 68380, 260025, 29160, 29169, 28471, 28477, 28478, 10314147, 1082252, 260220, 259836, 28474, 1886019, 2029736, 16059418, 259897, 362787, 2399403, 1082246, 28507, 603268, 534415, 29187, 1307, 28483, 28482, 28481, 28485, 28484, 68378, 28514, 28271, 28539, 28537, 28533, 259858, 668860, 92909, 534420, 23454, 29118, 29119, 93768, 28524]"
41,870,"[362888, 2401681, 1492132, 317484, 362877, 362875, 6261200, 463078, 10376272, 6395698, 4916680]"
42,903,"[1375, 4823586]"
43,925,"[1160083, 2703450, 21353, 6471230, 6471231, 305088, 7822778]"
44,947,"[14350, 108166, 1622, 7737848, 18580984, 7012, 33155, 6746528, 7009, 4569906]"
45,1005,[1375]
46,1223,"[20929, 13832, 463078, 14002, 937727]"
47,1240,[120240]
48,1244,"[679364, 7505560, 102565, 1250770, 536653, 162898]"
49,1265,"[5899779, 6425725, 6499670, 7090785, 6508774, 7089277, 25852920]"
50,1272,[18113422]
51,1315,[7094418]
52,1332,"[7103829, 744322, 744320, 744321, 2903049, 6449920, 10564967]"
53,1432,"[23848124, 7945295]"
54,1435,[762783]
55,1438,[120240]
56,1441,"[12870151, 2234033, 6760380, 125956, 125955, 10791807, 456028, 2316940, 6052140, 4789801, 5080018, 2234034, 1620912, 1620913, 12959176]"
57,1448,"[10393851, 424609, 13129274, 739891, 28114552, 7945295, 32073069]"
58,1582,"[23596, 1362112, 73574]"
59,1583,[2330]
60,1606,[651440]
61,1612,[7637398]
62,1624,[6254610]
63,1627,"[409594, 363711, 23306321, 18635622, 21063]"
64,1630,"[120566, 2969455, 761381, 84405, 54607, 12107990, 628445, 9630, 876208, 76783, 74586, 1930326, 6313798, 24830, 13259261, 91885, 91884, 6661321, 369540, 10452604, 22530, 9628, 9626, 248596, 18171953, 13329252, 639846, 760920, 10281024, 424975, 3339422, 11390, 11212021, 1091582, 1851687, 1059682, 120552, 23743745, 9638, 9634, 2969684, 57977, 776283, 771204, 93251, 50035, 117888, 240420, 394745]"
65,1631,[34264]
66,1654,"[149864, 537050, 48002, 12067, 34542, 34541, 34540, 10661424, 34495, 34492, 64305, 1001564, 2429032, 567657, 567656, 567653, 18908825, 6267775, 7962617, 618221, 325379, 20493947, 20555440, 233674, 233679, 34484, 20494169, 2855034, 1191652, 884288, 386375, 386374, 386373, 386371, 149847, 64222, 64221, 64225, 20493888, 8478133, 20906536, 7853705, 399415, 34510, 34511, 34515, 34517, 34519, 596878, 6058533, 1974134, 16054816, 229318, 6257523, 533625, 7557548, 833428, 833429, 833423, 833420, 833426, 833427, 833424, 833425, 23590526, 13425505, 989036, 989030, 833468, 149865, 116295, 1191527, 797189, 386372, 181010, 78878, 78876, 601238, 601239, 61651, 61653, 386366, 16248074, 13515493, 116296, 491075, 20555446, 15818476, 15818475, 13147230, 20493713, 21887138, 833493, 64217, 19540829, 62530, 7881001, 29394403, 400356, 400354, 2442, 61668, 12300570, 763504, 34529, 34528, 34522, 34524, 34527, 7739862, 23347067, 474059, 618207, 833438, 833430, 833436, 149839, 6250169, 2830421, 34507, 6083211, 6083210, 597040, 567670, 23346759, 596884, 288680, 938424, 938425, 200711, 386282, 13536273, 533613, 64468, 513534, 513533, 618145, 846092, 64385, 18248435, 18090153, 797191, 828352, 61642, 13620781, 338723, 23346526, 16113738, 27823743, 13418329, 47989, 17836100, 64144, 8785374, 22522818, 3202026, 833422, 15715530, 400345, 18460044, 12976678, 2424593, 1938308, 177978, 27245604, 34539, 34532, 34534, 597033, 3116026, 9419372, 77232, 13003102, 596930, 395949, 2728900, 802929, 12070, 325365, 17167572, 1039264, 25324129, 596897, 596896, 833444, 833445, 833447, 759837, 63720, 20493914, 11275323, 233664, 233669, 34494, 34497, 34496, 34493, 34499, 34498, 181036, 6341533, 515619, 13536349, 7187728, 7576115, 533609, 47994, 47990, 47998, 16113693, 15818566, 13536272, 13536811, 386368, 16127190, 22886868, 22570746, 833499, 833496, 64216, 64218, 64219, 149863, 13153953, 15796725, 12924371, 64333, 960658, 960659, 34506, 34504, 34503, 34502, 34501, 34509, 34508, 423194, 833419, 833418]"
67,1656,"[23490954, 22926502, 13417066, 10790180, 8140709, 25278490]"
68,1724,[12730052]
69,1749,[2368381]
70,1831,"[755011, 41575, 219159, 6262281, 118062, 375815, 7733, 7735, 1095560, 3079691]"
71,1858,"[41122, 29570143]"
72,1949,[10788968]
73,1954,[12759]
74,1967,"[13589141, 7118679, 17131858, 7945006, 9510104, 7269507, 141454, 156492, 9637907, 176408, 176406, 175312, 2240429, 338139, 338131, 338132, 489718, 28941103, 6307037, 89628, 176405, 10773311, 140098, 317121, 338122, 338121, 17859577, 14002, 2348596, 7508223, 60738, 762156, 740042, 3103806, 13515074, 5552232, 338118, 338117, 16074215, 20893315, 338119]"
75,1977,"[1095395, 544331, 271248, 4792273, 13731, 13730, 2883, 6279561, 6419543, 271258, 13735, 13733, 10225194, 271263, 271261, 271262, 271264, 271265, 271266, 18143812, 13727, 13728, 2323296, 2323295, 13729, 2946056, 2882, 2881, 2880]"
76,2041,[322920]
77,2046,"[219182, 937105]"
78,2130,"[17133624, 18967213, 24000720]"
79,2226,"[6528962, 3275]"
80,2238,"[3304, 149169, 16526, 16529]"
81,2331,"[17081065, 15041918, 17900212, 19428095, 13624688, 15956687, 17676230]"
82,2353,[3479]
83,2354,[3479]
84,2355,[3479]
85,2356,[3479]
86,2357,"[2794955, 5577077, 10428848, 21857321, 225669, 33574150, 7997987, 263179, 7721198, 13455417, 29875893, 18480587, 11437971, 1293450, 6545740, 225668, 17331424, 4311773, 3479]"
87,2358,"[17131858, 20893389, 16244759, 2871250, 7172680, 25111052, 3479, 18114043]"
88,2383,[20168816]
89,2384,"[12275680, 16054801, 23012480, 12990947, 9719614, 8255965, 8205669]"
90,2387,"[614866, 3120541, 29624, 29623, 15765663, 6908832, 20821265, 6275436, 331005, 6305025, 2974804, 13483502, 10600187, 29619, 9540596, 186870, 15810877, 28110115, 8331368, 29617, 8702030, 7268841, 337943, 1723927, 23659059, 186793, 10273328, 689486, 186859, 10889249, 8998906, 1107543, 1107545]"
91,2401,"[33482, 817829]"
92,2413,"[23596, 541923, 682742, 577555, 174948, 1412852, 670810, 179579, 179576, 444381, 444380, 444382, 859561, 8735907, 349560, 269713, 613687, 268187]"
93,2448,[847048]
94,2454,"[16248247, 16248246, 6313798]"
95,2493,"[2424001, 12931]"
96,2495,[3638]
97,2514,[72625]
98,2526,"[15927006, 25985241, 346282, 304306, 15783083, 7171748, 25489888, 11545694, 13129274, 6382952, 7728889, 634771, 15780558, 3682, 127459, 12189496, 13642237, 13641916, 51428, 5168977, 219760, 16060716, 18685210, 15958916, 862136, 862137, 10635363, 488718, 17899351, 3042227, 26521836, 24716836, 601719]"
99,2546,"[13414674, 17262208, 7637398, 10477364, 9912994]"
100,2562,[15703795]
101,2594,"[308449, 6478502, 8431461, 2721211, 114544, 156299, 308450, 308453, 5961342, 308452]"
102,2607,[8414756]
103,2612,"[6926983, 3852]"
104,2613,"[694074, 99715, 3852]"
105,2614,"[519663, 2888317, 592806, 6294228, 1707240, 51286, 319639, 13131080, 168323, 6177493, 1999627, 1708127, 17886050, 11540546, 582812, 15808710, 767547, 7831146, 2981807, 1678741, 8262172, 9514590, 5552542, 3671415, 869068, 8246566, 432058, 18395849, 10552287, 348660, 519655, 281831, 3852, 22571670]"
106,2615,"[626721, 3852]"
107,2678,"[7933156, 3609756]"
108,2687,"[9732198, 11290, 6631944, 11286, 3689171, 77566, 16078432, 11280, 3973, 3979, 3302568]"
109,2695,[689225]
110,2715,"[2246092, 424609, 6313798, 16705, 16702, 13590724, 7505560, 12344319, 6505011]"
111,2719,[17327]
112,2745,"[20168816, 3689171, 909351]"
113,2828,"[4117, 8600966, 6318119]"
114,2902,"[6261122, 9628653]"
115,2918,[57913]
116,2927,"[17347379, 1294624, 121121, 17347383, 17347382, 17347380, 17347381, 1, 99298, 72192, 50968, 7, 77522, 77523, 1138943, 49852, 6318119, 3, 136251, 15881, 17347384, 17372039, 49130, 71643, 2, 6, 8]"
117,2988,[6528962]
118,2991,[33489]
119,2998,"[770794, 108569, 108566, 11797285, 26241281, 108571, 89626]"
120,3087,[508517]
121,3095,"[18453183, 7824013]"
122,3190,[6254610]
123,3203,"[28199, 8597727, 857639, 7531409]"
124,3231,"[77307, 1548325, 818540, 34941, 599090, 160859]"
125,3242,"[23596, 116591, 179639, 715058, 60177, 60179, 179668, 430480, 179565, 60166, 769060, 316113, 135284, 533690, 765301, 765300, 560635, 560637, 762677, 548260, 16102236, 765296, 638559, 358488, 135288, 833135]"
126,3299,"[871431, 849126, 10536993, 471966, 7785917, 763471, 24292310, 9875, 4835, 1000014]"
127,3305,"[443765, 541931]"
128,3354,"[11298, 23267242, 10364849, 15822564, 12344319, 46134, 23128304, 818111, 20629795]"
129,3371,[13329252]
130,3389,"[13579397, 249867, 6163754, 1589604, 764484, 17288638, 5414, 5415, 5418, 5419, 18127, 18128, 1454116, 1454118, 13083038, 1081372, 534676, 10611, 655707, 97126, 34430839, 656420, 94764, 94767, 12106746, 25111061, 13574640, 493808, 6740409, 30983474, 30983471, 30983478, 342445, 29430675, 29430671, 29430670, 1008042, 32071039, 866502, 5098, 5091, 5092, 5093, 5094, 5095, 5096, 9917996, 830497, 17944, 6313798, 18528453, 13083063, 27426624, 1011193, 542820, 13382321, 16044447, 644171, 6661321, 577177, 329108, 34084, 22550, 4908464, 10607, 822912, 35479812, 1360681, 11743019, 9813753, 534678, 5399, 43615, 7505560, 12566951, 13444, 995103, 12344319, 682736, 6599011, 12203201, 13497742, 17323860, 848162, 6356190, 228191, 12697885, 15015023, 995127, 13573634, 22549, 249992, 539127, 458450, 18004, 18003, 815435, 815434, 815436, 7455727, 6340422, 11597, 11590, 59219, 437133, 13155183, 34623666, 34466922, 13492880, 29430737, 25013418, 30622162, 995116, 13497287, 942573, 36320, 644283, 12982158, 12754892, 77232, 1589581, 18596555, 493809, 10626, 18114, 7850063, 18072, 408855, 408854, 408853, 25228309, 11232016, 12274389, 27257485, 29430673, 228202, 149267, 771204, 452318, 23512999, 367638, 32198259, 924765, 924762, 3365119, 995123, 4978, 27776403, 3302568, 12090838, 12391741]"
131,3406,"[23156342, 7912998]"
132,3441,"[19477973, 914886, 253046, 4361989, 7976212, 272825, 121127, 761732, 604803, 253058, 618241, 3318765, 29939366, 17317908, 5038, 4016992, 2909731, 43893, 43892, 43890, 8598554, 6311614, 77232, 410910, 23848607, 9498485, 12208526, 234184, 43884, 43886, 43887, 43888, 43889]"
133,3469,"[7508223, 452157]"
134,3470,[342445]
135,3472,"[13329252, 341272]"
136,3500,[159069]
137,3502,"[1366744, 6636138, 34037113, 20971472, 527923, 13329252, 842471, 1281393, 34466968, 816297, 333118, 333115, 12463444, 1148457, 18516113, 195672, 22892, 410615, 22896, 899200]"
138,3504,"[13329252, 2460633]"
139,3524,"[13579397, 15806786, 770794, 6313798, 7637398, 36314, 22238188, 739891, 6505011, 7455727, 371638, 7945295, 771204, 81038, 1994990]"
140,3565,"[45685, 5313289, 779002, 514150, 163716, 2298136, 22181606]"
141,3583,"[28729, 120240]"
142,3602,[53086]
143,3617,"[6375862, 17910665, 21531492, 18885585, 15793066, 77563, 13758481, 6714177, 7841656, 10559622, 17702284]"
144,3618,"[827968, 45492, 18122, 839967, 832116, 937706, 838865, 827970, 2225238, 34128219, 567665, 15849807, 283870, 23977361, 24774, 11785598, 26023794, 119322, 312399, 305307, 1022883, 394363, 953271, 1067325, 2098158, 394365, 9307699, 45480, 114280, 13554713, 16126208, 123070, 828388, 18115, 24937342, 77472, 832143, 1189906, 1006821, 12699042, 70947, 70949, 312407, 24777]"
145,3619,"[61998, 359581, 304687, 620486, 147908, 7416873, 1124895, 62005, 62004, 216369, 397400, 239924, 737453, 756980, 8493781, 316876, 1025149, 2216760, 939645, 536790, 62016, 62017, 62012, 463078, 239922, 239917, 13824, 61986, 28807, 116982, 8168507, 1117637, 1332162, 92121, 5367, 13821, 13827, 61994, 15817226, 7082, 427252]"
146,3624,"[3249541, 972188, 1400424]"
147,3625,[592158]
148,3626,"[429142, 675314]"
149,3636,"[13518388, 24662406]"
150,3651,[362636]
151,3681,"[8480676, 7135858, 9750937, 7839201]"
152,3780,"[12063158, 11946245, 10854410, 3933078, 1829709, 33676, 6987557, 6987550, 6387565, 8014225, 952769, 552886, 71629, 6431790, 8887031, 7048880, 1102162, 7885091, 6438404, 13380664, 10909677, 828627, 7125335, 10778413, 10778410, 6950567, 22208238, 13152, 18070688, 955157, 7294912, 13139, 2730022, 895072, 3173559, 9818474, 552889, 7821931, 7821932, 14780701, 6885957, 8767117, 3393124, 7821929, 10264676, 7646805, 5601088, 9960624, 7201913, 11603726, 10891197]"
153,3843,[2190742]
154,3873,[47323]
155,3912,"[21412133, 9727730, 10839173, 602699, 24998915, 11060998]"
156,3947,[16568]
157,3948,[320377]
158,3953,[654972]
159,3961,"[9466840, 13069874, 20665577, 16071377, 1890387]"
160,3995,"[116475, 116473, 116471, 116470, 3100159, 2272641, 7573098, 811335, 119489, 212682, 13575605, 212671, 212672, 44369, 11962191, 573918, 119491, 15757202, 212679, 5155532, 155238, 239248, 25529318, 1105380, 119490, 119492, 119493, 119494, 119495, 245462]"
161,4005,"[11711794, 673025]"
162,4008,[5886]
163,4035,[4863441]
164,4045,[408853]
165,4099,"[141757, 540489, 248584]"
166,4106,"[51106, 51104, 51105, 763538, 44328, 6052, 1382868]"
167,4145,"[658242, 469208, 7146831]"
168,4174,[3302568]
169,4201,"[21525757, 13052105, 13325005, 15737851, 8585178, 7850694, 10575508]"
170,4260,"[5985499, 532266, 2173611, 34281, 34282, 34283, 34284, 34286, 34287, 34288, 114521, 114520, 6375862, 3267488, 7416873, 6294, 6764886, 1018241, 1018243, 1017777, 16248247, 16248246, 47536, 11777864, 13759, 367162, 853871, 47581, 47587, 7637398, 2141877, 11736986, 11736985, 1018215, 444313, 836267, 7882025, 47510, 47514, 114510, 6609580, 402023, 607704, 44328, 367158, 34427, 2294528, 444316, 444314, 444315, 18651982, 244572, 642449, 47528, 47525, 47521, 47520, 3267466, 18107099, 47567, 860520, 828879, 2294535, 18932, 462169, 9951114, 11698983, 519933, 1416784, 47508, 6497526, 34290, 47570, 47571, 47572, 475151]"
171,4263,"[6297, 17571527, 34427]"
172,4280,"[28245487, 22522805, 25065179, 22536182, 25852735, 28960122, 23216043, 22706570]"
173,4333,"[8724659, 1400307, 6393, 6394, 54487, 6402, 6401, 6406, 6404]"
174,4335,"[1400307, 6393, 6394, 6401]"
175,4338,"[13579397, 7416873, 3689171, 7972041, 491075, 8997810, 20695297, 219107, 77563, 252838, 1408114, 252969, 6714177, 10575798, 77232, 18596555, 449261, 3302568, 7022843]"
176,4345,[11212021]
177,4427,"[20736630, 30073153, 55453]"
178,4428,"[20759393, 13450339, 20759641, 17164644, 13547873, 12908993, 17334529, 30333115, 25494344, 31453592, 8534799, 7872180, 18746546, 16145662, 9779851, 9674479, 7933795, 12988016, 6294553, 1611656, 6625, 435045, 7098304, 2003625, 18748007, 16066445, 10790516, 14383, 14384, 13546450, 29430690, 8158993, 8158992, 3585344, 6337006, 18775652, 18404870]"
179,4429,"[960764, 1018925, 1054581, 6625, 1229977, 582663]"
180,4430,"[490276, 5739760, 6058042, 84136, 84139, 38522, 6599344, 6910709, 17332310, 4352708, 84144, 84145, 84146, 84147, 84142, 84149, 13508220, 18159196, 84183, 22046891, 9065265, 3122173, 6372263, 61823, 84150, 3992020, 9645248, 23492109, 17910665, 685455, 18885585, 2871256, 10319157, 16172171, 10857421, 470916, 15842216, 22559712, 9676673, 21944038, 84135, 84134, 9447878, 13508217, 25868031, 6875162, 626688, 626681, 626686, 7200351, 1746470, 84176, 7046493, 2992069, 2992065, 2992061, 8677937, 25111052, 6625, 84133, 84132, 2227031, 7775742, 17206636, 1339851, 13380480, 6944032, 10649555, 27158834, 18090081, 22559726, 84140, 304026, 18404246, 32672519, 2299110, 7889416, 3246224, 32768515, 22719550, 5585300, 490403, 4916680, 476692, 15767586, 869924, 21858682, 6434232, 12886599, 6696602, 13079147, 84158, 84151, 84156, 84154, 72625, 23848002, 7869757, 20868595, 6567284, 12077553, 6353009, 12019355, 9721638, 3262139, 18216813, 17702284]"
181,4432,"[8131227, 818360, 148809, 16043857, 13316328, 27005, 27002, 27003, 27000, 27001, 560721, 17165026, 2291458, 13001274, 963683, 535174, 20256556, 676817, 107375, 107378, 2113260, 8813018, 828364, 6628, 77022, 838150, 7739723, 20588905, 2246937, 828395, 11464424, 11297320, 13589159, 13244718, 7031306, 107379, 8513950, 26999, 954208, 17165902, 8725325, 579553, 559747, 2113261, 828409, 107390, 77021, 77020, 11821546]"
182,4489,"[497118, 682742, 774449, 444382]"
183,4497,"[47580, 1169354, 7798872, 23854, 23853, 6535079]"
184,4522,"[1122026, 48420, 2575034, 20893389, 536520, 7966168, 373915, 12344422, 2696305, 13538703, 6721385, 10857421, 4633273, 48435, 48430, 48433, 7234748, 10869776, 1851937, 7441970, 140098, 25111052, 293389, 389519, 23471830, 293476, 23848098, 17910096, 821126, 18090081, 3567035, 13167096, 1598068, 9939156, 26241281, 48580, 2385397, 4443319, 837910, 16058665, 7102544]"
185,4605,"[11256624, 9415962, 12814556, 7823524]"
186,4636,"[7923183, 10864459, 3109566, 6195236]"
187,4708,"[303251, 519663, 1561766, 398129, 313268, 5547594, 6970, 762342, 22930, 519655]"
188,4735,"[7882806, 15804098, 17166341, 7021, 9464737, 7023, 7022, 7027, 7026, 7024, 7029, 7028, 12794678, 232647, 11407130, 35807, 6838961, 6382661, 12246388, 8782399, 17981406, 35808, 35806, 3301645, 1553885, 8728427]"
189,4738,[93383]
190,4743,"[16600, 16597, 16599]"
191,4747,[7113]
192,4763,"[6034660, 3077004, 6929490, 6053172, 2102600, 17156415, 88071, 6470498]"
193,4764,"[6696927, 226486, 10848789, 216368, 216369, 590036, 6661321, 80238, 34403549, 315939, 612963, 14185, 12346742, 516036, 65018, 894352, 13051265, 13793239, 7083, 7082, 581125]"
194,4766,"[94729, 462448, 462451, 176892, 915341, 462379, 491075, 222366, 289150, 662286, 176867, 13057774, 462389]"
195,4785,[506128]
196,4794,[1707287]
197,4821,[252205]
198,4845,"[6163754, 17910044, 5739760, 760573, 21337, 18184424, 2871256, 10857421, 6458788, 99218, 7840832, 13542294, 28941103, 10869776, 13771833, 6014190, 7302400, 7864452, 18090081, 15817010, 508499, 20607958, 849113, 376663, 13592828, 9302745, 20252, 11754793, 24612470, 7238]"
199,4861,"[7263, 6328409, 2933286, 21277, 1061262]"
200,4938,"[7332, 797113]"
201,4941,"[7952502, 13730598, 9687450]"
202,4942,[7341]
203,4945,"[24694233, 7345]"
204,4947,"[1476260, 443765, 14691, 36316, 3218173, 541931]"
205,5095,[7102544]
206,5098,[6809339]
207,5116,"[497118, 16468, 714603, 10623784, 378, 120526]"
208,5122,"[21816324, 22565395, 18635092]"
209,5132,[6254610]
210,5148,[43780]
211,5152,[6313798]
212,5194,[147646]
213,5223,[12344319]
214,5238,"[12431868, 8806781]"
215,5285,"[424609, 17707758, 6721385, 7945295, 7850063]"
216,5286,[79088]
217,5329,"[1205572, 7980, 7983, 7987, 7989, 1046363, 201345, 2856130, 281921, 6177411, 450225, 7993, 7997, 7996, 7994, 7999, 7998, 58092, 140138, 99085, 7981, 8702912, 8004, 8001, 423098, 130352, 201354, 281954, 7979, 7974, 7976, 281913, 281912, 201341, 201342]"
218,5339,"[7642463, 1001563, 2828595, 3080279, 99441, 222656, 222659, 131936, 8220527, 81039, 802594, 222669, 17465456, 41431, 222660, 8093, 8091, 6352686, 77368, 77366, 77367, 41423, 149338, 7507951, 222672, 763481, 8084, 8085, 8087, 8088, 8089, 1106545, 2868646, 10103367, 284695, 407813, 8092, 8090, 1124884, 41424]"
219,5345,"[776910, 731821, 289590, 6352686, 8085]"
220,5351,[2042956]
221,5369,"[1267905, 6600527, 18371691, 3137561, 26575, 279562, 25295, 279545, 30978, 10818702, 28539, 100427, 8178, 279588, 279583, 26025681, 1301154]"
222,5376,"[40885, 332032, 951749, 68582, 40893, 2414039, 3689171, 6386834, 872816, 40866, 40869, 468144]"
223,5438,[7099460]
224,5489,[6027716]
225,5542,"[1781673, 6871031, 328787]"
226,5571,"[18160216, 23012627]"
227,5602,"[1691307, 991909, 13484252, 13493042, 539911]"
228,5621,[1801939]
229,5622,[120240]
230,5657,"[3607590, 563315]"
231,5735,[39058]
232,5773,[36020]
233,5774,[30256272]
234,5791,"[13133307, 13533691, 13533709, 10077103, 117991, 6721385, 13533683, 86666, 10366637, 13135342, 1993860, 13412078, 17993060, 8908, 1819013, 8488204]"
235,5815,[13513419]
236,5816,"[738754, 7128767, 588704, 861541, 1712569, 1066078, 8968, 8963, 8962, 8960, 8967, 8965, 1065971, 8957, 1172383, 20413430, 10798722, 164726, 164722, 164720, 164721, 8952, 7045752, 864835, 9640837, 864798, 8951, 172258, 861540, 6336078, 8955, 861539, 172257, 53168, 2164409, 6747003, 7823800, 6556261, 1199972, 8949, 8948, 172262, 9456611, 156172, 20413494, 20413502, 10890702, 6699311, 8966, 5739076, 5739075, 12924379, 6147366, 1066081, 1019873, 6856011, 2169313, 588670, 8992, 1331644, 2488435, 164719, 164718, 3029879, 3040004]"
237,5829,"[288756, 288759, 5585180]"
238,5833,"[346282, 6256729, 910676, 8983, 9191899, 139418, 30324]"
239,5845,[413492]
240,5918,[10690]
241,5951,"[92143, 6433834]"
242,5989,"[18490551, 6163754, 104917, 126437, 6375862, 15793149, 7416873, 271060, 447937, 10393851, 201054, 122096, 122097, 13589131, 21816737, 17864396, 397400, 22701387, 249855, 7304345, 13721357, 122104, 16101137, 270641, 6124224, 491075, 34218720, 100489, 4738393, 463033, 13262782, 10471419, 739891, 7061706, 13414149, 2865290, 9191899, 11426110, 371638, 228391, 10877155, 81148, 18596555, 363416, 13057774, 122126, 13227699, 141024, 499269, 1448631, 282201, 135433, 16108066, 81038]"
243,6108,"[12160866, 9329]"
244,6169,[6528962]
245,6206,"[16132671, 13221028, 227779, 227778, 9297525, 6933901, 444462, 2854962, 6554666, 862356, 21318, 106129, 47881, 47876, 47878, 47870, 106131, 2049298]"
246,6209,[873746]
247,6223,"[699198, 641637, 594452]"
248,6234,[12939838]
249,6244,"[11795449, 22675928, 25861903, 10552088, 6632166, 1033662, 30842347, 137896, 6391901, 2295534, 6303533, 555500, 861167, 6275997, 15755709, 525751, 525752, 34262, 34263, 9531, 126018, 131161, 20322287, 18296022, 3246035, 953260, 8329766, 22540276, 6582080]"
250,6245,"[10552088, 1033662, 6303533, 555500, 861167, 525751, 525752, 34262, 34263, 9531, 126018, 131161, 3246035, 6582080]"
251,6252,"[15793077, 7743162, 18050012, 228665, 187065, 700769, 7303820, 618166, 618162, 865324, 1111615, 140974, 8253920, 242793, 8675071, 7743175, 6374361, 13169857, 1111608, 1111600, 233649, 618171, 113435, 1166599, 7303819, 22369392, 10644631, 867544, 23847904, 359820, 7141427, 187049, 893763, 893762, 893761, 893760, 372306, 1001544, 7932486, 891674, 9539, 140975, 830981, 13895, 13890, 13891, 1190036, 16052859, 34897, 332210, 13513483, 13513481, 77232, 1231807, 893759, 618158, 6718729, 568473, 22369377, 13888, 35234, 35232, 35233, 35231, 10388881, 539392, 11826332]"
252,6256,"[15824168, 8679140, 12437907, 10393851, 7762834, 14002, 153219, 7920255, 13548142]"
253,6259,"[244475, 20821386, 599957, 13543005, 15808433, 13075659, 28504480, 458314, 194003, 24611620, 458322, 228564, 6544020, 627720, 15808311, 3630983]"
254,6261,"[71894, 18122693]"
255,6262,[125755]
256,6268,"[303251, 7095698, 9553, 10993032, 163294, 4945081, 10240153, 17828166, 22152434, 64028, 28866, 25885292, 22151672, 7705774, 28815449, 27774651, 27209430, 180426, 15706711, 313269, 313268, 313263, 313262, 313260, 313267, 313266, 313265, 12823428, 490130, 33000428, 23659164, 13149204, 8736477, 9505042, 6696843, 108385, 282783, 3553722, 490211, 490216, 6577773, 287631, 22151847, 22152502, 13624649, 26026040, 6869353, 17412109, 252999, 8736458, 8335119, 6353001, 488214, 156295, 17412093, 17412099, 1017300, 219942, 33000430, 313256, 313259, 304028, 25058405, 20821327, 1237461, 25476541, 22043566, 1583470, 2444135, 5603148, 6933479, 31473152, 94813, 184324, 6147527, 287634, 287635, 287632, 287633, 287630, 621616, 229280, 490196, 2403889, 10606009, 9549533]"
257,6296,"[13329252, 2282320]"
258,6297,[1091582]
259,6327,[485165]
260,6331,[659855]
261,6373,[137071]
262,6376,"[80689, 84246]"
263,6377,[587293]
264,6378,"[26368662, 122999, 335958, 23811731, 700620, 88179, 6356046, 139987]"
265,6379,[9767]
266,6404,"[424609, 7850063]"
267,6412,[440496]
268,6503,"[32061282, 26836052]"
269,6587,"[6163754, 6034660, 126437, 6375862, 9466840, 7876746, 795034, 23340, 13519598, 13519596, 6721385, 6528962, 91981, 17802438, 317450, 3689171, 28585686, 28687, 28689, 8997810, 6661489, 77563, 13542846, 317449, 13600356, 5322151, 28692, 28693, 28691, 28694, 28695, 28698, 6714177, 481866, 10092, 10090, 77232, 16087853, 92377, 1448631, 15832300, 16108066, 10084]"
270,6603,"[1060958, 730596, 248537, 375980, 375985]"
271,6604,[375985]
272,6620,"[30139665, 33024, 10307510, 27389987]"
273,6632,[129125]
274,6633,[17707758]
275,6760,"[3395318, 10559622]"
276,6765,[15844279]
277,6777,[2963899]
278,6779,"[768950, 13109207]"
279,6781,"[786621, 10336]"
280,6815,[141834]
281,6836,"[29737444, 25893837, 23387877, 33216616]"
282,6853,[1843531]
283,6878,"[356280, 930056, 217518, 7945295]"
284,6921,[6018080]
285,6928,"[759718, 754004]"
286,6941,"[15806786, 97126, 19580, 10393851, 17707758, 6313798, 397400, 7637398, 10607, 19593, 13444, 13573634, 539127, 36313, 59219, 11212021, 1589581, 10626, 6254610, 118074, 24998915]"
287,6943,"[3175530, 18591451, 828878, 320700, 1335019]"
288,6944,"[6313798, 18596555]"
289,6986,"[352299, 352298, 47315, 1913178, 17658001, 725944, 578200]"
290,6988,"[10483223, 1843531, 33532, 33531, 893791, 2132280, 279969, 91929, 10690, 22543648, 17238, 141183, 822912, 120240, 17245, 17240, 7970778, 14800993, 692384, 692389, 1032701, 989088, 588495, 543300, 13493042, 2330339, 11257644, 3471403, 297823, 452304, 72485, 6370801, 118074, 13584789, 70985, 3326895, 9786023]"
291,6989,[571197]
292,7025,"[81042, 6304918, 13339767, 6375862, 15793149, 10594929, 10393851, 430787, 873632, 249855, 92141, 24938, 828418, 1752611, 706832, 10750, 6064006, 13414149, 6251725, 824444, 34217477, 567586, 13522, 3287692, 20708810, 2337147, 158395, 7945295, 7850063, 363416, 7841744, 6541090, 37442, 3124249, 24934, 24930, 13521, 15858, 16108066, 350500, 18943]"
293,7105,"[982630, 176972, 24213]"
294,7116,"[588369, 972801, 10897, 2766898]"
295,7128,"[18718925, 23278546, 7637398, 25603695, 16074961, 15946134, 13131693, 12283261, 13613563]"
296,7195,"[13642528, 8339286]"
297,7231,[10376272]
298,7245,[150864]
299,7271,[2865290]
300,7308,"[587314, 587311, 587312, 587313, 423120, 896455, 210331, 925726, 222575, 222576, 24963, 116349, 471920, 153850, 11313, 11312, 11310, 28615, 11308, 11306, 428050, 210329, 11311, 222577]"
301,7338,[685529]
302,7415,"[620486, 182547, 7416873, 6313798, 6661321, 219376, 13329252, 92544, 416059, 1154166, 28588, 6340422, 499214, 18596555, 3302568]"
303,7430,"[995103, 6356190, 18003, 408854, 452318]"
304,7431,"[94767, 34084, 995127, 18072, 32198259]"
305,7464,[6313798]
306,7536,[6261472]
307,7540,"[91836, 95914, 95910, 95913]"
308,7577,"[6163754, 333722, 333727, 26582, 23267873, 31336, 23591092, 6428035, 481559, 386376, 11901, 159205, 159206, 159501, 3720514, 159543, 2382052, 1183696, 6989932, 333707, 159750, 66361, 777575, 43805, 43782, 43781, 43780, 31342, 31340, 31341, 43824, 159436, 6412768, 6282915, 333709, 455218, 6096675, 43758, 924680, 6340422, 34778, 43797, 21412673, 43818, 43815, 43814, 31333, 31332, 31331, 31330, 31337, 31338, 119090, 119091, 119092, 159424, 159429, 17262197, 396356, 7790906, 3683, 333715, 333714, 333716, 333719, 1178842, 12880428, 436044, 43763, 43808, 70988, 159339, 159575, 159579, 119089, 617539, 159451, 2924362, 887895, 15841830]"
309,7581,"[2741850, 33024398, 6163754, 5055481, 13330913, 24537359, 10853751, 23398668, 5739760, 23006161, 6725785, 6561976, 5391115, 7343947, 3422075, 6914086, 7839170, 6561933, 2444203, 841817, 11765920, 13136581, 6372501, 7141610, 21480854, 7802883, 9637907, 6914102, 2871256, 6721385, 6996918, 22789111, 6528962, 24402500, 10857421, 15712903, 25174874, 18209344, 18192958, 7840832, 6382952, 25913699, 9816552, 910153, 12277322, 910154, 910155, 10869776, 11915, 6255758, 18089962, 7810517, 4107256, 1593270, 17827953, 140098, 25111052, 12849320, 23471830, 619299, 3675093, 10417398, 6615018, 618203, 14811468, 862350, 20782719, 5597552, 19041032, 701795, 1133980, 5473470, 25388580, 8269450, 25174926, 11920, 11921, 17310066, 7811245, 7896345, 7811212, 34497909, 16101040, 2800905, 7508223, 9549267, 12140024, 11922, 10810955, 30268, 19145072, 2813124, 7797032, 6667612, 4916680, 23398746, 29496506, 6468666, 10459088, 6976916, 1541884, 18398797, 11916, 11919, 11918, 6539105, 7857695, 16058665, 9619273, 25174916, 10863148, 125926, 125925, 1773616, 6914119, 16142043, 11864728, 20893316, 6372499, 7989500]"
310,7582,"[10603241, 10222479]"
311,7601,"[7860544, 739891, 11251546, 13057774]"
312,7608,"[6505011, 11251546, 20299673, 24044140]"
313,7610,"[845651, 499214]"
314,7622,[120240]
315,7659,[6313798]
316,7710,"[27038914, 27038915, 1267905, 19824385, 1914018, 293479, 283867, 6290885, 13260060, 302457, 9833170, 279501]"
317,7717,"[456920, 901690, 7637398, 7932356, 1260933, 1019686, 282864, 76620, 12444, 12442, 12147, 12148, 16644104, 92408, 13424935, 13543580, 10258076, 12150, 1140906, 22589085, 901687]"
318,7719,"[30971733, 7047862]"
319,7728,[47323]
320,7742,"[13154571, 2072153, 28361285, 25361876, 15797015, 2871250, 922114, 15749143, 2240429, 19275608, 18007542, 23590373, 172775, 172773, 2855252, 25170761, 6779796, 16144868, 12189, 12363978, 3865030, 189363, 189361, 189360, 10399862, 189362, 6076379, 172764, 6076380, 74043, 74046, 74045, 1764154, 10137413, 9380186, 17883964, 189358, 189359, 189357, 18656310, 7083075, 184962, 184963, 18773640]"
321,7751,"[6313798, 120240]"
322,7779,"[774928, 772780, 149047, 112538, 112537, 149055, 1705748, 35813, 3359098]"
323,7799,"[120240, 7505560, 6254610, 771204]"
324,7877,"[2662886, 444328, 429618, 183659, 183658, 183657, 959433, 183661]"
325,7941,"[6986721, 46486, 46481, 2888317, 5997734, 2336321, 2336322, 13448434, 188276, 188275, 12500, 15808432, 7189619, 188267, 6582635, 1064154]"
326,7993,"[29324, 25817454]"
327,8048,[8160897]
328,8105,[93109]
329,8110,"[633628, 30282, 2855252, 391618, 595896, 1339851, 437802, 441732]"
330,8127,"[23596, 189745, 723155, 3218173]"
331,8140,[1622]
332,8146,"[386298, 12967, 18371031, 629638, 1586424, 2890981, 87986]"
333,8154,"[650583, 497317, 18166986, 35448]"
334,8161,[878879]
335,8164,"[17722, 820589, 1898443, 7505716, 25073764, 70453, 7929931, 9214714, 11253959, 33009276, 982630, 8355296, 2568513, 7052617, 4971790, 150864, 6308590, 18047944, 38691, 38690, 138516, 176972, 24213, 24216, 24217, 29337291, 636417, 206161, 25674658, 7455727, 6799860, 7181829, 741624, 258323, 15844279, 24611820, 38686, 138507, 24220, 1986297, 426803, 426792, 13023, 2647293, 386029, 83346, 83345, 1073524, 562849, 18079709]"
336,8170,[973598]
337,8171,[7735]
338,8238,"[13196, 101038]"
339,8270,"[29379042, 6553137]"
340,8347,"[6163754, 47620, 47621, 47622, 47624, 47625, 47626, 47627, 47628, 47629, 28954093, 22703456, 47666, 6034660, 3360369, 126431, 126437, 2049823, 6375862, 20662728, 9466840, 7416873, 1042546, 7489530, 10393851, 6912654, 334643, 20168816, 535144, 2496546, 21882134, 7171748, 6657648, 11736985, 11545694, 47619, 47618, 47615, 1042542, 13345, 100448, 17206, 2254009, 4738393, 13262782, 12189496, 28594830, 509983, 767326, 47645, 47642, 2062538, 12978730, 17310066, 518848, 535197, 34497909, 819920, 30329462, 334620, 23302838, 10575798, 47613, 10635363, 29736231, 33123322, 47617, 8428157, 444349, 444348, 18114543, 9464732, 24737347, 27917260, 1448631, 7022843, 3369511]"
341,8349,"[819219, 819218, 3096914, 45978, 13350, 13349, 2248573, 581275, 10861857, 113436, 289149, 1393280, 10859323, 7015487, 839223, 2479827, 311512, 311502, 4097025, 10940619, 13531509, 2378312, 6468337, 6707521, 7664041, 2930220]"
342,8355,"[6275416, 546783, 3130618, 1234765, 5714874]"
343,8360,"[6354623, 133771, 133772, 4738393, 1277456, 2865290, 100476]"
344,8454,"[2029361, 13501, 67954, 18266064, 18266060]"
345,8455,"[2029361, 13501, 67954, 6718729, 18266064, 18266060]"
346,8469,[19126]
347,8476,"[138452, 1188297, 12952129, 6963653, 116398, 229157, 229156, 6333003, 7947676, 8675569, 2037808, 228063, 228064, 228065, 228066, 228067, 228069, 8518892, 229154, 11850266, 31983, 13580, 14489584, 936906, 229147, 1087154, 7982114, 13579, 13578, 13575, 13574, 13577, 13576, 13571, 13570, 13573, 1386549, 3768830, 11711994, 62313, 62309, 229149, 228062, 13568, 13569, 229148]"
348,8486,"[6297, 568592]"
349,8489,"[239922, 18596555]"
350,8516,"[15471, 2346649, 99449, 542605, 15468, 15460, 15464, 15466, 263407, 8253182, 15425, 15424, 15420, 17239242, 716329, 96981, 96980, 96984, 817216, 518845, 15438, 6490942, 99450, 99452, 15474, 176896, 13539168, 15435, 15433, 15430, 15511, 11051211, 17332225, 15447, 15444, 96963, 96962, 15449, 3150900, 76664, 76667, 76660, 76661, 76668, 99461, 15502, 15505, 491178, 365522, 96977, 96979, 15450, 15453, 15456, 817196, 76659, 76658, 15534]"
351,8523,"[7945295, 9564472]"
352,8536,"[1344000, 5321699, 13737, 6648595]"
353,8537,"[1344000, 5321699, 502101, 6440653, 13737, 123557]"
354,8538,"[1344000, 5321699, 13737, 6648595]"
355,8587,"[7704943, 27160926, 301538, 9968073, 18877, 13806, 3173564, 4117865]"
356,8588,"[13878, 92918, 300986, 300985, 8664327, 43916, 43915, 43919, 11827476, 589977, 589979, 177191, 13650543, 16247981, 13809, 13808, 13807, 149302, 17212339, 773681, 13881, 169959, 13811, 1196299, 77563, 13502958, 13818, 13819, 13816, 13817, 13814, 13815, 13812, 13810, 317504, 317503, 4003436, 43917, 153175, 6697866, 8320534, 77232, 7935521, 258178, 43907, 43908, 2041545, 13813]"
357,8589,"[263208, 13808]"
358,8591,"[28660, 20929, 29496535, 6706844, 589979, 28671, 773681, 13815, 317504, 1961496, 43907, 360274]"
359,8593,"[13819, 310737]"
360,8596,"[24431, 444332, 24093, 17312156, 13834, 13835, 13836, 13837, 13830, 13831, 13832, 13833, 2964700, 492486, 858668, 6375862, 2573116, 667837, 58889, 153792, 153797, 223822, 17312145, 1135851, 24094, 153795, 1140713, 962452, 773688, 773686, 44328, 8396340, 294233, 546113, 8306725, 767580, 153779, 713687, 282952, 153800, 883287, 3063247, 363416, 58894, 13829, 858665, 858669, 9821781, 2973754, 492490, 153782, 546114, 153785, 9394691, 1164671, 58893, 58890, 46596, 153789, 153783, 153780, 153781, 153784]"
361,8597,"[13843, 873783]"
362,8604,"[12361693, 15883798, 11990629, 23624798, 11806849, 10807784, 923985, 15883801]"
363,8605,"[385136, 13850, 4827840, 748061, 16092634]"
364,8621,"[1799011, 6285252, 30288, 1140608, 6519728, 3053342]"
365,8622,[4748221]
366,8646,"[24321026, 13547481, 6379951, 7832141, 10814707, 1553844, 13920]"
367,8649,"[16085465, 7938503, 16087861, 8452340, 963508, 6391467, 2917816, 17305016, 13542560, 13926, 13923, 2020473, 18744715, 7839024, 6278019, 22567184, 25296, 22567177, 13600356, 13931, 16056352, 16056356, 1562090, 15709129, 13928, 13929, 13927, 13925, 13922, 876013, 1568376, 480384, 7177275]"
368,8658,"[295169, 554286, 7619, 6261472, 77275, 16568]"
369,8659,"[513254, 513253, 127645, 127647, 15808613, 662639, 1046558, 513260, 513267, 513269, 257333, 61912, 559475]"
370,8660,"[228337, 7114825, 18068907, 202039, 202061, 4039512, 9347801, 7959236, 202087, 210201, 181494, 26853604, 5473470, 13600356, 16131016, 210197, 210196, 1902381, 21059, 20980680, 16130663, 257333, 22162129, 27917260, 29750595, 10225657]"
371,8661,"[4618860, 257321, 185287, 185289, 8564208, 13600356, 185294, 185293, 185292, 185290, 13539170, 760754, 3276653, 123512, 257333, 12013853]"
372,8685,"[13589141, 28729, 28725, 7884898, 28762, 28760, 13539152, 176790, 176796, 176797, 29496535, 7416873, 7945006, 16059529, 176845, 176846, 176843, 28450969, 20893366, 6340340, 14015, 14014, 14013, 14012, 13997, 13993, 13992, 13990, 13996, 13995, 13994, 13999, 13998, 176804, 176802, 176803, 2903799, 25814176, 143180, 24397041, 1986356, 9659847, 176789, 176788, 12974280, 176827, 176896, 176892, 176891, 3091315, 13515085, 6307037, 774855, 24586201, 14009, 14000, 14003, 14007, 23398881, 13980, 13982, 13983, 176850, 289150, 10724639, 7711273, 2200913, 511206, 17859577, 13542374, 13979, 13978, 14002, 14004, 13986, 13987, 13981, 847751, 176881, 28734, 33785174, 176860, 176867, 7241984, 175671, 10081055, 1053996, 15824172, 7920255, 9746384, 28733, 28735, 28737, 28736, 3103806, 28759, 10724628, 463421, 13057774, 18693942, 12971670, 47530, 6352652, 17707672, 176874, 176876, 7944201, 176868, 17910038, 18114043, 373051]"
373,8686,"[13539152, 16059529, 176843, 13999, 2903799, 176789, 6352652, 373051]"
374,8687,[47530]
375,8688,"[241060, 384688, 3369511, 176868]"
376,8690,"[176790, 29496535, 176845, 13992, 176804, 14009, 14007, 14002, 28737, 3103806]"
377,8691,"[13589141, 13832, 29496535, 9659847, 6307037, 17859577, 13542374, 7241984, 3103806, 12971670, 17910038]"
378,8694,"[6163754, 28729, 81042, 498561, 279969, 126437, 6375862, 15793149, 7416873, 4028900, 882258, 447937, 6378458, 14013, 17864396, 9637907, 81121, 81122, 249855, 293395, 7304345, 373009, 377291, 3689171, 81039, 7143047, 44328, 1021251, 120240, 13262782, 13414149, 21432372, 293442, 7455727, 362592, 371638, 302179, 302176, 10877155, 669027, 293412, 567708, 8428157, 13057774, 141024, 11060998, 1448631, 974192, 7841656, 7022843, 81038]"
379,8695,"[6350486, 9300749, 2401818, 14013, 3113386, 11888804, 17229435, 15803758, 5040719, 1240131, 5473470, 17451921, 26689, 6726099, 10095750, 297929, 7628700, 7467055, 26690]"
380,8715,"[6002109, 907630]"
381,8726,"[279969, 6313798, 581126, 2370696, 929864, 120240, 2174950, 33553, 33555, 3906116, 547094, 1762364, 882028, 33546, 771204]"
382,8730,"[14069, 27827627, 28954093, 142652, 6375862, 9466840, 9727730, 7416873, 6238768, 2073480, 34275589, 15793066, 7171748, 91989, 23490950, 16156292, 28876, 13484252, 20404555, 12189496, 25532530, 26117888, 22544764, 12069434, 2573876, 6714177, 539911, 9607988, 25068467, 129510, 891592, 891593, 891591, 7038489, 15832300, 3369511, 4947316]"
383,8732,"[291260, 616678, 44687, 44689, 44688, 18880, 110692, 110694, 189835, 651260, 18879, 18878, 429883, 587582, 371787, 243298, 189811, 285098, 189852, 673658, 673657, 645020, 645023, 645022, 953143, 286507, 18881, 18882, 651240, 44660, 189802, 291356, 291354, 59571, 773523, 44659, 110688, 110689, 18884, 68806]"
384,8794,"[419363, 11196925, 17348191, 14150, 7505560, 23154785, 592314, 24997064, 6043022, 12646335, 3912602, 13604490, 7149287, 11251546, 6707525, 17861, 17867, 17864, 101869, 18211295, 8041402]"
385,8795,[150864]
386,8835,"[15670, 10822373, 358615, 952462, 6313798, 7637398, 22129146, 417656, 9816552, 11966655, 142296, 190554, 209693, 209690, 209691, 209694, 16244660, 2621176, 25816801, 98042, 209688, 209700, 28633840, 3190888]"
387,8840,"[614866, 3120541, 29624, 29623, 20821265, 6275436, 331005, 13483502, 10600187, 29619, 186870, 15810877, 28110115, 7268841, 337943, 23659059, 10273328, 1107543, 1107545]"
388,8842,"[10393851, 23653549, 14202, 823766, 823762, 823769, 327778, 6639491, 374003, 739891, 237939, 7455727, 823763, 15161, 857695, 7850063, 14201, 259035, 92377, 76852, 81038, 760690]"
389,8885,"[424609, 6313798]"
390,8924,"[1134849, 1134843, 444339, 773693, 1450967, 24785, 24781, 24782, 24783, 773690, 1206544, 26571, 116441, 24779, 627144, 284056, 633425, 295493, 1110566, 542906, 111626, 463064, 463063, 744461, 116434, 822630, 116435, 24784, 24780]"
391,8988,"[13579397, 6163754, 17131858, 4894646, 9647626, 6553352, 9466840, 7662235, 8220745, 9510104, 17864395, 20168816, 9637907, 17910665, 18273949, 18273946, 14460, 18885585, 2871250, 15793066, 2240429, 6620129, 7143047, 9816552, 4453371, 21813338, 22238188, 20341887, 9779511, 8665134, 13600356, 21432372, 16160769, 13758481, 7292791, 8168507, 13513643, 6714177, 20299673, 12993852, 17332275, 4916680, 10590852, 15795549, 6726099, 14463, 14461, 8600441, 1624920, 7516001, 7841656, 15832300, 11859655, 3369511, 10559622, 17702284]"
392,8994,"[18130323, 3291205, 1216128, 19179]"
393,8996,[13329252]
394,9016,"[869314, 36320]"
395,9018,"[14498, 7353243, 6323514, 2808554, 6721385, 6430718, 2520921, 21813338, 1373490, 1373491, 663098, 12854055, 1128964]"
396,9059,"[8521629, 479326]"
397,9072,"[63952, 63953, 7343947, 16059426, 6249838, 8467464, 7933156, 893158, 9816552, 44328, 44325, 2079686, 18054018, 44323, 6442616, 8488204, 7945295, 18490721, 7850063, 14567, 14566, 14565, 14562, 14561, 5941143, 1004354]"
398,9172,"[1476260, 23596, 14691, 1138654, 498116, 14686]"
399,9206,"[11161444, 9780099]"
400,9212,"[28953953, 2282320]"
401,9226,"[12344319, 28588]"
402,9233,"[92126, 92127]"
403,9237,"[13507967, 40214, 2152871, 17707586, 7100759, 40220, 40223, 40222, 17340103, 395963, 10783476, 5931169, 17707533, 7236110, 5659537, 12076991, 528997, 9519912, 6586456, 26342054, 9583525, 395962, 2177356, 153008, 153007, 7841656, 40217, 29939243, 15832300, 699564]"
404,9266,"[315736, 25430202, 908330, 13542445, 834479]"
405,9291,"[31213721, 18282060, 20799751, 24453338]"
406,9320,"[1027640, 7668350, 1952259, 16789, 1099757, 74107]"
407,9334,[22271]
408,9339,[764640]
409,9345,"[27190371, 9821653, 120253, 887201, 20736630, 14977, 47709, 47708, 227570, 784398, 15038253, 11880612]"
410,9346,"[13135235, 11099729, 211973, 13531834]"
411,9355,"[906901, 1021395, 760573, 6314659, 21337, 2763660, 18730500, 15722281, 1160083, 21538202, 25241477, 13154568, 6458788, 3689171, 16122683, 14996, 14997, 14995, 13154933, 17797381, 2703450, 15797722, 21353, 16099153, 6409700, 305088, 16098976, 906899, 84977, 16433, 12845211, 453916, 15810365, 2029927, 532373, 748610, 17457068, 605015, 27428880, 7238]"
412,9363,[24819531]
413,9399,"[15045, 6241482]"
414,9413,[15842677]
415,9432,"[13573396, 2444163, 633446, 7637398, 18665033, 1814387]"
416,9465,"[77207, 77206, 15177, 92581]"
417,9494,"[912625, 21888427, 8320840, 63213, 5978909, 6621017, 100085, 20665577, 200780, 164312, 160149, 10129880, 36321, 363711, 722667, 8680132, 16078963, 36314, 36315, 36316, 13175692, 32769, 32767, 10675526, 36317, 36313, 20515775, 8718597, 13446612, 68843, 11212021, 1289644, 36320, 68833, 320697, 5069522, 13278166, 129327, 33490, 68842, 5024135, 102575, 25775619, 6254610, 320700, 1335019, 771204, 564317, 564315, 564318, 3539006, 1994990, 305262, 847048]"
418,9496,[9510104]
419,9497,"[16692, 11870160, 2333, 23617, 92637]"
420,9498,"[16692, 11870160, 2333, 23617, 92637]"
421,9505,"[6582957, 10086007]"
422,9516,"[483445, 15260]"
423,9533,"[77678, 23591, 932782, 2969785, 7329, 259055, 597790, 32708664, 18963, 7332, 23613, 7445179, 92005, 3048, 1642591, 77673, 18977, 16075147, 423092, 7346, 7347, 6318217, 1123741, 6352248, 7779258, 953403, 92034, 18513, 15351, 907102]"
424,9536,[101672]
425,9545,"[360973, 23591, 16694, 25790, 2075778, 887201, 340381, 13356705, 597790, 604516, 32708664, 2287223, 18591451, 23653, 7445179, 18509, 1933444, 1642591, 7779258, 35, 3772535, 907102]"
426,9550,"[1799011, 1406197, 685370, 21066968, 30241, 30246, 816828, 9400850, 30248, 30240, 30243, 30245, 15309, 7121598, 5215879, 8935153, 2337583, 8703732, 27876851, 30288, 30280, 30281, 30282, 8717849, 2751329, 29484, 30242, 1004097, 190378, 2149535, 834015, 30271, 30274, 30279, 30244, 30230, 30229, 6726595, 7797366, 23398665, 1140608, 6098691, 6393539, 583984, 190361, 190360, 30257, 6289939, 10547152, 139417, 15734760, 6519728, 7456159, 30228, 30226, 30227, 30224, 30225, 7797356, 7797359, 12383252, 121927, 530872, 30273, 6098687, 6098684, 2798094, 15985372, 685371, 685373, 685372, 3053342, 6052502, 7797384, 509283, 509284, 23129684, 537771, 3302568, 631329, 509285, 1166994]"
427,9558,"[620486, 6313798, 47588, 47580, 125755, 452244, 3302568, 102143]"
428,9615,"[13589141, 412820, 463078, 17859577, 12858494, 1124833, 25423972]"
429,9629,"[999140, 34916, 34917, 34919, 327685, 15547, 25430703, 478894, 15568, 15564, 15566, 15567, 15560, 15561, 1501665, 891775, 6202861, 189783, 2675261, 26891431, 15743711, 10199908, 13265092, 349320, 18710920, 819058, 62233, 15555, 15557, 15550, 15553, 15552, 15559, 77563, 13531074, 92855, 7302794, 25430202, 32025241, 6130616, 15743703, 903879, 15549, 15558, 603211, 92846, 92845, 34942, 34941, 77472, 818431, 34988, 18077816, 15575, 15578, 17721, 187124, 15832300, 420496, 15563]"
430,9631,[242793]
431,9637,[15591]
432,9640,"[141757, 25897765]"
433,9678,[239402]
434,9685,"[170604, 55776, 87986]"
435,9694,[14002]
436,9720,"[843240, 474211, 145386]"
437,9748,[22551747]
438,9753,"[13459072, 13459107, 8698083]"
439,9756,"[3395318, 6528962, 3080647, 7455727, 12993852, 9642271, 6369517]"
440,9766,"[1847000, 6280653, 722086, 23507509, 8309055, 1034167, 1034168, 371030, 224530, 224535, 15784, 7302394, 18774026, 224529, 227416, 15790906, 224536, 224534, 17899387]"
441,9768,[2282320]
442,9806,[6726353]
443,9833,"[25614934, 25829156]"
444,9933,[43915]
445,9990,"[27408710, 23569428, 29765252]"
446,10006,"[237117, 541513]"
447,10034,[196923]
448,10037,[17910665]
449,10038,"[1253424, 1678247]"
450,10082,"[16509, 16488, 16489, 16482, 72473, 92796]"
451,10087,"[617359, 363425, 6375862, 892971, 22291630, 391931, 363431, 308744, 299085, 13623735, 381228, 770614, 719180, 308732, 2073629, 1190374, 363416, 921537, 440223, 6640070]"
452,10088,"[125755, 36320]"
453,10089,"[16536, 239252, 370897, 370899, 189147, 55442, 585576, 171066, 6665903, 2132254, 36320]"
454,10105,"[122885, 530174, 122901, 24303]"
455,10108,"[23531315, 7637398]"
456,10116,"[525371, 16600, 16597, 16599]"
457,10147,[16653]
458,10154,"[15854616, 36]"
459,10180,[1612671]
460,10181,"[24820291, 22215757, 201354]"
461,10182,"[2575572, 9466840, 12344422, 13538703, 389519, 28364013, 1994990]"
462,10224,[17327]
463,10269,"[24400466, 16907, 25897876, 1362112]"
464,10275,"[2278833, 1835584]"
465,10296,[27416130]
466,10303,"[24820291, 22215757]"
467,10313,[100623]
468,10317,"[17624010, 30283334, 502015, 28954137, 23609445, 24885851, 10409347, 23567293, 7171748, 20821339, 18811623, 10805588, 12189496, 15721638, 9802372, 5168977, 23598679, 13595639, 23395716, 12937427, 16303287, 17005, 17412895]"
469,10318,"[304025, 61912, 7841656]"
470,10325,[1652863]
471,10330,"[397400, 94757]"
472,10333,"[438134, 6163754, 3546735, 176261, 176267, 176268, 773989, 13227027, 8388595, 176274, 6314469, 1239560, 176252, 125755, 36317, 176306, 176304, 176308, 176277, 92377, 18342060, 1022658, 176250]"
473,10336,"[233674, 64225, 34515, 16127190]"
474,10359,"[50715, 11869038, 17999681, 84176, 15699024, 3720980, 50739, 1257271, 6647989, 21520932, 8546763, 455412]"
475,10365,"[764484, 806314, 1081372, 5096, 10434701, 3168234, 5072533, 3936403, 6771443, 9626, 2213661, 42145, 589836, 6687858, 3589590, 842927, 15798661, 2808945, 20604399, 7718597, 408855, 16078218, 760984, 474073, 17064]"
476,10366,"[108064, 673206, 6241599, 833111, 957648, 34871, 291950, 32636, 32639, 52639, 103035, 108052, 108051, 23014674, 768878, 768879, 6694531, 920795, 673211, 2824941, 32626, 32627, 32628, 52628, 52629, 567704, 1011632, 1411563, 761023, 32686095, 957654, 1037476, 6396822, 3302568, 52640, 34605]"
477,10380,[785371]
478,10442,[51948]
479,10493,[24040548]
480,10517,"[145134, 17315, 13259652, 119227, 260985, 23522305, 6714177, 25814258, 17320]"
481,10518,"[28729, 6034660, 96278, 933547, 7416873, 887858, 6579183, 17316, 3689171, 1852521, 16368455, 574676, 11476589, 463078, 8559769, 96281, 15831197]"
482,10522,"[7668731, 1462970]"
483,10657,"[74998, 17477]"
484,10664,[24934]
485,10710,[510342]
486,10727,[1131133]
487,10739,"[17707758, 15812761, 10481268, 16101156]"
488,10741,"[10353049, 18089942, 10431447, 13623837]"
489,10746,"[29394, 29396, 17131858, 8181487, 5739760, 477732, 477733, 22859781, 2575572, 17683, 8171449, 9727730, 7698251, 10446243, 6122181, 8268924, 91475, 12399257, 99383, 99386, 6285252, 504430, 7989712, 91479, 91476, 91474, 346087, 346089, 346088, 764354, 26835101, 17910665, 22701387, 23137382, 18885585, 2871256, 25558821, 91478, 91477, 10857421, 3456594, 30272307, 6451603, 1266051, 6855336, 3142429, 28941103, 7698228, 5269236, 234553, 10077686, 3475145, 10771027, 7973328, 12089922, 589446, 7698261, 6316821, 8723550, 7989720, 140098, 7864452, 3503318, 6585201, 16174311, 8150561, 1111757, 13262782, 2868888, 618303, 25430202, 927979, 29807305, 12598381, 16231091, 8449537, 869914, 7095205, 17465491, 10409571, 6303648, 7698237, 18430203, 165414, 6671535, 3067577, 8150021, 9251500, 6069956, 12083417, 12216302, 7292791, 7698279, 3503263, 12083433, 10057167, 511150, 7698424, 20299673, 7779059, 12993852, 8107253, 7538299, 2903736, 12083392, 12414384, 6329342, 12205549, 8058301, 84156, 47212, 133664, 3475161, 1290386, 1290387, 4961957, 4961959, 5597588, 24876258, 22147185, 25423972, 7841656, 1773616, 7989708, 346091, 19486421, 2637138, 17702284]"
490,10749,"[20893324, 506128]"
491,10762,[20530924]
492,10763,"[81042, 14780453, 291912, 249855, 374003, 17393590, 186448, 463033, 186433, 186440, 17310066, 15161, 17055, 741951, 7023148, 17327, 128946]"
493,10765,"[920795, 17742, 18596555, 304217, 304253]"
494,10831,"[29124, 8251040]"
495,10885,"[40372, 40376, 40379, 40378, 330110, 841974, 540998, 1973857, 338593, 525293, 403355, 10445084, 1041041, 1397217, 168441, 3607590, 338580, 29514, 668851, 841973, 609057, 1397224, 403277, 2352457, 40386, 40387, 40384, 40385, 40388, 474111, 215954, 215950, 40423, 40422, 40425, 57972, 57977, 787282, 563315, 589897, 589898, 40395]"
496,10889,[6254610]
497,10896,"[17998, 6090919, 13086835, 11346078, 126437, 37586, 45436, 9307674, 533809, 22518400, 7113271, 936434, 358674, 685655, 114956, 114955, 2358870, 45432, 15747348, 4308348, 4957406, 5280062, 7913339, 904896, 76862, 76863, 820672, 727169, 727167, 18376853, 2179276, 727166, 444309, 815645, 37591, 2120358, 227865, 11387535, 15746217, 7005865, 249747, 1448631, 613898, 6315566]"
498,10900,"[9821653, 480449, 88770]"
499,10917,"[27865615, 9813826, 13484271, 1167876, 1132457, 28267725, 28963439, 49771, 545121, 793401, 16]"
500,10952,[165964]
501,10986,"[352381, 1604437]"
502,10991,[18194]
503,10992,"[8493755, 6661321, 223153, 11806617, 333867, 18596555]"
504,11047,"[5463394, 15800507, 5660023, 5660026, 13121244, 2907430]"
505,11065,"[585576, 552357]"
506,11072,[6661321]
507,11078,"[331212, 24088, 24087, 9783478, 104902, 3148116, 18392, 18393, 18394, 18395, 18396, 104903, 104901, 17320837, 231784]"
508,11137,"[14806965, 11595220]"
509,11139,"[822912, 120240]"
510,11145,[258108]
511,11195,[15802506]
512,11210,"[18002276, 17899321, 828878, 1335019]"
513,11214,[13109354]
514,11270,[499214]
515,11306,[21920688]
516,11353,[101701]
517,11358,"[44689, 18880, 110692, 285098, 189852, 189802, 59571, 110688, 18884]"
518,11390,[18952]
519,11394,[7819220]
520,11492,[102287]
521,11495,[200734]
522,11508,"[8038401, 10869776, 25111052, 13329252, 23471830, 14002, 11212021, 8488204, 19140, 18874799]"
523,11527,[19181]
524,11571,"[8927997, 2705629]"
525,11586,"[568104, 568102, 526071, 258340, 258345, 618177, 258872, 568116, 568095, 870807, 870808, 1030384, 526067, 1741089, 505352, 479507, 613994, 384962, 62292, 849768, 44011, 613991, 19298, 568092, 568093, 568094, 568099]"
526,11590,[92003]
527,11613,[93109]
528,11633,[421905]
529,11646,[25111052]
530,11654,"[6953500, 18221588, 7943678, 8160897, 10848294, 11212855, 13061500, 7025097, 234893, 13646087, 7171748, 557332, 7704979, 7704978, 7848083, 207682, 9397967, 12972663, 187809, 13533758, 7194943, 207684, 234908, 234906, 234907, 12189496, 1197449, 6419093, 80246, 1456034, 25573701, 15989191, 199785, 199786, 199781, 199783, 187811, 6762906, 12493086, 23224, 23225, 969430, 690450, 93724, 23218, 9462815, 187812]"
531,11663,"[6376776, 9510104, 6348338, 413492, 23244, 23241, 23242, 378606, 23239, 23236, 7500798, 378619, 6586433, 2139956, 6289940]"
532,11664,"[17616412, 11147422]"
533,11672,"[18090029, 13537496, 13380221]"
534,11735,"[20929, 17864397, 15793066, 23399, 939643, 818540, 44328, 26889471, 25734003, 35156, 13758481, 883458, 735609, 599090, 126503, 35149, 25938499]"
535,11759,[14002]
536,11761,"[116561, 176521, 176520, 23719231, 116567, 176519, 1583121, 176494, 176543, 176506, 116564, 116566, 116560, 116563, 116562, 176534, 1062958, 1062960]"
537,11762,"[21412146, 25668486]"
538,11782,[189745]
539,11841,[17410016]
540,11853,"[19911, 816201, 519655, 6369517]"
541,11858,"[7862931, 2725169, 19916, 1708127, 7044446, 2725180, 6367131, 72625, 10552287]"
542,11859,"[19916, 1274345, 85855, 285212, 6070992, 7226664, 764704, 50781, 3474905]"
543,11889,"[13273777, 632800, 9727730, 15793149, 152427, 7304345, 13177385, 4738393, 463033, 13262782, 220944, 13414149, 9191899, 20002, 8428157, 821583, 16130663, 27917260, 68485, 18114043]"
544,11890,"[28954093, 32714264, 15793149, 10393851, 424609, 189509, 17864396, 15793066, 11338984, 34728925, 463033, 13414149, 7455727, 23719342, 13758481, 10575798, 13057774, 16108066]"
545,11906,"[61965, 8138331, 238959, 24874, 491075, 491076, 463078, 20076, 20074, 491087, 6473157, 491093]"
546,11912,"[732363, 6695157]"
547,11921,[1016314]
548,12014,"[1293881, 160256, 7172680, 47068]"
549,12030,"[680326, 20343]"
550,12052,"[1282266, 6034660, 126437, 6375862, 20168816, 17910665, 21531492, 18885585, 3689171, 8997810, 7864452, 20341887, 6714177, 17156415, 15849699, 24998915, 27917260, 1448631, 7841656, 10559622, 17702284]"
551,12075,"[262742, 3360369, 25330102]"
552,12076,[13479530]
553,12091,"[6556422, 7745639, 13552760, 13572812, 15797709]"
554,12177,"[53169, 457310, 7945295]"
555,12180,[7945295]
556,12275,"[124119, 106582, 106588, 106554, 293479, 1026168]"
557,12300,[20929]
558,12339,"[6163754, 1433355, 15806786, 9637907, 7637398, 7933156, 920395, 10869776, 18090081, 7455727, 11251546, 8488204, 320700]"
559,12350,"[1459209, 12925395, 7830913, 193770, 222837, 9708616, 596307, 596308, 222838, 3876030, 13517220, 21060, 2865290, 2226187, 5265856]"
560,12351,"[21061, 209215]"
561,12425,[17286685]
562,12433,"[21284, 1203543]"
563,12434,"[819219, 819218, 10861857, 2930220]"
564,12444,"[11212350, 6034660, 7353243, 10393851, 6463595, 6503780, 5973711, 7928011, 7022843]"
565,12471,"[7934078, 6340422]"
566,12476,"[8997810, 552357, 6714177]"
567,12479,"[216445, 16142081, 31140332, 6528962, 216455]"
568,12521,"[77115, 800388, 21823, 313378, 118229, 17572327, 17335509, 2794395, 438353, 1006502, 1190811, 353695, 21776, 17695521, 1335010, 21787]"
569,12531,"[6661321, 307403, 120240, 7505560, 182538]"
570,12534,"[3007625, 16248247, 16248246, 1002736, 100368, 100369, 100364, 3621648, 28588, 218467]"
571,12535,"[15806786, 13329252, 6714177]"
572,12537,"[3328392, 16248073, 125755, 47701, 117684, 415463, 23131075]"
573,12540,"[63213, 279969, 36315, 120240, 36320, 6254610, 771204, 847048]"
574,12581,"[6034660, 11545694, 13129274, 29588, 250296, 98042, 9191899, 10635363, 24044140]"
575,12589,"[6313798, 7850063]"
576,12603,[24626]
577,12676,[23848004]
578,12694,"[3363719, 50739, 455412]"
579,12695,"[6345977, 846616, 846613, 2440646, 2440645, 7150756, 7150757, 6052385, 12686358]"
580,12696,[13642591]
581,12718,"[13133307, 117991, 13412078, 35321056, 13621610, 12417793, 11915069]"
582,12728,"[7860544, 7143047, 11926311, 3302568]"
583,12738,"[12106746, 342445, 12203201]"
584,12803,[28220986]
585,12851,[13329252]
586,12935,"[493536, 891997, 398332, 891987, 616469]"
587,12948,"[6715752, 330748, 330747, 330745, 330744, 6661062, 330751, 22715, 1010890, 330746, 8073506]"
588,12949,"[91965, 6488043, 23372728, 91964, 1044058, 91971, 22712, 10285181, 490358, 7022843]"
589,12980,"[337100, 404223, 219205, 663720, 22867, 24611882, 7897258, 491075, 22875, 22876, 179033, 12407466, 687215, 6237780, 973565, 177250, 228990, 228992, 418785, 219222]"
590,12981,[1355946]
591,12991,"[435440, 81042, 7416873, 7269507, 249855, 10857421, 7840832, 44328, 4738393, 463033, 739891, 2865290, 473867, 473868, 473869, 499214, 5537014, 11212021, 1270247, 7658462, 473870, 11926311, 3302568, 22895]"
592,13013,[22916]
593,13014,"[2771426, 12754915, 15814500, 213652, 7823691, 794424, 22918, 573699, 1071257, 562795, 794615, 227532, 589771, 372807, 372808, 248539, 250612, 248538, 248534, 248537, 248531, 248532, 248533, 562794, 589767, 1012371]"
594,13023,[1253331]
595,13026,"[140671, 400878, 400914, 400911, 349470, 1037242, 17452242, 400909, 400900, 400906, 3689171, 400892, 23156342, 29829, 400881, 126747, 16368455, 140673, 395568, 325398, 7942940, 400899, 400897, 113540, 140667, 140669, 6666394, 101041, 2464757, 2365730, 400924, 13227699, 16130663, 6644111, 7022843, 499122, 16115678, 10559622]"
596,13029,[9669552]
597,13143,"[23249, 383108, 383106, 602467, 5081991]"
598,13165,"[13516621, 13584876, 6289268, 18715886]"
599,13195,[7095563]
600,13218,"[7416873, 141024]"
601,13290,"[111782, 227220, 34268, 29806]"
602,13334,[17162718]
603,13335,[767358]
604,13350,[974764]
605,13351,[974764]
606,13353,[122943]
607,13387,"[84405, 6313798, 7505560, 847048]"
608,13388,"[6313798, 6661321, 771204]"
609,13390,"[7850063, 13227699]"
610,13450,"[3193795, 741226, 237764]"
611,13597,[6517808]
612,13608,"[66993, 66902]"
613,13613,"[10854410, 6387565, 8887031, 6950567, 9818474, 11603726]"
614,13625,"[24233, 466141]"
615,13632,[16101042]
616,13635,"[15712167, 9411628, 12274576, 33744, 3868437, 8379305]"
617,13652,"[24271, 1256157, 1911378, 1164284, 2432504, 1341147, 15798661, 6394157, 24836168, 22632889]"
618,13663,"[861482, 9273057, 6345760, 845576, 37190, 37193, 76920, 13515864, 858078, 7205104, 885862, 37188]"
619,13669,[24316]
620,13677,"[9466032, 1082721, 439100, 16070918, 2662886, 607014, 3157718, 429621, 165405, 7619397, 444328, 141745, 24336, 511492, 820241, 429618, 183660, 2204464, 24337, 10338023, 183659, 183658, 183652, 183657, 183656, 959433, 774626, 290732, 905404, 183661, 858361]"
621,13681,"[7353243, 342445, 2678758, 8884237, 366032, 366033, 7995946, 558833]"
622,13726,[1666365]
623,13730,"[8160897, 10118444, 176403, 7786474, 6528962, 176402]"
624,13731,[762504]
625,13733,"[13383122, 16000235, 13383074, 542312, 1295093, 1295059, 493790, 597432, 293446, 6681206]"
626,13834,[762677]
627,13856,"[7013171, 11296565, 8087828]"
628,13867,"[215463, 4224458, 1911378, 93273, 386029]"
629,13869,[2429032]
630,13878,"[671719, 25321]"
631,13891,[56348]
632,13899,"[30254933, 34002070, 26892060]"
633,13926,[24703]
634,13943,[120240]
635,13957,"[18367581, 7171748, 9842956, 23989889, 30172827, 28954123, 959308, 2761829, 7505560, 24885636, 959320, 20759444, 186103, 598661, 24769, 24767, 24764, 959336, 590128, 24766, 23989925, 6980336, 24756394, 959334]"
636,13958,[559528]
637,13974,"[25177152, 23012473]"
638,14002,"[264225, 17707647, 17910665, 21531492, 18885585, 116449, 116444, 116445, 664553, 28186316, 10629334, 2922849, 18777371, 13816, 6301385, 24611682, 6714177, 13543199, 33980909, 10559622, 17702284]"
639,14004,[24888]
640,14013,[24937]
641,14014,"[24938, 24937]"
642,14022,[20530924]
643,14024,"[7353243, 10857421, 7840832]"
644,14032,"[15806786, 20168816, 68010, 28588, 24979, 98042, 16085458, 24987, 24978]"
645,14078,"[234489, 101893]"
646,14199,"[444338, 25286, 6400940, 22551747]"
647,14219,"[13056767, 1022756, 528360, 528364, 714612, 29430695, 27276237, 662641, 25423972, 16130366]"
648,14269,"[16129295, 17125973]"
649,14304,[5973711]
650,14403,"[1243420, 120240, 6254610, 771204]"
651,14444,"[6313798, 120240]"
652,14454,"[13579397, 28729, 12377549, 7416873, 20168816, 7637398, 6661321, 10170242, 13129274, 23245595, 1777371, 28592999, 1104759, 7850063, 13227699, 21863903, 25781, 3302568]"
653,14470,[9414170]
654,14474,"[20706635, 268917, 40081, 2889099]"
655,14617,"[1536818, 444321, 6455481, 13260521, 3307816, 2208767, 162719]"
656,14828,[502101]
657,14870,"[161037, 973598]"
658,14920,"[10788968, 23349901, 9918317, 30145666, 22728670, 19162613]"
659,15016,"[684780, 12007060, 83506, 8713020, 488581]"
660,15018,"[147908, 9669552, 984792, 18114274, 8168507]"
661,15021,"[17213457, 10869776, 18090081, 10475929]"
662,15086,[1612671]
663,15087,[43808]
664,15091,[160859]
665,15122,[225092]
666,15188,"[593789, 7416873, 593791, 593792, 463033, 739891, 28588]"
667,15291,"[582876, 1267905, 283866, 6582957, 291735]"
668,15292,"[25090918, 7739950, 15983835, 13414055, 6571723, 6238069, 6420988, 7248501, 4028900, 20893389, 6122181, 23398607, 16115626, 6378458, 9510104, 3566345, 9689150, 16130371, 7600922, 9637907, 9643425, 27068793, 22701387, 3558003, 3596225, 544257, 15739817, 6582703, 15980677, 6382952, 15821772, 12939581, 9640024, 20621650, 9526658, 261122, 261123, 140098, 2295829, 25430202, 7944608, 6394410, 14811468, 7913590, 17852683, 27266, 17315547, 9376345, 157526, 11396864, 18090081, 8462184, 261124, 10549501, 157568, 7292791, 6700360, 26241281, 25315922, 8182700, 6289938, 12993852, 157569, 12925173, 6670348, 28650, 4916680, 25890355, 15712186, 2295830, 26804473, 5212771, 10459088, 9642271, 7048787, 157572, 84156, 11072286, 7091713, 5088467, 6013342, 13515128, 86451, 1773616, 15790603, 13583766, 30956356]"
669,15298,"[12436722, 7241254, 7241251, 7235718, 15791347]"
670,15299,"[1085806, 589428]"
671,15337,"[8873458, 506202, 1220830, 11345765]"
672,15393,"[761146, 870589, 14569000, 607584, 129984, 15803016]"
673,15412,"[25784985, 2042956]"
674,15414,[7455727]
675,15489,[517115]
676,15497,[47580]
677,15540,[6574115]
678,15590,"[336410, 88551, 82192, 116343, 27689, 1411713, 64105, 1135281, 27692]"
679,15619,"[1135426, 27712, 27719, 83565, 1013269, 1094741, 70946]"
680,15620,"[122999, 62831, 10951002, 22914, 22571737]"
681,15661,"[9466840, 385483]"
682,15872,"[22675924, 23010073, 30115958, 16436765, 6676603, 2167829, 4556058, 12893742, 3992598, 13612676, 22449288, 7623110, 22740196, 30257523, 5169728, 28190, 22456292, 18694012, 21082129, 7457545, 15995188, 4502507, 4224458, 18636196, 25090719, 6790955, 7706484, 1581365, 18705209, 18340566, 23349901, 25994606, 12127810, 27134514, 6948214, 21474959, 11351181, 18513621, 15740462, 12974095, 9067850, 17349030, 28188, 28186, 28187, 28185, 18193187, 24476994, 561458, 18660040, 17797382, 29847102, 3165162, 113264, 26881479, 17349733, 34472638, 1378683, 18171953, 22797391, 1822612, 28857930, 30835803, 16135864, 10483567, 26183985, 11825646, 32021586, 26874821, 22888006, 30145666, 11714579, 22728670, 7090447, 27904311, 18463652, 7736182, 23330013, 4837112, 26252859, 30115934, 6654104, 19162613, 18190302, 580002, 3196364, 44187, 6692896, 28006120, 7937589, 12127750, 15925005, 22456248, 9520195, 16066568, 3303559, 21473404, 25909686, 6218096, 9814347, 23362116, 17193778, 11826847, 893172, 893174, 8675753, 12959086, 15724396, 6861455, 18463661, 8700056, 2133969, 8063032, 7575231, 561456, 2120932, 32320908, 17336025, 7624272, 12630405, 6508005, 8041240, 22449299, 22456224]"
683,15873,"[12814582, 9477896, 444331, 1575243, 28199, 28198, 28195, 28194, 28196, 28193, 613866, 1286971, 3334563, 857639, 553808, 10787380, 8600762, 71366, 71370, 12567057, 177805, 1276886, 762713, 7531409, 1387252, 127564, 71365, 7823592, 786255, 19145465, 28197, 15790807, 1001997, 1001995, 100464, 9540084, 1480078, 26667719, 1085480, 113304]"
684,15888,[6713076]
685,15890,"[28247, 28246, 28249, 28248, 8411749, 6575656, 28251, 806009, 806040, 7815982, 460337, 670394, 12970162, 8526157, 13600356, 916384, 7165405, 17475481, 3342764, 17302559, 460334, 12287628, 28250, 16130663, 8044074]"
686,15987,"[28426, 1405310, 28429, 16156293, 3944722, 13257637, 1375607, 6787083]"
687,16024,"[172740, 12853150, 541859, 161768]"
688,16028,[29160]
689,16032,"[432884, 291249]"
690,16033,[2240429]
691,16036,"[177001, 3375320, 7851366]"
692,16059,[16129217]
693,16073,[275470]
694,16086,"[10393851, 156199]"
695,16094,"[61904, 1142011, 355089, 61898, 362496, 28677, 61913, 61879, 61885, 61886, 61887, 61881, 61903, 2112904, 531782, 1797901, 3423435, 61912, 395967, 68483, 531792]"
696,16142,[168525]
697,16143,"[28799, 23137330, 6889348, 2075601, 264064, 264065, 264066, 264067, 264068, 264069]"
698,16147,[710830]
699,16154,"[6659778, 7916204]"
700,16155,"[101483, 31451081, 15719338, 349573, 18492510, 28220897, 6878812, 25640918, 7100266]"
701,16159,[1204341]
702,16191,"[16170191, 6637795, 481774, 526423, 714059, 481779, 28850]"
703,16207,[847071]
704,16208,[847071]
705,16209,[847071]
706,16213,[22219679]
707,16215,"[240815, 962781]"
708,16218,"[538253, 774806, 920342, 1018832, 2191733, 23460830, 1475288, 6559316, 435957, 1800290, 74731, 1921871, 23211020, 33454, 33455, 33456, 33457, 33453, 33458, 33459, 50331, 855638, 1312183, 33441]"
709,16291,[320700]
710,16304,"[248622, 872789, 946836, 4159015, 364662]"
711,16391,"[1406126, 24249, 541932, 29133, 29135, 29137, 2386455, 541934]"
712,16393,[29143]
713,16461,"[423120, 491972, 170605, 170608, 196923]"
714,16466,"[1155227, 1110224]"
715,16496,"[4703553, 6615618, 3487878, 3314369, 13486172]"
716,16515,[330747]
717,16560,"[25111052, 13329252, 13167096]"
718,16579,[7701406]
719,16589,[29497]
720,16591,[29497]
721,16625,"[60188, 6809118, 18185144, 8530540, 936732, 29533, 60186, 6965068, 22756074]"
722,16667,"[837144, 1396528, 78753, 1211171, 41804, 120240, 85434, 5825270, 3040953, 76684]"
723,16839,"[2093969, 143126]"
724,16908,[13832]
725,16910,[1064084]
726,16933,[469491]
727,16939,"[432879, 1054357, 1891120, 2246092, 9466840, 562253, 1026508, 102287, 60133, 60132, 7637398, 30095, 30097, 920795, 399373, 131633, 250296, 599960, 13600356, 1890387, 230852, 399376, 1234727, 594574, 60154, 13227699, 30036, 7022843, 3369511, 60147, 60141, 60149]"
728,16961,"[6801389, 189288]"
729,16967,"[755806, 7945295, 30072, 577271]"
730,17010,"[676924, 34631931, 6972193, 9027853, 16103155, 6377359, 6370272, 1326258, 9515446, 7343947, 4028900, 6378455, 6378458, 6378459, 28013511, 6917229, 24795823, 6167746, 30183, 8724779, 6917951, 8835689, 4134071, 6917952, 10470567, 6216679, 12059592, 6274251, 7082115, 16136628, 6216680, 6328516, 17286663, 13371258, 8652190, 6262365, 2866718, 7933615, 7933617, 7933619, 6425505, 8030167, 7508615, 11256309, 10324808, 13022711, 16136599, 6280121, 6707275, 11551045]"
731,17015,"[676924, 34631931, 6972193, 6453488, 9027853, 7739950, 29102956, 16103155, 6377359, 6370272, 1326258, 9515446, 5151405, 6659411, 4028900, 2344214, 2344218, 6378455, 6378458, 6378459, 7051826, 8731979, 676679, 30200, 6917229, 6167746, 30187, 30186, 30183, 5325456, 8724779, 30196, 6917951, 8835689, 4134071, 6917952, 10470567, 6216679, 12059592, 6274251, 7082115, 30190, 30191, 30193, 30194, 30199, 16136628, 6216680, 6328516, 17286663, 13371258, 8652190, 6262365, 7727518, 2866718, 30223, 7933615, 7933617, 7933619, 6425505, 8030167, 7508615, 13310624, 6146826, 8110348, 7871086, 11256309, 10324808, 6729268, 13022711, 16136599, 7768157, 6280121, 6707275, 6957484, 11551045]"
732,17046,"[7740225, 15814441, 10066415]"
733,17047,"[15803907, 16146215, 15800522]"
734,17054,"[3475268, 13623854, 6344237, 30260, 10438093, 17285883, 23492477, 557332, 20426917, 2240429, 6244315, 489454, 6547188, 8507516, 29430576, 111022, 6419093, 199929, 80246, 2800881, 2189157, 28129423, 8138071, 10599805, 31140515, 7981459, 9532901, 30259, 6762906, 1225621, 30262, 30263, 30264, 30268, 30269, 13241659, 843633, 6100204, 11458632, 13459547, 5083281, 13531835]"
735,17059,"[38568, 38562, 38529, 1422253, 1422250, 2972472, 30653776, 18052871, 6503152, 6503154, 6503156, 13109352, 25706485, 9956230, 2246941, 1422252, 825830, 38548, 17334051, 20527020, 15722934, 199929, 263149, 30268, 387061, 6681585, 5282798, 3942622, 6239025, 6503161, 1702668, 11531818, 759600]"
736,17060,"[304295, 13004927, 9482067, 4791054, 84149, 362917, 362919, 362921, 362926, 362922, 362923, 7028070, 8497486, 1904217, 23014577, 23014579, 225594, 3124975, 30268, 12993852, 22929489, 6342840, 501442, 7519652, 84156, 7951509]"
737,17061,"[538294, 2233407, 8074963, 17131858, 6286042, 170210, 18492489, 5739760, 6619930, 110494, 6344832, 6202318, 12381269, 6081612, 7932568, 22386002, 526722, 301082, 20893389, 6681184, 6122181, 6362689, 23281944, 9077707, 6692673, 9637907, 2150466, 7450931, 6288362, 22031465, 2871250, 2871256, 3395318, 6897351, 6334590, 9450406, 8133097, 13559386, 1918955, 7172680, 3410278, 15808697, 4902793, 6445359, 140078, 7788266, 2071683, 20621650, 6456851, 6456850, 6069739, 6933473, 26067926, 6314469, 140098, 140097, 5161066, 30279, 25111052, 7864452, 17622924, 10901034, 10901035, 6361416, 6361417, 6361415, 6361418, 11711049, 15985348, 6468742, 6468744, 6944046, 10775135, 18090081, 8073282, 8493963, 7380104, 12416375, 1350187, 9640019, 3128406, 13635564, 22668768, 140081, 140082, 140086, 9829422, 7823210, 7083270, 20359361, 4505719, 58077, 7654360, 7091488, 17901077, 84156, 826078, 13543159, 12106940, 140079, 140075, 140077, 10407279, 18107951, 18061954, 3128398, 659855, 10348689, 7102544, 685384, 685385, 685386, 685387, 6285818, 17882103, 10559622, 3066856, 18114043, 4602032]"
738,17062,[30279]
739,17063,"[6739768, 2240429, 30280, 5980747, 1103965, 1103961, 18490727, 9642271, 84156]"
740,17064,"[6986721, 2168861, 357794, 2430731, 6739768, 9840319, 188275, 6082415, 90188, 30280, 313268, 615941, 362926, 507871, 507872, 23659164, 515394, 6314469, 620982, 1405053, 15783718, 1206089, 473926, 3294483, 357788, 13548105, 688560, 614738, 15783725, 10856736, 84158, 1756830, 72625, 62319]"
741,17065,[30280]
742,17082,"[8088201, 592949, 13642647, 770794, 3189901, 30331, 30329, 6509143, 12924153, 6483519, 6976104, 30334, 30335, 30336, 30337, 30332, 30333, 1039182]"
743,17126,"[6285236, 105660, 3350218, 870667]"
744,17152,"[16071824, 10822250, 13108221, 13599888, 20582841, 12944651, 25122002, 15802893]"
745,17216,"[16061340, 25315039, 17349085]"
746,17262,[30764]
747,17264,[30764]
748,17265,[30764]
749,17266,[30764]
750,17355,"[30203, 30205]"
751,17360,[24464590]
752,17370,[22219682]
753,17406,[5422179]
754,17542,[7945295]
755,17595,[16248166]
756,17597,"[5997734, 186870]"
757,17613,"[17910665, 7637398, 18885585, 20341887, 7455727, 6714177, 17702284]"
758,17618,"[299069, 56886, 31486, 366977, 764167, 31481, 31482, 31484, 251862, 662162, 246262, 190388, 2069495, 229489]"
759,17719,"[20897351, 20578964]"
760,17729,"[6057020, 3284028, 8697285, 11019352, 957931, 2941259]"
761,17739,"[320357, 572519, 3395318, 255879, 15802977, 572522, 8546768, 89553]"
762,17740,[31644]
763,17813,[31754]
764,17870,[12585612]
765,17967,"[58972, 26241281, 58978]"
766,18014,[7298656]
767,18015,"[7980210, 293413, 7441947, 836176, 48430, 7441970, 293479, 293446, 293363]"
768,18019,"[32004, 32000]"
769,18022,[32004]
770,18064,[6356046]
771,18105,[704731]
772,18111,"[23460900, 4495481, 4495482, 1691409, 20587574, 825334, 1061388, 340104, 340108, 12551093]"
773,18130,"[11436723, 9663855, 17572846, 7332664, 24611640, 19523941, 15798085, 10859654, 13605603]"
774,18252,[453916]
775,18253,"[620486, 279969, 11196925, 32460, 8038401, 13329252, 2783748, 218637, 218635, 499214, 36320, 13227699, 320700]"
776,18266,[14350]
777,18313,[1612671]
778,18327,"[28109970, 293479]"
779,18341,"[7637398, 11212021]"
780,18351,[3302568]
781,18393,"[774557, 23596, 774571, 774544, 543164]"
782,18409,[25790]
783,18445,"[23214396, 23214393]"
784,18451,"[18160307, 1042367, 1004335, 351023, 545061, 1099466]"
785,18454,"[6528962, 1440965, 9436751, 201546, 201547, 201548, 656939, 1100400]"
786,18520,[7857727]
787,18604,[33155]
788,18684,"[219677, 59389, 23995270, 81130, 54356, 207461, 499485, 7182421, 58891]"
789,18738,[2412493]
790,18791,"[120240, 77999]"
791,18837,[33489]
792,18841,"[9688895, 13590724, 11251546, 13167096, 11060998]"
793,18851,"[1914018, 279508]"
794,18874,[17288633]
795,18879,"[620486, 3546735, 9637907, 17802439, 13590724, 25605109, 8970727, 15798788, 20890556, 6340422, 13572840, 15798453, 11251546, 320700, 24998915]"
796,18880,"[33536, 36609, 2260675, 7851008, 13037542, 16235119]"
797,18882,[244887]
798,18967,"[18371589, 18371588, 13259034, 12052534, 9296389, 11175319, 17334484, 6788767, 7775569, 7199829, 7199828, 9764206]"
799,19005,"[6693729, 33744, 3868437, 6380608]"
800,19006,"[16117036, 6693729, 6380608]"
801,19012,[33744]
802,19157,[23551456]
803,19158,[2354843]
804,19169,"[1391483, 77887]"
805,19291,[12441448]
806,19305,"[28954093, 81042, 15806786, 12377549, 126437, 9466840, 9727730, 15793149, 424609, 27131517, 7637398, 249855, 15793066, 7304345, 6661321, 8038401, 13129274, 920795, 9816552, 13057977, 39746, 39747, 3373828, 22238188, 463033, 250296, 3259963, 13414149, 1788148, 7455727, 98042, 34497909, 10475929, 10575798, 8428157, 7850063, 13227699, 16130663, 6726099, 24998915, 1448631, 3302568, 16108066]"
807,19317,"[218696, 218684, 218683, 218681, 146842, 218670, 218671, 218676, 218677, 34270]"
808,19365,"[249867, 16065751, 13574640, 1008042, 13382321, 4908464, 35321056, 4412, 11915069]"
809,19391,"[13414615, 10798568, 17934795]"
810,19392,[34420]
811,19439,"[149864, 64305, 149847, 533625, 7557548, 116295, 1191527, 833493, 64468, 18090153, 3202026, 233664, 34509, 34508]"
812,19440,"[34540, 78878, 1938308, 596897, 34503, 34509]"
813,19441,"[233674, 64225, 34515, 16127190]"
814,19443,[320700]
815,19472,"[11196925, 662702, 585576, 252589, 13227699]"
816,19475,"[590205, 579527, 590197, 537107, 784086, 537124, 20893537]"
817,19512,[570383]
818,19522,[10559622]
819,19552,"[7989944, 450449]"
820,19558,[72878]
821,19564,"[170970, 810838, 6390465, 454575, 6831917, 6604644, 688191, 357027, 2302479, 17349030, 18171953, 163919, 1931915, 7669259, 13260739]"
822,19651,"[34791, 341735, 876537]"
823,19673,[176846]
824,19710,[34871]
825,19729,"[22370400, 9634035, 30240799, 792152, 1066654, 26800241, 10841303, 8062210, 34901, 225142]"
826,19733,"[613939, 6339053, 11181274, 13546423, 2242097, 7971985, 34908, 3002302]"
827,19819,[7095655]
828,19823,"[10063343, 5585181, 16090084, 536504, 124094, 12532841]"
829,19838,[499181]
830,19879,"[120240, 6254610]"
831,19954,"[6424184, 7148787, 7740064, 770794, 771710, 13546438, 137972, 137970, 7224154, 13547454, 519546, 519548, 5941233, 7775611, 137997, 771712, 138020, 14290023, 84073, 127663, 23613183, 9760071]"
832,19971,"[263178, 318831]"
833,20010,[1906381]
834,20026,[20176552]
835,20030,[17262167]
836,20035,[407224]
837,20058,[510342]
838,20105,[22917]
839,20214,[7933156]
840,20248,"[7428520, 13570854, 24903031, 6652893, 11751163, 18427989, 8723009, 10153069, 25853069, 24994123, 35729, 31356376, 20635583, 25293695, 9542259, 1240662, 13543137, 8829406, 8829407, 8829405, 7046495, 11540581, 17707740, 6289920, 10993282, 16042863, 10755240, 7894402, 18492859, 8548107, 304027, 42900, 10803619, 15815350, 29496208, 6304333, 7828882, 6224877, 6900002, 8492319, 13040826, 2880715, 42898, 42899, 6606305, 22571583, 1925821, 21911707, 1226318, 1226315, 1226316, 1226317, 18079730, 10570236, 6970656, 5098079, 6400712, 18210707, 3262139, 10780042]"
841,20255,"[35736, 1537134]"
842,20295,"[13579397, 7353243, 6374994, 13425505, 13129274, 16248074, 13147230, 16113738, 15715530, 18460044, 13003102, 17167572, 8129662, 16113693, 2111634]"
843,20299,[878037]
844,20331,"[620486, 317474, 498139, 317497, 463078, 320216, 47530]"
845,20432,[371638]
846,20433,"[13129274, 11251546]"
847,20435,"[6539039, 7455727, 320700, 11060998]"
848,20512,"[22219679, 22219680]"
849,20513,"[20758115, 97992, 291729, 67805, 49384, 2253471]"
850,20559,"[1191411, 6150453, 2409564, 76566, 411199]"
851,20560,"[89588, 89583, 339448, 18505823, 168540, 387339, 104348, 104349, 104344, 104342, 567675, 89589, 89582, 89581, 89585, 64701, 104351, 104350, 6940211, 141444, 104362]"
852,20561,"[40372, 5739760, 620486, 15806786, 8160897, 219403, 7978457, 20518868, 219407, 219405, 219402, 3046001, 62544, 62547, 2871256, 475442, 62549, 6367234, 219417, 219416, 219418, 8726518, 62571, 881466, 219412, 18090081, 10866880, 11212021, 62562, 289066, 62552, 62556]"
853,20575,"[63339, 17262247, 6998617, 5086402]"
854,20598,"[63213, 279969, 100085, 164312, 36315, 36320, 68842, 6254610, 847048]"
855,20602,"[6163754, 97526, 1063376, 1063378, 11196925, 60836, 60837, 66655, 66658, 36320, 320700, 636742]"
856,20850,"[510342, 7637398, 13049338]"
857,20936,"[1780124, 37234, 37235, 37238, 790260, 13167808, 6233390, 6663701, 37240, 9858870, 2316941]"
858,20983,"[6177424, 6177425, 2770316, 7790460, 7849903, 7846377]"
859,21070,[25363511]
860,21071,"[6105402, 317539, 317540]"
861,21158,"[126437, 10393851, 12427659, 16145361, 397400, 17910665, 21531492, 18885585, 81039, 739891, 371638, 20299673, 10877155, 141024, 1448631, 17702284]"
862,21184,[1160416]
863,21187,"[7012, 69456]"
864,21198,"[227283, 1603125, 102853, 6357508, 2917251]"
865,21259,[6011268]
866,21347,[118353]
867,21489,[13277796]
868,21517,[13135235]
869,21550,"[7945295, 2282320]"
870,21578,"[295801, 275470, 847048]"
871,21616,"[20706635, 268917, 40081, 27414477, 2889099]"
872,21665,"[38522, 771225, 39622, 490216, 84158, 39624, 39623, 1773616]"
873,21697,"[6611059, 7860794]"
874,21701,"[38564, 6574915, 6574928, 16006945, 13511496, 39346, 7940923, 9306028, 6659778, 22911299, 21937258, 10508192, 18509604, 601369]"
875,21708,[5973711]
876,21748,"[6286042, 6603364, 12119529, 9817275, 8559047, 20765985, 12177832, 17333180, 33541526, 13050840, 22303684, 7294513, 22823730, 15808652, 38619, 7130616, 23340339, 4345498, 18377559, 20957444, 10557809, 10561549, 6266006, 34593153, 21691788, 21857389, 6712343, 7292791, 9633064, 27209399, 11544421, 12993852, 27422533, 6479550, 6329547, 4916680, 1811543, 22668812, 12119496, 13543159, 17333171, 17333174, 16100526, 20263225]"
877,21762,[26727264]
878,21770,"[5220121, 38657, 27840858, 222818, 20518987]"
879,21781,[38675]
880,21911,"[106085, 6267237, 12604973, 23197620, 770794, 27416146, 5280597, 872333, 2753843, 3967980, 7747285, 6382952, 22922172, 7817785, 12902131, 7968653, 9464745, 18296016, 106081, 6908393, 8113940, 33386034, 19661080, 25814583, 17410362, 15818593, 23359992, 9578590, 7031834, 22633620, 15850937, 20893458, 17693680, 7747263]"
881,21912,[5598960]
882,21970,"[948090, 8012287]"
883,21981,"[30283334, 28954137, 770794, 24044140, 16108066, 13583766]"
884,22018,"[151242, 3493019, 100745, 3208948, 258392, 12344319, 258415, 39058, 827394, 39063, 258433]"
885,22042,[39097]
886,22074,[3622537]
887,22123,"[17131858, 24944116]"
888,22159,[25407926]
889,22297,[13624772]
890,22303,"[39672, 17586838]"
891,22369,"[74455, 15808710, 6640559, 8312889, 15725683, 13507498]"
892,22425,[2282320]
893,22475,"[13329252, 2282320]"
894,22490,[830942]
895,22528,"[9756609, 7763145]"
896,22536,[10623784]
897,22542,"[8306741, 30363359, 40159, 40158, 40157, 30363360, 30363361, 10454271, 1082754, 448873, 448872, 1136916, 6527841, 1082753]"
898,22543,"[58068, 180412, 180411, 481550, 1569097, 691995, 2254392, 92718, 92719, 92717]"
899,22545,"[10393851, 397400, 249855, 81039, 4738393, 463033, 739891, 371638, 81038]"
900,22546,"[44328, 438311, 2865290, 566784, 566781]"
901,22547,"[606969, 327945, 463078, 2865290, 7455727, 428854, 363416, 603511, 606935]"
902,22548,"[81042, 70587, 70582, 249855, 1270841, 9816552, 491075, 44328, 140149, 9191899, 70585, 70583, 70581, 20299673, 8428157, 771527]"
903,22549,"[642327, 2865290]"
904,22602,[15838236]
905,22631,"[12377549, 218574, 218572, 6979061, 3259963, 184003, 10575798]"
906,22636,"[6378458, 3303559, 47530]"
907,22645,"[13579397, 491075]"
908,22648,[908296]
909,22649,[7840832]
910,22653,"[609057, 40395]"
911,22716,[6705489]
912,22760,[1338872]
913,22781,"[17572020, 228647, 463078, 32332687]"
914,22993,"[15806786, 126437, 3689171, 10575798, 24998915, 1448631]"
915,22995,[10807218]
916,23001,"[102241, 102248, 279969, 6313798, 561311, 13590724, 57950, 102267, 297387, 430961, 722251, 218716, 36320, 13227699, 771204, 102266]"
917,23012,"[776420, 668714]"
918,23023,"[6676744, 3259963, 9272976]"
919,23069,"[17332287, 92060, 620486, 690949, 126437, 322067, 201991, 11196925, 344935, 6313798, 47580, 7637398, 299758, 7143047, 288132, 271587, 703026, 463376, 463378, 6845909, 60211, 25696314, 17310066, 98042, 845501, 499214, 1455439, 371638, 666601, 10575798, 4395088, 60212, 60213, 60214, 60215, 18596555, 40997, 40996, 40992, 13227699, 92377, 40995, 1448631, 968868, 7022843, 755023, 618260]"
920,23113,"[491075, 552357, 371638]"
921,23120,[11382427]
922,23138,"[86737, 295107, 250026, 7846209, 3169710, 6671653, 3630790]"
923,23144,"[8488204, 11926311, 3302568]"
924,23157,[2251041]
925,23284,"[378366, 378639, 1281165, 41334, 41337, 915341, 1018538, 1169859, 378414]"
926,23379,[6234751]
927,23417,"[510342, 41539, 41536, 41537, 41534, 9994765, 20642659, 10869776, 41538, 2391371, 24781389]"
928,23419,"[1691307, 1079782, 10235919, 29236440, 41541, 239239, 106925, 106924]"
929,23438,[2998611]
930,23503,"[700382, 314254, 263021, 263023]"
931,23561,[138350]
932,23598,[124976]
933,23599,[124976]
934,23613,[44537]
935,23704,"[366086, 15806786, 319260, 19286662, 6313798, 7637398, 39747, 42141, 42144, 42145, 157821, 42140, 2997253, 42143, 42146, 212828, 42147]"
936,23821,[42366]
937,23822,[42366]
938,23892,[303251]
939,23894,"[542608, 6950499, 7933699, 8087051, 5116480, 4051623, 18453111, 352262, 15841027, 16053752, 7795066, 143728, 7939682, 6834864, 10757361, 971239, 1950067, 454600, 7669945, 34455798, 6950498, 2038010, 17368237, 1184366]"
940,23895,[291628]
941,23986,[7970778]
942,24009,"[7114042, 6286042, 42668, 519663, 2336321, 1543965, 10558533, 13107963, 13409405, 12739450, 7864587, 15808710, 10599649, 14896828, 10557809, 13560468, 6357771, 3452981, 7044446, 4916680, 62319, 1066445]"
943,24041,"[1843531, 452304]"
944,24183,"[301001, 88009]"
945,24197,"[25111052, 18090081]"
946,24274,[106666]
947,24403,[8160897]
948,24424,[15842677]
949,24425,[118353]
950,24567,"[23215464, 26198855]"
951,24586,[17707758]
952,24645,[397666]
953,24648,"[43818, 43808]"
954,24655,"[17910665, 21531492, 18885585, 17702284]"
955,24684,[43915]
956,24758,[70746]
957,24818,"[289695, 26113776, 289740, 2011835, 499118, 2801635, 6178354, 44170, 419954]"
958,24827,"[6163754, 263549, 1441722, 6721385, 12643330, 6100790, 263550, 25111052, 2590477, 44190, 7759580, 8488204, 6416702, 3115950]"
959,24830,"[607466, 607437, 7796794, 1685350, 352701, 2497690, 158615, 105657, 667776, 1121430, 607458, 1222817, 1121393, 334012, 607445, 1222807, 1222808, 1222809, 4719340]"
960,24843,[8810098]
961,24901,"[13129274, 44328, 463033, 13262782, 104594, 2865290, 98042, 31372246, 32073069, 13057774, 16130663]"
962,24902,"[13579397, 663871, 81042, 346282, 15806786, 24727571, 22125258, 10393851, 424609, 18770411, 6313798, 2939570, 11545694, 13129274, 44328, 7505560, 12344319, 13329252, 4738393, 463033, 23281612, 577302, 28114552, 66657, 7455727, 98042, 23719342, 66659, 8488204, 10635363, 7945295, 20697444, 13057774, 11926311, 3302568, 13583766]"
963,24953,[120240]
964,24978,"[5228806, 21936862, 3928253, 21900558]"
965,25018,[13588435]
966,25027,"[17976979, 2429973, 8719737, 4254923, 160964, 7455727, 12941033, 13234408, 176332, 176336, 176334, 2282320, 44601, 18665088]"
967,25052,"[1113545, 6520659, 8306745, 11254850, 1691582, 6414013, 6298470, 17244430, 11733900, 8331312, 21950253, 5028912, 6948437, 2146957, 12095951, 2124106, 8614812, 44652, 18051172, 17571274, 784916, 784911, 25205316, 15801381, 7243142, 29563587, 14912430, 17571275, 5217282]"
968,25125,[18667858]
969,25182,[2042968]
970,25205,"[3349088, 3349087, 6022056, 44930, 14623646, 2132429, 2491569]"
971,25251,"[6267775, 13620781]"
972,25268,"[22206705, 66084, 9462664, 13495346]"
973,25307,"[17393102, 395953, 6662436, 515814, 24942688, 10762697, 77197, 77198, 22016387, 10410973, 7011403, 1593623, 22016392, 23582628, 68493, 24698864, 618211, 6662400, 30688013, 25985861, 18658063, 11918442, 6437770, 1072177, 8739264, 8182150, 77563, 12774733, 16244663, 45101, 45102, 25985881, 23157777, 22758617, 13109291, 5473470, 6662414, 395946, 13600356, 7687199, 4703450, 19288321, 11801463, 6437765, 6437768, 9551603, 6550760, 6714177, 771713, 21956219, 18714864, 45109, 45108, 45107, 45106, 45100, 395945, 25452013, 6662349, 23200621, 25985840, 1214422, 27917260, 23019001, 9279710, 7841656, 68487, 68488, 892317, 45110, 45111, 45112]"
974,25334,"[873920, 13408586]"
975,25355,"[6928840, 444331, 13421146, 14759651, 12358349, 28195, 28194, 8835379, 17343391, 21469090, 71366, 71370, 25858039, 248603, 20826544, 762713, 1387252, 127564, 20518884, 71365, 786255, 22350873, 31145176, 12637458]"
976,25376,"[13579397, 7353243, 13129274, 22404710, 98042]"
977,25385,[679364]
978,25421,"[18454480, 277189, 3418156, 277190, 277191, 5989515, 277187, 103386, 7327327, 519048, 2238093, 12156463, 45343, 444304, 12049592, 3940051]"
979,25422,"[16071969, 81042, 13832, 346282, 8288246, 9466840, 277189, 9727730, 7416873, 277190, 277191, 7804123, 10393851, 13518588, 46777, 5989515, 9637907, 7067782, 10164948, 13612962, 13612965, 6422595, 7171748, 11545694, 7143047, 6382952, 277187, 9816552, 25613630, 8884616, 17333499, 20875019, 12813630, 13372368, 283498, 283494, 283495, 103386, 23299980, 30230234, 7505560, 6087756, 2929794, 4738393, 463033, 18587556, 13262782, 12189496, 25674390, 519048, 6488500, 21345051, 8849393, 2238093, 18090081, 17307169, 17310066, 9191899, 45343, 18070700, 8442485, 6387496, 20299673, 8664091, 601632, 10635363, 11771994, 25106755, 13608989, 6370801, 444304, 24044140, 8428157, 1270247, 20697444, 19161843, 15944406, 20930012, 18469695, 8731014, 20578940, 266607, 3942410, 26032825, 7992851, 20958632, 21519817, 13583766]"
980,25477,"[198514, 170303, 170293]"
981,25523,"[587315, 587316, 587317, 317518, 65636, 11127, 11129, 638254, 638211, 140212, 67939, 170604, 170605, 170608, 170609, 177112, 49314, 509797, 101711, 1045154, 980884, 467157, 317500, 317501, 1045145, 65610, 156766, 56400, 822603, 481509, 896889, 65640, 65641, 65645, 317517, 1045090, 37685, 37686, 11136]"
982,25551,[45709]
983,25682,[1851687]
984,25824,[16147399]
985,25883,"[6163754, 32332687]"
986,25893,[595341]
987,25914,[88179]
988,26033,"[7840832, 3400577, 6369517]"
989,26115,[476733]
990,26170,"[4045691, 1175893, 1338404, 2871839, 7327214, 11199165, 15986068, 6113686]"
991,26171,[893396]
992,26291,"[59250, 181425]"
993,26306,"[28118570, 28219402, 28219400, 28219404, 5520449]"
994,26347,[17707758]
995,26354,[20929]
996,26359,"[680370, 46987]"
997,26399,"[293414, 7441947]"
998,26405,"[11946938, 6799860]"
999,26414,"[577302, 66657, 7945295]"
1000,26417,"[47085, 9637907, 16685341, 6342973, 23719342, 310717, 13531832]"
1001,26457,[573592]
1002,26515,[6254610]
1003,26546,"[47241, 30753493, 20257238, 544237, 544242, 544240, 13151638, 544238, 544239, 544236]"
1004,26615,[47323]
1005,26656,[859694]
1006,26724,[7991204]
1007,26738,"[7628695, 582402, 88504, 7923602, 2240429, 503536, 1989153, 5820190, 526014, 10099755, 10586912, 9166876, 4916680, 501442, 9642271]"
1008,26764,"[10021764, 47580]"
1009,26767,"[15806786, 9727730, 7416873, 7304345, 3689171, 7455727, 10475929, 10575798, 18596555]"
1010,26771,"[464685, 464682, 464690, 464678, 464672, 890361]"
1011,26773,[2038020]
1012,26796,"[11276935, 17452242, 9732091, 17568822, 13242304, 6913778, 18339939, 4624955]"
1013,26797,"[22219679, 22219682, 22219680]"
1014,26798,"[22219680, 1906381]"
1015,26805,[10637834]
1016,26806,[47708]
1017,26810,[33843449]
1018,26811,[1851937]
1019,26813,"[7637398, 9816552, 11212021]"
1020,26819,[47755]
1021,26835,[47810]
1022,26875,"[13832, 489994, 47891, 47890, 11016554, 351461, 5576634, 47887, 823502]"
1023,26878,"[47920, 23551456, 6000352, 13130788, 11016554, 13262782, 2664597, 47905, 47907, 47906, 13488299, 1961314, 47918, 3233803, 198581, 1961402, 3233802, 47916, 13480259]"
1024,26891,"[9191899, 13583766]"
1025,26897,"[2456909, 15711341, 18114152, 20972951, 25489473, 3598830, 81039, 17560793, 18342305, 47951, 47957, 213105, 8315340, 363789, 363783, 6625002, 739891, 22668802, 997846, 11515995, 21457243, 371638, 22062202, 47952, 47953, 47956, 47954, 47955, 47958, 47959, 24914112, 363777, 34329687, 22062213, 659855]"
1026,26906,"[1308762, 47970, 64818, 64819, 3019990, 341723]"
1027,26926,[6254610]
1028,26930,"[145172, 279969, 17738894, 120240, 48037]"
1029,26932,"[279969, 472966]"
1030,26935,"[6163754, 5739760, 17864395, 9637907, 2871256, 7840832, 7508223, 3302568]"
1031,27032,[9462784]
1032,27072,[179715]
1033,27075,"[620486, 16248247, 16248246, 62005, 737453, 371638, 10877155, 141024]"
1034,27100,"[6441303, 8918559, 4588949, 7363955, 4020526, 6716668, 6693332, 8458018, 3375320, 9087239, 17402605, 10740844, 977841, 8519822, 2402971, 1035910, 3168250, 8333930]"
1035,27140,"[2915837, 12987853, 7171880, 730978, 3475145, 15812811, 523424, 8288885, 6640557, 25894017, 13167096, 7124101, 9918110, 4497980, 13543159, 12925140]"
1036,27142,"[6721385, 18090081, 499214]"
1037,27148,"[6721385, 23156342, 20263205, 18090081, 13498652, 17671897, 29358350, 26241281]"
1038,27167,"[6034660, 13129274, 23173457]"
1039,27168,"[2969219, 6578725]"
1040,27205,"[2748241, 12858494, 351017]"
1041,27206,"[6163754, 7739950, 5739760, 4028900, 13533644, 20893389, 6378458, 6760760, 8731447, 7269507, 836176, 22701387, 47580, 2871256, 7171882, 6382952, 2855252, 457350, 7441970, 293389, 23471830, 303192, 293476, 293479, 28116863, 14811468, 6411849, 11049606, 17612519, 303197, 13498652, 9031163, 11212021, 303200, 12989106, 5989059, 13057774, 10890808, 9642271, 13543159, 12044946, 6369517, 3302568, 13594857, 2700825, 394749, 394748]"
1042,27209,"[15754031, 11455111, 4583489, 17902184, 8483864, 18090081, 20949471, 13167096, 7182626, 837910, 13543159, 25361849, 7171956]"
1043,27276,"[6034660, 98042, 17156415]"
1044,27280,"[15814425, 10173501]"
1045,27318,"[17349030, 18171953]"
1046,27341,[186337]
1047,27372,"[17347383, 17347380, 17347381, 17347384, 17372039]"
1048,27379,"[219110, 287861, 8608257, 1369202, 18187690, 6839020, 1066608, 287892, 3261010, 585261, 48722, 7312120, 1695820, 13046692, 6923325, 12899180, 6322885]"
1049,27498,"[11594180, 4955576, 3427378, 831194, 6641796, 6249757, 111332, 111021, 295086, 18588383, 608906, 2083991, 49006, 22693143, 197457, 30653889, 6249762, 2194051, 6616667, 9573401, 7217724, 13455534, 16248235, 326911, 336245, 15768989, 6966342, 8485458, 1231511, 5269697, 5498077, 2237117, 17682406, 1348468, 273512, 2801573, 17681750, 22635871, 10433020, 197459, 1507805, 7023788, 5072077, 296942, 1183379, 9487114, 2762488, 6953778, 7124925, 7124921, 3342493, 2801577, 252938, 2257948, 2257949, 3576176, 273511]"
1050,27500,"[873920, 447937, 873922, 1408586, 81034, 81021, 276750, 763471, 23281612, 81026, 49011, 653651, 198483, 198487, 581720, 8538030]"
1051,27528,"[510342, 71413, 16248247, 16248246, 23846151, 49047, 13129274, 81039, 13115184, 13177385, 847409, 57504, 739891, 57498, 9191899, 20697444, 71409, 15790940]"
1052,27550,[20587574]
1053,27704,"[304687, 1281575, 49281, 133450, 133451, 133452, 133453, 133455, 133456, 133458, 6678974, 1410206, 133462, 220944, 140149, 140146, 140143, 132210, 915554, 9191899, 20519003, 2255792, 17332271, 140151, 817358, 92377, 33517532, 8705465, 817357, 133465, 133464, 133460, 590349]"
1054,27779,[32831]
1055,27798,[770794]
1056,27813,"[8710437, 4825980, 2585258, 11415846, 274948, 493553, 394856]"
1057,27841,"[13579397, 15806786, 9727730, 17910665, 18885585, 8038401, 22238188, 34497909, 17702284]"
1058,27874,"[6721385, 10869776, 23471830, 10425771, 18090081, 26241281, 16058665]"
1059,27944,"[3422160, 6289806, 49625, 49613, 49614, 49604, 49605, 49606, 49607, 49603, 49609, 8049140]"
1060,28045,"[29496535, 17864395, 6307037, 13542374, 12858494, 3103806]"
1061,28064,[7846430]
1062,28083,"[73906, 405586, 539428, 140128, 140127, 202038, 18853210, 73932, 73931, 264007, 4286737, 7776444, 7776445, 49890, 17283404, 73934, 611787, 73928, 13497118, 1050676, 463593, 2430310, 9769032, 10634284, 73930]"
1063,28120,[13023]
1064,28135,"[86736, 194685]"
1065,28185,[2282320]
1066,28224,[27259205]
1067,28273,[17245]
1068,28375,"[11692299, 15808401, 10806119, 160414, 15810918, 13113057, 6282010, 825822, 7841511, 8546815, 13542700, 192204, 4052982, 1215918, 192205, 18281991]"
1069,28517,[899109]
1070,28525,"[462182, 6254610, 771204, 509094]"
1071,28544,"[21528313, 446945, 446946, 2880573, 3395318, 241976, 44328, 97966, 97964, 97965, 97963, 97960, 97961, 97968, 97969, 10376272, 10557809, 50739, 6080136, 6438140, 28953458, 6289939, 345660, 337017, 97967, 97962, 7908762, 13520061, 437802, 437804, 437806, 659855, 119835, 455412]"
1072,28550,"[50756, 50750, 5132915, 15808640, 13512929, 6303144, 25066999, 13411920, 6614238, 7605246, 7095689, 23507711, 297868, 50789, 6659778, 797151, 8550277, 3073174, 3073173, 673946, 1263398, 11995715, 2319370, 50749, 50748, 50747, 15808639, 7831744, 297866, 50787, 50785, 10553093, 13542714, 7102544, 6184297, 1773616, 9464765, 50788]"
1073,28569,"[28186296, 12604939, 11018856, 768528, 17707708, 15808851, 8112340, 718951, 2961879, 6668868, 22668736, 50787, 6369517, 15713700]"
1074,28570,[50787]
1075,28572,"[14815481, 8428110]"
1076,28574,[78208]
1077,28656,"[20893389, 140098]"
1078,28699,"[92204, 92201]"
1079,28709,"[659469, 13169857, 10644631, 227222, 1490430, 6718729]"
1080,28715,[20362706]
1081,28946,"[413963, 11779667, 2854878, 51429, 18110063, 413814, 3487348, 413896, 591821, 15808272, 15808414, 1145177, 29953886, 6621880, 8326789]"
1082,28947,[474752]
1083,29011,"[17415983, 16074630, 3303559]"
1084,29471,[9581507]
1085,29479,"[6163754, 6375862, 15793066, 101518, 491075, 463078, 384478, 13758481, 974209, 26114456, 101591, 101555]"
1086,29482,[12323688]
1087,29527,[6254610]
1088,29535,"[510342, 740037, 52318, 968848, 256890, 116256, 116254, 60930, 7850063, 60924, 60925, 764647]"
1089,29574,"[219584, 270166, 52358, 52357]"
1090,29593,"[17910665, 18885585, 20341887, 17702284]"
1091,29624,[2070346]
1092,29840,"[11401915, 8456124, 11595501, 11598940, 7726143]"
1093,29954,[77999]
1094,29963,"[770876, 194204]"
1095,29974,"[23596, 1064084]"
1096,29996,[24874358]
1097,29998,"[9816552, 227529]"
1098,30003,[11408298]
1099,30033,"[53132, 53135, 53134, 23551456, 2927126, 7171748, 2761829, 6684306, 12189496, 12640578]"
1100,30036,"[53136, 7787487, 6369517]"
1101,30209,"[3304, 16526]"
1102,30279,"[57704, 30215481, 53539, 53538, 25203631, 57687, 18153046, 53541, 53543, 53546, 57690, 57691, 57693, 13447190]"
1103,30315,[680476]
1104,30384,"[53667, 120240]"
1105,30654,[309480]
1106,30812,[17332297]
1107,30819,"[9585036, 950866, 17251435, 2344297, 8160897, 13261372, 13547964, 16000975, 27069953, 3856277, 18528417, 770794, 13375677, 13375675, 8369784, 16160048, 18246288, 10857421, 9450406, 24109853, 20579294, 7840832, 5930637, 23214380, 8307302, 15803251, 2930157, 23452731, 10869776, 959245, 11536681, 6270027, 12745342, 28507374, 23638951, 575131, 18812409, 731810, 7815691, 7815690, 959230, 10456697, 575004, 10477597, 10477596, 3643502, 2930659, 11260430, 33358408, 731809, 6612741, 7815689, 6570066, 17622927, 28507357]"
1108,30973,[7251081]
1109,31232,"[541867, 850962, 850963, 2621383, 938544, 19381626, 850960, 18490602, 6616579, 17452242, 938534, 5301005, 1277613, 55401, 55400, 5878388, 175983, 55399, 55398, 478951, 459064, 6657468, 345299, 827238, 8447255, 478927, 4703427, 7143429, 2893217, 7022843, 13038833, 2255638]"
1110,31247,"[274416, 5944682, 10115441, 2038926, 55443, 346222, 2470411, 2470390, 384353, 384352, 384356, 384355, 384354, 249633]"
1111,31253,"[14976, 55451, 7150647, 2702948]"
1112,31255,[1986356]
1113,31257,"[20518784, 23627690]"
1114,31265,"[55463, 544313, 544315, 1151335]"
1115,31321,"[6034660, 6375862, 12978730, 10575798, 18114543, 9464732, 21863903]"
1116,31425,"[1612302, 22233104]"
1117,31505,[1475288]
1118,31597,[25816768]
1119,31688,"[346282, 183274, 7616379, 11545694, 183272, 10635363, 20697444]"
1120,31712,[24044140]
1121,31775,"[7740030, 17262736]"
1122,31845,[788331]
1123,31869,"[2113443, 6338964, 3198692, 274149, 227331, 24402469]"
1124,31882,[808957]
1125,32018,[16108066]
1126,32048,[1220830]
1127,32157,[2451090]
1128,32168,[9349915]
1129,32252,"[585576, 552357]"
1130,32262,"[29496535, 6307037, 3103806]"
1131,32265,"[1169073, 303496]"
1132,32278,"[491075, 338329, 552357, 715287, 1228628, 445654, 13227699]"
1133,32279,"[519828, 139994, 519829, 519827, 13721878, 235577, 139981, 10904100, 139986]"
1134,32349,"[10571, 937105, 13408586]"
1135,32354,"[28539, 92904]"
1136,32401,"[2833308, 2550219, 21873092, 393146, 393147, 393145, 12161371, 57457, 873613, 873615, 452570, 17262286]"
1137,32530,[1981412]
1138,32590,"[710178, 378356, 13343752, 851340, 234946, 107664, 107669, 1995100, 378346, 107670, 851339, 1111891, 2870651]"
1139,32637,"[6163754, 104159, 2192092, 2043599, 18505829, 104160, 1865653, 1029770, 18090214, 359375, 1108497]"
1140,32638,"[23705140, 21996356, 11785468]"
1141,32641,"[16368455, 911867]"
1142,32643,"[6057020, 8697285]"
1143,32665,"[1731752, 58087, 58085, 1161439]"
1144,32911,"[7206935, 529581]"
1145,32912,"[17262407, 9711628, 23156342, 445761, 2729396, 291548, 15981709, 12987245]"
1146,32913,[978999]
1147,32914,[362053]
1148,32915,"[362055, 2892113]"
1149,32916,"[18007558, 23156342, 639944, 14002, 66691, 3103806]"
1150,32968,"[6528962, 58437]"
1151,33050,[7637398]
1152,33116,"[15717850, 19216478]"
1153,33262,"[2444340, 6719241, 625603, 6057020, 8697285, 1052311]"
1154,33271,[13329252]
1155,33297,"[17707758, 845078]"
1156,33408,"[16156295, 23303672, 18811375]"
1157,33461,"[619891, 181439, 181432, 59250, 1020421, 6740998, 202632, 181424, 181425, 181426, 181427, 181423, 580898, 619889, 181431, 181437, 442819]"
1158,33463,[320700]
1159,33465,[20691458]
1160,33467,"[17428653, 59263, 6375862, 33295236, 871575, 13555073, 19162620, 7794018, 7831435, 9217350, 9813788, 835106, 7640705, 25613431, 18657633, 844449, 3453791, 478600, 334123, 10429903, 59267, 59266, 59265, 59264, 59268, 33785205, 478587, 17612879, 564427, 14059024, 7740130, 23922381, 28501512, 20318205, 24397043]"
1161,33502,"[20929, 13832, 620486, 10393851, 370073, 5981700, 7143047, 463078, 739891, 11212021, 10877155, 84156, 141024, 81038]"
1162,33503,"[20695297, 17572020, 24000252, 32332687]"
1163,33505,"[23164910, 20447642, 23965758, 23965831]"
1164,33508,"[18850627, 6356170, 8116153, 712731, 734115, 1620977, 7212010, 59326, 3066582]"
1165,33546,"[23596, 774846, 11226926, 59396]"
1166,33773,"[15793066, 32671298, 32670125, 23719342, 13758481, 13167096, 24044140]"
1167,33876,"[692946, 304025, 4916680, 614712, 61912, 7841656]"
1168,33918,"[16172547, 6931246, 9466840, 7576123, 499415, 9830133, 12392681, 976422, 68495, 68494, 68496, 68497, 68498, 71303, 71304, 10593401, 920795, 25489159, 9709219, 13696160, 10362658, 4703581, 7505560, 867383, 7278057, 7278058, 32767, 250296, 6811283, 13551297, 6661027, 11251546, 2021006, 6602575, 2162714, 9916170, 395947, 24044142, 9516288, 6051255, 1069345, 9791714, 1861938, 9813572, 27833610, 9711050]"
1169,33919,"[13579397, 25970139, 31451186, 2246092, 12377549, 22181319, 9466840, 10393851, 424609, 6313798, 3689171, 920795, 17830944, 21560619, 28225843, 12344319, 6582496, 250296, 3259963, 7778983, 230852, 230853, 230855, 22752442, 17934530, 20646678, 8129662, 3369511]"
1170,33936,[638559]
1171,33958,"[5178537, 7137810, 17349030, 18171953]"
1172,34049,"[11309018, 11070385, 23846048, 6089263, 16149577, 10551947, 21456821, 6719735, 824729, 10196565, 11111343, 15748883, 13003565, 2865228, 127823, 5427288, 1524173, 26891484, 7096010, 60400, 15748868, 1814843, 613876, 3218719, 15779125, 1103385, 26890008, 5201089, 7291741, 2836109, 13589152, 7592279, 18667863, 7006095, 6348045, 8404519, 144349, 6070896, 13135293, 17465470]"
1173,34161,"[2093969, 143126]"
1174,34408,"[61146, 61152, 159764, 92138]"
1175,34409,"[61146, 159764]"
1176,34410,"[61152, 159764, 9815922, 92138]"
1177,34429,"[620486, 6034660, 11196925, 10393851, 424609, 78753, 13129274, 18596555]"
1178,34430,"[145134, 260985]"
1179,34636,[779002]
1180,34748,[497347]
1181,34765,"[23770294, 13354420, 13414545, 17797268]"
1182,34820,"[84183, 61823]"
1183,34827,"[231012, 3689171, 3030779]"
1184,34828,"[429890, 6375862, 150932, 3689171, 250296]"
1185,34850,"[84537, 6316518, 17859577, 13542374, 181886, 84552, 18892, 18889]"
1186,34853,[61912]
1187,34854,"[176846, 458268, 17247984, 598099, 2793511, 264446, 61912]"
1188,34859,"[410927, 177928, 61965, 463078]"
1189,34861,"[20929, 7945006, 7269507, 6307037, 14002, 129020, 3103806]"
1190,34863,[673252]
1191,34872,"[225699, 225691]"
1192,34878,"[62031, 317385, 62032, 6479198, 1707509, 3182557, 13517675, 62033, 1032913]"
1193,34933,[13023]
1194,34997,"[3030080, 2140775, 1046382, 2924152]"
1195,35007,"[878307, 3975775]"
1196,35010,"[293479, 13498652, 7694627]"
1197,35017,[1911138]
1198,35022,"[5988375, 93480, 11018851, 7353243, 2712887, 10609400, 93478, 93479, 15810845, 7196830, 15793066, 28695374, 2240429, 93481, 93483, 93489, 2281814, 199929, 156295, 6432786, 13758481, 6289939, 7717157, 5531637, 1931351, 6344424, 33540347, 13543159, 62319, 29071035, 7841656, 1773616]"
1199,35023,"[5519759, 15808829, 7840876, 2423981, 396929, 1708127, 11092162, 15808710, 9636371, 6602818, 442807, 4916680, 62319]"
1200,35064,[898671]
1201,35237,[3389200]
1202,35238,"[120240, 91540, 6254610]"
1203,35335,[109417]
1204,35400,[1612671]
1205,35595,[1367809]
1206,35620,[845078]
1207,35634,[7740753]
1208,35697,[9663437]
1209,35760,"[122999, 335958]"
1210,35815,[1973857]
1211,35817,[6254610]
1212,35855,"[23846037, 5877213]"
1213,36112,[757712]
1214,36120,[17707758]
1215,36122,"[7278720, 16145361, 329661, 397400, 169867, 7170273, 1060958, 150739, 13356208, 169879, 169878, 169875, 169871, 169870, 169873, 169872, 638073, 5797595, 86238, 916375, 64207, 6965998, 883316, 883315, 883314, 64108, 169885, 169880, 169881, 1190374, 81078, 245727, 5881635]"
1216,36175,"[15793149, 83061, 1041257, 169878, 169872, 463033, 638073, 6730372, 916375, 13414149, 64207, 10877155, 382870, 141024]"
1217,36203,"[64251, 1247695]"
1218,36245,[125755]
1219,36276,"[11904255, 8408981, 7059393, 16700536, 10437150, 31579908, 7507909, 13588399, 15812201, 33838972, 2192340, 28687247, 22504710, 25776235, 25387906, 19276094, 23281892]"
1220,36289,"[960493, 1232960, 143223, 143224, 143225, 143226]"
1221,36343,"[204279, 698179]"
1222,36344,"[7269507, 3356979, 363187, 66311, 66313, 66312, 66315, 66314, 66317, 66316, 18490706, 326128, 6320397]"
1223,36346,"[20646690, 20646696, 23197608, 34187776, 30145677, 18601430, 20646683]"
1224,36501,"[17131858, 1122004, 125755, 197397]"
1225,36521,"[218756, 3345417]"
1226,36615,[28114552]
1227,36730,[371698]
1228,36998,"[279969, 357727, 120240, 19246479, 10552013, 847048]"
1229,37013,"[65567, 65549]"
1230,37048,"[65633, 6069946, 1251032, 4436849]"
1231,37055,[65659]
1232,37060,"[750609, 2348157, 65666, 6811278, 843099, 377592, 8556375, 4495776, 352270, 10861110, 231183, 10251703]"
1233,37075,"[7912701, 22908506, 17156415]"
1234,37107,[1182136]
1235,37168,"[28412354, 25999628]"
1236,37182,"[6419700, 11212021]"
1237,37557,"[19346407, 25817389, 5776788, 15783828, 18456381, 66584, 22238188, 7778609, 7061684, 28364013, 6948234, 17349326, 10439703, 13157246]"
1238,37607,[8320534]
1239,37613,"[12981174, 11896968, 9532302, 12618763, 66717, 9896522, 9896523]"
1240,37814,[84176]
1241,38063,[7884969]
1242,38066,"[3556419, 24663516, 6122181, 2871250, 9459086, 18627947, 12114440, 2855252, 7860794, 67513, 16144864, 1233478, 285212, 6432786, 207365, 23007024, 3072254, 9642271, 28001867, 14759816, 8926959, 6203049]"
1243,38120,"[545435, 268917, 40081, 2889099]"
1244,38164,[11076156]
1245,38234,"[13589141, 29496535, 6307037, 17859577, 3103806]"
1246,38313,"[30050287, 20168816, 304922, 7143047, 21432372, 6340422, 753141, 67957, 7841656, 10559622]"
1247,38328,"[20530924, 17327]"
1248,38386,[577555]
1249,38449,"[27712, 774449, 83565, 1013269, 1094741, 70946]"
1250,38530,"[208738, 2855252]"
1251,38531,"[7092399, 6376772, 12608185, 16000044, 2468596, 68400, 17342701, 6289794, 7041456, 10643556, 10661081, 12954620, 8262172, 13060609, 9652947, 10346185, 7828883, 4916680, 8272495, 7787487, 15810152, 3225007, 460328, 460327]"
1252,38546,[317547]
1253,38550,"[15793077, 7743162, 2705034, 18050012, 6656935, 30063474, 25925238, 17562700, 28595941, 21098320, 13452375, 15704459, 7438039, 15704486, 22673038, 243272, 7303820, 21411388, 28220825, 13538824, 28963393, 23848236, 623976, 20518827, 10137823, 17190009, 16131832, 7235532, 7235533, 17332218, 26541448, 20886354, 12425774, 10803121, 6976882, 8253920, 17910665, 10803710, 18885585, 18583347, 16065811, 7743175, 6374361, 11543195, 21847375, 2115046, 17452242, 23848604, 3362870, 16065004, 20342545, 68429, 34002132, 1166599, 7303819, 18490585, 68427, 68428, 10063939, 17727802, 3537527, 6604209, 10803709, 29150270, 7141427, 12794078, 7037744, 22887589, 20562690, 21965074, 19424401, 780905, 13600356, 18324059, 24019186, 21432372, 13361776, 15929466, 12065807, 25451785, 21100112, 25578503, 20945146, 11221285, 6547258, 6547259, 16052859, 12377857, 33357682, 23602778, 17332365, 17825280, 22313627, 9329354, 34703445, 25387362, 25387360, 2767793, 18523268, 17250961, 17454731, 7740659, 23848109, 22906853, 18929850, 22887640, 7969594, 5980975, 25403108, 3485562, 24393777, 12425703, 13578175, 6709663, 6646849, 28812474, 18248381, 9647295, 15832300, 30363288, 6547260, 6950910, 24734047, 33357675, 17182126, 10388881, 18114043, 18490647, 26114421, 17702284, 6366110]"
1254,38569,"[18247598, 18247597, 11970994, 14781491, 6043781, 31933977, 6321854, 1128434, 2287468, 18215192, 2892159, 25318857, 18656031]"
1255,38592,[11212021]
1256,38598,"[68513, 3838563, 78071, 78070, 9479871, 1810286, 9642271, 34336498, 9765207]"
1257,38605,"[640181, 828440]"
1258,38616,"[34186238, 13648459]"
1259,38631,"[7416873, 114936]"
1260,38652,[33871932]
1261,38680,"[17864395, 659855]"
1262,38689,"[620486, 320700]"
1263,38809,"[8160897, 21025373, 18089930, 6423185, 6714177, 23377679, 5278010]"
1264,38820,"[6614271, 2012171, 7189619, 327156, 68890]"
1265,38821,[12768265]
1266,38822,"[235749, 575840, 729234]"
1267,38840,"[279969, 6324645, 305036, 767719, 1335601, 93220, 1137702, 1137703, 2916266]"
1268,38845,[3741525]
1269,38860,[1612671]
1270,38951,"[175248, 17831316, 11165590, 10291890, 6721385, 17936214, 6411440, 69136, 905559, 494610, 7841490, 1176248, 25614023, 6762281]"
1271,38954,"[29241350, 2939570, 17349030, 18171953, 26023794, 31670261]"
1272,38968,"[69169, 69173]"
1273,39043,"[9441425, 17286698, 943361, 5181655, 6346305, 4907587]"
1274,39099,"[3007625, 100368, 100369, 100364, 3621648, 218467]"
1275,39100,[69449]
1276,39301,"[69833, 234329]"
1277,39302,[165964]
1278,39304,"[7172680, 23173457, 18114043]"
1279,39412,[255371]
1280,39414,"[7831435, 5280062]"
1281,39426,[510342]
1282,39467,"[6163754, 212347]"
1283,39598,[3219391]
1284,39792,[455669]
1285,39839,[22237141]
1286,39840,[6490566]
1287,39852,"[71896, 836700, 463033, 9191899, 92377]"
1288,40084,[15845097]
1289,40118,[71214]
1290,40119,"[70956, 349090]"
1291,40125,[28571676]
1292,40130,[1032701]
1293,40173,"[219284, 279969, 17864395, 9637907, 219293, 7143047, 71054, 11212021]"
1294,40237,"[16074932, 250317]"
1295,40330,"[6304756, 2429217, 71321]"
1296,40331,[10044191]
1297,40381,[171125]
1298,40383,"[18090081, 13167096, 20890560, 11060998]"
1299,40386,[153058]
1300,40387,"[17999163, 1015766, 25361904]"
1301,40397,[71419]
1302,40563,"[17131858, 30687916, 17562900, 2355575, 12198712, 15985364, 9727730, 123408, 7495184, 6122181, 10393851, 25076719, 8230540, 6587387, 6653693, 6615021, 2871250, 10634443, 18079782, 9450406, 7857711, 9811795, 1412138, 6924676, 20821263, 81039, 9816086, 285224, 9816552, 33415234, 2049893, 5582295, 3781901, 13413589, 6549938, 22571699, 29246735, 7942786, 285212, 285210, 285211, 3413662, 71811, 15808762, 11162744, 9640779, 6400720, 13514292, 20299673, 11035657, 8406387, 1190896, 17559420, 7857713, 3244112, 8087906, 6492676, 3128411, 22668811, 285205, 285207, 285206, 285209, 285208, 11979189, 9314339, 8266924, 6790045, 7183665, 25776210, 11480917, 24973241, 10559622, 5292853]"
1303,40570,[2606517]
1304,40573,"[534676, 329108, 942573]"
1305,40574,"[383129, 423303]"
1306,40577,"[25142937, 71840]"
1307,40593,"[1011086, 2761829, 1273911, 71894, 359410]"
1308,40641,"[5338, 8391566]"
1309,40823,"[7456030, 72230, 6261097, 4417012, 10066399]"
1310,40881,"[1599297, 21525757, 2299685, 26236860, 9618561, 13509155, 10480102, 7686654, 6941324, 15713696, 22859804, 18371366, 27154621, 7199017, 5075964, 72286, 21535284, 22859817, 11768308, 6569211, 17802756]"
1311,40983,"[15806786, 126437, 6659604, 13591876, 7637398, 3689171, 102883, 351964, 102888, 102887, 102885, 7455727, 98042, 102878, 18596555, 1448631]"
1312,41003,"[588495, 9786023]"
1313,41007,[17238]
1314,41008,[415463]
1315,41032,"[5988375, 17619013, 4928007, 313264, 13539451, 6284391, 72544, 313261, 33574118, 7830463, 29875908, 25503058, 15813126, 2232994, 6927827, 8844926, 473720, 12159318, 501442, 10583193, 22450745, 18779659, 2871526]"
1316,41185,[23467456]
1317,41194,"[7945006, 6307037, 491075, 384478, 3103806]"
1318,41202,"[137627, 21412009]"
1319,41339,[120240]
1320,41542,"[1007458, 469954, 2580514, 469964, 1022657, 10153731]"
1321,41565,[16568]
1322,41570,[7012]
1323,41661,[73574]
1324,41749,[11212021]
1325,41762,"[16065496, 18505756]"
1326,41773,[6018080]
1327,41868,[88770]
1328,41874,"[2168861, 2482930, 1346584, 1346586, 5830325, 383143, 2580579]"
1329,41878,"[29241350, 447937, 5313289, 606488, 22916, 26023794, 21981650, 207114, 506128, 13514]"
1330,41942,"[17131858, 154105, 7842471, 28869534, 1069434, 2185147, 13515091, 9510104, 21509333, 810881, 18079491, 2871250, 10793701, 3395318, 155291, 9450406, 23398942, 629071, 9660176, 7091973, 8288919, 3475145, 20821372, 10869776, 18693727, 23471830, 15808333, 12414004, 148213, 629068, 74010, 23150640, 498508, 3697357, 13167096, 618195, 618194, 24611780, 155421, 20299673, 12993852, 6672129, 104766, 2185113, 1295202, 273501, 155459, 365089, 659855, 16108066, 10559622, 10614636, 104765]"
1331,42110,"[74271, 74270, 74273, 74275, 74274, 6290240, 18006456, 10184855, 617046, 671560, 9368252, 2065091]"
1332,42122,"[18668150, 9024346, 13096191]"
1333,42127,"[11545694, 13129274, 10635363, 20697444]"
1334,42155,[838640]
1335,42156,"[685529, 659469, 227222, 1490430]"
1336,42158,[1081560]
1337,42211,"[6908832, 9540596, 8998906, 7109406]"
1338,42249,[847048]
1339,42267,[14350]
1340,42411,[29238781]
1341,42414,[13456414]
1342,42506,"[248876, 248870, 248872, 248879, 248878, 248884, 248881, 248882, 248883, 248869]"
1343,42508,"[74952, 23546779, 2348318]"
1344,42530,[1297352]
1345,42540,"[165955, 831186, 831189, 6114254, 80754, 5986637, 1262341, 75013]"
1346,42550,"[7014041, 13477921]"
1347,42919,"[20168816, 8997810, 6714177, 10559622]"
1348,43001,[68034]
1349,43043,[23551456]
1350,43219,[99794]
1351,43248,[7143047]
1352,43292,[92377]
1353,43295,[7102544]
1354,43322,"[20665577, 3326895]"
1355,43393,"[16158569, 7705587, 6691426, 16158489, 8690988, 10059396]"
1356,43501,[186870]
1357,43504,"[17707758, 17287054, 7945295]"
1358,43538,"[689952, 9816552, 1669906, 6421522, 6421529, 11315073]"
1359,43587,"[13133307, 117991, 13412078]"
1360,43625,[123668]
1361,43668,"[823763, 76852]"
1362,43697,"[6767573, 640136, 22318426, 23471830, 13498652, 2992247, 850432, 279502]"
1363,43734,"[268437, 268439, 268442, 92377]"
1364,43745,"[905656, 6580611]"
1365,43784,"[305486, 186669, 186668, 25944812, 23156342, 26114167, 167061, 27778756, 396312, 26114406, 186672, 1147723, 77160, 77161]"
1366,43835,"[435415, 941467, 941468, 1587065, 12803894]"
1367,43988,[12858494]
1368,43989,"[6163754, 6034660, 25057705, 7269507, 9633279, 14296555, 572381, 28941103, 304459, 372007, 12858494, 237012]"
1369,44003,"[9664909, 6585955, 8343916, 177434, 89552, 558681, 11169952, 498214, 438190]"
1370,44034,[6633102]
1371,44103,"[148026, 259127]"
1372,44407,[279969]
1373,44524,"[7843500, 381072, 20706635, 17349076, 377889, 18490612, 13623846, 99714, 2819137]"
1374,44540,"[3519921, 18114043]"
1375,44554,"[21337, 17910665, 80238, 13448689, 991909, 13531473, 9090421, 17156415, 29884790, 8041853]"
1376,44724,[2118702]
1377,44736,"[13133307, 117991, 13412078]"
1378,44744,[3229327]
1379,44767,"[10264769, 22530, 3264918, 17156415]"
1380,44806,[771204]
1381,44808,[6661321]
1382,44889,[397400]
1383,44926,[17245]
1384,45103,[7353243]
1385,45230,"[11253959, 79549]"
1386,45231,[79549]
1387,45294,[754004]
1388,45309,"[372491, 372490, 372493, 151723]"
1389,45315,"[26891429, 13078298, 6690798, 7169578, 2776789, 9218086, 13448689, 13531473, 7169581, 13532264, 17910537, 7173256, 12379094, 6876281, 13281368, 8462082, 8462083, 9090421, 30241499, 11419156, 29884790, 8041853, 16240543, 16090340]"
1390,45583,[202588]
1391,45596,"[6034660, 152328, 264499]"
1392,45613,[127583]
1393,45650,[17707758]
1394,45687,[32971135]
1395,45816,"[397400, 542357, 428428, 176711]"
1396,45896,[279969]
1397,45948,[458960]
1398,45949,[458960]
1399,45954,[430388]
1400,45973,[510342]
1401,45978,"[5414, 35321056, 13621610, 12417793, 11915069]"
1402,46097,"[33921998, 16074769, 20759487, 232270]"
1403,46130,"[295184, 166794, 1438096, 418158, 2330661, 295169, 295198]"
1404,46137,"[51106, 81042, 189509, 397400, 249855, 7304345, 81037, 81039, 819930, 4738393, 463033, 739891, 220944, 13414149, 186446, 9191899, 362592, 371638, 463024, 10877155, 8428157, 141024, 81038, 5881635]"
1405,46138,"[81042, 15806786, 9727730, 15793149, 28957353, 6539039, 397400, 249855, 7304345, 8038401, 17802439, 81037, 81039, 819930, 22238188, 4738393, 463033, 739891, 13414149, 6505011, 28588, 7455727, 34497909, 30334177, 28364013, 371638, 10877155, 10475929, 8428157, 141024, 24998915, 11060998, 18782045, 81038]"
1406,46269,"[6057020, 8697285, 5948697]"
1407,46474,"[7155027, 333953, 2941976, 334038, 17381990, 5953211, 3086203, 459900, 459901, 81524, 14760527]"
1408,46540,"[614780, 20299706, 25892116, 16078492, 6650737, 81612, 30282, 8105616, 186870, 13023039, 1708120, 285212, 6432786, 304028, 23453463, 81617, 10552287, 3430269]"
1409,46976,"[28507382, 29326301, 9722219, 17622924, 13024331, 11162228]"
1410,47011,[499181]
1411,47104,"[12154330, 6719736, 10165727, 4932435, 10636358, 15754483, 10165761, 15798690, 22077977, 18404416]"
1412,47232,[82648]
1413,47287,"[13249204, 82765, 11328077]"
1414,47290,"[18371573, 8661987, 25578558, 15703332]"
1415,47586,[551454]
1416,47672,[28449252]
1417,47721,[81038]
1418,47782,[3638]
1419,47792,"[2392459, 84950, 437289, 15818397, 450692, 450696, 450694, 450695, 4914044]"
1420,47991,"[15753128, 925748, 694942, 292654, 307220, 83829, 694997]"
1421,48190,"[19083237, 2272510, 84149, 297876, 15815376, 31383927, 305417, 496139, 7278120, 3381968, 6720171, 235417, 13110654, 2855252, 490216, 496141, 496144, 496146, 496147, 244496, 13119986, 10422756, 10398160, 17981283, 84158, 6260701, 3097657, 22891402, 16116023]"
1422,48192,"[15734773, 2712967, 476542, 16180772, 25801632, 8038219, 1961516, 6739768, 343285, 15727731, 2344218, 24893241, 18301663, 6593451, 5264847, 146744, 4779599, 7442693, 30687806, 7841522, 9394010, 7872180, 16028116, 18744678, 6758331, 13310549, 17348327, 96131, 10479340, 17860380, 6294553, 5576130, 7519472, 6344423, 9995135, 7100301, 20579287, 6747545, 17838913, 6735471, 432522, 476492, 476494, 476496, 30199, 9757229, 15744840, 11300302, 266586, 4987801, 5509920, 17211009, 8273005, 18761015, 6926983, 102259, 2498983, 15755296, 10721934, 29430690, 461978, 17251422, 13310624, 7626805, 476543, 12900491, 30900064, 24514112, 25785357, 7696564, 11801971]"
1423,48206,"[2702704, 12444166, 16178575, 10335072, 112753, 10891987, 10335112, 7304203, 12086690, 25852782, 10908954, 23401438, 815163, 23419133, 1451694, 6863668, 13004491, 3247292, 17910572, 84176, 10630620, 12444298, 815150, 112752, 112750, 112751, 112754, 112755, 344262, 6402666, 6050298, 12444297, 11493176, 12947792, 743599, 12617119, 112749, 35457273, 2301796, 7237556, 2705590, 10082454]"
1424,48308,[1390326]
1425,48325,[47580]
1426,48348,"[691582, 26721433, 84463, 691915, 833205]"
1427,48355,"[6313798, 6505011, 21432372, 34497909, 28364013, 10475929, 7945295, 3302568]"
1428,48386,"[15808618, 84536, 27774712, 6608663, 361121]"
1429,48397,"[331010, 2406857, 7832151, 298419, 6011147, 6261023, 15720642, 371638, 10574156, 128506, 92377, 15810153]"
1430,48433,[84644]
1431,48535,[2251777]
1432,48542,"[5739760, 2871256]"
1433,48557,"[10869776, 18090081, 13167096]"
1434,48828,[85253]
1435,48888,[6661321]
1436,48897,[6528962]
1437,48913,[5134555]
1438,48960,"[886131, 147908, 20168816, 3689171, 98042, 8168507, 27917260]"
1439,48976,[25387463]
1440,49028,[3187965]
1441,49066,[607090]
1442,49103,"[200538, 200545, 200544]"
1443,49111,"[510342, 262401, 85866, 16248247, 16248246, 847409]"
1444,49177,"[18478208, 1490237, 22529360, 22812019, 248482, 248484, 18774022, 444323, 444322, 4259869, 248470, 25937835, 1332983, 1332982, 763473, 2876228, 1866232, 18171953, 4259871, 22529349, 2689941, 20708771, 34129063, 6407514, 798527, 1169361, 2986869, 1130444, 25074773, 6376904, 12926132, 18114581, 179064, 511390, 17983740, 29092951, 85990]"
1445,49216,[39058]
1446,49237,"[17707758, 11651477, 7945295]"
1447,49268,[6041009]
1448,49377,[10376272]
1449,49381,"[65567, 714629, 2499315]"
1450,49538,[2871250]
1451,49624,[13579397]
1452,49675,[13273777]
1453,50040,[573205]
1454,50041,[87234]
1455,50043,[573205]
1456,50069,[28873]
1457,50091,[11651477]
1458,50211,[239413]
1459,50319,[120240]
1460,50408,"[258099, 13129274, 98042, 18596555]"
1461,50581,[7102544]
1462,50709,[3845819]
1463,50786,[420180]
1464,50802,"[22219682, 22219681, 1906381]"
1465,50873,"[7068147, 8430908, 6322323, 6573776, 6573775, 293984, 293981, 293983, 293982, 603189, 395871, 395873, 395875, 88495, 1169808, 3099787, 298464, 2985500, 6934395, 11746839, 293974, 293972, 293973, 1895792, 17860621, 3665811, 11401915, 3934321, 9606839, 17860567, 258468, 8456124, 8960470, 879215, 6882494, 6544486, 395922, 7007788, 11098582, 7280031, 6441509, 7100490, 18004534, 3575676, 6544598, 88496, 11595501, 6547560, 6953393, 12550603, 395850, 395851, 15725907, 333670, 6953394, 6780439, 3099780, 11598940, 8960483, 7002360, 8607205, 3326897, 7726143, 293979, 6602822, 1216145, 6586336, 395921, 1178862, 6416052]"
1466,50886,[303251]
1467,50894,[1285413]
1468,50901,[3303559]
1469,50948,[7172680]
1470,50976,[2011848]
1471,51118,"[25659436, 5928023, 2398197, 89018, 729876, 11202715, 7234828, 8562565, 2855252, 6521325, 8161632, 9642271, 9720766, 15744141, 3123162]"
1472,51167,"[17262541, 15796748, 12962037, 420430]"
1473,51170,[89128]
1474,51204,"[13579397, 23882997]"
1475,51411,[89528]
1476,51420,"[9637907, 3369511]"
1477,51422,"[23596, 1275409, 345563, 220937, 970602, 847048]"
1478,51461,[263180]
1479,51507,"[89698, 13542456]"
1480,51513,[142778]
1481,51518,"[179182, 13167096]"
1482,51529,[12645849]
1483,51535,[327336]
1484,51589,"[219181, 94666, 94669, 947126]"
1485,51590,[841394]
1486,52005,"[279969, 939478, 847048]"
1487,52047,"[25111052, 18079343, 18874799]"
1488,52050,"[6721385, 7933156, 7903901, 25111052, 23749913, 13167096, 8488204, 216211, 2042248, 2918324]"
1489,52074,"[1335568, 9727730, 6313798, 90618, 90622, 90619, 739891, 7455727, 613744]"
1490,52181,[92377]
1491,52310,"[620486, 36320, 13227699]"
1492,52320,"[15793149, 463033, 13414149, 2865290, 962821, 3303559]"
1493,52468,"[279969, 975885, 9816552, 8428157]"
1494,52527,"[432808, 6590551, 7840832, 6889578]"
1495,52752,"[22070198, 13227699]"
1496,52794,"[491075, 91813, 554772, 554773, 554771, 554777, 554774]"
1497,52850,"[91929, 588495, 9786023]"
1498,52872,[10393851]
1499,52925,[7966168]
1500,53062,"[304111, 3002366]"
1501,53109,[12858494]
1502,53193,"[3213520, 126437, 6375862, 11196925, 6234428, 3689171, 7505560, 250296, 3259963, 297815, 7640634, 1448631, 3369511]"
1503,53212,[7485762]
1504,53249,[2436899]
1505,53255,"[17910665, 18885585, 401427, 8739264, 290452, 20341887, 9551603, 418173, 17702284]"
1506,53256,"[1100941, 397400, 249855, 7304345, 4738393, 463033, 739891, 7061706, 504118]"
1507,53291,[92895]
1508,53292,[92895]
1509,53301,[28539]
1510,53306,"[5739760, 2871256, 10857421, 7840832]"
1511,53307,[668830]
1512,53322,[13531094]
1513,53348,[93000]
1514,53350,[93275]
1515,53354,[6356046]
1516,53411,"[3312298, 273921]"
1517,53414,[116504]
1518,53519,"[93276, 672875, 93297, 480449, 398198]"
1519,53530,[926908]
1520,53574,"[321645, 321646, 321647, 3304393, 7775631, 6416903, 5575916, 13581818, 6395291, 11725462, 8724084, 785947, 6744949]"
1521,53597,"[3237247, 93436, 30220948, 2153792, 1711470, 17727316]"
1522,53793,"[6931452, 824791, 24612654, 17265255, 11231621, 7980104, 20578949, 13436365]"
1523,53984,[8492291]
1524,53988,"[9716929, 24585386, 634099, 477078]"
1525,54124,[13273621]
1526,54159,[6018080]
1527,54201,"[14806740, 937133, 135879, 937003, 11595072, 929373]"
1528,54462,"[424609, 249855, 7304345, 44328, 463033, 2865290, 7455727]"
1529,54475,"[5739760, 8253037, 13832, 6034660, 17737091, 239252, 2871256, 6528962, 10857421, 3689171, 7143047, 7840832, 491075, 11291909, 403277, 1416845, 17156415, 6726099, 15897048]"
1530,54497,"[18247597, 11970994, 14781491, 18215192]"
1531,54545,"[51495, 5578628]"
1532,54584,[2282320]
1533,54848,[19126]
1534,54856,"[13109354, 18799370]"
1535,54970,[3073975]
1536,54989,"[9727683, 17345299, 16001043, 7337447, 6066181, 6058062, 6467009]"
1537,54993,[1182136]
1538,55409,[147908]
1539,55474,"[2704776, 7165335, 323883, 323885, 244491, 6926983, 3176532, 2834095]"
1540,55547,"[27842346, 28179865, 28179851, 23379244, 23379245, 25444441, 17156415]"
1541,55646,[96725]
1542,55708,[276750]
1543,55811,"[11212350, 2108198, 6503780, 5973711]"
1544,55820,"[9751723, 7094547, 6314019]"
1545,55825,"[386765, 97089, 97087, 45183, 97090]"
1546,55830,[2316941]
1547,55831,"[10264769, 3264918]"
1548,55869,"[7739901, 25685479, 6383769, 13414814, 8756402, 7091314]"
1549,56019,"[9027853, 7739950, 8117491, 6648020, 7199485, 1008820, 18246269, 8542996, 97505, 2669405, 9785202, 10459088, 4360147, 9227125, 10552965]"
1550,56125,"[293413, 7441947]"
1551,56140,[281825]
1552,56162,"[6163754, 17864395, 47580, 9816552, 11251546, 11212021, 1201724, 771204, 3302568]"
1553,56327,"[23012630, 98019, 20176578]"
1554,56328,"[23012630, 98019, 20176578]"
1555,56329,[98019]
1556,56352,"[6034660, 7416873, 13129274, 13262782, 98042, 16130663, 7022843]"
1557,56353,[6034660]
1558,56370,"[12058660, 6570140, 8203510]"
1559,56782,[1064084]
1560,56834,[98780]
1561,56835,[98780]
1562,56892,[7945295]
1563,56943,[36320]
1564,56968,"[104159, 2192092, 2043599, 3212912, 18505829, 104160, 1865653, 1029770, 18090214, 359375, 1108497]"
1565,56977,[291588]
1566,57050,"[17349153, 18090005, 20306792]"
1567,57085,[2190742]
1568,57189,[120240]
1569,57285,[5973711]
1570,57333,[199212]
1571,57434,"[6537058, 6376816, 6792217, 729576]"
1572,57461,"[23168743, 780866, 129308, 77563, 2304317, 515587, 99714, 18490638, 261604, 129311, 129312, 129313]"
1573,57462,"[487953, 132541, 853577, 512447, 512444, 479658, 7967563, 773622, 714568, 351018, 17290261, 818801]"
1574,57473,[6783155]
1575,57545,[17817939]
1576,57717,[9738697]
1577,57720,"[690949, 279969, 36320, 6254610, 771204, 18143067, 102083]"
1578,57721,[8779896]
1579,57728,[620486]
1580,57736,[6313798]
1581,57739,"[129798, 6254610, 771204]"
1582,57814,"[13579397, 7416873, 13129274, 3259963, 98042, 18596555]"
1583,57827,[510342]
1584,57858,"[23490954, 22926502, 13417066, 10790180, 8140709, 25278490]"
1585,57980,"[21412152, 288756, 288759, 5585180, 18143924]"
1586,57983,"[30229062, 34089632, 24612590, 41899, 6351469, 100437, 295956, 16122237, 30652372]"
1587,57990,"[424019, 6398824, 16122215, 671727, 24612567, 31213706, 111450, 31702362]"
1588,58011,"[768424, 100491]"
1589,58013,"[7304345, 100485]"
1590,58017,"[6375862, 122104, 16101137, 100489, 2865290, 627203]"
1591,58023,[2282320]
1592,58024,[926908]
1593,58065,[4738393]
1594,58067,[100623]
1595,58124,"[6034660, 3689171, 186689, 632752, 100721, 25423972]"
1596,58223,"[6234428, 22129146, 16244660]"
1597,58325,"[113113, 11222361, 5898482, 1037549, 3312182]"
1598,58401,[179565]
1599,58654,"[2246092, 1537540, 264765, 808670, 445023, 10273623]"
1600,58846,"[477338, 101914, 770794, 10345708, 2820533, 493121, 493123, 493124, 2761829, 6979774, 6249761, 8789318, 7735325, 6223474]"
1601,58856,"[620486, 11196925, 139344, 6505011, 11251546, 13227699, 7022843]"
1602,58889,"[11196925, 101991]"
1603,58935,[711003]
1604,58971,"[409796, 17131858, 5739760, 2246092, 11196925, 6539039, 20168816, 17910665, 7637398, 18885585, 2871256, 6721385, 6528962, 8038401, 17802439, 9816552, 21813338, 20341887, 102136, 882557, 21432372, 18090081, 8728502, 26241281, 11212021, 6714177, 358978, 8488204, 26715121, 10475929, 16144329, 11060998, 3302568, 10559622, 18114043, 18874799, 17702284]"
1605,58997,"[6050363, 216252, 216253, 1939794, 3391672]"
1606,59060,[843588]
1607,59061,[102328]
1608,59151,[17802439]
1609,59165,"[7980210, 23676484, 2575034, 6721385, 25111052, 22238188, 125755, 15741256, 7980199, 15823425, 152185, 152182, 18090081, 3567035, 8488204, 7775974, 18166891, 7022843, 30962604]"
1610,59247,[7945295]
1611,59390,"[28449045, 13528330, 5983694, 9416418]"
1612,59401,[1832894]
1613,59445,[348730]
1614,59483,[15845097]
1615,59611,[29430466]
1616,59619,[131621]
1617,59749,"[607466, 607437, 16029965, 7796794, 17758805, 1685350, 352701, 5499874, 28916530, 2497690, 3487420, 2568513, 23249125, 158615, 105657, 24331517, 17206921, 28358030, 667776, 1121430, 25841976, 15739667, 607458, 20764916, 1222817, 1121393, 18393324, 334012, 30201080, 23301545, 607445, 6687860, 1222807, 1222808, 1222809, 4719340, 25092138]"
1618,59844,[153838]
1619,60172,[104069]
1620,60177,"[1257796, 104078, 1148721, 290628, 25938417, 7139892, 104089, 104091, 104097, 7113496, 533819, 9732865, 290645, 104080, 104085, 104087, 104086, 104088, 104100, 104101, 7113498, 427257, 15808474]"
1621,60459,"[6528962, 18114043]"
1622,60478,"[565595, 13265293, 104571, 565593, 7037587, 1034516, 20810860]"
1623,60513,[1032701]
1624,60522,[320700]
1625,60577,"[10093823, 8789405, 7316440, 7316441, 249832, 10578952]"
1626,60646,"[2871250, 3395318, 659855]"
1627,60697,"[620486, 7860544, 6313798, 17802439]"
1628,60957,[12422629]
1629,60960,[618178]
1630,61011,[16059362]
1631,61031,[11344755]
1632,61073,"[6375862, 17910665, 18885585, 17452242, 8997810, 20341887, 6714177, 27917260, 7841656]"
1633,61115,[105571]
1634,61156,"[6957629, 6369517]"
1635,61277,[4558004]
1636,61378,[3369511]
1637,61659,"[7687527, 6055694, 106489, 11724895, 7687501, 394726, 394724, 3607543, 7687351, 2974811, 367349, 7107790, 30312684, 7823570, 24885623, 3303559, 302641, 7687462, 7687322, 691985, 7687223, 248290]"
1638,61693,"[106584, 106582, 106588, 157088, 106552, 106554]"
1639,61707,"[106589, 25817038]"
1640,61741,"[7353243, 18301308, 23395648, 7022843]"
1641,61762,[7172680]
1642,61855,[7945295]
1643,61914,[147908]
1644,61920,[2246092]
1645,61934,[149348]
1646,61939,"[7351574, 3609760, 11260526, 6466909]"
1647,61958,"[17864395, 17262684, 111195, 1138475, 11251546, 11212021, 20299673, 6647778]"
1648,62104,"[17349203, 20530933]"
1649,62156,[92377]
1650,62233,[22718716]
1651,62444,"[9473383, 7091397]"
1652,62448,[18475596]
1653,62586,"[108224, 469732, 239402]"
1654,62840,[108532]
1655,62877,[10134778]
1656,63032,[108860]
1657,63094,[14429615]
1658,63116,"[20613605, 1851166]"
1659,63143,"[3360369, 25330102]"
1660,63218,[102083]
1661,63222,[15038253]
1662,63341,"[9669552, 25774452, 7353243, 18139978, 20168816, 15779584, 31372242, 17910066]"
1663,63509,[179406]
1664,63522,"[274139, 2262319, 1156053, 274149, 1156047]"
1665,63539,"[14487684, 17591757]"
1666,63577,[18635002]
1667,63608,[295265]
1668,63611,[7095689]
1669,63659,[383950]
1670,63669,"[225606, 225605, 26869939, 16131089, 6390127, 3029853, 6665849, 10979852, 5931576, 9277334, 17192124, 109986, 7102544, 685383, 9429090]"
1671,63783,[274139]
1672,63807,[13167096]
1673,63924,"[6295173, 23278546, 16074961, 11594370, 34896]"
1674,63983,"[7456034, 7963752, 3188580, 6300287, 17465446]"
1675,64039,"[11777864, 1168091]"
1676,64085,[13642501]
1677,64107,"[15806786, 22238188]"
1678,64109,[110778]
1679,64216,"[111012, 111020, 264147, 111022, 111017, 263731, 6369517]"
1680,64222,[626709]
1681,64364,"[22694784, 2327958, 22042788, 9618561, 3331431, 10428994, 8136796, 7507750, 24388337, 25057433, 111306, 769255, 4071860, 6953567, 8534780, 6056519, 11193959, 6680441, 6135576, 17737027, 15746101, 18282912, 9760895, 702051, 9670065, 7100266]"
1682,64464,"[22675091, 6315567]"
1683,64537,[22589085]
1684,65137,"[6972157, 25852947, 15745446, 2977480, 699198, 12180288, 13483701, 6287482, 8538297, 2278298, 6453240, 112539, 22475781, 341027, 3301564, 18167468, 2431123]"
1685,65171,"[11016554, 10575798, 11060998]"
1686,65211,[18055987]
1687,65276,[816440]
1688,65333,"[25937835, 20708771, 34129063, 25074773, 29092951]"
1689,65334,"[112879, 668709, 176327, 176326, 2073686, 2163737, 6757893, 4769651, 12822875, 11433585, 668710, 295832, 295834, 364662]"
1690,65335,"[112879, 668709, 302032, 176327, 176326, 28114497, 2073686, 2163737, 6757893, 4769651, 12822875, 11433585, 22749788, 668710, 295832, 295834]"
1691,65391,"[346282, 6618187, 112969, 112968, 1134023, 8513992, 650883]"
1692,65471,"[64401, 367367, 552344, 552349, 367390, 3692209, 585576, 74291, 461627, 74297, 1311727, 415807, 505064, 552357, 552351, 148206, 148205, 64399, 1203856, 552347, 498192]"
1693,65735,[293363]
1694,65783,"[2093204, 287886, 296524]"
1695,65967,[59250]
1696,66004,[398198]
1697,66128,"[114190, 114218]"
1698,66129,"[114190, 114218]"
1699,66268,"[13832, 81039]"
1700,66280,"[9544621, 676885, 18666105]"
1701,66310,[7455727]
1702,66394,[499252]
1703,66497,[1851937]
1704,66595,[12988047]
1705,66700,"[409796, 3195533, 409594, 443765, 4413273, 363711, 21063, 33484, 33482, 828878, 36320, 4379197, 186182, 186187, 13227699, 6254610, 771204, 541931, 1348886, 817829, 421157]"
1706,67037,[5416415]
1707,67038,[285438]
1708,67119,[7441970]
1709,67272,"[7304345, 3259963, 2865290, 10575798]"
1710,67370,[120240]
1711,67424,[116367]
1712,67431,"[6395698, 4916680]"
1713,67434,[672828]
1714,67481,"[11395320, 2592190, 1041706, 3788482, 116483, 9296707, 6547184, 2855252, 9697503, 804414, 6614280, 8642589]"
1715,67644,"[3395318, 659855]"
1716,68038,"[561166, 22914]"
1717,68042,[499269]
1718,68082,[279969]
1719,68331,[149047]
1720,68412,[186182]
1721,68750,"[1143944, 118812, 118579]"
1722,68764,[341272]
1723,68766,[15812190]
1724,68794,[18490612]
1725,68871,"[118769, 118755, 118756, 1160921]"
1726,68992,[680370]
1727,69163,"[6979924, 377663, 22914, 571197, 13706938, 2643052]"
1728,69376,[85253]
1729,69469,"[81039, 739891, 371638, 2332389]"
1730,69771,[17131858]
1731,69803,"[13589141, 20929, 29496535, 7945006, 6307037, 461979, 17859577, 13542374, 3103806]"
1732,69836,[12813938]
1733,70026,[2282320]
1734,70032,"[287892, 860520, 838638]"
1735,70167,[36320]
1736,70397,[337138]
1737,70454,"[147908, 7840832, 984792, 7455727, 67955, 8168507]"
1738,70532,[6295267]
1739,70574,[837039]
1740,70772,[774175]
1741,70853,"[736392, 736391, 545761, 122947, 142023]"
1742,70854,"[13547250, 200734, 10627210]"
1743,70885,"[17707758, 7945295, 8123164]"
1744,70906,[10575798]
1745,71081,"[9766063, 6440653, 123557]"
1746,71090,[9260632]
1747,71097,[494602]
1748,71147,[123578]
1749,71155,"[645180, 15793066, 23507476, 13758481, 2068667, 24044140]"
1750,71170,"[7172680, 18114043]"
1751,71224,[27823743]
1752,71686,[6609587]
1753,71688,"[8074967, 20948348, 6286042, 7688834, 6986721, 20445452, 17160673, 3819326, 8712343, 9738483, 2888317, 8820029, 8820028, 8820027, 7179268, 17409835, 17409842, 12151120, 27272484, 188275, 13542609, 7179272, 3115070, 13542928, 7179261, 28386117, 178476, 11455196, 26218178, 21523030, 32573185, 25867382, 25361572, 13418976, 16083365, 7831145, 10557809, 32586871, 29860465, 33852961, 10251568, 12323446, 22878066, 17347957, 21857389, 15727959, 23485459, 458034, 18187783, 15808767, 1830755, 12059093, 9650938, 18997080, 5628753, 6353014, 7044445, 7044446, 6582637, 17701728, 13418802, 15781026, 12323398, 10802904, 8993202, 28008158, 27477114, 7957117, 13497199, 7307503, 7307504, 11006334, 17159944, 17369403, 24234491, 7307202, 215643, 8711617, 8732017, 17159943]"
1754,71808,[2049427]
1755,72144,[1073524]
1756,72237,"[259598, 125408, 125409, 125411, 225092]"
1757,72374,[10841914]
1758,72445,[10810955]
1759,72451,"[23676484, 17131858, 6695665, 20893389, 17864395, 6721385, 2314130, 23309635, 20621650, 23848023, 10869776, 21813338, 23471830, 29332920, 18090081, 13498652, 34497909, 13167096, 26241281, 20299673, 17162718, 13543159, 24611587, 125965, 11926311, 16058665, 25423972, 31450751, 16108066, 18874799, 215606]"
1760,72538,"[280716, 126192, 280705, 7850063]"
1761,72545,"[29922440, 20708754, 25937845, 12384967, 4926996]"
1762,72678,"[5266733, 16104802, 18967182, 6519787, 7848975, 17165980, 12039371]"
1763,72703,[4823586]
1764,72748,[16273471]
1765,72852,[479304]
1766,72853,[9672106]
1767,72896,"[24612598, 18114540]"
1768,72986,[11341277]
1769,73084,"[32714261, 127262, 2346891, 17572625]"
1770,73097,[22889912]
1771,73149,"[643750, 13516621, 127455, 2890090, 20168816, 18773657, 13584876, 1136932, 6289268, 8074907, 865293, 18715886, 2171498, 887877, 18196876, 5660852, 5660855, 5660854, 20299673, 13603362, 12383015, 1473780, 16130663, 27917260, 7022843]"
1772,73154,"[6745760, 3097745, 11388177]"
1773,73187,[17707758]
1774,73234,"[13086835, 727169, 727167, 727166]"
1775,73351,"[6641796, 2083991, 2194051, 9573401, 1348468, 5072077, 2762488, 3576176]"
1776,73418,"[424609, 17156415]"
1777,73419,"[17156415, 23882997]"
1778,73421,"[6034660, 424609, 7505560, 7455727]"
1779,73422,"[126437, 6661321, 7850063, 1448631]"
1780,73423,"[13133307, 117991, 13412078]"
1781,73443,"[35321056, 13621610, 12417793, 11915069]"
1782,73450,[17707758]
1783,73699,"[169826, 601462, 31706476]"
1784,73754,[18197223]
1785,73789,"[1292496, 128495]"
1786,73812,"[403355, 352778]"
1787,73825,[10304244]
1788,73933,"[11824590, 9597831]"
1789,73977,"[9608960, 12865120, 10917089]"
1790,74046,"[147801, 6503718, 536982, 121801, 17349030, 18171953, 1729146, 4415692, 833710, 3002366, 28186040, 8707554, 215543, 215542, 215541, 215540, 6761277, 833709, 215539]"
1791,74339,"[6463595, 7928011]"
1792,74340,"[13592828, 24612470]"
1793,74416,"[7860544, 6539039, 9908712]"
1794,74469,[469261]
1795,74488,"[27209420, 646951, 25361875, 18079646, 7655716, 13419139, 23398605, 7102464, 15810848, 18693920, 574963, 11387438, 12391660, 129533, 129534, 129537, 8396505, 11018870, 9657910, 6356180, 574955, 1284050, 4544390, 3143259, 6614242, 22522080, 3474906]"
1796,74608,"[984792, 67955]"
1797,74862,[16107699]
1798,74863,[11388187]
1799,75334,"[8521630, 6609769]"
1800,75497,"[432808, 9637446, 11303596]"
1801,75603,"[1766590, 231917, 231915, 131268, 131267, 231916, 370308]"
1802,75750,"[1057502, 2135181]"
1803,75818,[1142789]
1804,75819,[131621]
1805,75821,[131621]
1806,75822,"[836593, 836592, 17453991, 13557183]"
1807,76243,"[132380, 132385, 132384]"
1808,76248,[871158]
1809,76288,"[7416873, 47580, 491075]"
1810,76342,[8520551]
1811,76360,"[9795684, 7841666, 30250405, 974778, 11475427, 33590076, 7989160, 25882558]"
1812,76423,"[293616, 13448434, 6695996, 816199, 1953865, 9657219, 936776, 8686138, 816203]"
1813,76459,[304028]
1814,76471,"[463078, 18596555, 92377]"
1815,76549,[1965996]
1816,77025,[6254610]
1817,77049,[25810025]
1818,77172,[7576029]
1819,77297,[349560]
1820,78024,"[989072, 9816552, 768119, 23173457, 23719342, 371638, 768121, 6726099, 21863903, 3302568]"
1821,78071,"[70453, 11338984, 70825]"
1822,78084,[10630620]
1823,78111,"[8592303, 8557812, 8150408, 11736535, 9639859, 11391978, 9070186, 8848084, 12933942, 8627917, 8069816, 9905387, 9693759, 8627927]"
1824,78303,"[254752, 2078017, 2855252, 5132931, 284138, 284139]"
1825,78305,"[8277486, 13542680, 10553065, 15814865, 7095689, 586124, 2539696, 3631122, 6582630, 12381214, 18342319, 6583234]"
1826,78407,[207461]
1827,78736,[22668749]
1828,78763,"[1312502, 7718013, 1444912, 6120544, 10315753]"
1829,78984,[7986212]
1830,79006,[6477991]
1831,79138,[38075]
1832,79319,[308744]
1833,79589,"[3420360, 15721733, 19278261, 7511070, 544891, 6933600, 15806868, 6956621, 7332493, 11859244, 5266667, 11595593, 7075298, 11799797, 11693075]"
1834,79593,[732897]
1835,79632,[6658685]
1836,79861,"[209594, 22914]"
1837,79879,"[7840832, 34497909]"
1838,79885,"[206855, 206857, 206856, 446698]"
1839,80075,[8487361]
1840,80100,[138480]
1841,80127,[1627906]
1842,80760,"[8621462, 33651972, 10824346, 15798673]"
1843,80805,[27828948]
1844,80808,"[18330843, 6073584, 6748062]"
1845,80880,[139849]
1846,80981,[140006]
1847,80984,"[459822, 459820, 8713500, 1250316, 397864, 397862, 397868, 397859]"
1848,81016,"[20893389, 2871250, 9450406, 7172680, 20621650, 140098, 13543159, 7102544, 18114043]"
1849,81017,"[2871250, 18693921, 12260585, 28941103, 3475145, 7962335, 2138584, 25430202, 7097866, 297898, 5723653, 6237448, 140099, 15810153, 15812779]"
1850,81037,[7416873]
1851,81095,[140258]
1852,81096,"[346282, 15763857, 140260, 6285903, 573909, 12075523, 7492383, 9063832, 350790, 951454, 6472148, 9931820, 350788, 9663384, 6854741, 1060562, 6975601, 6364017, 906015]"
1853,81165,[81038]
1854,81309,"[23551456, 738547, 10920730, 140997]"
1855,81323,[730596]
1856,81338,"[194738, 141036, 3586934, 6566955, 141042, 7860794, 229132, 526797]"
1857,81433,[161768]
1858,81466,[141305]
1859,81678,[5661021]
1860,81698,"[11210965, 208740]"
1861,82080,[6149946]
1862,82453,"[5602828, 6324672, 7123179, 713798, 7830215, 6505069, 6303855, 7123181]"
1863,82467,"[142776, 428300, 500660, 500657]"
1864,82526,"[7766830, 6483360, 6775682]"
1865,82540,"[232022, 232035, 780868, 232021, 5470195, 142884, 9549276, 231990, 232031, 232033, 2187538, 231989, 780906, 209496, 209497, 583677]"
1866,82732,[17205745]
1867,82926,[6254610]
1868,82937,"[377663, 2910, 377661]"
1869,82969,"[1373315, 18691083]"
1870,83085,[493491]
1871,83267,"[144007, 144006, 144015, 144012, 6886931]"
1872,83272,[735609]
1873,83273,[735609]
1874,83291,"[4241738, 2953103, 491435, 12982439]"
1875,83308,"[144109, 13458800, 2956822, 2223967, 15793066, 144113, 144116, 16368455, 156258, 144112, 144127, 13758481, 6464742, 32332687, 2316941, 144110, 16108066]"
1876,83342,[5790991]
1877,83357,"[16248247, 16248246]"
1878,83378,"[1228894, 186457, 144258]"
1879,83389,[7991204]
1880,83405,[47530]
1881,83852,[2282320]
1882,83937,"[478996, 1053569]"
1883,84604,"[6163754, 20929, 7860544, 125755, 250296, 81038]"
1884,84803,[146690]
1885,85088,[13623855]
1886,85094,[12377549]
1887,85149,[141834]
1888,85377,[9688895]
1889,85545,"[147844, 147842, 147843, 13733426, 18249280, 22395433, 25430202, 8396337, 30688516]"
1890,85623,[1918320]
1891,85745,[20307078]
1892,85761,[552351]
1893,85813,[148324]
1894,85858,[763510]
1895,85928,[1383797]
1896,86137,"[20695297, 17572020, 24000252]"
1897,86265,"[1788166, 15814444, 157055, 2430999]"
1898,86346,[6411554]
1899,86404,[51464]
1900,86475,"[620486, 421036, 15806786, 2246092, 15793149, 7416873, 13531598, 2878713, 430871, 421130, 13414149]"
1901,86508,[4836030]
1902,86768,[9466840]
1903,86889,"[503385, 6369517]"
1904,87086,[1260721]
1905,87096,[23529995]
1906,87106,[890167]
1907,87305,"[367332, 17617916, 13649197, 321357, 22750124, 343566, 25898527, 367333, 26241281, 9461562, 15799424, 47530, 367336, 367334, 367335, 20344635, 11834447]"
1908,87306,"[2439888, 21010919, 1569110, 1116393, 7302402, 1051620, 2015492, 1569105, 3961451, 6237480, 3170225, 10215337]"
1909,87495,"[6289599, 81042, 7304345]"
1910,87506,[652783]
1911,87534,"[289601, 9677397]"
1912,87584,[2174950]
1913,87932,[16000261]
1914,88014,"[17802439, 13590724, 715277, 36320, 715276, 13227699, 771204]"
1915,88017,[28539]
1916,88506,"[1122026, 6163754, 8564790, 15729539, 17349164, 21920692, 373915, 6313798, 6587879, 20317802, 23485434, 6981805, 7637398, 6721385, 17881924, 13329252, 7222262, 17913467, 34066621, 23719342, 21087134, 2385397, 8727968, 4443319, 16065665, 21964735, 3302568, 17202851]"
1917,88523,[987825]
1918,88584,[5416415]
1919,88608,"[20929, 967634, 2336321, 9637907, 2240429, 299237, 362926, 864821, 2855252, 1017299, 1017309, 1017300, 1017307, 1017306, 6288945, 7114471, 2946896]"
1920,88609,"[10586035, 21840424, 6678045, 13542421, 7326141, 23156342, 1425672, 1242833, 17707538, 12612356]"
1921,88639,[101672]
1922,88685,"[11736997, 7279365, 7992995, 7961008, 44328, 15993203, 7261699, 2986865, 27074515, 26066905, 31366516, 26061581]"
1923,88916,[245700]
1924,88922,"[428039, 857926, 857920, 24885814, 17349030, 18171953, 428041, 428042, 153838, 1191449, 1734463]"
1925,88951,[101672]
1926,89232,[53541]
1927,89393,[17927134]
1928,89439,"[30037865, 25577715, 9717468, 12522507, 9436632, 6448470, 6448471]"
1929,89622,"[3420361, 11455192, 5973073, 8262172, 1080270, 2107142]"
1930,89973,"[7268509, 9879129, 6295541, 25430202]"
1931,89977,[76566]
1932,90037,"[301053, 22295362]"
1933,90070,"[23471830, 7455727]"
1934,90090,[220753]
1935,90340,"[18760014, 12940394, 17853280, 7671665, 10085245]"
1936,90455,"[2344218, 490211, 30199]"
1937,90460,[1095949]
1938,90780,[25057705]
1939,90808,[27414432]
1940,90820,[6354310]
1941,90825,[5661348]
1942,90866,"[6614271, 7863194, 9638837, 18176746, 7242960, 7968415, 12648636, 13627371, 7199027]"
1943,91085,"[11545694, 157387, 3422799, 16002023, 6436154, 357091, 357092, 10635363]"
1944,91168,"[18045583, 16135109, 18285122]"
1945,91382,[157876]
1946,91516,[6942094]
1947,91707,[17572020]
1948,91714,"[3300863, 6449517]"
1949,91717,"[15806786, 15793149, 28114552, 13414149, 6505011, 21432372, 11251546, 24998915, 3302568, 16108066]"
1950,92018,"[158788, 158785]"
1951,92019,[158788]
1952,92064,[739886]
1953,92149,"[7353243, 6503780, 5200548]"
1954,92150,[158992]
1955,92441,[29082575]
1956,92525,[25363511]
1957,92665,"[23596, 1110887]"
1958,92667,[159816]
1959,92991,[647505]
1960,92999,[510342]
1961,93029,"[8452642, 160416, 3151079, 6395698, 11018874]"
1962,93095,"[8703732, 6519728, 3053342, 6052502]"
1963,93149,"[481499, 5537992]"
1964,93215,[201354]
1965,93220,"[6750738, 3157877, 13455504, 4872347, 7787487, 7031827]"
1966,93391,"[13623856, 7737900]"
1967,93434,[294140]
1968,93457,[2246092]
1969,93528,[7455727]
1970,93547,[17286840]
1971,93552,[702525]
1972,93726,"[6334518, 2981685, 2411828, 161657, 161653, 22747824, 6334523, 13589866, 24727103, 7812745, 30322601]"
1973,93757,[13533690]
1974,93790,[161768]
1975,93791,[161768]
1976,93858,"[294937, 294936, 294967, 161887, 981170]"
1977,94091,"[18632855, 17393021, 7775665]"
1978,94239,[7945295]
1979,94673,[88179]
1980,94838,[37684]
1981,94868,"[16108150, 563309, 563308, 18245052, 12924326, 24885878, 18190280, 563310]"
1982,94892,"[5996723, 3023520, 1397874, 6369517]"
1983,95013,[157799]
1984,95026,[704626]
1985,95125,[6528962]
1986,95132,"[924073, 3457753]"
1987,95190,"[13380664, 22856146, 7102544]"
1988,95272,[24044140]
1989,95614,[17864397]
1990,96017,[23000230]
1991,96160,[6528962]
1992,96300,"[28954093, 17864395, 21813338, 22238188, 34497909, 28364013, 9510221, 26156471, 24998915, 11060998, 33099584]"
1993,96375,"[650125, 13316252]"
1994,96767,"[17262686, 6276214, 8539063]"
1995,96909,"[519663, 2530600, 6353999, 11724244, 207158, 2855252, 9645333, 3040605, 11662955, 15985386, 362205]"
1996,97045,"[7840832, 11153196, 13498652, 166797, 8114745, 11926311]"
1997,97088,[432808]
1998,97136,[13167096]
1999,97189,[18090081]
2000,97228,"[2246941, 825830, 3388855, 7199017, 10103026, 1702668, 13585576, 759600, 1498424]"
2001,97284,"[2276553, 9466840, 15790895, 18170139, 29238781]"
2002,97839,[1401766]
2003,98215,[2282320]
2004,98411,[849113]
2005,98890,[6528962]
2006,98903,"[18143946, 12648435, 7015318, 7775741, 3259963, 10353283, 6484173]"
2007,98992,"[2941976, 17156415]"
2008,99025,[6821199]
2009,99042,[35782611]
2010,99117,"[6321845, 9917957, 23719368, 7775757, 28595041, 17286817, 17738211, 18528430, 170136, 32600602, 13056868, 3303559, 20613479]"
2011,99190,[7933156]
2012,99326,[494602]
2013,99622,[11926311]
2014,99642,"[6192165, 3567200, 6598207, 6058551]"
2015,99650,"[13221027, 12544993, 17244558, 23399295, 175348, 363852]"
2016,99776,"[260454, 304940, 369645, 171203, 872109, 1177331, 1177330]"
2017,99790,"[22443909, 22504680]"
2018,99836,"[8160897, 7687477, 1932042, 975076, 725806]"
2019,100403,[363077]
2020,100752,"[1189399, 9964976, 18250383, 10560199, 172734, 7879322, 238968, 616694, 2170903, 5842021]"
2021,100764,"[31451081, 28220897, 23014619, 12160940, 25640918]"
2022,100979,[13020111]
2023,101070,"[295803, 295801, 334484]"
2024,101078,"[9027853, 31338832, 18165175, 24586291, 23604333, 625858, 731580, 15743468, 6590600, 7693649, 3475012, 1704159, 793298, 18072607, 18072609, 8074845, 2420112, 7046413, 27774642, 9673866, 12577711, 6432786, 18072615, 9633064, 8074838, 8074831, 6289939, 5974150, 33143967, 28439832, 371998, 12577643, 793299, 186885, 12577683, 7607561, 7841656]"
2025,101080,"[6313798, 120240]"
2026,101624,[580828]
2027,101873,"[10630620, 1851937]"
2028,101874,[1851937]
2029,101996,[2865290]
2030,102125,[6395698]
2031,102143,"[253540, 125755, 13033955, 650579]"
2032,102385,[26046482]
2033,102571,[7962617]
2034,102636,[16206228]
2035,102872,[13486830]
2036,102886,"[1890387, 499214]"
2037,102920,[279969]
2038,102922,[6254610]
2039,102987,"[7786629, 13420904, 6366368, 2539487, 2539502, 2539501, 21472120, 12750745, 7181792, 5980748, 21471657, 5981076, 7222152, 8312956, 8312989]"
2040,103028,"[1348596, 176754]"
2041,103053,[14002]
2042,103080,[611346]
2043,103081,[6163754]
2044,103133,"[290255, 176967]"
2045,103170,[581668]
2046,103243,[1548482]
2047,103308,[177406]
2048,103321,"[282284, 282286, 271359, 271356, 3114281, 9450406, 15808281, 282283, 435239, 632579, 8850945, 271362]"
2049,103359,"[1555398, 2896122, 9794942, 15808348, 6149219, 7095049, 6304329, 1254247, 10535969, 13241066, 3430165, 3430166, 1285704, 11458881, 7874158]"
2050,103724,[135879]
2051,103764,[510342]
2052,103982,[6726099]
2053,104179,"[18371589, 18371588, 13259034, 12052534, 9296389, 11175319, 17334484, 6788767, 7775569, 7199829, 7199828, 9764206]"
2054,104391,[179182]
2055,104514,"[6601257, 12618794, 6302224, 7840878, 5495234, 9633020, 2113972, 10557816]"
2056,104518,[179397]
2057,104558,[7101968]
2058,104676,[9669552]
2059,104925,"[7242757, 9861743]"
2060,105220,"[1802710, 1802711, 6276413, 180455, 9716855]"
2061,105291,[15845097]
2062,105442,"[7932356, 13543580]"
2063,105602,"[25111061, 7173256, 20515775]"
2064,105776,"[2929794, 6387496, 81059, 7992851]"
2065,105805,"[9722241, 22676443, 18469791, 18469798, 18469782, 10639954]"
2066,105839,"[25659433, 2195178, 515382, 10482677, 22238148, 2781819, 2781816, 29939027, 17910164, 6106143, 19310143, 17910078, 7824059, 21167966, 6726099, 202029, 12974372]"
2067,106247,[17707758]
2068,106463,[555853]
2069,106464,[966087]
2070,106823,"[394734, 7687257]"
2071,106969,"[16113709, 396239, 15797937, 15797936]"
2072,107072,[18722882]
2073,107170,"[11669085, 8706185, 25953366, 22055276, 1022787, 6266686, 344623, 1391321, 12349140, 26114330, 23168762, 2865290, 23719342, 16096212, 6184378]"
2074,107322,[7172680]
2075,107732,[847409]
2076,107744,"[17131858, 15806786, 9727730, 6539039, 7304345, 8038401, 22238188, 463033, 6505011, 10475929]"
2077,107761,[3412806]
2078,107812,[10788968]
2079,107838,[2977480]
2080,107891,"[185117, 12377549, 847409, 8488204, 8649246, 9339612]"
2081,108007,"[6056509, 18693758, 7095686, 1397889, 6586415, 12381210, 3713038, 17239873, 8272991, 12589630, 3121124]"
2082,108173,"[6163754, 17131858, 12109372, 185637, 185636, 185639, 9727730, 15793149, 7416873, 11210965, 33517549, 11196925, 2436617, 2430620, 4640134, 17864398, 17802439, 13590724, 13627169, 6903857, 17910053, 7505560, 22238181, 125755, 8511330, 2353644, 13414149, 6505011, 21432372, 11251546, 20299673, 10475929, 17156415, 6393644, 13057774, 13603362, 3136191, 16130663, 333356, 9663371, 27917260, 3369511]"
2083,108197,[185695]
2084,108260,[463078]
2085,108281,"[6163754, 6043022]"
2086,108424,"[186074, 6266872, 24854664, 21032488, 3801649, 3315928, 20168816, 25242184, 1215032, 15700595, 2913377, 6483210, 11510533, 13575637, 21535271, 22739835, 2495564, 2495567, 2495561, 2495562, 2495563, 13600356, 23203101, 15808621, 7286699, 10236501, 17848997, 7367757, 6766315, 10394348, 15832300, 15726583]"
2087,108584,"[10810955, 20763788]"
2088,108590,[7505560]
2089,108629,[729757]
2090,108693,"[186569, 225781, 1103543, 9602030, 7885589, 6409152, 442556, 442554, 3535944, 13202110, 775440, 775436, 283022]"
2091,108828,[249855]
2092,108849,[6609623]
2093,108905,"[3210670, 9697214, 1858349, 6049158, 7268566, 186973, 11104740]"
2094,109005,"[7976029, 8419236]"
2095,109354,"[19480623, 7130788, 20172134, 9860084, 9300960]"
2096,109823,"[510342, 1063142]"
2097,110153,"[189015, 189022, 13129274, 30039062, 463033, 12970063, 28114552, 7850063]"
2098,110206,"[13129274, 13414149, 7850063]"
2099,110215,"[9637907, 8038401]"
2100,110234,"[10836471, 3607393, 1105505, 1840934, 346282, 1144523, 3607394, 432561, 17978165, 208159, 15792870, 15109208]"
2101,110249,"[16054807, 189166, 18263469, 12040895, 189161, 47530, 9740560, 12795973]"
2102,110365,[189378]
2103,111002,[1020102]
2104,111012,"[9450406, 6445700, 20791887]"
2105,111214,[534595]
2106,111260,[799793]
2107,111819,"[984792, 8168507]"
2108,112338,[7172680]
2109,112802,[34497909]
2110,112838,[1261704]
2111,113153,"[7945295, 194091]"
2112,113561,[194739]
2113,113844,[195381]
2114,113942,"[147908, 10393851, 424609, 397400, 17802439, 3689171, 8168507, 6714177, 81038, 3369511]"
2115,113986,[4916680]
2116,114283,"[6503486, 9640591, 15980677, 22859777, 11261730, 7292791, 8273005, 7830973, 5957044, 15742678, 18310679, 7106633]"
2117,114504,"[12099550, 4719232, 18114043]"
2118,114528,"[25879858, 21996359, 30095472]"
2119,114746,"[3395318, 659855]"
2120,115040,"[43780, 585667]"
2121,115155,[28539]
2122,115156,[28539]
2123,115530,"[3312298, 273921]"
2124,115795,[23848192]
2125,116148,"[25622053, 199212]"
2126,116504,"[6659537, 31159611, 13531021]"
2127,116581,"[8435071, 11030005, 11029566, 6294228, 1731486, 7944853, 3124932, 3426092, 5519768, 4916680, 7404829, 793109]"
2128,116615,[7980210]
2129,116617,"[25707090, 543814, 2868146, 1540890, 274146, 5427171, 274135]"
2130,116897,[1068972]
2131,116981,"[20519465, 20519436, 351021, 20601441, 5932984]"
2132,117339,"[672843, 9094324, 8546671, 6041009, 7860794, 13706866, 17277938, 13545614, 11213380, 13087704]"
2133,117369,"[13643021, 17456990, 15732827]"
2134,117570,[36320]
2135,117582,"[770794, 10869776]"
2136,117698,[201819]
2137,117837,[579527]
2138,118465,[11196925]
2139,118847,"[7106816, 203659, 1718577, 222304]"
2140,118848,"[7106816, 203659, 1718577, 222304]"
2141,119121,"[33245839, 6570052, 10559622]"
2142,119158,[1267905]
2143,119164,[24929067]
2144,119357,[444357]
2145,119755,"[870821, 13459678, 3081438]"
2146,119830,"[6293900, 12666103, 349596, 3496266, 35611139, 34213608, 7064529, 9475932, 9459278, 2457867, 23344750, 13262782, 205034, 710437, 98042, 26118377, 30201080, 31915219, 18298890, 23592175]"
2147,119848,"[5495243, 7171748, 13533758, 13262782, 12189496, 7726036, 20299673, 7787487, 13583766]"
2148,119888,"[28186364, 27209460, 29345916, 21416690, 25761086, 29496544]"
2149,119933,"[7171859, 703323, 409717, 16074605, 238458]"
2150,120035,[667488]
2151,120056,[168441]
2152,120401,[14553832]
2153,120610,[13493042]
2154,120864,[27828948]
2155,120918,"[8389126, 11212021, 8488204, 9879221]"
2156,120948,"[17707758, 2282320]"
2157,121072,"[17452242, 585576]"
2158,121364,"[13579397, 2801914, 11196925, 9510104, 6596708, 17902184, 21820919, 1937288, 674963, 7505560, 13262782, 17310066, 9191899, 11251546, 3871801, 11748806, 2003738, 2316941]"
2159,121610,[7796909]
2160,121651,[525440]
2161,121656,"[861482, 845576, 37190, 76920, 37188]"
2162,121703,[2282320]
2163,121825,"[208174, 16130371, 2871250, 6294062, 1421978, 6624702, 15980677, 28941103, 3831023, 23236648, 19366810, 421007, 9673936, 7062980, 8133077, 13260196, 7827387, 11473820, 15808602]"
2164,122001,"[1112383, 208493, 229496, 10482783]"
2165,122302,"[332854, 332853, 4479186, 10637959, 17349055]"
2166,122546,[17707758]
2167,122550,[7250778]
2168,122629,[92377]
2169,122631,"[250296, 3369511]"
2170,122651,"[17262247, 3908591, 6771442]"
2171,122652,[2158376]
2172,122662,[307072]
2173,122735,"[2061351, 209645]"
2174,122995,"[644336, 644335, 644341]"
2175,123040,[21950253]
2176,123087,"[210250, 434442, 7787857, 1871863]"
2177,123300,[77138]
2178,123344,"[333664, 16233191, 10339954, 861167, 620125, 13100315, 525751, 1522943, 478918, 862267, 153849, 13063912, 333676, 1522942, 1986297, 13646978, 214573, 15769460, 6582080, 12606483]"
2179,123463,"[25944798, 18490681, 22718798, 22748133, 21569527, 10459088, 25851812]"
2180,123719,"[23383399, 7490472, 13409499, 6261081, 10048876]"
2181,123835,"[15793093, 12074933]"
2182,124006,[211728]
2183,124055,[1654726]
2184,124153,"[323152, 568213, 982184]"
2185,124365,"[10415671, 9729681, 7844725]"
2186,124763,[6783155]
2187,124792,"[920795, 1386012]"
2188,124933,[47580]
2189,125308,"[9640847, 9409614, 30253091, 2866413, 10426573, 1085761, 3675644, 9409469, 8069828, 7801229, 6342491, 23253083, 7479205, 17428641, 213647, 9221793, 12973281, 17860841, 500743]"
2190,125871,[12028255]
2191,125883,[13177385]
2192,125984,"[21469076, 352700, 9601989, 2775759, 12080942, 3329289, 7708482, 6580970, 1211904]"
2193,126120,"[843240, 144258, 158992]"
2194,126353,[12159908]
2195,126502,[100364]
2196,126752,[499214]
2197,126765,"[18601927, 424609, 6313798, 6661321, 13129274, 13262782, 98042, 11060998]"
2198,126895,[8160897]
2199,126955,"[216638, 618180, 364472]"
2200,126996,[216698]
2201,127082,"[372091, 372092, 216849]"
2202,127084,"[15038253, 11880612]"
2203,127191,"[1416797, 555184, 584371, 981782]"
2204,127492,"[13832, 2009052, 1866352, 293479, 520448]"
2205,127600,[463078]
2206,128019,"[16637310, 125755]"
2207,128037,"[13129274, 25111052]"
2208,128040,[12285415]
2209,128041,"[821597, 1127444, 11545542]"
2210,128057,"[13832, 17910665, 7840832]"
2211,128231,"[5999949, 3475054, 10376272, 9569756, 6376794, 10841301, 2578940]"
2212,128411,[363835]
2213,128466,"[620486, 11196925, 6313798, 17802439, 11212021, 771204]"
2214,128517,[1169553]
2215,128570,"[17131858, 3437354, 13590724, 920795, 361271, 6505011, 21432372, 11251546, 219811, 219813, 219812, 12005736, 333356, 9663371, 492069, 3369511, 455412]"
2216,128647,[1440148]
2217,128849,[10084976]
2218,128970,[11163421]
2219,129092,"[6578909, 6096231, 8614692, 748024]"
2220,129262,"[220940, 342659]"
2221,129487,[827276]
2222,129540,[6395698]
2223,130014,"[491075, 92377]"
2224,130045,"[7906020, 13498652, 13594369]"
2225,130129,"[222387, 7725104]"
2226,130617,[8549962]
2227,130654,[401454]
2228,130698,"[729760, 2246092, 9466840, 23637380, 424609, 31625351, 25670162, 33115566, 6661321, 1118396, 8130318, 28114552, 223379, 28503870, 6533485]"
2229,131208,"[6163754, 268186, 9510104, 224220, 7269507, 437932, 6600807, 7933814, 18459434, 2240429, 8919985, 6382952, 25312305, 6006518, 2855252, 23587880, 1142757, 1142756, 8835897, 6343247, 12899734, 7292791, 1070554, 7667523, 9745506, 27161818, 6544193, 10800955, 23315657, 6371117, 15790846, 438925, 2737931, 9642271, 15811516, 10710406, 2572997, 7102544, 277897, 1773616, 6240539]"
2230,131337,"[17131858, 17864396, 17864395, 9637907, 21813338, 21432372, 11251546, 11212021, 8488204, 20299673, 28159210, 13057774]"
2231,131396,[1612671]
2232,131683,"[295809, 225038, 312077, 312080, 312081, 312083]"
2233,131724,[7945295]
2234,132091,"[225683, 8038401, 16130641, 10303264, 5266279, 7320740]"
2235,132225,[9450406]
2236,132369,"[226151, 475444]"
2237,132468,[413492]
2238,132628,[10127647]
2239,132761,[7945295]
2240,132923,"[847409, 30257957]"
2241,133241,"[656420, 682736, 815435, 149267, 4978]"
2242,133364,"[290725, 227904, 227903]"
2243,133438,[569674]
2244,133451,[7945295]
2245,133460,"[5739760, 2871256, 10304244, 27259205]"
2246,133495,[12847364]
2247,133688,[237012]
2248,133710,[710595]
2249,133804,"[9633279, 14296555, 572381, 304459]"
2250,133838,"[6567599, 6567600, 10416381, 8488204, 228916, 363416, 21840448, 15750380]"
2251,133890,[17343399]
2252,133908,"[3026012, 11545694, 229033, 10635363, 16130663, 5550882]"
2253,134098,[201354]
2254,135029,[542605]
2255,135047,[27245995]
2256,135396,[638786]
2257,135707,[23197281]
2258,135733,[81038]
2259,135829,"[827611, 827612, 232102, 434880]"
2260,136127,"[8498353, 292046, 11832549, 9765849, 6308153, 15801595, 20821163, 24611805, 13342813, 18492491, 511210, 1244290, 10652828, 1244288, 232648, 22668785, 20893335, 1339851, 1244287, 1244289, 515121, 819060, 15985395, 7463192, 2946948, 4482753]"
2261,136146,[18222555]
2262,136367,[22908506]
2263,136759,[1190695]
2264,137270,"[5739760, 9637907, 2871250, 2871256, 7840832]"
2265,137386,"[6990420, 235111, 6244315, 5003516, 15818156, 2855252, 234842, 12925631, 199929, 18053264, 7292791, 9474052, 2220889]"
2266,137404,[10393851]
2267,137415,[20821235]
2268,137553,"[16074733, 15802452, 15802450, 10886703, 12170420, 24885889, 13547152, 2921431, 10390182, 13547099]"
2269,137901,[7945295]
2270,137902,"[10699613, 6527739, 6339989, 18660669, 2282133, 18667877, 22838025, 17234645, 7992102, 9833184, 7343947, 27272506, 4028900, 24895536, 13477883, 10769811, 6378458, 6365102, 7802254, 12930172, 8840097, 7476120, 7476121, 15703486, 10370700, 6006373, 5148720, 10945140, 25906891, 2246941, 21093828, 15894007, 12708927, 5996153, 345627, 9532187, 6554735, 6093337, 2977487, 7047941, 7339755, 8584853, 1239933, 18079710, 7694286, 10661081, 5996209, 3128413, 13533758, 7939859, 2802316, 18812362, 11365045, 22057201, 8900186, 24751478, 8891878, 7199418, 23395811, 11709429, 11982788, 6916963, 11336491, 8718952, 11506205, 3697553, 11872688, 16156357, 17926850, 18860795, 6527740, 6527741, 9888165, 6479259, 31126769, 7663247, 1316617, 14589221, 17269071, 8709528, 8709523, 8709526, 8709527, 8709525, 6754536, 17465483, 2754510, 8181181, 235718, 9797582, 3128414, 11512595, 11851051, 20522862, 11365017, 7653931, 8709524, 29935867]"
2271,138207,"[29954, 165964]"
2272,138434,[236703]
2273,138702,"[1022209, 734747, 237032]"
2274,138742,[2106193]
2275,138926,[14435434]
2276,139291,[27828948]
2277,139575,"[2888317, 351015, 2240429, 317616, 238524, 727915]"
2278,140042,"[13133307, 117991, 13412078]"
2279,140125,[11850834]
2280,140129,[16059443]
2281,140566,"[22922172, 17410362, 22633620, 20893458]"
2282,140686,[346282]
2283,140778,[279969]
2284,140894,[722192]
2285,141334,"[7860544, 7143047]"
2286,141587,"[241973, 332626, 6393179]"
2287,141947,[25111061]
2288,142270,"[13579397, 18693684, 9466840, 23398891, 12347362, 17910665, 6101718, 21531492, 18885585, 7017219, 7175089, 4548601, 10819920, 16097516, 10079321, 6699637, 13013864, 22883474, 7125342, 15832300, 17702284]"
2289,142315,[31014504]
2290,142412,[7172680]
2291,142679,[47580]
2292,142717,"[126437, 6375862, 10877155, 10575798, 141024, 24998915, 1448631]"
2293,142758,[1813172]
2294,142759,"[40423, 1813172]"
2295,142894,"[425187, 3157940]"
2296,143178,[244887]
2297,143445,[22594209]
2298,143659,"[22328567, 31019838, 22934483]"
2299,143691,"[18007632, 18135513]"
2300,143699,"[2412563, 406459, 920795, 490966]"
2301,144024,"[246305, 1101166]"
2302,144323,"[9684527, 28512547, 16248246, 17902184, 21483054, 21393526, 33838972, 28114552, 28364013, 23215491]"
2303,144334,"[13133307, 117991, 13412078]"
2304,144405,"[484167, 247178]"
2305,144425,[15737884]
2306,144565,[17707758]
2307,144690,"[22718758, 13160327]"
2308,144814,"[9027853, 81042, 397400, 371638, 3303559, 81038]"
2309,145092,"[2610426, 495473, 248309, 1292327]"
2310,145129,"[6375794, 6549447, 3002310, 596340, 12559613, 1183270, 248376, 8096504, 3042114, 7811578, 248382, 248380, 399916, 248377, 248375, 248378]"
2311,145273,[11016554]
2312,145294,"[7053525, 10583245, 2837560, 248583, 720977, 1042319]"
2313,145305,[248603]
2314,145307,"[248622, 872789, 946836, 364662]"
2315,145370,[248760]
2316,145435,"[248874, 248876, 248871, 248870, 248873, 248872, 248879, 248878, 248884, 248881, 248882, 248883, 248869]"
2317,145643,[11332967]
2318,145792,[10475929]
2319,145926,"[12924419, 6794855, 6982754, 9462637, 5266655]"
2320,145946,"[16064347, 455933, 18113422, 889503, 18005280]"
2321,146286,[2246092]
2322,146374,"[4779934, 18090026, 17845816, 18460033, 9513722, 2330711, 17349181, 23346503, 33956, 6987482, 256598, 6240917, 13553258, 298568, 298567, 11875502, 1395209, 12236872, 4950376, 1637454, 15818358, 10157066, 1666226, 6282143, 17612517, 831979, 6097180, 5163746, 15747474, 7882883, 4617371, 7351320, 19346538, 870824, 2899121, 250457, 25493815]"
2323,146449,[832982]
2324,146628,"[8718281, 7090785, 13543159]"
2325,146655,[21421126]
2326,146768,"[20561761, 2412563]"
2327,146783,"[6382952, 8428157, 1270247]"
2328,146952,[239252]
2329,146986,"[10429015, 13455568]"
2330,146987,[699198]
2331,147253,"[767719, 129798]"
2332,147857,"[253155, 253153, 13539143]"
2333,147966,"[10393851, 81039, 10877155, 141024]"
2334,148430,"[862136, 862137]"
2335,148442,[24937]
2336,148470,[21028440]
2337,148694,"[12803158, 13557575]"
2338,148765,"[6503780, 5973711]"
2339,149688,[2282320]
2340,149738,[56400]
2341,149897,[7454295]
2342,150038,"[6355118, 11100298, 4062214, 6131164, 6469154, 18051296, 7756722, 30283334, 15729137, 12964324, 33336580, 8976692, 29356118, 28954137, 23609445, 24885851, 18206985, 24805673, 15746527, 23567293, 29356087, 2638810, 25494343, 8755785, 13612962, 13612965, 25648141, 17245747, 18751236, 29356046, 21416483, 24944889, 24885506, 24885507, 24885508, 7171748, 10644236, 6752378, 11545694, 25560303, 3229373, 3229372, 8700058, 30312891, 13264701, 7863658, 21352088, 6382952, 13547092, 22111277, 7507191, 25613630, 9917942, 2261213, 2261214, 12788037, 10323524, 23299980, 25560294, 9899278, 17334481, 30230234, 11554510, 17874773, 19832068, 1471425, 15801287, 25560255, 25560251, 25635807, 13226173, 12189496, 29356115, 13568619, 29356073, 25560245, 20331482, 10050463, 22892113, 5168977, 29356081, 10025305, 27788505, 14367051, 18090081, 11390052, 18335634, 23164819, 15719929, 9191899, 7614652, 5607787, 23598679, 29356108, 31298846, 18137193, 18868664, 25813915, 24618787, 17699859, 17699853, 6365110, 29427818, 24885521, 24885524, 18077311, 23395716, 15745804, 8715343, 18775657, 29356121, 10635363, 29356064, 13608989, 24851136, 16303287, 6485421, 32718466, 8428157, 1270247, 20697444, 21937130, 256683, 17665849, 20578940, 24965713, 28927033, 29431371, 12831376, 1582996, 16074780, 8688066, 3777732, 13547741, 17634000, 25560279, 13223132, 7171637, 24885537, 24885531, 24885649, 35452713, 21519817, 8755776, 8432018, 29467419, 13583766]"
2343,150123,"[659469, 227222, 1490430]"
2344,150134,[13155477]
2345,150270,[13604997]
2346,150338,"[3962329, 1433826]"
2347,150344,[257173]
2348,150432,"[147908, 379197, 28588, 67955, 8168507]"
2349,150741,[510342]
2350,150810,"[13572828, 6334780, 3430737, 6236660, 2454990, 2454986, 8153169, 6460099, 25273121, 7970843, 5071490, 570550, 3430907, 2920825, 6613576]"
2351,150814,[419954]
2352,150818,[9191899]
2353,151109,[258569]
2354,151155,"[258658, 258657, 258664, 258666]"
2355,151371,"[10662433, 20759749, 3303559, 20743262]"
2356,151713,[23847975]
2357,151717,"[259583, 259585, 259586]"
2358,151890,"[17742026, 259841]"
2359,151973,"[362982, 362981, 16248746, 15733545]"
2360,152309,"[18656203, 23658272, 17899657, 16228884, 30145679]"
2361,153013,[23013689]
2362,153287,[7991204]
2363,153394,"[537052, 2281052, 7007561, 3052408, 385706, 385742, 17795053, 537070, 537068, 319644, 262431, 262430, 2984004, 875064, 875065]"
2364,153625,[282294]
2365,153691,[20530924]
2366,153703,"[12951328, 395727, 9374758, 618938, 263082]"
2367,153732,"[6150473, 6597080, 8679704, 6801652, 1898916, 13077588, 263173, 4504345, 784222, 728118, 1404466, 7326833, 18143822, 1404465, 7706970, 16146049, 21411991, 263145, 15803940, 2324902, 11707621, 1157452]"
2368,153733,"[502556, 3559788, 7828879, 2687149, 11551967, 9636838, 263146, 6582625]"
2369,153734,"[6937878, 6460577, 10890463, 770794, 8428056, 263172, 5489684, 5489683, 263171, 10551290, 7312324, 5111039, 263147, 263148, 816207, 733809, 2051840]"
2370,153738,"[6177429, 19083232, 7685261, 6572844, 2977480, 263170, 13483701, 6000096, 18223036, 13016839, 2754526, 17981276, 10418404, 6453240, 16158611, 3294489, 9260518, 7023534, 13517402, 2431123]"
2371,153741,"[6583205, 263176, 11455155, 8272997, 9892347, 7828881, 2516238, 3488375, 332420, 5664051, 13530597]"
2372,153998,[17165909]
2373,154081,[802968]
2374,154123,[16078963]
2375,155401,[5500]
2376,155517,"[9813, 761346, 9807, 59779, 6018080]"
2377,155759,"[47580, 7455727, 499214]"
2378,155762,[6576403]
2379,155811,[6254610]
2380,155990,"[6775624, 6775623, 8145088, 6419563, 9047566, 6236809, 10207041, 10403445, 15803931, 7326784, 9047567, 18143810, 12803252, 15800514]"
2381,156084,[607075]
2382,156118,[17910665]
2383,156274,[342445]
2384,156342,"[8346300, 8346300]"
2385,156522,"[1921383, 6294228, 7052533, 9670016, 613313, 9633064, 6294300, 3294488, 1926061, 4916680, 3430119, 7830969]"
2386,156659,[15850574]
2387,156893,[132380]
2388,157004,"[5072077, 2762488, 3576176]"
2389,157018,[11212021]
2390,157655,"[397400, 14002, 6726099, 92377]"
2391,157663,"[1375896, 983203, 1375898, 11984131, 410304, 410306, 410307, 769483, 293426, 2798159, 17070125, 4935682, 16069953, 355917, 355916, 5040588, 1146613, 7355137]"
2392,157676,"[26074135, 30254933, 557332, 6419093, 80246, 6762906, 26892060]"
2393,157914,[3546735]
2394,158033,"[270977, 768929]"
2395,158074,"[27782650, 31554691]"
2396,158170,"[2871250, 3395318, 10869776, 659855]"
2397,158809,[6057020]
2398,158844,[526652]
2399,158894,[25118836]
2400,158947,"[770794, 272791]"
2401,158961,"[1205572, 7983, 9373635, 281921, 450225, 7993, 893396, 7976]"
2402,159492,[1612671]
2403,159559,[12759]
2404,159586,[273769]
2405,159659,[27218553]
2406,159787,[2262319]
2407,159997,[18668473]
2408,160195,[274868]
2409,160870,"[587977, 668830]"
2410,161096,[276485]
2411,161399,"[17707758, 17977053, 20929552]"
2412,161908,"[120240, 900668, 479525]"
2413,162219,[278462]
2414,162220,[278462]
2415,162231,[510342]
2416,162299,[219159]
2417,162368,[125755]
2418,162678,"[6177426, 3944693, 8666610, 6968153, 746056, 2855252, 279525, 279524, 279522, 12648008, 15738275, 2445045, 13647567, 11213380, 6593383, 9667897]"
2419,162703,[279588]
2420,162799,[7986212]
2421,162810,"[28220629, 23848066, 1270247]"
2422,162927,"[2246092, 7846430, 10393851, 9743200, 920795, 98042, 326917, 15810153]"
2423,162929,[828775]
2424,162930,"[9727730, 17707758, 8038401, 21432372, 8488204, 18596555]"
2425,162931,[3259963]
2426,162932,"[3259963, 10575798]"
2427,162936,"[3546735, 7353243, 28695509, 2865290]"
2428,162943,[29082575]
2429,162980,"[3101640, 15832300]"
2430,163021,[235749]
2431,163203,[88179]
2432,163891,"[250296, 8123164]"
2433,163933,"[7989, 8004]"
2434,163934,"[7997, 11375108, 17623976, 7962513, 15812761, 13385877, 10481268, 17465485, 16101156]"
2435,164102,[345966]
2436,164132,[282294]
2437,164187,"[282438, 11089391, 13148139, 282440, 9369687, 3554429, 13628172, 8164410, 6905534, 282439, 10459088, 12680993]"
2438,164485,"[38522, 613964, 490211, 3262139]"
2439,164531,[30764]
2440,164576,"[25779243, 12924307, 7656231, 13594857]"
2441,165105,"[399352, 626096, 6064635, 22504696, 11387458]"
2442,165168,"[12351174, 6622569, 18131799, 2157243, 18809484, 2653584, 7261549, 11293102, 924061, 924062, 8113344, 11285163, 7940205, 13485199, 6384722, 10846914, 23253921, 9767135, 924059, 29564630, 22053658, 26791238, 284441, 5198413, 12884237, 6245492, 284440, 4893390, 16123975, 13537640, 2039283, 924351]"
2443,165198,[2871250]
2444,165210,[2455482]
2445,165466,"[884006, 579562, 579563, 7039742, 284946]"
2446,165549,[285064]
2447,165551,[195381]
2448,165675,[1906381]
2449,165858,[25674658]
2450,165898,[285746]
2451,166104,"[286338, 603260]"
2452,166113,[3301978]
2453,166640,[11880612]
2454,166779,[6313798]
2455,166852,[136508]
2456,166884,[287873]
2457,166943,[1144907]
2458,167394,[6091035]
2459,167568,[515384]
2460,167605,"[9307506, 6962792, 7966168, 25269311, 7196959, 20873145, 19501681, 6294174, 6065215, 11226926, 10832656, 7106333, 6945530, 6723348, 6192961]"
2461,167606,"[17864395, 47580, 17802439, 21432372, 28364013, 24998915, 11060998]"
2462,167737,"[6022863, 2444340, 2214059, 6057020]"
2463,167932,"[207682, 187809, 234908, 199781, 199783]"
2464,167980,[1110034]
2465,168090,"[426550, 13832, 9510104, 8707334, 11890222, 6314293, 3395318, 7841437, 676904, 11399736, 7303068, 17251424, 6726099, 676905, 659855]"
2466,168324,[17823780]
2467,168353,"[20307785, 290992]"
2468,168380,[32831]
2469,168524,"[291252, 790426]"
2470,168647,[18077836]
2471,168710,[291735]
2472,168720,[325151]
2473,168777,[227409]
2474,168844,"[8160897, 3423025]"
2475,169377,"[9421274, 7970131, 5899779, 12819289, 6499670, 12545818, 20454635, 6508774, 7108001, 7283373, 25852920, 8131377, 13869135, 8133472]"
2476,169469,"[7441947, 13572885]"
2477,169487,"[7698251, 7989712, 3142429, 7698228, 5269236, 12089922, 7698261, 7989720, 16174311, 618303, 7095205, 7698237, 12083417, 7698279, 12083433, 511150, 7698424, 7538299, 12083392, 12414384, 12205549, 1290387, 5597588, 22147185, 7989708]"
2478,169509,[1851937]
2479,169523,"[6052510, 2369498]"
2480,169609,"[4008, 53806, 53812]"
2481,170442,[763510]
2482,170443,"[295265, 7154685]"
2483,170508,[179406]
2484,170520,"[797151, 673946, 7831744]"
2485,170751,[125408]
2486,170985,"[1913193, 296211, 592807, 12262305]"
2487,171139,"[383129, 423303]"
2488,171408,[227222]
2489,171517,[6695157]
2490,171618,[17707758]
2491,171845,[297891]
2492,171921,"[351640, 47580]"
2493,172130,"[298463, 1294946]"
2494,172152,"[8697285, 13258964, 18143891]"
2495,172169,[10376272]
2496,172194,[4056634]
2497,172210,[10177045]
2498,172487,"[13505670, 299081, 6308379, 7802913, 28925111, 1844851]"
2499,172490,"[20929, 6333584, 1236298, 15824178, 11210965, 703870, 10393851, 23274805, 7269507, 12844699, 299084, 3598195, 9728144, 16115620, 24316214, 7049405, 1270247, 18139127]"
2500,172512,"[17428643, 6124802]"
2501,172879,[17571913]
2502,172977,[2201246]
2503,173459,[13493042]
2504,173493,"[490276, 17155787, 15700527, 10393851, 12180248, 23173457, 15814563, 20256570]"
2505,173545,[13642528]
2506,173658,"[290725, 227903]"
2507,173906,[301727]
2508,174526,[811191]
2509,174708,"[13533644, 10841115, 6609571, 7171882, 6382952, 11706617, 985502, 15808533, 7687402, 303192, 13528489, 11049606, 17612519, 9031163, 303200, 5989059, 10890808, 12044946, 124838, 2700825, 394749, 394748]"
2510,174742,[25241871]
2511,175006,"[6271063, 1020767]"
2512,175009,"[6450262, 5989671]"
2513,175137,[304025]
2514,175138,[304025]
2515,175139,[304028]
2516,175143,[9908712]
2517,175259,[432879]
2518,175282,[897717]
2519,175329,"[17349030, 18171953]"
2520,175855,"[5152561, 30363412, 9371403, 12406114, 9727730, 5957312, 6368611, 6368610, 305234, 5069868, 9450406, 16247986, 6401002, 2321296, 6244315, 6432984, 17416083, 3051686, 2761829, 14811468, 17310066, 5957313, 11696574, 7383032, 8428157, 8576171, 10459088, 11340586, 2199996, 25816519, 15842158]"
2521,176372,"[17707758, 32454291]"
2522,176807,[23173457]
2523,177012,[26114202]
2524,177046,"[6395698, 6369517]"
2525,177047,"[8430099, 3397728, 9682967, 6087903]"
2526,177048,[2574397]
2527,177049,"[371698, 10376272, 307354]"
2528,177305,"[13423390, 12758871, 18480443, 15746149, 26244536]"
2529,177466,"[18143948, 6539039, 23309529]"
2530,178734,"[45480, 985594]"
2531,178924,"[1150191, 363683, 1150189, 310516, 3793942, 6561491]"
2532,178972,"[410304, 410306, 410307, 293426, 2798159]"
2533,179153,"[15767912, 15764736]"
2534,179162,[13356163]
2535,179383,"[731821, 28873]"
2536,179712,"[551536, 3908591, 6478602, 1891296, 312050, 6793336, 18693360, 7842739, 312043, 2388730, 12814088]"
2537,179733,"[2873356, 7171748, 764840, 12189496, 764861]"
2538,179805,[312250]
2539,179908,[765430]
2540,180392,"[3240083, 7739901, 8756401, 6383769, 6764787, 472392, 2137538, 8756402, 7091314]"
2541,180417,[31014504]
2542,180439,"[17722, 7505716, 25073764, 982630, 6308590, 38691, 38690, 176972, 24213, 24216, 24217, 636417, 206161, 7181829, 15844279, 24220, 426803, 426792, 2647293, 386029, 83346, 83345, 562849]"
2543,182166,"[6295173, 6764888, 8444951, 26807978, 11594370, 17332422]"
2544,182452,"[22055289, 317372, 317377, 317378]"
2545,182648,[967050]
2546,182649,[317788]
2547,182686,[847409]
2548,183421,"[25111061, 3365119]"
2549,183495,[12924415]
2550,183662,[8640970]
2551,183760,[17707758]
2552,184090,[27804013]
2553,184504,[2731336]
2554,184516,"[5863627, 9329511, 2598001, 627204]"
2555,184638,"[16178685, 13272633, 12033364]"
2556,184741,"[122999, 846341]"
2557,184918,"[945176, 2865290, 28539]"
2558,184987,"[4346365, 25688984, 6735147, 8364977]"
2559,185018,[257173]
2560,185359,[67955]
2561,185554,[4738393]
2562,185594,"[489456, 21544276]"
2563,185899,[171066]
2564,186144,"[5151422, 323944]"
2565,186145,"[18751913, 18462140, 7089277]"
2566,186767,[325151]
2567,186776,"[6605730, 6307037, 16368455, 1200626, 3103806, 25423972]"
2568,188344,"[47699, 2337263]"
2569,188719,[2464878]
2570,188999,[24316]
2571,189204,"[3395318, 659855]"
2572,189648,[57977]
2573,189761,[16165768]
2574,190110,[13414814]
2575,190377,"[181087, 19312]"
2576,190403,"[331830, 14454858]"
2577,190578,[28691932]
2578,190644,[28571676]
2579,190713,[675314]
2580,190760,[258108]
2581,190848,[6520263]
2582,190887,"[9780131, 9730082, 15757971, 7743782, 332753, 332756, 10034291, 8486636, 13510477, 8641129, 18012909, 9780117, 1167144, 332775, 7058934, 332754, 6727322, 22504699, 13610179, 446279, 9025022, 4499214]"
2583,190905,[31702762]
2584,190954,[332853]
2585,191220,[333423]
2586,191456,"[8406607, 8076197, 775971, 775976, 775975, 775974, 7977037, 10346457, 675615, 675614, 8493681, 9550620, 7823549, 775986, 775987, 775983, 775980, 775981, 333920, 734199, 8937699, 775972, 7821892, 8820045, 333939, 333938, 8139160, 10631724, 333946, 333947, 333942, 1768957, 8961636, 775973, 775977]"
2587,191475,"[7832957, 334042, 932854, 333970, 32971135]"
2588,191748,[12993580]
2589,191975,"[296211, 592807]"
2590,191982,[10630620]
2591,192549,[3224378]
2592,192663,[335958]
2593,193057,[3689171]
2594,193296,"[491889, 491887, 18596555, 337138]"
2595,193300,"[21412146, 25668486]"
2596,193861,"[12377549, 567224, 567223, 8038401, 17802439, 6505011, 11251546, 10475929]"
2597,194172,"[81042, 2319385, 10393851, 7860544, 1896805, 7304345, 7143047, 739891, 18090081, 13498652, 554202, 10877155, 10475929, 1270247, 141024]"
2598,194256,[15731796]
2599,195174,[102565]
2600,195467,[9550615]
2601,195904,[24951375]
2602,196012,"[63339, 6998617, 5086402]"
2603,196036,[607075]
2604,196212,"[2381041, 7095691, 3475047, 350866, 342095, 346039, 3475043, 6056510, 10376272, 841381, 6582636]"
2605,196399,[17571845]
2606,197121,[398331]
2607,198168,"[330747, 13643021, 15732827]"
2608,198305,"[17131858, 20168816, 10559622]"
2609,198623,"[346272, 6530472, 346268, 346267, 346266, 6192722]"
2610,198732,[9908712]
2611,199275,[59833]
2612,199626,"[6713166, 6671933]"
2613,199737,"[18950871, 27259205]"
2614,199919,"[1832933, 480575]"
2615,200052,"[23013327, 25241629]"
2616,200124,[13501564]
2617,200208,"[18104927, 15808271]"
2618,200292,[15810153]
2619,200317,"[9277335, 7343947, 15794103, 12829446, 7198988, 6134826, 7886302, 10778761, 7846465, 12439057, 7884687, 12003673, 12439063, 12439061, 9858504, 7936243, 7701275, 7739934, 8706507, 6581511, 6585977, 7937657, 6371893, 13496376, 9720768, 3975774, 10775407, 6818083]"
2620,200448,[8036458]
2621,200500,[17315329]
2622,200504,"[1455332, 4477758, 575523]"
2623,201369,"[8366199, 5111147]"
2624,201462,[6376522]
2625,201504,"[3230873, 5081991]"
2626,201555,[351451]
2627,201804,[7945295]
2628,202183,[34509]
2629,202192,[6313798]
2630,202254,"[21469076, 7966168, 428041]"
2631,202269,[7841656]
2632,202311,"[9307506, 6962792, 7196959, 19501681, 6294174, 6065215, 10832656, 7106333, 6945530, 6723348, 6192961]"
2633,202312,"[620750, 22318567, 1265593, 18112194, 352828, 7889692, 1133398, 2549937, 1953965]"
2634,202355,[389903]
2635,202438,"[353016, 4028900, 6378458, 12146537, 15754484, 8601666, 4936618, 4007054]"
2636,202629,[13514]
2637,202807,"[18079705, 22544040]"
2638,202865,[7199017]
2639,202867,[13543159]
2640,202875,[10634310]
2641,202960,[20759421]
2642,203762,"[6285252, 23137382, 25558821, 30272307, 6855336, 16231091, 18430203, 4961959]"
2643,203791,"[14976, 55451, 7150647, 2702948]"
2644,203838,[38686]
2645,203839,[3017234]
2646,203916,[480081]
2647,204615,[9450406]
2648,204889,[9751511]
2649,204966,[13533758]
2650,205075,"[809835, 9939254, 371638, 10877155, 92377, 141024]"
2651,205248,[49314]
2652,205493,[14498]
2653,205589,[18090081]
2654,205615,[358978]
2655,205812,[359323]
2656,205915,[359495]
2657,206295,[8790787]
2658,206522,[1012351]
2659,206531,[3303559]
2660,206960,[1928597]
2661,207080,[22859559]
2662,207235,[361943]
2663,207286,"[2246092, 362021, 3259963]"
2664,207379,[13507586]
2665,207498,"[12414417, 9761911, 16057864]"
2666,207642,[362705]
2667,207694,"[8180231, 25387799, 6341582]"
2668,207695,"[29496535, 362824, 2175461]"
2669,207708,"[5739760, 13634387, 2871256, 10857421, 8649882, 7840832, 10869776, 23471830, 7340340]"
2670,207729,"[6539039, 18490690, 21432372, 11212021, 24998915]"
2671,207746,"[362956, 6309140]"
2672,207766,"[47580, 13329252]"
2673,207823,"[1537678, 17864395, 81039, 499214, 10877155, 10475929, 141024]"
2674,207866,[250296]
2675,207961,[9215459]
2676,207971,[7183665]
2677,208338,"[36068753, 35704107]"
2678,208650,"[1826195, 6801614, 364949, 5071433, 3430775, 6801601, 364959, 364958, 364953, 364951, 6801645, 6801646, 7421456, 7421457, 364950, 662985, 662986, 364960, 364961, 2382362, 7421463, 7421460, 8230496]"
2679,209873,"[6990121, 9266753]"
2680,209877,[9860070]
2681,210154,"[987825, 140258]"
2682,210551,[18187690]
2683,210683,[5313289]
2684,211036,[585265]
2685,211269,"[370118, 2865290, 7832159]"
2686,211530,[1498424]
2687,211649,[6450020]
2688,211729,"[15808866, 6676768, 8324870]"
2689,212024,"[371698, 615945]"
2690,212101,"[16178575, 23419133]"
2691,212514,"[627682, 616046]"
2692,212788,"[18668150, 9024346, 13096191]"
2693,213510,"[978173, 9510104, 16130371, 2246941, 6004710, 374343]"
2694,213980,"[891586, 10573384, 420388, 8191539, 6090433, 7158537, 5213503]"
2695,214134,"[9602030, 3535944, 13202110]"
2696,214232,"[9669552, 4446826, 6077427, 565335, 25430202, 10251958, 15832300]"
2697,214334,[375980]
2698,215044,"[13576316, 23719342, 47530, 24998915, 3302568, 18114043]"
2699,215177,"[11210965, 661318]"
2700,215333,[52358]
2701,215620,[6261170]
2702,215710,[2235235]
2703,215772,[5790991]
2704,215818,"[4008, 53806, 53812]"
2705,215907,"[22875435, 17707758, 6313798, 15791107, 17899663, 15826602]"
2706,215959,[7945295]
2707,215971,[984792]
2708,216539,[380203]
2709,217051,[381072]
2710,217279,"[381624, 6214309]"
2711,217735,"[944555, 920795]"
2712,217944,"[8585377, 11101486, 7302517, 6386678, 382859, 763581, 763583, 3858076, 30461865, 13542392]"
2713,218749,[1458868]
2714,218818,[17707758]
2715,218826,"[17707758, 35479812, 34466922, 30622162, 2282320]"
2716,218908,[21816737]
2717,219264,"[385487, 385488]"
2718,219618,[1182136]
2719,219918,[30753517]
2720,220245,"[1168091, 83506, 83346, 83345, 833135]"
2721,220345,[296211]
2722,220391,[15721980]
2723,221019,[975331]
2724,221073,"[11552090, 6607799, 6150364, 9653862, 3697358, 7106094, 388793, 1662589]"
2725,221253,"[1137217, 1137215, 7912701, 12377549, 389099, 389098, 9669552, 9466840, 11196925, 20168816, 30213129, 7911067, 1137221, 8140731, 9842559, 17332269, 25543181, 20821288, 11251546, 2590200, 389104, 22667736, 10900324, 8129662, 7670800, 9514173]"
2726,221608,"[7726420, 9902193, 9466840, 13329252, 24044140]"
2727,221645,"[17655238, 9440324, 13369595, 7128341, 6340843, 15725141, 15818410]"
2728,221703,[389903]
2729,221705,[847409]
2730,222204,"[5985499, 1017777]"
2731,222429,"[17262735, 8487365, 9462774]"
2732,222813,"[17910665, 21531492, 18885585, 17702284]"
2733,223096,[10264090]
2734,223294,[6254610]
2735,223300,"[424975, 33507]"
2736,223343,[2547481]
2737,223600,[13275209]
2738,223787,[13511720]
2739,223885,"[7664713, 14806563, 11094658]"
2740,223894,[394237]
2741,224004,"[1228841, 11183622, 394470, 9535352, 8183728, 6064646, 15714677, 3325931, 3303559, 6586599]"
2742,224179,[7508223]
2743,224189,"[81042, 2412563, 7304345, 463033, 8428157, 1270247, 394878]"
2744,224439,[395420]
2745,224518,"[6034660, 395551, 3287236, 837063]"
2746,225033,"[13558167, 16072132, 1857440, 6364718, 16002055, 8017585, 15813026, 33574090, 17286949, 10857081, 12924261]"
2747,225038,[23282174]
2748,225455,"[8553350, 7022166, 459700, 8046569]"
2749,225598,[16057186]
2750,225689,[16290049]
2751,225692,"[7353243, 397756, 1062113, 2316941, 11511696]"
2752,226035,"[9510104, 612422, 544381, 2855252, 10376272, 4916680, 22238165]"
2753,226759,[20709602]
2754,226816,"[10747637, 12457874, 15810145, 15710591, 3878183, 489434]"
2755,227382,[1898882]
2756,227719,[2774803]
2757,228678,[28114552]
2758,228898,"[1146744, 1146743, 1099262]"
2759,229220,[4073514]
2760,229221,[4073514]
2761,229443,[404857]
2762,229813,[6718729]
2763,229863,"[32686095, 32332687]"
2764,229975,[7945295]
2765,230018,"[17978095, 7305155]"
2766,230189,"[18170136, 15790887]"
2767,230218,"[9683241, 1493618, 406404]"
2768,230226,"[6376256, 7151456, 2330877, 2490519, 5962744, 4436895]"
2769,230692,"[631233, 981834]"
2770,230701,"[181087, 19312]"
2771,230991,"[31423572, 24397067]"
2772,231481,[9027853]
2773,231497,[480449]
2774,231574,[17348906]
2775,231575,[17348906]
2776,231699,[766869]
2777,231755,[31450847]
2778,232137,[6726099]
2779,232224,[10480102]
2780,232241,[335958]
2781,232932,[20893322]
2782,233300,[20589110]
2783,233554,[469491]
2784,233667,[879525]
2785,234088,"[6034660, 2246092, 12377549, 2412563, 11210965, 7860544, 6069970, 3252975, 920795, 1354730, 7505560, 15766297, 2414574, 3259963, 98042, 12858494, 1296444, 10844308, 15810153]"
2786,234115,"[17131858, 24452922, 28953491, 6122181, 22584974, 20631613, 5585788, 15980677, 414139, 11053874, 29533184, 13542898, 6659254, 5465115, 13519763, 15732001, 25489486, 8100979, 758546, 755277, 13543159, 17566969, 25423972]"
2787,234118,[414146]
2788,234253,"[25169896, 22598406, 19355345]"
2789,234377,[19126]
2790,236020,[2924344]
2791,236040,[3079691]
2792,236076,[386765]
2793,236242,[53086]
2794,236723,[17355332]
2795,237135,[29429934]
2796,237153,[847048]
2797,237154,"[6163754, 3546735, 17864395, 9637907]"
2798,237175,"[3379051, 15848509, 8708376, 463078, 6679044, 14002, 9191899, 3103806, 363416]"
2799,237184,[9279303]
2800,237194,"[420415, 6064622, 617811, 617810, 1443570]"
2801,237195,"[3371584, 420416, 651901, 1396684, 7882701, 452141, 5455873]"
2802,237545,[1270247]
2803,237638,"[1698713, 706553]"
2804,237787,"[17295909, 28364013, 6927743]"
2805,237985,[2038020]
2806,238243,[253058]
2807,238277,[25883016]
2808,238503,[250612]
2809,238631,[884583]
2810,238653,[2910]
2811,238787,[1488663]
2812,239128,"[2269324, 13542778, 13556966, 11458531]"
2813,239385,[1928597]
2814,239476,[8421720]
2815,239579,"[5338, 2530555, 805425, 9968921, 8391566, 3027439]"
2816,240488,[5416415]
2817,240519,[615941]
2818,240668,[15015624]
2819,240708,"[27158850, 427066, 427062, 202544, 1450407, 12826714, 20919846, 13129274, 2161614, 8291070, 27401260, 338404, 3599870, 946054, 6402375, 6616466, 6892991, 16130663, 27917260, 34437155, 7022843, 25901575, 8241571, 30753517, 24952878]"
2820,240709,[7508223]
2821,240840,"[25106480, 28936334, 22740435, 35333530]"
2822,241236,"[126437, 6375862, 20299673, 1448631]"
2823,241301,"[7097842, 780878, 12971643, 13542629, 3474898, 732242, 18144122, 18144127, 1264695, 9541850, 1264696, 6324492, 428108, 10593918, 11797287, 8414223, 15753550, 2433779]"
2824,241490,[8038401]
2825,241687,"[248874, 248871, 248873]"
2826,242006,"[1799011, 580446]"
2827,242185,[140098]
2828,242237,[6011268]
2829,242296,[250260]
2830,242350,[2282320]
2831,242473,"[7693853, 822200, 2516188]"
2832,243017,[3546735]
2833,243395,"[432020, 1493253]"
2834,244452,[7172680]
2835,244754,"[444381, 269713]"
2836,245099,[2653412]
2837,245756,[575101]
2838,245812,[376976]
2839,245963,"[5988375, 6453485, 2658545, 6122181, 2855252, 4497830, 436629]"
2840,246526,"[437662, 437663]"
2841,246527,[10823956]
2842,246590,"[437788, 437787, 437786, 437782, 8626348, 6678976, 23156342, 18683282, 618198, 618197, 618196, 1140216, 437790, 437802]"
2843,246684,"[279969, 6313798, 771204]"
2844,246750,[8537227]
2845,246753,"[28504575, 21857371, 20821001]"
2846,247692,[22980192]
2847,248431,"[481462, 2979469]"
2848,249025,[17332588]
2849,249590,[25699435]
2850,249843,"[11736996, 8896213, 1094933, 8299165, 444318]"
2851,250172,[3868437]
2852,250553,[445623]
2853,250598,[23876741]
2854,250784,"[10575783, 12169250, 15810153]"
2855,251279,[2333041]
2856,251542,[11439413]
2857,251725,[28218868]
2858,252353,[18874799]
2859,252914,"[25667027, 10893214, 7641180, 17165980]"
2860,253282,[603500]
2861,253358,"[16030663, 16685923]"
2862,253498,[6797476]
2863,253624,[20929]
2864,254291,[1947017]
2865,254412,[13479530]
2866,254803,[22908506]
2867,255165,[847735]
2868,255288,"[352299, 24233, 2959009, 466141]"
2869,255580,[47580]
2870,255868,[10044191]
2871,256641,[499485]
2872,256775,[23208665]
2873,257093,"[6928840, 3755301]"
2874,257118,[13329252]
2875,257412,"[8848847, 12786908, 20168816, 27917260, 1743870]"
2876,257520,[918682]
2877,257591,[1011193]
2878,257685,[34496]
2879,258322,[432884]
2880,258818,[591805]
2881,258912,"[2496546, 13493042, 119091, 334620]"
2882,259021,"[11556615, 20876066]"
2883,259413,"[6352078, 18714864, 15817094]"
2884,259431,[17071332]
2885,259488,[5416415]
2886,259548,"[1831563, 33296222]"
2887,259946,[1136569]
2888,259969,[471406]
2889,261240,"[33843449, 31450752]"
2890,261356,[20695297]
2891,261933,[673252]
2892,261937,"[3689171, 467457]"
2893,262084,"[7172680, 140098]"
2894,262086,[14800530]
2895,262360,[7995946]
2896,262549,[161037]
2897,262689,"[27712, 83565, 1094741, 70946]"
2898,262690,[27719]
2899,262692,[670810]
2900,263531,[6254610]
2901,263547,[6767583]
2902,263964,[6237416]
2903,264571,[10454982]
2904,265011,[26109086]
2905,265279,[13177385]
2906,266368,[476206]
2907,266391,"[2038677, 23281952]"
2908,266470,"[20419025, 17332556, 17410991, 20359719, 20483058]"
2909,266502,[16116259]
2910,267124,[28963886]
2911,267677,"[478628, 640233, 640234]"
2912,267687,"[13515264, 16065477, 6503152, 6033257, 17832588, 8551693, 6257480, 6957624, 12907355, 6308141, 8302705]"
2913,268018,[28047498]
2914,268304,"[557332, 6419093, 80246, 6762906]"
2915,268524,"[150739, 169879, 169875, 169871]"
2916,268722,"[6713798, 480811, 22888714]"
2917,269065,"[9510104, 612422, 544381, 2855252, 4916680]"
2918,269168,"[6395698, 6238413]"
2919,269225,[481739]
2920,269342,"[23285687, 15780279]"
2921,269884,[483007]
2922,270160,[1622]
2923,270252,[125411]
2924,270277,"[32075825, 12853150]"
2925,270312,"[11308086, 6582640, 4498128, 2721947, 8273005, 7863207, 11540475, 13542763, 5519449, 9685397]"
2926,270447,[2465823]
2927,270463,"[6376570, 3306877]"
2928,270479,"[7430195, 12176927, 17165986, 5562484, 7430203, 2273246, 3392285]"
2929,270487,"[14758712, 17448424, 3303559]"
2930,270624,"[10718699, 6082282, 26114337]"
2931,270887,[2822861]
2932,270939,"[1087196, 485165]"
2933,271200,"[7416873, 26068046, 21167966, 15832300]"
2934,271685,[22488031]
2935,271908,[3677902]
2936,272055,[68765]
2937,272813,"[4006156, 488447]"
2938,272814,"[6383800, 17978137, 488450, 539112, 22529357, 2371124, 17286735, 20613749, 7197913, 7896014, 13513409, 65094, 65093, 65091, 12000103, 3416337]"
2939,272848,[8865417]
2940,272922,"[24611676, 20874309, 28504472, 21911686]"
2941,273399,"[489608, 23551456, 940127, 489612, 11702955]"
2942,273501,"[122999, 4895622]"
2943,273567,[6477931]
2944,273618,[1004057]
2945,273705,"[7036997, 490292, 2288232]"
2946,274533,[13533758]
2947,274554,[491972]
2948,274667,[2842796]
2949,275125,"[507690, 3801649, 507688, 507689, 1550100, 10796565]"
2950,275126,[6345021]
2951,275252,"[493383, 804148, 2464778, 16238648, 10376272, 6395698, 6028266]"
2952,275663,[8093]
2953,275908,"[15796200, 13624637, 18248374]"
2954,276133,[2224813]
2955,276178,[9631399]
2956,276615,[1416852]
2957,276660,"[24714927, 20726853, 11706669, 2111520, 23278586, 944076, 944073, 9300804, 25744617, 6237768, 5961140, 7268583, 13007632, 22584190, 20168816, 3235477, 17910665, 21066604, 18885585, 9919092, 902715, 2315892, 7670213, 29064670, 28924910, 22055283, 8294278, 25448465, 6740999, 25430202, 10834872, 26030742, 9279303, 15750606, 944078, 13528362, 886955, 18666047, 9300798, 3891951, 22570785, 15750610, 7022843, 17702284]"
2958,276748,[496131]
2959,277359,"[8928051, 423098]"
2960,277536,"[28954093, 497819, 2662169, 12377549, 6595461, 7416873, 9852529, 13402805, 23551456, 6539039, 7171748, 13721357, 12009173, 13129274, 23989889, 30172827, 11016554, 28954123, 13262782, 12189496, 24885636, 754333, 3259963, 2865290, 98042, 10575798, 11164791, 13057774, 23989925, 24756394]"
2961,277654,[13497742]
2962,277865,[2282320]
2963,278194,[499252]
2964,278879,[229148]
2965,279134,[45685]
2966,279146,[15746892]
2967,279224,[1112665]
2968,279598,[6164018]
2969,279919,"[1911378, 93273]"
2970,280134,[27828948]
2971,280215,[1375]
2972,280714,[22747808]
2973,280891,[22747768]
2974,281486,[34065268]
2975,281552,"[827902, 2865290]"
2976,282217,[17731788]
2977,282609,[76566]
2978,282917,[6041009]
2979,282919,"[6979554, 10846905, 7553944, 9765460, 10836896, 7565545]"
2980,283108,[7793985]
2981,283278,[14553832]
2982,283727,"[17847127, 11593977]"
2983,283833,[7345]
2984,283944,[22917]
2985,284204,[1156047]
2986,284299,[13700905]
2987,284473,[511356]
2988,284559,[10575798]
2989,284720,[31363558]
2990,284897,"[8474746, 6678880, 512385, 512387, 512386, 3261627, 5604862]"
2991,285208,[122096]
2992,285212,"[62031, 333423, 317385, 62032, 6479198, 1707509, 3182557, 31754, 13517675, 62033]"
2993,285217,[120240]
2994,285730,"[6661321, 18596555]"
2995,285812,"[18404232, 2412563]"
2996,286014,[11324204]
2997,286059,[11969941]
2998,286382,[13273777]
2999,286970,[8850945]
3000,287459,"[4895622, 22914]"
3001,287656,[17452242]
3002,287923,"[18490849, 9643469, 10522443, 499214, 9433912]"
3003,288043,[22219679]
3004,288119,"[141183, 989088, 72485]"
3005,288167,"[2855252, 7860794, 7430962]"
3006,288211,[519148]
3007,288672,[25361904]
3008,289314,"[22238188, 7455727, 20299673]"
3009,290125,[679465]
3010,290375,[836924]
3011,290553,"[10301749, 3904885]"
3012,291002,"[524758, 5282692, 3145228, 7292791, 8273005]"
3013,291382,[525371]
3014,291916,"[526764, 6655491]"
3015,292746,[13594541]
3016,293603,"[18484774, 7739950, 3770158, 8160897, 8108225, 530848, 13049069, 2272813, 22701387, 6984608, 6178065, 13533758, 17987499, 2456529, 10637510, 6681333, 7818881, 8703197, 13563138]"
3017,293829,[531468]
3018,294057,"[847409, 531944, 1717909]"
3019,295668,[535570]
3020,295793,[30090252]
3021,296477,[10376272]
3022,296516,[22237141]
3023,296540,"[11594286, 24951698]"
3024,296979,[7172680]
3025,298413,[235749]
3026,298438,"[13421146, 14759651, 12358349, 8835379, 17343391, 21469090, 25858039, 17254055, 20826544, 10723532, 20518884, 22350873, 31145176, 12637458]"
3027,298546,[7851791]
3028,299134,[99794]
3029,299142,"[229157, 229156, 229154, 62313, 62309, 229149]"
3030,299221,[102565]
3031,299277,[47530]
3032,299283,[432884]
3033,299363,"[544482, 47530]"
3034,299364,[544482]
3035,299961,[4569906]
3036,300145,[22699416]
3037,300523,[14058691]
3038,301032,[547847]
3039,301071,"[8160897, 7189104]"
3040,301471,[32332687]
3041,302278,[17707758]
3042,302895,[551454]
3043,303657,[670810]
3044,303833,"[10846226, 7092402, 7672427, 553247]"
3045,303838,[553250]
3046,304060,"[10854410, 7951296, 5321479, 6867949, 6406015]"
3047,304303,[6528962]
3048,304812,[15790982]
3049,305055,[964211]
3050,305504,[8160897]
3051,305720,[1285240]
3052,305721,[7095563]
3053,306733,[913848]
3054,307629,"[6539039, 17802439, 13590724, 613358, 6505011, 11251546]"
3055,308775,[641719]
3056,308894,"[7933156, 563659, 563657, 2855252]"
3057,309018,[7091296]
3058,309797,[17801891]
3059,311098,"[569431, 569433, 569435, 569434, 568454, 569430, 569432, 2348338]"
3060,311365,"[569361, 569120, 6652673, 569346, 569109, 10390076]"
3061,311468,"[569413, 25779131]"
3062,312453,[307072]
3063,313018,[876637]
3064,313399,"[13539159, 10836790, 573657, 17162718]"
3065,313670,[7541341]
3066,314367,"[21544228, 19138878]"
3067,314962,[320700]
3068,315657,"[17131858, 9510104, 3396458, 9653291, 11500077, 2187324]"
3069,316632,[13406959]
3070,316778,"[13589141, 29496535, 17859577, 6395698, 13542374]"
3071,317079,"[1225741, 3268846, 6350554]"
3072,317159,[320700]
3073,317359,[18400224]
3074,317667,[17452242]
3075,317741,[21570066]
3076,319026,[584975]
3077,319857,[65659]
3078,320212,[17944655]
3079,320473,[7733]
3080,320703,[28941103]
3081,320741,[588809]
3082,321303,"[9857540, 16101024, 14322410, 6760780, 23735633]"
3083,321855,[282952]
3084,321863,[9652412]
3085,321891,[8728427]
3086,322375,[692384]
3087,322402,"[7353243, 1436393, 6401209, 6343613]"
3088,322570,[13590724]
3089,322781,"[3388855, 1498424]"
3090,323290,[33024]
3091,323486,[5781321]
3092,323598,"[11298, 818111]"
3093,323656,"[4885190, 7171902, 31572149, 3451948, 6476708, 6186198, 6186199, 15845097, 3451949, 6852350, 4885189, 29934239]"
3094,324055,[6541058]
3095,324500,"[18651982, 18107099, 11735733]"
3096,324549,[194739]
3097,324620,"[29748925, 6369113, 8490112, 596963, 18244506, 13389182, 34733250, 18001518, 6377125, 14742503, 33828904, 12958067, 13600168, 14741615, 16114708, 13618440, 18048665, 13528340, 13533758, 6509152, 28449207, 10305156, 18108474, 24527941, 28451694, 23731820, 6383491, 21853321, 17899356, 21939269, 12812550, 25446343, 24103818, 10767985, 12768147, 11732479, 20706293, 13526458]"
3098,324975,"[597852, 4068663]"
3099,325203,"[12814582, 1286971, 857639, 177805, 7823592, 26667719]"
3100,325368,"[249855, 463033]"
3101,326310,"[6288033, 706376]"
3102,326338,"[1956954, 603397, 600567, 603398]"
3103,326339,[17340764]
3104,326992,"[17737063, 22055287, 6666645]"
3105,327010,[1209527]
3106,327057,"[3280988, 625648]"
3107,327493,"[21432372, 8488204, 771204, 3302568]"
3108,328151,"[31932151, 2433893, 4628647]"
3109,328981,[16091323]
3110,329320,"[81039, 739891, 10877155, 141024]"
3111,329391,"[16043758, 20893389, 7269507, 9637907, 10694189, 1186103, 1264916, 3071808, 140098, 607559, 9633064, 9642271, 6313707, 7832174, 6369517, 13542994]"
3112,329782,[897461]
3113,329869,[125755]
3114,329957,"[535174, 823766, 13493042, 857695]"
3115,329985,[6505011]
3116,330393,"[1509992, 1055081, 880062, 21222820]"
3117,330649,"[3067189, 610370]"
3118,330853,"[249855, 463033, 7945295]"
3119,330967,[7737848]
3120,331143,[23719342]
3121,331596,"[22219679, 22219680]"
3122,331704,"[126437, 6375862, 8488204, 1448631, 3302568]"
3123,331805,"[6354623, 20886354]"
3124,332067,[613268]
3125,332185,[756109]
3126,332359,[13545614]
3127,332423,[10103026]
3128,332731,"[641511, 17131604]"
3129,333247,"[615947, 615943, 615939]"
3130,333248,[615945]
3131,333832,[6057020]
3132,334261,[15832300]
3133,334443,"[2356304, 9549319, 8862170]"
3134,334465,[2483902]
3135,334840,"[13539198, 18182076, 10634443, 33415234, 9732734, 12990947, 21813327, 29246735, 8788555, 6400720, 17559420, 15795561, 12445309, 16084118, 8255965, 6790045, 13450678, 25273175]"
3136,335132,"[11196925, 13590724, 25118836]"
3137,335170,[11016554]
3138,335956,"[17971573, 9510104, 2336321, 621490, 15980677, 2340561]"
3139,336011,"[13367329, 18046744, 10535171]"
3140,336020,[7860794]
3141,336040,"[2855252, 621660]"
3142,336049,[833332]
3143,336058,"[621697, 20446802, 7150766, 13074442, 21857389, 5201659, 2310956, 8517235, 23529245, 17912981]"
3144,336767,"[267404, 8582311]"
3145,337207,"[9466032, 13623856, 1033662, 11492727, 6303533, 555500, 340108, 525752, 34262, 34263, 9531, 126018, 131161, 6609848, 13380221]"
3146,337831,"[723801, 624716, 18431725, 18368160, 1083382, 1721146, 6441527, 6441528]"
3147,338354,[1431689]
3148,338705,"[13579397, 6163754, 28954093, 32714267, 12377549, 24886019, 2412563, 15793149, 24327445, 17261183, 18961360, 18961361, 865698, 24885610, 8038401, 13129274, 8694389, 547448, 8474242, 202769, 13177385, 8144399, 4738393, 18490533, 11966692, 11968799, 13512785, 28114552, 13414149, 18231525, 626698, 7455727, 17694319, 12887497, 9191899, 9591398, 3973532, 20299673, 12510899, 13538708, 24044140, 8428157, 16104414, 16146055, 16128147, 11060998, 11926311, 17172391]"
3149,340054,"[9784940, 8626241, 17572806, 11253988, 12104857, 13226817]"
3150,341111,[237764]
3151,341189,"[631828, 81038]"
3152,341266,[1518666]
3153,341985,"[122999, 4895622]"
3154,341998,[1412852]
3155,342135,[23845952]
3156,342139,[23551456]
3157,343553,"[24397055, 138480, 20454626, 32971135]"
3158,344067,"[637926, 6783137, 2181092]"
3159,344160,[638157]
3160,344352,"[22837755, 638610, 639894, 2422033]"
3161,344400,[1190374]
3162,344618,"[5892240, 81516, 639197, 2419450, 7031841]"
3163,345026,"[18463179, 10857421, 23471830, 34497909, 499214, 17933330, 3302568]"
3164,345275,[4619331]
3165,345287,[1517507]
3166,345572,"[8918559, 1048623, 1270247, 12988074, 6369517]"
3167,345630,"[13062080, 6815247, 6600137, 8069535, 8428073, 26073154, 10603241, 10222479, 4070493, 7121691]"
3168,345739,"[6609694, 10471456]"
3169,345914,[642071]
3170,345967,[6254610]
3171,346387,[642956]
3172,346732,"[22889758, 13579397, 8523840, 1282266, 768889, 382450, 10572, 1187138, 147908, 17786279, 21528372, 11264999, 13253102, 10396652, 9669552, 1179967, 7416873, 2029361, 17910546, 385001, 11788809, 20519000, 13541592, 21528380, 2909017, 22740195, 20168816, 11539233, 147915, 13418380, 776212, 11674348, 17910665, 21531492, 8535693, 9814682, 11672184, 18885585, 822995, 822991, 822993, 13155987, 757041, 12355823, 3689171, 21528377, 13284272, 26114100, 417730, 8148717, 6041689, 985873, 985870, 23306321, 10902111, 13355451, 20518784, 11239977, 12090332, 12158272, 8997810, 18635622, 13501, 67948, 14553832, 12894834, 23627690, 13498, 12111823, 12844597, 12844598, 12344319, 77563, 7864452, 27060860, 20341887, 13167056, 8897134, 13275750, 13642239, 2264142, 769902, 984792, 257971, 13536515, 21528366, 7762777, 13600356, 13087982, 417729, 871657, 13253160, 7455727, 20133547, 13250774, 67954, 67955, 67956, 67957, 91973, 8168507, 7455201, 11735456, 10888677, 34896, 6714177, 13393471, 17345242, 13422727, 17288831, 62291, 13499, 13496, 13497, 13548763, 13284283, 77232, 12177850, 535758, 535757, 11734301, 147917, 18337259, 13227699, 13329738, 20873804, 15721980, 374855, 15849699, 12090218, 18517164, 6382055, 18266064, 18266060, 11041547, 13500203, 409207, 27917260, 17456972, 11788811, 15796714, 67961, 7841656, 3302568, 13337716, 13337715, 13097686, 10559622, 17702284, 13330785]"
3173,347316,[798518]
3174,347319,[16059382]
3175,347385,"[12797981, 7248435, 8976759, 6609758, 9872091, 8710747, 8525338, 6134776]"
3176,347427,[23551456]
3177,347821,[2246092]
3178,348401,[62005]
3179,348412,[647505]
3180,348878,"[5557651, 6439630, 2219694, 648514, 7907192, 15801243, 1013214, 1013210]"
3181,349153,[5170684]
3182,349203,[15842677]
3183,349456,[28765598]
3184,349971,"[1146475, 659399]"
3185,350325,[773622]
3186,350494,"[17286685, 13329252]"
3187,350507,[12799616]
3188,350677,[16205945]
3189,350820,"[43544, 219499]"
3190,351924,[23596]
3191,353030,[6261394]
3192,353528,"[2871256, 10857421, 7840832]"
3193,353585,[508517]
3194,353686,[1475239]
3195,353845,[510342]
3196,354307,[659399]
3197,354378,[9702148]
3198,354415,[6308590]
3199,354490,"[12392156, 21532075]"
3200,354773,[34021200]
3201,354970,[15810153]
3202,355173,[25909020]
3203,355175,"[17934459, 25332004, 21469064]"
3204,355223,"[6400017, 13373791, 6657006, 7701720]"
3205,355500,"[11958874, 8677266, 11080683, 7996687, 18492473]"
3206,356164,"[2443783, 8291272, 818867, 6544353]"
3207,357601,"[16054806, 13104964, 33123849, 15736998, 13148184, 16074352, 19549841, 16085457, 12394100]"
3208,358889,"[26367032, 23212705, 13493042, 1176248, 25996024]"
3209,359109,"[10508431, 20498467, 1210754, 3697927, 2208744, 25094569, 5933646, 2887647, 7151460, 22929540, 6443645, 669570, 15991959, 12873027, 17287093, 7199667, 13722506, 30038935, 25423972, 13538947]"
3210,359194,"[12759444, 7116458]"
3211,359431,[1135078]
3212,359532,[1654726]
3213,359573,"[11210965, 18693878]"
3214,359910,[1128579]
3215,360092,"[7269507, 28941103, 12858494, 9642271]"
3216,360114,[17902184]
3217,360591,[20929]
3218,360816,[1140635]
3219,361629,[1270247]
3220,361736,[1347061]
3221,361963,"[2153427, 5961418]"
3222,362098,"[138452, 1188297, 13572828, 6334780, 3430737, 2037808, 228063, 228064, 228065, 228066, 228067, 228069, 6236660, 2454990, 2454986, 11850266, 13580, 6460099, 1087154, 7982114, 13579, 13578, 13575, 13577, 13576, 13571, 13573, 3768830, 7970843, 5071490, 3430907, 2920825, 905756, 905757, 228062, 6613576, 13568, 13569]"
3223,362654,[13274737]
3224,362816,[123070]
3225,363048,[31014504]
3226,363050,[31014504]
3227,363090,[3944358]
3228,363130,"[20499240, 29737444, 9970042, 10381195, 16033551, 11709245, 9317452, 16173349, 17977507, 10381200, 25893837, 16114712, 10814687, 23387877, 33216616, 16080728, 20957152, 16110946, 25938442, 35463990, 8680418, 8680417, 16112191, 18210706, 21479290, 20893457, 10086357, 18274861, 34437157, 16078584, 21103678]"
3229,363780,"[429621, 7619397, 141745]"
3230,364069,[6395698]
3231,364195,"[23596, 120240]"
3232,365379,"[19548182, 18374994, 22313756]"
3233,365385,"[774368, 791872]"
3234,365496,"[682933, 17233496]"
3235,367043,"[740744, 903653, 1007276]"
3236,367994,"[33306227, 22557301, 19083257]"
3237,368349,[47580]
3238,368402,"[24217, 426792]"
3239,368978,[17261579]
3240,369374,[5886]
3241,370361,"[8621462, 29229799, 33651972, 26117652, 28055271, 28588061, 33266253, 10315284, 10694831, 10824346, 20893446, 22910900, 26890726, 23830990, 12998980, 18079623, 13638462, 15771083, 25770962, 24723317, 20697444, 25480342, 13047567, 20505830, 17262384, 15798673, 692755]"
3242,370507,[17312145]
3243,371202,"[13623767, 799072, 799073, 799075, 807968, 7397729]"
3244,371670,[11251546]
3245,371919,[1423073]
3246,372819,[510342]
3247,372976,[13329252]
3248,373569,[699857]
3249,373985,[4193454]
3250,374429,"[8572704, 6393119, 3303559, 7851761]"
3251,374504,"[13228487, 7052617, 28190254, 15818029, 15809617, 17675467, 23604435, 33198183, 16100976, 18527497, 18114583, 22323659, 872761, 16043638]"
3252,375060,[43780]
3253,375143,"[11350552, 13574102, 9618561, 4497978, 9868970, 11512712, 9598203, 8843801, 21412282, 16130200, 4701550, 6660747, 2679633, 11512713, 11512718, 18492314, 19548127, 29430690, 13057150, 6369517, 7715664]"
3254,375626,"[6512191, 21525757, 1388813, 17908520, 3373198, 12042279, 1928873, 6481245, 22008590, 7860794, 4769247, 17184930, 715791, 22992234, 641511, 7384801, 23348553, 704043, 11294214, 17131604, 8150317, 13642954]"
3255,375827,[13057774]
3256,375916,[46987]
3257,376166,"[11196925, 6539039, 21432372, 11251546, 8488204, 6726099]"
3258,376347,"[712052, 1821816, 1070555, 2430564]"
3259,377138,"[2225238, 1260933]"
3260,377312,"[28695374, 33540347, 29071035]"
3261,377417,"[13579397, 23551456, 847409, 28114552]"
3262,378702,"[1508685, 6505011]"
3263,379444,"[12779838, 7092395, 11451287, 7095692, 891044, 712216, 140098, 2258216, 6045974, 9640042]"
3264,380242,[2371491]
3265,380289,[1441266]
3266,380596,[13277796]
3267,380649,"[36321, 722667]"
3268,380770,"[13259855, 10869776, 3259001, 4955479, 18090081]"
3269,380896,[463033]
3270,381166,"[18090029, 13380221]"
3271,381629,[717201]
3272,382081,[717977]
3273,383019,[11646671]
3274,383583,[13492517]
3275,385327,[23012480]
3276,385574,"[295809, 225038, 312080, 312081, 312083]"
3277,385966,"[12849210, 18079612, 16101030]"
3278,386042,"[22840398, 11741831, 8428195]"
3279,386471,[10982560]
3280,386543,"[6981805, 32061282]"
3281,386853,"[17286880, 12971662]"
3282,386969,"[728047, 27406734]"
3283,387612,"[17452242, 7893824, 1251979, 10062696, 8420952, 23492495, 729578, 3391271]"
3284,387792,[21941910]
3285,389486,"[733952, 733949]"
3286,389599,[13547232]
3287,389683,[18594515]
3288,389792,[817019]
3289,389991,"[305666, 13660, 13664, 59919]"
3290,390481,[736350]
3291,391236,[2728900]
3292,391385,"[16059451, 1724365]"
3293,392174,[740030]
3294,392933,[6254610]
3295,393138,"[7904769, 1381691, 3056691, 3234424]"
3296,393249,"[13133307, 117991, 13412078, 1190811]"
3297,394904,[11699316]
3298,396497,"[17158920, 1961495, 2127283]"
3299,396931,"[19370974, 7304345, 17902184, 463033, 2865290, 9191899, 20299673, 8428157, 749827, 4717491]"
3300,397047,"[750129, 750134, 750130]"
3301,397100,[3290542]
3302,397577,[6659537]
3303,398110,"[6057020, 8697285]"
3304,400367,[22401556]
3305,400678,[24409126]
3306,401053,"[7765642, 10415671, 9729681, 7844725, 14802438]"
3307,401492,"[12377549, 2412563]"
3308,402430,[7172680]
3309,402804,[763539]
3310,403244,"[17261183, 18961361, 9591398, 12510899, 13538708]"
3311,403538,[13510106]
3312,403782,[10364849]
3313,404733,"[768287, 6892626, 6782653]"
3314,405199,"[10710459, 15803278]"
3315,405334,"[13273777, 1286971, 7640705, 478587]"
3316,406026,"[8320840, 63213, 200780, 160149, 305036, 32767, 11226926, 10675526, 93220, 59396, 68833, 5069522, 102575, 771204, 564318, 18143067]"
3317,406326,[13543159]
3318,406491,[6793385]
3319,407416,[17465447]
3320,408766,[22619514]
3321,408864,"[777423, 777422, 777421, 777420, 777425, 777424, 4923484, 808828, 1822316, 777418, 777419, 1359900]"
3322,409751,[363711]
3323,409775,[5790991]
3324,410348,[780917]
3325,410354,"[397400, 18194]"
3326,410598,"[2246092, 22181319, 9466840, 920795, 12344319, 8129662, 3369511]"
3327,410653,"[181087, 19312]"
3328,410680,[120240]
3329,410947,[17707758]
3330,410951,[13238691]
3331,410993,"[15765529, 7863163, 18492468, 9753303, 11547894]"
3332,411332,[1250770]
3333,411853,[2425696]
3334,411977,[770794]
3335,412273,[673252]
3336,412433,"[5778773, 10255198]"
3337,413367,[2038020]
3338,413379,[10886703]
3339,413510,[7508223]
3340,413783,"[944334, 16057372, 10146440, 16001277, 13519258, 12332845, 788572, 6978487]"
3341,413870,[27828948]
3342,414056,[17785880]
3343,414457,[9450406]
3344,414681,[23846071]
3345,415225,[6057020]
3346,415731,"[23197296, 4371533, 2144899, 18453119, 792775]"
3347,415934,"[991723, 991722, 991724, 793296, 793297]"
3348,415967,"[23783930, 10363749, 17328635, 6644109, 4028900, 11000229, 13508069, 7476122, 13560111, 8803932, 9678708, 793399, 4583888, 17788681, 8164526, 2855252, 2314315, 6315602, 11569419, 13451906, 10583175, 6449378, 6938348, 18246312, 7519646, 9734454, 28507371, 8487363, 6763961, 6134783, 10459088, 9642271, 15729751, 12096557, 7787487, 26514517, 11418574, 12529847, 13581370, 18350798]"
3349,416085,[158785]
3350,416511,[363416]
3351,417798,"[1814961, 7765054, 7987843, 7713851, 10714446, 3388855, 4916680, 2923570]"
3352,417937,[17572020]
3353,417954,[13513299]
3354,418403,"[2357073, 1818287]"
3355,418627,[6764254]
3356,418784,"[3244125, 6329354, 1486069]"
3357,418792,"[16248123, 18635036, 12969560]"
3358,421350,[805052]
3359,421434,"[21898304, 6870505, 2472565, 6412809, 28321038, 21991206, 7740061, 8583883, 6453321, 27015392, 25391348, 26138435, 18480414, 13552286, 13552281, 12427473, 5221577, 18487189, 18487186, 15826590, 24906795, 15942615, 10385629, 16118889, 14296667]"
3360,421667,[9680728]
3361,422207,[13590724]
3362,422436,[23551456]
3363,422441,[6254610]
3364,422445,"[987825, 140258]"
3365,423163,"[391931, 363431, 22291642, 299085, 1190374]"
3366,423578,[907581]
3367,426034,"[7163862, 28818906, 9519042]"
3368,426503,[145386]
3369,426504,[145386]
3370,426944,"[528021, 10571, 48044, 856030, 29124, 43545, 1396008, 6400069, 688770, 2116412, 6400079]"
3371,427315,"[6034660, 874977]"
3372,427430,"[18667875, 16101027, 25785660, 11344755]"
3373,427704,[33024]
3374,427753,[1507013]
3375,427839,"[12870151, 10791807, 12959176]"
3376,428566,"[10353049, 18089942, 10431447, 13623837]"
3377,428662,[13260544]
3378,429197,"[18769734, 8612889, 3839996, 823127]"
3379,429863,[4495772]
3380,430207,[9764206]
3381,430332,[10734298]
3382,430626,[680938]
3383,431012,[827373]
3384,431092,"[6764803, 3945300]"
3385,431149,[6313798]
3386,431316,[20530924]
3387,431771,[1018832]
3388,431825,"[2168861, 3474915, 6289922, 829421, 2325636, 9498555, 11782786]"
3389,432320,"[13133307, 866502, 117991, 13412078]"
3390,432899,[1012343]
3391,433174,"[70453, 70825]"
3392,433268,[8421720]
3393,433804,[920541]
3394,434904,[866502]
3395,434927,"[836593, 836592]"
3396,435026,[836924]
3397,435038,"[15985364, 6492676]"
3398,435114,"[3465309, 2654980, 5886162, 837197, 20752758, 8515996, 2971026, 6881498]"
3399,435891,[18090081]
3400,436308,"[13273777, 15700527, 18669180, 7457545, 6499670, 12349140, 13493042, 10364053]"
3401,436639,[125755]
3402,436788,"[6919827, 6528553]"
3403,437669,"[26582, 23591092, 2382052, 6412768, 3683]"
3404,439266,[27917260]
3405,439723,[816440]
3406,440271,[17290261]
3407,440975,"[13570764, 13590724, 21544276]"
3408,441126,"[6369113, 34733250, 18527495]"
3409,441180,"[11545694, 10635363, 20697444]"
3410,441453,"[6493405, 6493406]"
3411,441765,[847409]
3412,441793,[25423972]
3413,443218,[120240]
3414,443701,[25111061]
3415,443744,[7705587]
3416,443790,"[13493042, 858078]"
3417,443858,[1082721]
3418,445303,"[23561467, 27834845, 16082550, 16129491, 15846011, 18587384, 8918559, 17875524, 18006134, 23849140, 6453847, 17864395, 10747756, 6114921, 3244135, 27835882, 7170750, 60510, 7698740, 46202, 6382952, 17875517, 12858444, 18400712, 16130758, 7970273, 6796450, 13124584, 22929080, 30375956, 10445208, 17875505, 12027429, 237721, 16082686, 18755909, 8389870, 18400723, 3462638, 1192363, 1192365, 4916680, 25785366, 1966969, 6080889, 6726099, 6691056, 12541330, 3462639, 1265703, 6678398, 6351939]"
3419,445649,"[17612781, 7405143, 28571676, 15802896]"
3420,446965,[26892077]
3421,447325,[23316524]
3422,449135,"[870807, 15985344]"
3423,449217,"[17349030, 18171953]"
3424,449812,[25811]
3425,450828,[20706290]
3426,451384,[876315]
3427,452346,[7942042]
3428,452559,[9637907]
3429,452671,[2414516]
3430,454151,[23596]
3431,454616,[7945295]
3432,454670,[25938499]
3433,455071,[320700]
3434,455201,[2282320]
3435,456208,"[9536655, 12925333, 9397685, 6970490]"
3436,456850,[1003985]
3437,457300,"[18747824, 21488061, 7171453, 8537082, 10869776, 18002276, 17899321, 6691674, 944600]"
3438,458701,[1190374]
3439,459448,"[29737444, 7831435, 25893837, 33216616]"
3440,460693,[12425774]
3441,460870,"[13085609, 22460416, 26814043, 17572901, 898664, 9795166]"
3442,460917,"[235749, 575840]"
3443,461016,[22914]
3444,461046,[43780]
3445,461063,[899079]
3446,461520,[429142]
3447,463665,"[6163754, 9816552, 28588]"
3448,463849,"[905656, 10416381, 6580611, 7823570]"
3449,463850,"[905656, 10416381, 6580611, 7823570]"
3450,463875,"[905756, 905757]"
3451,463914,"[23398978, 16158511, 13159052]"
3452,465309,[13610688]
3453,465626,[3056460]
3454,465708,"[12658862, 6790955, 28188, 113264, 1378683, 1822612, 30835803, 3196364, 17336025]"
3455,466437,"[215463, 4224458]"
3456,466494,"[7876300, 11196925, 7860544, 6539039, 17864395, 15793066, 8038401, 17802439, 13590724, 911954, 13279700, 12801656, 25111052, 6505011, 21432372, 11251546, 28364013, 26241281, 10475929, 10575798, 28604328]"
3457,466971,"[912911, 7455727]"
3458,467065,[1790150]
3459,468149,[22864855]
3460,468200,"[7092396, 9654828]"
3461,468339,[6737172]
3462,468945,[13057436]
3463,469286,[754004]
3464,469607,[2083991]
3465,470025,[10778669]
3466,470176,"[25685479, 4042928, 1239219]"
3467,470453,[2498202]
3468,470587,"[921553, 6386479, 963346, 21432372]"
3469,470769,[838865]
3470,471620,[924046]
3471,471627,"[924073, 3457753]"
3472,472036,"[512447, 512444, 479658, 714568]"
3473,472395,"[10393851, 17902184]"
3474,472456,"[7327321, 925959]"
3475,472667,[33531]
3476,473481,"[25111061, 6740409, 9811795, 9816086, 13514292, 24973241]"
3477,474489,[7507901]
3478,474878,[303496]
3479,475166,"[5374, 28873]"
3480,477469,"[937122, 6339619, 9414140, 2225495, 3244140, 1088892, 7861871, 1820174]"
3481,477711,[9757234]
3482,478346,[15812147]
3483,478703,"[24774, 444318, 1006821]"
3484,478745,"[20736630, 334092, 55453]"
3485,479016,[43780]
3486,479779,"[9441425, 4328472, 7911377, 7864057, 943402, 17286698, 943361, 5181655, 6346305, 10819265, 25111052, 4907587]"
3487,480645,[8437722]
3488,481045,[1071955]
3489,481146,"[195931, 676737]"
3490,481586,[23277557]
3491,481782,[7508223]
3492,481829,[6528962]
3493,483588,[34324434]
3494,483704,[81038]
3495,483910,[954248]
3496,484018,[1182350]
3497,484109,"[7143047, 6505011, 11251546]"
3498,484480,[2310633]
3499,484534,"[27204179, 10752566, 17464884]"
3500,484627,"[10626634, 18889246]"
3501,485215,"[23596, 6254610]"
3502,485271,[7493593]
3503,485441,[9860784]
3504,485536,[15812147]
3505,485981,"[1190042, 2203819]"
3506,486627,[8697285]
3507,486777,"[1938303, 961743, 680906]"
3508,487578,[14350]
3509,488006,[30753517]
3510,489126,[17707758]
3511,489580,[9903358]
3512,490342,"[18143940, 1537678, 279969, 17864395, 47580, 12441448, 17802439, 7840832, 739891, 21432372, 11212021, 10877155, 141024, 24998915]"
3513,490602,[573205]
3514,491441,[10103026]
3515,491442,"[10376272, 973242]"
3516,491707,"[23573834, 9064128, 13228149]"
3517,492365,"[11018854, 15808503, 2944083, 19561918, 1723246, 18164326, 6150838, 13515151, 13542644, 975638]"
3518,493439,[978391]
3519,494654,"[15793077, 7912701, 2124830, 7235532, 6374361, 28478066, 12794078, 20562690, 19310143, 3067577, 830981, 12377857, 11826332]"
3520,494856,[981674]
3521,494916,[1180618]
3522,495248,"[7181829, 24220]"
3523,495656,[22879326]
3524,496121,[1355946]
3525,497291,"[6306686, 7306067, 1524269, 9715640, 987507, 987508]"
3526,497356,[5424730]
3527,497402,[510342]
3528,497467,"[28487279, 25414725]"
3529,497788,"[6658097, 7136020]"
3530,497865,"[20850731, 20489022, 18043337]"
3531,498072,"[6978770, 6951861, 15842705, 6295117, 6202342, 13329252, 7106736, 6419136, 7325963, 6404538, 25488996]"
3532,498980,"[11135458, 3919080, 9642279]"
3533,500666,[23285831]
3534,500718,[164695]
3535,502042,[6313798]
3536,503641,[229724]
3537,504038,"[18525706, 15513156, 13573520, 23245593, 27414431, 16059484, 18525702, 33158530, 12425532, 16082541]"
3538,504274,[6632182]
3539,504484,[2354522]
3540,504535,"[352299, 352298, 47315]"
3541,504876,[700620]
3542,505236,"[857920, 137896, 138516, 953260]"
3543,505695,"[3392898, 6282066, 9848566, 30460927, 13257978, 6081980, 18209370, 25817037, 1661390, 17190364, 32971135]"
3544,505828,[847409]
3545,506641,"[23137382, 25558821, 30272307]"
3546,506873,[274868]
3547,507494,[1012301]
3548,507943,"[9636777, 9636778, 1111086, 10884655, 1013389, 2006757, 2006756]"
3549,508622,[140006]
3550,508808,[81042]
3551,509706,[8495686]
3552,510191,"[17131858, 2412563, 16223857, 13057774]"
3553,510877,[6599344]
3554,510991,"[13033947, 10194775, 17452242, 9359808]"
3555,511447,[7008345]
3556,511697,[710830]
3557,511951,"[530190, 1137327, 2266021, 332572, 3090465, 1792183, 17156415]"
3558,512885,[6254610]
3559,513709,[371638]
3560,513829,"[11178774, 11801971]"
3561,514408,[6453240]
3562,515027,[9688895]
3563,515686,[1033528]
3564,515691,[6392859]
3565,516466,[1035647]
3566,516467,[1035647]
3567,518983,"[7455727, 11060998]"
3568,519134,[20617773]
3569,519824,"[13414964, 7787487]"
3570,520196,[10492632]
3571,521640,"[16178575, 18184424, 23419133, 3247292]"
3572,521676,[1893392]
3573,521916,"[6147279, 4916680]"
3574,524200,"[18655944, 991909]"
3575,524582,[8136796]
3576,524634,[37684]
3577,526142,"[12663557, 12279287, 8789438]"
3578,526807,"[161657, 161653, 24727103, 11735733]"
3579,528122,[1559895]
3580,528191,"[6093294, 8530685, 820602]"
3581,529597,[13177385]
3582,534366,[6720404]
3583,535433,[7945295]
3584,535923,"[15954713, 17864649]"
3585,540202,[924762]
3586,540845,"[11017767, 26869951, 1579790]"
3587,541552,[6505011]
3588,542967,"[10836484, 23582973, 18621200]"
3589,543080,"[20454095, 7939759, 25746696]"
3590,543233,"[15840662, 17881333]"
3591,543323,[3056460]
3592,543507,[6395698]
3593,543628,[164695]
3594,544208,"[30203, 30205]"
3595,544860,[17802439]
3596,545315,"[8084361, 11424566, 17999885]"
3597,546427,"[1107632, 7171748, 12189496, 6977329, 9191899, 23719342]"
3598,546590,"[299069, 56886, 31486, 366977, 764167, 31481, 31482, 31484, 251862, 662162, 246262, 190388, 2069495, 229489]"
3599,546979,[1108884]
3600,547911,[17910665]
3601,548923,[125755]
3602,550367,[1116627]
3603,550450,"[1468912, 26064257]"
3604,550770,[81021]
3605,551095,[315736]
3606,551119,"[18665033, 27828948, 1146613]"
3607,551497,[23165218]
3608,552338,"[1190638, 1121717]"
3609,552457,"[1122023, 1599302, 7511118, 2435853, 6052249]"
3610,552627,[102575]
3611,552801,[8998906]
3612,552958,[1401766]
3613,554339,[30282611]
3614,554463,[29203449]
3615,555804,[1382251]
3616,555805,[1382251]
3617,556794,[11210965]
3618,559290,[1139389]
3619,560012,"[12154335, 2412563, 15700338, 18232117]"
3620,560014,"[20929, 2412563]"
3621,560396,[17464806]
3622,560412,[16091323]
3623,560990,[1143957]
3624,563121,"[13133307, 117991, 13412078]"
3625,563656,[100448]
3626,564425,[11640897]
3627,564470,[2301796]
3628,565343,[23471830]
3629,565747,[1156053]
3630,565825,[30145678]
3631,566314,[1157539]
3632,566874,"[5126859, 8173813, 21853633, 8517332, 4325405, 2599655, 1158967, 2529838, 8720079, 2599651, 2599653, 9817672, 7084062, 7986482]"
3633,567138,[2314165]
3634,567167,"[3860528, 21532109, 1841361, 1159679, 2287499, 2365897, 2790537]"
3635,567407,[2174950]
3636,568299,"[14487684, 17591757]"
3637,568312,[20078]
3638,568632,[29507621]
3639,569383,[1622]
3640,570317,[157799]
3641,570548,[1508685]
3642,570657,"[13648596, 23471994]"
3643,571556,"[212682, 212671, 212672, 573918]"
3644,571819,"[7113, 2731336, 764840, 6285236, 428050, 105660, 11311, 3350218, 870667]"
3645,572256,[11210965]
3646,572738,"[12377549, 9727730, 12253064, 9280057, 6505011, 17156415, 18309415, 27917260]"
3647,573749,"[11469563, 6460716]"
3648,573850,"[4045691, 1175893, 1338404, 2871839, 7327214, 11199165, 15986068, 6113686]"
3649,575027,[10475929]
3650,576681,[421905]
3651,579130,"[7981, 8001]"
3652,579648,"[2909017, 11674348, 13155987, 8148717, 12090332, 12158272, 8897134, 13250774, 13393471, 13499, 12090218, 13500203]"
3653,579649,[4700482]
3654,579919,[13624772]
3655,580090,[12672567]
3656,580315,"[9439989, 11478407, 11478401, 11478390, 11557982, 13260130, 1192756, 11478192, 17571671, 15714133, 16130371, 20695547, 27406805, 18745163, 25814230, 6611038, 13008049, 25923471, 7614747, 10421530, 11478167, 10315802, 10376272, 11478428, 14058669, 1334860, 12862108, 8675994, 23492543, 18775141, 1474608, 13130275, 6933152, 24402674, 13361336, 22715908, 16130369, 18051965]"
3657,581186,"[1195044, 1980737]"
3658,581549,"[12700342, 18291661]"
3659,581557,[16275771]
3660,582735,[938425]
3661,583113,[4495772]
3662,583990,[18044380]
3663,584190,[23471830]
3664,584482,[31159611]
3665,584737,[284056]
3666,584827,[6721385]
3667,585244,"[2951911, 9583247]"
3668,585301,[27828948]
3669,586023,[209594]
3670,586284,"[6093294, 820602]"
3671,587983,"[6945369, 7682233]"
3672,588246,"[7081571, 16130130, 5769675]"
3673,588329,[13418583]
3674,588356,"[7767021, 9844075, 16064625, 16248247, 16248246, 17864397, 23281789, 13129274, 18753656, 20642659, 32968540, 7507944, 847409, 17572020, 20299673, 1212627, 1257586, 3174695]"
3675,588558,[10790018]
3676,588743,"[12996931, 13389231, 13405671, 17793570]"
3677,589146,"[10954417, 15746892, 32971135]"
3678,590558,"[16101069, 10187639, 11797478, 18590476, 8608740, 9505528]"
3679,590743,"[12328193, 17316565, 29496376]"
3680,591108,"[6321854, 1128434, 2287468, 2892159]"
3681,594898,"[1228406, 12225714]"
3682,594942,[9798283]
3683,594951,[9917925]
3684,596345,[34219873]
3685,596797,[47530]
3686,599287,"[17902184, 11253020, 8305689]"
3687,599923,[866502]
3688,600309,[31836780]
3689,600374,[653242]
3690,601095,"[117684, 4617371]"
3691,601248,[47068]
3692,601937,[1245993]
3693,602320,[7193485]
3694,605373,"[24930, 24777]"
3695,606108,[1598309]
3696,607082,[258323]
3697,607528,[17910665]
3698,609973,[274948]
3699,610353,"[22693143, 6249762, 5498077, 6953778, 2257948]"
3700,611015,[249855]
3701,611149,[1268916]
3702,612167,"[27209443, 30955863]"
3703,612507,[25715016]
3704,613580,[24703]
3705,613663,[377291]
3706,613805,"[13526154, 6752764, 6186355, 6285099, 6465697, 16107369, 8348904]"
3707,613876,[25286]
3708,614479,"[1276886, 1387252]"
3709,614908,[22908506]
3710,617155,"[23137382, 25558821]"
3711,617200,[10187685]
3712,619712,"[1375896, 983203, 1375898, 17070125, 355917, 355916, 5040588, 7355137]"
3713,619755,[1290383]
3714,620946,"[20679844, 6383472]"
3715,621058,[2202052]
3716,621283,[1295004]
3717,623602,[100485]
3718,623693,"[22584190, 5427288, 47876]"
3719,624389,[12735319]
3720,625158,[11646671]
3721,627571,[1311496]
3722,629885,[282201]
3723,630285,"[6082128, 2507284, 1318894]"
3724,630482,[1319412]
3725,630572,[9688895]
3726,631503,[7508223]
3727,632028,[28110867]
3728,632423,[9734574]
3729,634912,[6369517]
3730,635107,[11926311]
3731,635444,[12644151]
3732,636934,[12854055]
3733,639491,"[23156342, 15810910, 19486440, 25845201, 18657632, 22504700, 24044140, 22817456, 17987501, 23346335]"
3734,640490,[10044191]
3735,641268,[771620]
3736,641508,[4135826]
3737,641791,[866502]
3738,642522,[13700671]
3739,643309,"[18482680, 18169826]"
3740,644349,"[6470065, 13167775, 1354323, 23168815, 17910103, 17452242, 29939179, 10942400, 8684873, 28220942, 6624577, 6327336, 16059433]"
3741,644355,[22065067]
3742,644567,[95913]
3743,645118,[13253994]
3744,645128,[92377]
3745,645812,[22609606]
3746,648360,[1071955]
3747,648612,[7781495]
3748,648748,"[7004479, 7880149]"
3749,648874,[6395698]
3750,648882,[1365739]
3751,650199,[6616833]
3752,650835,[6677204]
3753,651160,[40372]
3754,652133,"[9359810, 1374429]"
3755,652938,[2321974]
3756,653461,[9919843]
3757,653688,[12969596]
3758,654922,[33843449]
3759,654976,[24693021]
3760,655707,"[9273570, 17910665, 6590788, 7238403, 9917596]"
3761,655992,[20706651]
3762,656192,"[9678305, 847409]"
3763,656983,"[12973648, 5898, 77678, 2151356, 222909, 35736, 18510, 175203, 569465, 15923725, 15923724, 6495082, 289915, 289870, 15923738, 360973, 18217505, 16170191, 23591, 16692, 16694, 9683521, 13429654, 838626, 1081560, 9482762, 15241, 727800, 932782, 899781, 2194861, 2075778, 24400466, 7349, 16153575, 50001, 2969785, 659469, 16907, 13414569, 569712, 11870160, 340381, 42672, 222910, 7329, 111782, 11520555, 259055, 899773, 899777, 13356705, 13356707, 13356706, 827763, 437049, 2502066, 597790, 5907, 15298, 604516, 3306190, 67939, 66797, 727810, 32708664, 2287223, 2170094, 6637795, 706457, 227222, 227220, 18963, 601135, 49891, 205999, 23432822, 77683, 13729429, 1537134, 481774, 2333, 837611, 25897876, 23653, 74377, 15809993, 15923740, 15923742, 3263607, 5661151, 7337, 7332, 7331, 797113, 17464890, 526423, 12517169, 23613, 23617, 714059, 215342, 1490436, 1490430, 828398, 554286, 17163376, 5915, 5912, 630023, 7445179, 273438, 273437, 92005, 3306187, 18509, 222912, 497347, 1933444, 15268, 529015, 394406, 3048, 601134, 1642591, 2325009, 838640, 77673, 727798, 18977, 16075147, 16170202, 423092, 7346, 7347, 7348, 6318217, 1123741, 3875037, 15329, 4095589, 2330, 2151424, 23603, 70533, 899758, 899759, 6352248, 7779258, 1334340, 953403, 14635692, 828400, 828401, 20927204, 15923739, 92034, 1432618, 18512, 18513, 18511, 481779, 7339, 1362112, 18335700, 92637, 838638, 77685, 77684, 15351, 15350, 26098210, 33, 32, 31, 30, 35, 34, 28850, 13356708, 822613, 17261, 15331, 3772535, 907102, 1079424]"
3764,659178,"[1145427, 2933271]"
3765,660076,"[9513722, 6987482, 256598, 6240917, 13553258, 298568, 298567, 11875502, 1395209, 15818358, 6282143, 831979, 5163746, 7882883, 2899121]"
3766,660996,[10779905]
3767,661579,[1399268]
3768,662546,"[81042, 7304345]"
3769,662867,[7269507]
3770,663796,"[2689941, 798527]"
3771,664468,"[15988996, 8442016]"
3772,665641,[13832]
3773,667300,[13648038]
3774,668710,"[9466840, 2412563, 2412562, 1418830, 8038401, 14475669, 6726099, 6900573, 8386023]"
3775,669810,"[2168860, 2168861, 19486775, 5416415, 13125234, 9831807, 7790460, 25445352, 5604848, 13622919, 6871616, 6871617, 6244315, 16173427, 6547187, 16065507, 7954556, 1421990, 3570231, 10357792, 18052889, 16038676, 28077411, 4916680, 23586994, 7102544, 7039218]"
3776,670242,"[30166719, 8537227]"
3777,670244,[13561724]
3778,671901,[20935130]
3779,672375,"[920795, 1428609]"
3780,673750,"[1383797, 3597667]"
3781,674828,[27259205]
3782,675363,[1406197]
3783,678109,[232300]
3784,678844,[16041846]
3785,679023,[13590724]
3786,679077,[23659164]
3787,680177,[587293]
3788,680734,[25111061]
3789,680918,[11178367]
3790,682045,[18211208]
3791,682212,[13531026]
3792,683580,[1456604]
3793,683741,[1428609]
3794,683939,[6746912]
3795,684067,[13452531]
3796,684446,[23596]
3797,685776,"[1462020, 2169223, 23204200, 5628446, 9737151]"
3798,685911,[16129295]
3799,686024,[7882025]
3800,686961,[2282320]
3801,688417,[27828948]
3802,688826,"[8260631, 7099474]"
3803,690619,[10869776]
3804,692437,"[12385114, 9151103, 5014860, 1479413, 2951365, 2184632, 6979584]"
3805,692781,[20344711]
3806,692794,[713798]
3807,692829,"[31423605, 25898175]"
3808,693782,"[6403882, 1525091]"
3809,694013,[3463179]
3810,695783,[510342]
3811,696372,"[11825915, 8530440, 7778981, 1488204, 9922718, 19486754, 9666812, 13056511]"
3812,696805,"[8618596, 78753, 32831, 376976, 70825, 834333, 424975, 719180, 29601, 853631, 33507, 853629, 231784]"
3813,697300,[116349]
3814,697710,[4835871]
3815,698250,[120240]
3816,703055,[9274499]
3817,703538,[1505922]
3818,703660,[1506152]
3819,705059,[13562380]
3820,706288,[1612671]
3821,708105,[23596]
3822,708623,"[25111061, 22068123]"
3823,709302,[29241335]
3824,711535,[101701]
3825,711760,"[15799011, 1525768]"
3826,712655,[13273777]
3827,712759,"[7862148, 8681082]"
3828,713340,[2246092]
3829,713646,[9708888]
3830,715427,[27828948]
3831,715443,[23719427]
3832,715521,"[510342, 1535273, 11196925, 13227699]"
3833,716094,[23209942]
3834,716332,[110744]
3835,717304,"[12076991, 2529838, 7084062]"
3836,717781,[279969]
3837,718134,[377889]
3838,718924,[47530]
3839,721019,[668851]
3840,721481,"[13589141, 29496535, 6307037, 463078, 17859577, 13542374, 14002]"
3841,722157,[258108]
3842,723256,[317621]
3843,723397,[14002]
3844,723652,[2050179]
3845,723801,"[17131858, 290436, 290437, 6122181, 23245584, 140098, 7864452, 7292791, 12993852, 1192701, 9642271, 84156, 1773616]"
3846,724724,"[5322135, 6419511]"
3847,725899,"[147908, 2181371, 9669552, 20519000, 17910665, 18885585, 26114100, 984792, 67955, 7841656, 10559622, 17702284]"
3848,728092,[21487693]
3849,730649,[13657]
3850,731371,[22718732]
3851,732517,"[1381691, 3056691, 3234424]"
3852,732646,[2395279]
3853,732829,"[18143802, 975461, 865029, 741480, 741481, 741482, 6801586, 568592, 461658]"
3854,734521,[1598309]
3855,734522,[1598309]
3856,735413,"[15793066, 6425725, 13758481]"
3857,735531,[21432372]
3858,737432,[759893]
3859,737890,"[22545870, 10858437, 31411922, 25526440, 28451694]"
3860,738091,[242827]
3861,739875,"[21473811, 15989598]"
3862,740944,[13486177]
3863,741116,"[346282, 7455727]"
3864,743343,[1603393]
3865,745284,"[24926017, 23399232, 12972685]"
3866,746045,[7172680]
3867,746724,"[6447415, 10954417, 1611657, 22091081, 32971135]"
3868,748030,[485165]
3869,748566,[17707758]
3870,748787,"[16065811, 21847375, 13422774, 33455]"
3871,748899,"[18127, 655707, 848162]"
3872,750358,[15810153]
3873,752898,"[9099130, 6944583, 6019882, 6193612, 14296394, 2958524, 18509605, 6597635, 11058092, 2958520]"
3874,753097,"[9221733, 7106964]"
3875,753489,"[35321056, 13621610, 12417793, 11915069]"
3876,753573,[17707758]
3877,753611,[4020526]
3878,753637,"[23167722, 22091081, 32971135]"
3879,755980,[20508452]
3880,756556,[13586485]
3881,756625,[4389201]
3882,756861,"[8017244, 12759444, 1636228, 8782738]"
3883,757219,"[29632245, 24409126]"
3884,758992,"[7933894, 6171732, 8171984, 15747540]"
3885,760392,"[7489851, 11350263, 1644692, 16652752, 8393660, 16652775, 2080863, 1771764, 16165768, 16652754]"
3886,760553,"[17373764, 13374661]"
3887,762807,[739891]
3888,762973,"[1651392, 1692372]"
3889,763115,[18815399]
3890,765702,"[15806786, 17802439, 25118836, 25867895, 22238188, 6505011, 28364013, 7508223, 24998915, 7775973]"
3891,766447,[759893]
3892,767317,"[11938582, 9681214, 13515095, 10838776, 22929613, 12637490]"
3893,767547,"[9917879, 13406329, 18621651, 7124095, 17416057, 13146312, 3657138, 13533758, 10802178, 30312806, 17063691, 11291489, 17039870, 22546129, 13544456, 10640453, 6453293, 8543252, 7823635, 23497890]"
3894,767641,[362705]
3895,769868,"[3125137, 24999030]"
3896,773064,"[12377549, 2216132, 424609, 98042]"
3897,773420,"[5739760, 2871256, 10857421]"
3898,773815,[10810955]
3899,773948,[1677750]
3900,776435,[7786771]
3901,777375,"[8076919, 12933386, 3873345, 1685986]"
3902,777907,"[26113776, 8918559, 3196330, 1687350]"
3903,778182,[799793]
3904,778281,[11381030]
3905,778357,[22917]
3906,780075,[7091296]
3907,780120,"[18172465, 18004320, 27203016, 16248113, 22693149, 26050812, 31212082, 18089991, 17985187, 16145444, 32711417, 31450752]"
3908,781242,[13538849]
3909,781561,"[1122026, 9273570, 6590788, 26836052]"
3910,783456,[8488204]
3911,783760,"[3294485, 8105565]"
3912,784067,"[6523876, 6093019, 1997428]"
3913,784104,[847409]
3914,784176,"[1703097, 2321839]"
3915,784178,[32971135]
3916,785795,[9027853]
3917,786250,"[5997734, 1708122, 2979594]"
3918,787384,[31014644]
3919,787702,[12871690]
3920,788899,[24012054]
3921,790143,"[21870863, 18748012, 11550280, 24533763, 17911119]"
3922,790145,[6236809]
3923,790918,"[5648871, 7804173, 2330383]"
3924,791967,[32000]
3925,791968,[32000]
3926,793892,[12480602]
3927,794450,[12988047]
3928,794667,"[2349065, 12534860, 1729643, 4916680, 10181768]"
3929,795846,[23551456]
3930,796869,[16044997]
3931,798587,[22074449]
3932,799706,[2706235]
3933,799707,[2706235]
3934,800019,"[10345489, 7877549, 1743390]"
3935,800052,[17572020]
3936,800187,"[10662433, 20759749, 20743262]"
3937,800381,[24466609]
3938,801712,"[13584622, 11029744, 12711152]"
3939,803402,[20893608]
3940,803826,[18209322]
3941,803873,[6477531]
3942,803937,[2388005]
3943,804399,"[17888374, 11783484, 14759319, 25853049, 13033955]"
3944,805184,[12814612]
3945,806500,"[8660582, 11603886]"
3946,806782,"[510342, 26114130, 9637907, 847409, 3477242, 20299673]"
3947,809030,[18114114]
3948,809148,"[7172680, 15803176]"
3949,811234,[6254610]
3950,812657,[19121842]
3951,812957,"[6076675, 6441539]"
3952,813982,"[4748221, 17910074]"
3953,814354,"[1778691, 1778693, 1778692, 3101550]"
3954,815259,"[16280868, 16003526, 18158108, 13239822]"
3955,816070,[11382427]
3956,816280,[15847229]
3957,816347,[6746528]
3958,816561,"[20941198, 7975387]"
3959,816814,[100623]
3960,817578,"[9466840, 3369511]"
3961,817756,[20530924]
3962,817907,"[24690795, 20911450]"
3963,818916,[89128]
3964,819392,[1790150]
3965,820971,[12344319]
3966,820990,"[250296, 3369511]"
3967,821097,[20747269]
3968,821389,[1477274]
3969,821504,"[2269324, 2318136, 4953254, 1795542, 9672598, 7099468, 1975302]"
3970,821970,[785371]
3971,822831,[32938151]
3972,822927,[1799011]
3973,823146,"[5988375, 20783287, 7957420, 8918559, 6122181, 9510104, 4497883, 6924798, 6555008, 9879200, 1799478, 6004710, 13450454, 13092963, 6257487, 13167096, 11387447, 5989616, 6234910, 2642445, 7787487, 6369517, 1773616, 18114043]"
3974,823721,[444380]
3975,823902,[3291205]
3976,824163,[915664]
3977,824409,[17160209]
3978,825538,[7404415]
3979,825592,[21915526]
3980,826097,"[2487695, 2487696, 6916562, 3003617]"
3981,827236,"[5801741, 11594289, 7091470, 20652088, 9755855, 1809175, 18089921, 6940291]"
3982,828002,"[5578628, 2535732]"
3983,828855,"[8305308, 4497753]"
3984,829488,"[1814961, 2923570]"
3985,830098,"[16234269, 18008074, 15781726, 28561660, 25252994]"
3986,832426,[1986356]
3987,832609,[177928]
3988,833164,"[11210965, 3671826, 7269507, 23156342, 28941103, 6648578, 1823237, 12858494, 8429688]"
3989,833687,"[12988004, 3933510, 20707052, 17242445, 18774025, 15790869, 23612540, 1824432, 23153020, 25318858, 17899385]"
3990,835265,[9988362]
3991,835348,"[13508421, 19561925, 11726303, 6767883, 8918559, 23245593, 13421230, 25688995, 3588137, 6624379, 9215658, 8429461, 1828067, 15803278, 6369517]"
3992,836009,"[30283334, 9608252, 28954137, 23609445, 13540519, 24885851, 23567293, 6600732, 1829655, 9666870, 6382952, 20342504, 18246269, 6925666, 10866624, 16221851, 6594657, 18090081, 18309803, 15854146, 23598679, 17061490, 15801763, 11275518, 23395716, 31944679, 16303287, 6479419, 20697444, 10459088, 7787487, 12640578, 17162405, 13583766]"
3993,836953,[23212705]
3994,837219,[23310749]
3995,837792,[397756]
3996,843234,"[27220377, 15939894, 16102288, 13010571, 13547527]"
3997,845139,[8137232]
3998,846270,[23551456]
3999,847247,"[18570069, 10762643]"
4000,848968,"[16130371, 13414964, 6855471, 6056806, 2261459]"
4001,849723,"[11737387, 20821363, 15847972, 16072988, 13542616, 23236743, 12760503, 13512455, 13274082]"
4002,850475,[12384652]
4003,851632,[510342]
4004,851842,[26623240]
4005,852078,"[27872519, 11019938, 25545284, 10331050, 15738579, 17910665, 18885585, 17902184, 20525294, 9640626, 6540270, 15923036, 19486406, 15833153, 6048518, 15989120, 24453097, 22596109, 8107779, 12766833, 17702284]"
4006,854076,"[43544, 822912, 219499, 51495, 120240, 7505560, 232300, 746007, 3219391]"
4007,855385,"[314254, 169873]"
4008,856819,[1879966]
4009,859609,"[5739760, 2871256, 7840832]"
4010,860368,"[12970580, 1021837]"
4011,860538,"[10376272, 6395698]"
4012,863686,[15784860]
4013,865718,[17910665]
4014,866822,[12451711]
4015,874049,[1920642]
4016,874602,"[13579397, 29889256, 831874, 68034, 13642, 1173006, 530758, 530759, 7416873, 77289, 18423, 137664, 92623, 92625, 250260, 118017, 534595, 13591878, 13591879, 13356686, 68041, 29868611, 429983, 13647, 11736986, 6661321, 1170158, 14848979, 13435888, 831880, 118028, 305666, 13652, 13654, 13657, 13658, 13659, 13544424, 13601629, 59920, 59921, 13600356, 92610, 1154166, 92600, 92602, 11238484, 77139, 77138, 9922371, 819680, 979682, 13544455, 77232, 13661, 13660, 13662, 13664, 13667, 68021, 68020, 68022, 7850063, 13057774, 8735907, 1438315, 59919, 965878, 201889, 854854, 1942596, 776572, 13356675]"
4017,875054,[3678729]
4018,876105,"[16250637, 20893509, 13542868]"
4019,876216,[23282139]
4020,876401,[13131931]
4021,878623,"[13589141, 29496535, 17859577, 13542374]"
4022,880695,"[15990644, 275779, 567707, 1477274, 341272, 17136, 29981, 847048]"
4023,880946,[7821929]
4024,881203,[6254610]
4025,883425,[2801440]
4026,885302,[1947527]
4027,885393,[22041733]
4028,887961,"[6015060, 17822788]"
4029,888413,"[1955063, 6416698]"
4030,888893,[18052849]
4031,891354,"[29087788, 23250725]"
4032,891806,[847409]
4033,895750,[847409]
4034,897490,"[29496535, 13542374]"
4035,899110,[21560619]
4036,901057,[18478539]
4037,901360,[11210965]
4038,901999,[5280062]
4039,902398,[1986356]
4040,902641,"[10393851, 13057774]"
4041,903992,"[18635086, 22206715]"
4042,908571,[1999849]
4043,908868,[13579397]
4044,908931,[10348689]
4045,911081,"[7092508, 2959009]"
4046,913247,[853629]
4047,913887,[9622268]
4048,913909,"[6356170, 7212010, 2011175]"
4049,915053,"[20897351, 20578964]"
4050,916010,"[15709580, 12031673]"
4051,917335,[21984238]
4052,917546,[2019191]
4053,918877,"[9637907, 7455727]"
4054,918948,[186793]
4055,919024,[25316540]
4056,919348,"[29496535, 17452242, 13048895, 16368455, 17859577, 13542374, 12858494]"
4057,920372,[23387877]
4058,922699,[6746528]
4059,923789,[22611561]
4060,927454,"[5843145, 9536651]"
4061,930100,[21950253]
4062,940521,"[9027853, 8308455, 10508775, 15725160]"
4063,941329,[120240]
4064,941441,"[7436142, 2311681, 2311682, 9784709, 12024, 2124830, 2650712, 530190, 26860475, 8891899, 8008339, 15729350, 7937462, 26968129, 3358608, 1137327, 2266021, 3292087, 3411292, 7937675, 2933082, 871224, 41865, 557332, 49041, 6564342, 1035887, 2326730, 1162543, 1162544, 5986856, 3018469, 3609763, 4306973, 1656001, 762743, 4582108, 563012, 8076064, 8393531, 6419093, 14781453, 690926, 80246, 8726744, 2888213, 3345529, 6138606, 332572, 10230779, 3018470, 3090465, 6395937, 5999961, 9552082, 6573555, 2764437, 6762906, 2415887, 428263, 9552080, 1792183, 31706920, 2243541, 1035888, 1035886, 2411569, 17168416, 25861100, 5311113, 4687635, 7024635, 9552084, 6138594]"
4065,941567,[13287308]
4066,942248,"[5886011, 28100273, 3186057]"
4067,944594,"[2888973, 6383537, 2081569, 10381472, 7098861, 9686423, 8230578]"
4068,945430,"[34021200, 13455485, 28110852, 9464855, 20312461, 3369511]"
4069,946017,[28669109]
4070,946298,[17910665]
4071,946615,"[20941198, 7975387]"
4072,948181,"[16145361, 7094480, 28941103, 25111052, 10376185, 6500152]"
4073,948969,[28193]
4074,949947,[289453]
4075,950140,[2324416]
4076,950184,[6344286]
4077,951146,[23977361]
4078,952333,[279969]
4079,953273,[29862691]
4080,953371,"[2090640, 6937498, 23310670]"
4081,953453,[31944708]
4082,953612,"[9109813, 2873691, 2091315, 4787911, 16059323]"
4083,954100,[31014504]
4084,954360,"[10256914, 414895, 1650178]"
4085,955671,[1106633]
4086,958354,[17612202]
4087,963528,[13423867]
4088,963702,"[16122407, 18040325, 17567752]"
4089,963811,[1111756]
4090,965908,"[13644324, 13644322]"
4091,966321,[2989344]
4092,966332,[3546735]
4093,967474,"[222387, 7725104]"
4094,969638,"[10765906, 13182968, 17211803]"
4095,969639,"[23523012, 25474336]"
4096,970554,"[7507890, 7015223, 2133795, 17376583]"
4097,974022,"[2142543, 3858072]"
4098,974195,"[6358975, 17415094, 7619076, 10840557]"
4099,975643,[27245604]
4100,976233,[13491156]
4101,976311,[29909523]
4102,978803,[13585576]
4103,981069,[8643438]
4104,982805,[6135854]
4105,988508,[8320534]
4106,989897,"[22443909, 29785301, 22504680]"
4107,989968,"[57041, 57040, 57042, 834538, 7416873, 57084, 57080, 57017, 57013, 57096, 57101, 834518, 57124, 18155, 27917260, 57081, 7022843, 57064]"
4108,990626,[8470998]
4109,992207,"[17286947, 13538868]"
4110,992286,[13329252]
4111,993682,[7093919]
4112,995080,[273437]
4113,995186,[2196178]
4114,995289,"[13611136, 18910286, 28165791]"
4115,996279,[17707758]
4116,997755,[291249]
4117,999289,"[27220377, 15939894, 16102288, 13010571, 13547527]"
4118,1000381,"[13085609, 22460416, 26814043, 17572901, 15808770, 2210151, 9795166, 8058609, 9694311, 15810153, 13275818, 13480291]"
4119,1000848,[25423972]
4120,1001422,[6369517]
4121,1001882,[8697285]
4122,1002902,[7708384]
4123,1003655,"[645954, 11212021, 9222475, 15810153]"
4124,1004238,"[25111061, 18521091, 16148986, 21534901, 13435619, 25338012, 29556849, 17697186]"
4125,1004753,[3079691]
4126,1005381,"[16071827, 6002391]"
4127,1005935,"[12087573, 12080400]"
4128,1005984,"[7095690, 9645351, 2224451, 2363092, 13542761, 10395576, 9407534, 12373428, 6304332, 3713102, 11215260, 6369517]"
4129,1006075,[4836041]
4130,1007623,[1054357]
4131,1008054,[11282970]
4132,1010796,"[22313641, 26073068]"
4133,1011572,"[18222556, 25152641]"
4134,1011829,[2412563]
4135,1012225,[29337291]
4136,1012738,[6715729]
4137,1013883,[3570231]
4138,1014253,"[12377549, 2412563, 17452242, 17902184, 23156342, 16368455, 25104412, 23719342]"
4139,1014364,[9896523]
4140,1014374,"[20949528, 18371373, 29895188, 26236877, 22891407]"
4141,1015012,"[2248164, 5505328]"
4142,1018954,[7793985]
4143,1019497,[16241391]
4144,1020603,"[10857421, 7840832]"
4145,1021129,[8110348]
4146,1022231,[17707758]
4147,1022975,[1851937]
4148,1023510,"[529612, 1918062, 68418, 566752, 6291, 239066, 66678, 66676, 66675, 28814883, 274397, 25893659, 62479, 280125, 222338, 62482, 62485, 66683, 15797384, 291551, 2725419, 291513, 6106714, 22908506, 3101640, 116378, 16142151, 228647, 2215406, 239069, 111023, 13854, 7879891, 18815399, 7206935, 362055, 317547, 66692, 66693, 66694, 66695, 23883752, 50027, 171471, 239105, 66677, 227454, 8857585, 13227445, 10299110, 6084409, 831329, 529582, 400688, 68396, 22747919, 15832300, 239109, 239107, 239103, 239102, 18050140]"
4149,1024403,"[2272515, 5941431]"
4150,1025280,"[12357615, 13031257, 15723550, 12478507, 2124206, 20703287, 29235197, 9741685, 5171018, 2274683]"
4151,1025498,"[9647909, 7393372, 13280098]"
4152,1029349,"[9415964, 9999813]"
4153,1030094,[24612558]
4154,1030664,"[20564056, 17972727, 20556236, 25678343, 15813209]"
4155,1031911,"[279969, 2292060]"
4156,1034277,[33484]
4157,1034567,"[16145361, 18248512]"
4158,1035116,"[12759444, 2300898]"
4159,1035609,"[6439449, 2302159]"
4160,1035739,"[8905731, 2302537]"
4161,1036736,"[279679, 279673, 279672, 279671, 279670, 279669, 363404, 125344, 363350, 279668, 279664, 279665, 279666]"
4162,1036924,"[9750872, 2305862, 7116549, 5886131]"
4163,1036925,"[9750872, 2305862, 7116549, 5886131]"
4164,1036943,[2697119]
4165,1040132,[21544670]
4166,1040250,"[1542837, 674749, 1128164, 264001]"
4167,1041777,"[1344000, 5321699, 13737, 6648595]"
4168,1042536,"[2319381, 920795, 17910133, 4723066, 8198773, 13539175]"
4169,1044772,[2325248]
4170,1044773,[2325248]
4171,1045593,"[12084655, 6140185, 7243411, 8086283, 6610489, 7352840, 9450406, 2327608, 8786358, 6557156, 6261189, 17926437, 6369517]"
4172,1046722,"[7790460, 6257484, 2330222]"
4173,1046844,[708549]
4174,1047356,"[2332145, 7860794, 16090084, 2332157, 2332154]"
4175,1048131,[510342]
4176,1048145,[15713714]
4177,1048153,"[27158853, 13590724, 25819511, 33517574]"
4178,1048167,[7533903]
4179,1049315,[10798398]
4180,1051591,"[27015385, 6453405, 5927462, 6966045, 6710476, 17296689, 2342943, 10429067, 12025637, 10783905, 23314948, 13019704, 9471670]"
4181,1054427,[10044191]
4182,1054428,"[10044191, 7771450]"
4183,1054429,[10044191]
4184,1055343,[17876228]
4185,1058268,"[27068671, 29921910]"
4186,1058653,"[8918559, 10376272, 2693142]"
4187,1058964,[32332687]
4188,1061934,[2371491]
4189,1064072,"[23719342, 24044140, 7850063]"
4190,1065493,"[13062413, 17343101, 15819599]"
4191,1067243,[17333287]
4192,1067608,"[258336, 258335, 126437, 6375862, 9727730, 7416873, 16248247, 16248246, 29127, 2394187, 16145361, 22701387, 3465594, 7304345, 6661321, 76718, 13129274, 7143047, 9816552, 11938, 11935, 11933, 11932, 491075, 30316199, 4738393, 13262782, 7337, 8890606, 556610, 33838972, 29771527, 7455727, 98042, 92740, 26196475, 13124003, 917220, 474750, 6714177, 2033584, 474740, 10575798, 2387722, 7850063, 8879516, 119086, 1448631, 7841656, 474752]"
4193,1067630,[12971670]
4194,1067844,[847409]
4195,1069006,"[1004234, 587315, 587316, 587317, 93003, 317518, 497114, 616966, 485873, 65633, 65636, 102549, 541923, 636650, 101701, 836888, 30628, 11127, 11129, 28868, 6753727, 100933, 6314295, 638254, 10564165, 638211, 55792, 17343, 485867, 739447, 479798, 13644064, 140217, 140212, 102554, 102550, 170604, 170605, 170608, 170609, 65605, 612460, 177112, 1797057, 121749, 8251040, 49314, 8597727, 509797, 101711, 1237435, 1045154, 980884, 11134, 467157, 317500, 317501, 1045145, 556570, 65610, 317519, 2653173, 1551102, 156766, 56400, 3093361, 25350, 100915, 1116497, 822603, 585667, 838844, 18716966, 3717544, 53367, 838791, 17267, 2357378, 206961, 1243009, 859561, 7687657, 84367, 84119, 481509, 896889, 65640, 65641, 65645, 317517, 29806, 1045090, 101672, 37685, 37684, 37686, 1387600, 836898, 11136, 121763, 979598, 979597, 100924]"
4196,1071572,"[13589141, 29496535, 17859577, 13542374]"
4197,1072805,[363416]
4198,1073598,"[5864527, 2404597]"
4199,1074989,"[18475593, 10893214, 28259112, 13260524, 13129136]"
4200,1076161,[29773163]
4201,1077326,"[330786, 330785, 29241319, 424019, 22037456, 333664, 4979435, 17347379, 18193751, 943253, 289011, 954838, 27865615, 1668764, 30229062, 34964436, 32196125, 7979788, 6398824, 22842001, 1294624, 742576, 34089632, 1317181, 5996791, 818056, 16177185, 8816415, 24612590, 1167876, 31304766, 22841994, 27876170, 848654, 1132457, 21523103, 22841998, 41899, 155104, 121121, 6351469, 18457987, 8786481, 297566, 22037483, 444327, 43509, 18193743, 18193741, 862041, 480478, 17347383, 17347382, 17347380, 331562, 28267725, 17347381, 41905, 532837, 12280320, 7955580, 1, 99298, 3950967, 72192, 820344, 110932, 22037377, 18271937, 464164, 50968, 29238041, 28963439, 16122215, 620125, 49771, 22844208, 22844202, 7, 1067950, 820343, 545121, 671727, 24612567, 912224, 77522, 77523, 7979789, 4, 29069989, 1522943, 478918, 31836443, 2005, 93124, 1138943, 840699, 2337379, 713214, 202588, 100437, 31501375, 49852, 6314759, 18296481, 29452280, 33540650, 224912, 862631, 27876118, 35704107, 862712, 862714, 862267, 532846, 858352, 24548235, 3102821, 28550610, 3940508, 4255, 27876157, 4020390, 3, 111450, 910102, 2132220, 864890, 136251, 333676, 72193, 7955579, 2352137, 1522942, 219069, 16122245, 15881, 478123, 27876188, 17347384, 793401, 31213698, 506583, 910143, 24490481, 31693618, 822147, 1045206, 22037439, 821787, 17372039, 295956, 2002, 2239941, 35604481, 18245256, 110931, 110933, 49130, 27876137, 22037471, 13646978, 1303749, 71643, 2, 8723736, 214573, 29056083, 2362764, 615203, 615204, 615207, 861388, 818068, 31702362, 16122237, 31361778, 22844191, 22844196, 6, 30652372, 15769460, 10, 8, 1885731]"
4202,1077918,[13048895]
4203,1079136,[7411232]
4204,1079183,[10393851]
4205,1079451,[4020390]
4206,1080585,"[20564828, 16065783, 12947735, 6244315, 6967958, 6973574, 8500408, 6289935, 5040403]"
4207,1082411,[32938151]
4208,1085216,[7736665]
4209,1086430,[2439336]
4210,1086478,"[5646082, 2887211, 1110224]"
4211,1088074,[13057774]
4212,1088740,[11060998]
4213,1091600,[1986356]
4214,1095066,[22929592]
4215,1095769,[25065179]
4216,1095924,[13832]
4217,1096399,[7456038]
4218,1098474,[65633]
4219,1099588,[750130]
4220,1100089,"[6185409, 2475768, 15829770, 13531506, 603515, 23288266]"
4221,1100211,[7023]
4222,1100593,"[6505695, 6276734, 3007704, 2477117]"
4223,1101077,[2752371]
4224,1103981,[3402344]
4225,1104332,[16255632]
4226,1105690,"[12377549, 6726099]"
4227,1106214,"[21853637, 23014879, 8694522, 17910080, 11860682, 17857398, 25584230, 15702859]"
4228,1107689,[11646671]
4229,1108681,[23443489]
4230,1109616,[13109354]
4231,1110642,[164695]
4232,1111303,[2505609]
4233,1111511,"[18209531, 6976966, 2506250, 13232892]"
4234,1111602,[13143456]
4235,1112218,"[2508164, 5633958, 7146050, 17860324]"
4236,1112441,[591402]
4237,1112860,[10857421]
4238,1112988,"[6266686, 44328, 2865290, 40160]"
4239,1113469,[13514]
4240,1124030,"[15763671, 18213570]"
4241,1126499,[18624197]
4242,1127619,"[6178574, 12963116]"
4243,1131057,[18404312]
4244,1132755,"[9542082, 12971641]"
4245,1134021,[9915228]
4246,1136158,"[29213589, 16032275, 23700532, 13051355, 8643407, 2570856, 18775169, 25110977, 23643217, 9785225, 16368455, 25952316, 13422774, 10822283, 16130317, 7683254, 29430695, 13260260, 27276237, 32311055, 30282611, 25423972, 6007336]"
4247,1137883,"[7718666, 17286922]"
4248,1139420,[10857421]
4249,1139632,"[3922904, 10156063, 3246910]"
4250,1140298,"[10592898, 12850146, 10551037, 15821972, 12488998]"
4251,1140370,[25118836]
4252,1141052,"[2582799, 12046013, 7598522]"
4253,1141209,"[21525757, 16034227, 16034228, 12716317, 6464141, 13539458, 13513660, 13003421, 7308837, 31451014, 18169912, 16108867, 25663635, 17566623, 29875894, 22293525, 9970461, 23723790, 25101370, 16108870, 20640322, 8578385, 21917866, 23127782, 760263, 11454877, 7203230, 18404115, 6498925]"
4254,1141422,[6713614]
4255,1141756,[2584424]
4256,1141781,"[620486, 11196925, 770794, 6313798, 363026, 102575, 771204, 757479]"
4257,1142180,[7860544]
4258,1144378,"[7430840, 13148184, 7957117, 6869344, 18119448]"
4259,1145041,"[22130074, 21432372]"
4260,1147801,[31702733]
4261,1148126,[5941431]
4262,1149240,[924351]
4263,1149276,"[6099737, 2603681, 3308839, 4916680, 3308840]"
4264,1149905,[6460716]
4265,1152263,[13483233]
4266,1152342,"[2612238, 8088305]"
4267,1153072,[6515734]
4268,1155055,[2619996]
4269,1156431,"[267768, 13259034]"
4270,1156556,[11338679]
4271,1157440,"[25937835, 20708771, 34129063, 25074773, 29092951]"
4272,1159575,[47580]
4273,1159584,"[7740060, 7092308, 6011758, 6295148]"
4274,1161372,"[13579397, 6163754, 8121665, 15793066, 28114552, 13600356, 23719342, 13758481, 24044140, 3302568, 16108066]"
4275,1162045,[7171956]
4276,1163804,"[10857421, 7840832]"
4277,1164105,"[16240750, 12924426, 3247548]"
4278,1164465,[23245593]
4279,1166851,"[10810955, 13594541]"
4280,1167218,"[13589141, 17859577, 13542374]"
4281,1167639,[11459850]
4282,1168738,[10902616]
4283,1169391,[2658950]
4284,1169504,"[93101, 16054816, 86889, 12268679, 24216, 86890, 86895, 22914, 11020173, 13536811]"
4285,1171163,[8864550]
4286,1171746,[4904977]
4287,1177779,"[18756972, 9426662, 8530646, 6581334, 6110731, 11503082, 6781184]"
4288,1179548,"[363425, 2073629]"
4289,1179800,[47530]
4290,1180263,"[2689742, 9996331, 13416697, 3171884, 13545614, 15776953, 6018598]"
4291,1181278,[27828948]
4292,1182450,"[10393851, 397400, 81039, 371638, 10877155, 141024]"
4293,1182729,[2788968]
4294,1183314,[23551456]
4295,1183442,"[12087949, 15698800]"
4296,1184486,[323152]
4297,1186079,"[6285252, 4961959, 2637138]"
4298,1186731,[7991204]
4299,1188608,"[10321405, 5370708, 20949514]"
4300,1192311,"[5886744, 7739950, 6421588, 4028900, 6378458, 10120780, 10429017, 18246269, 12516676, 6619499, 17234664, 9874342, 5168977, 12015520, 2722413, 6609636, 12700790, 10459088, 3054684]"
4301,1194340,"[7552323, 25821750, 17586456, 15942633, 27969078, 7981382, 17382362, 9633281]"
4302,1194999,"[16145361, 15758323]"
4303,1197766,[5280062]
4304,1197847,[6376578]
4305,1201844,"[10301749, 3904885]"
4306,1202217,[12044078]
4307,1202850,"[3439778, 696820]"
4308,1204165,"[20551629, 12759444, 3876546]"
4309,1204167,[13648459]
4310,1206297,[132380]
4311,1207458,"[2412563, 15793149, 6968828, 8038401, 13414149, 21432372, 7455727, 8428157]"
4312,1211671,"[35385041, 28263394, 32729717, 32312194]"
4313,1212570,[3546735]
4314,1213825,[13141567]
4315,1214140,"[7933156, 12730666, 15798786, 18248513]"
4316,1217665,"[12024430, 13576613, 24905359, 10775707]"
4317,1219247,[2797251]
4318,1221310,[2998611]
4319,1221698,"[17218790, 9464129, 13634292, 29889256, 6163754, 18161930, 12067, 17131858, 597644, 806314, 30166675, 1001564, 92060, 3175530, 6267775, 81042, 983100, 47728, 29241350, 14498, 14497, 15806786, 16078220, 16078221, 126437, 16029965, 17758805, 27161228, 531127, 16248247, 16248246, 9799608, 2136943, 10393851, 5499874, 34097209, 133452, 22522808, 92065, 23628916, 2108198, 20168816, 13623987, 28916530, 47699, 17349203, 10434701, 373951, 15783514, 862815, 862814, 862816, 6771442, 7637398, 12970580, 6058533, 1116806, 249855, 28116133, 22337, 229318, 3168234, 23462649, 5072533, 6661321, 13144469, 11768366, 3936403, 23590526, 3328392, 17802439, 13590724, 3487420, 18194405, 13129274, 36321, 2978188, 223153, 3689171, 81039, 6639491, 16789, 16788, 6599565, 1358538, 6771443, 28960222, 31144269, 9816552, 983097, 2744, 16248073, 26795377, 16248319, 2213661, 18080771, 567724, 20493713, 33290550, 618181, 7505560, 1801997, 12344319, 21813338, 77563, 333867, 21816324, 13329252, 16793, 4738393, 125755, 17899264, 23347067, 13262782, 14686, 30653786, 30809689, 222063, 474059, 250296, 25646020, 594625, 4407, 47701, 16065736, 24331517, 17206921, 117684, 589836, 3629286, 2093969, 20530933, 2337263, 2337265, 582569, 104599, 104594, 386282, 28358030, 15713378, 18721778, 16790, 1309217, 35321056, 25841976, 1132283, 21432372, 597623, 6687858, 1154164, 3589590, 7455727, 13620781, 6340422, 17310066, 98042, 15739667, 9191899, 6365333, 11251546, 13418329, 23719342, 569978, 569979, 20764916, 18280911, 14501, 27828948, 1138121, 68005, 22565395, 24818693, 842927, 9820245, 499214, 371638, 818478, 474037, 8488204, 10877155, 177978, 20362706, 13621610, 10364053, 13119649, 17055, 1778908, 25863045, 18695294, 30988092, 4412, 2808945, 2808946, 12070, 18744618, 32605051, 7945295, 10866458, 20604399, 8428157, 20530924, 16109478, 7850063, 11698983, 13057774, 23301545, 7718597, 18505792, 1021837, 18635092, 12417793, 337130, 24068185, 349347, 20451982, 227409, 320700, 117693, 16078218, 1061252, 6687860, 92377, 760984, 12421152, 141024, 18691781, 2022976, 2819137, 18334401, 26699591, 18212439, 21920688, 23131075, 73574, 3326895, 24486629, 30531880, 833496, 31199023, 31199020, 7023148, 105732, 304217, 11915069, 1448631, 7841656, 3302568, 29437145, 81038, 7061309, 960658, 960659, 575754, 13101468, 30753517, 17327, 6578055, 6366271, 22500627, 474072, 474073, 17061, 17064, 128946]"
4320,1222197,[7091713]
4321,1222405,"[25952931, 30247933, 30124904]"
4322,1226866,"[6539039, 9908712]"
4323,1226977,"[13600356, 98042, 8649246, 12814594, 18596555, 20697444, 9307257]"
4324,1227240,[24998915]
4325,1227888,"[27812298, 15766187, 17304052]"
4326,1228468,"[28524669, 35273447, 35273455, 18281064, 33135740, 35273461, 29409499, 20940832, 8848401, 10154839, 28524677, 23010561, 23010560, 26248692]"
4327,1228621,"[13057047, 13617298, 10212067]"
4328,1231590,[81039]
4329,1233276,[6578055]
4330,1237874,[16039643]
4331,1238111,"[17756559, 20443235, 23245593, 20947360, 10356760, 27852434, 2850734, 21469136, 23276983, 25332062, 10813784, 25526307, 6457334, 29414614, 21469060, 18119448]"
4332,1239159,[7443986]
4333,1239645,"[8918559, 6382952, 2855252, 7860794, 10376272, 6395698, 4916680, 7787487, 6369517]"
4334,1241378,"[5739760, 2871256, 10857421, 7840832, 13537291]"
4335,1241978,[6534874]
4336,1245113,[13329252]
4337,1248068,"[6056287, 2878668, 18168636, 11262609, 6470958, 10072160]"
4338,1250101,[17902184]
4339,1251054,"[5646082, 2887211]"
4340,1251403,"[18774025, 15790869, 17899385]"
4341,1252977,[13552772]
4342,1257234,"[2903595, 7841432]"
4343,1257463,"[2904213, 4210483]"
4344,1258535,[23005844]
4345,1259281,[6345021]
4346,1259282,[6345021]
4347,1259835,"[11210965, 12970066, 4498953]"
4348,1264711,[31808202]
4349,1267027,"[6287972, 9629757, 4268272, 4268273]"
4350,1267442,[692227]
4351,1268198,[6539039]
4352,1271336,[23212705]
4353,1274141,[12797516]
4354,1275225,[2952941]
4355,1275451,[2828180]
4356,1276004,"[18114183, 9471065, 618250, 36157, 1445345, 36161, 36164, 36159, 33835, 3577266]"
4357,1276258,[18351890]
4358,1279194,[16140493]
4359,1279679,[13531806]
4360,1280953,[17889664]
4361,1282287,[7297559]
4362,1282301,[463078]
4363,1282611,[6460716]
4364,1284339,"[2980439, 5650600, 9640368]"
4365,1284806,[2981786]
4366,1286845,[2987912]
4367,1287267,[129313]
4368,1290033,[23529995]
4369,1290625,"[6744417, 9918128, 7095420, 10322714, 2998814, 10459088, 7159016, 17334497]"
4370,1291826,[24900469]
4371,1292475,"[10626639, 17219052]"
4372,1292596,"[20893389, 4278916, 6750765, 9450406, 4916989, 8077229]"
4373,1293688,"[643792, 585576, 951290]"
4374,1294984,[5968007]
4375,1297029,[3017234]
4376,1297569,[10264676]
4377,1298226,[12425703]
4378,1301649,"[185230, 2292175, 29939388, 16059444, 618230, 20518867, 13118885, 15793066, 18490587, 535525, 185251, 185253, 185197, 618243, 618245, 185200, 7966727, 185176, 28220807, 6407550, 3273884, 437638, 7199136, 17910122, 11045423, 22238209, 185224, 6661635, 15757055, 185192, 4643301, 8725186, 437639]"
4379,1302285,"[25778505, 16148435, 18104748, 18362237]"
4380,1304470,"[23519363, 22698037, 10459088, 21944884]"
4381,1304819,"[6336078, 9838286, 3040004]"
4382,1305376,"[7420106, 6590520]"
4383,1307342,[6659480]
4384,1307441,[12377549]
4385,1308530,[3051741]
4386,1310149,"[413963, 11779667, 51429, 413814, 3487348, 413896, 591821, 15808414, 1145177, 29953886, 6621880, 8326789]"
4387,1310735,"[3307144, 23496336, 7724257, 3354025, 10485751, 1584974, 1651313]"
4388,1311806,"[12304209, 3061457, 9631271]"
4389,1312605,[7507885]
4390,1312879,"[9248345, 6740756, 6543755, 8918559, 3798711, 18657327, 15841818, 7656228, 6353702, 3064985, 17332590]"
4391,1313234,[9688895]
4392,1313638,[5422179]
4393,1317270,[18143948]
4394,1323236,[3093686]
4395,1325446,"[6435253, 7979699, 16059310, 3531469]"
4396,1327642,[7403981]
4397,1330287,"[24885734, 3112824, 10634910, 6399294, 13149420, 6681614, 8068431, 8843789, 28954187, 3649147]"
4398,1330292,"[6068551, 9409458, 9273570, 12793778, 22545870, 6654313, 6528333, 18521091, 17378527, 9873630, 28284684, 16148986, 10121801, 10858437, 10858434, 29547960, 23299668, 10626594, 17371685, 28285588, 3112850, 23310214, 6590788, 21570389, 24612656, 21534901, 7238403, 18527507, 6409627, 11210739, 13449693, 15827344, 17370618, 22978079, 30025336, 17675462, 23506972, 7203676, 13435619, 8776757, 25338012, 15743650, 17347389, 18406862, 25016375, 9917596, 9718047, 9820781, 6076413, 13574710, 20257177, 7804119, 29556849, 18527509, 7787487, 13432327, 17697186, 17981391, 35693030, 17378508, 25394092]"
4399,1332605,"[3119223, 34624615, 6052600, 22633363, 32149236, 24326747, 10480102, 6659778, 16173083, 9657219, 26169429, 13093165, 25631442, 15757183, 17341365, 6769025, 6369517, 28808222]"
4400,1335180,"[14743698, 13485625]"
4401,1342997,[6395698]
4402,1343790,"[28954093, 7353243, 12427659, 32827398, 3191189, 17902184, 22404710, 22238192, 32842453, 9466865, 6661349, 17156415, 20344877]"
4403,1346062,[3157903]
4404,1346213,"[7242757, 7091426, 644197, 9861743]"
4405,1346588,"[2412563, 17902184, 1991184]"
4406,1346653,"[22618934, 10857421]"
4407,1346721,[6395698]
4408,1349820,"[22313181, 22466070]"
4409,1350949,[3171815]
4410,1351375,"[25489100, 22238689, 20697500]"
4411,1351500,"[15790898, 13701727]"
4412,1351982,[23551456]
4413,1353301,"[12255711, 7843987, 25814434, 13547208]"
4414,1354902,[66084]
4415,1356336,"[39307, 6163754, 38522, 84149, 7947591, 15793066, 10857421, 2240429, 8857109, 7840832, 2986876, 4457727, 39309, 39306, 39304, 39305, 39302, 39303, 6390428, 4457816, 37340, 538379, 538381, 9642271, 84156, 7102544]"
4416,1356509,[6632182]
4417,1356979,[18241263]
4418,1357326,"[262431, 9279710, 2984004]"
4419,1357414,"[9612470, 17620279, 18594622, 23403710, 9612485, 11773554, 17397922]"
4420,1359944,[22608767]
4421,1361508,[17069123]
4422,1362876,"[23168747, 8684418, 23156342, 25430202, 2316941, 15832300]"
4423,1363475,[8116377]
4424,1365342,"[10841290, 9675439, 13160289]"
4425,1365801,[28256493]
4426,1368122,"[18114350, 16101193, 12735457]"
4427,1368268,"[7047862, 394237]"
4428,1369219,"[29502645, 3223890, 15818470, 16219730, 25205326, 20102947, 6553209]"
4429,1370283,"[17570538, 9377301, 21858453, 3227063, 3754026, 16131107, 10494240, 21800397, 6122735, 29467232, 19161794, 4716065, 16131012, 7165300, 5667325, 13246018, 12499290, 3754016, 17785880]"
4430,1371163,[1190374]
4431,1372374,"[7711726, 17999163, 10825816]"
4432,1373880,"[5099602, 6250212, 6250211, 6250210, 6114777, 6001758, 6715729, 5099597, 11375108, 17623976, 7962513, 6471230, 6471231, 32991569, 13385877, 7822778, 12680907, 3236307, 6137154, 9277751]"
4433,1374091,[6399672]
4434,1375224,[8681082]
4435,1375697,"[3241366, 20929, 24453065, 16158553, 22859788, 6381988, 10558499, 11540658, 7109044, 20821206, 15814899, 12610321, 9645260, 5264557, 13542510, 8496907, 6369517, 7858184]"
4436,1378521,[12891034]
4437,1378543,"[2910, 13624]"
4438,1379540,[13594857]
4439,1380435,[5422304]
4440,1381825,[23471994]
4441,1383409,"[7995207, 13503090, 31450752]"
4442,1383797,"[10319157, 16172171, 7775742, 13380480, 3262139]"
4443,1387927,[192977]
4444,1388082,"[781989, 533052, 48318]"
4445,1388626,[6265977]
4446,1390474,[17910570]
4447,1390840,"[12332386, 18002394]"
4448,1391027,[30971733]
4449,1391220,[11938097]
4450,1391240,[20530924]
4451,1391437,"[3284192, 17290555, 7911670, 7739916]"
4452,1393696,[12585612]
4453,1393991,[22918]
4454,1394000,[11550021]
4455,1394555,"[7843285, 3292046, 8510492, 7989610, 1270247]"
4456,1394639,[3292280]
4457,1395810,"[9618561, 17731347, 12840440, 3295695, 3295696, 6288940, 7117197, 9636553, 23453137]"
4458,1396685,[18051912]
4459,1398410,[15812241]
4460,1400210,[1456034]
4461,1400540,[32600771]
4462,1402383,[18012679]
4463,1403046,[3546735]
4464,1405152,"[13630171, 6736971, 10395530, 9268487, 17316503, 3428935, 4635582, 22756712, 6927748, 4685971, 16096968, 9127479, 16163983, 17320105, 7721912, 23013884, 6993490, 15832300, 8518030, 24516043]"
4465,1407193,"[17703434, 17884103, 8377150, 7069161, 3328803, 7302399, 25739099]"
4466,1410339,[3337171]
4467,1411091,"[10954369, 6150473, 17333340, 6597080, 16102099, 569361, 7972098, 22609112, 6801652, 12993867, 1898916, 12839794, 15803925, 12566298, 9461971, 13035325, 263173, 8230409, 18129488, 11063646, 10954370, 4504345, 784222, 20897852, 15790920, 569120, 25670943, 11201951, 6405972, 6867952, 15803910, 19539095, 7326833, 13526176, 569346, 11343537, 12325117, 11041572, 9461965, 263145, 22553536, 13183547, 13183545, 24487011, 7620623, 9404151, 2324902, 569109, 12852746, 15800518, 14781513]"
4468,1411821,"[2368381, 409717, 11426110]"
4469,1415543,"[13540519, 18246269, 13533758, 11974142, 11974187, 3351354]"
4470,1417529,[881851]
4471,1418226,[22341278]
4472,1418697,[6362785]
4473,1419586,[17902184]
4474,1421475,[10473853]
4475,1423036,[7926912]
4476,1423732,"[3374819, 6303859, 6440512, 7823797]"
4477,1425239,[13554596]
4478,1425940,[3381197]
4479,1427650,"[7639087, 25902535, 6970361, 3386492, 12078803]"
4480,1428675,"[3389671, 6377326, 10025007, 6564075]"
4481,1429808,"[1250251, 153193, 24242488, 610762, 615919, 371698, 15788084, 20893389, 19916, 2344218, 2255114, 421129, 28186287, 514778, 6041009, 615947, 30282, 5465066, 394373, 615945, 615943, 615941, 615940, 574871, 20621650, 1343718, 7123581, 478657, 478658, 478659, 30279, 501433, 30199, 615939, 15985377, 12379559, 756410, 24867584, 6884614, 10557761, 501442, 285105, 9640363, 3166686, 20775055, 583924]"
4482,1431510,[6539039]
4483,1431671,[3389200]
4484,1434236,[3405958]
4485,1435731,"[16168821, 7739310]"
4486,1435883,"[6076675, 6441539]"
4487,1437209,[120240]
4488,1440114,"[7969760, 3422254, 16101015]"
4489,1440203,"[7432648, 6900601, 5863446, 16613978]"
4490,1441013,[33534890]
4491,1441593,[7860794]
4492,1441644,"[17465441, 9409362]"
4493,1441847,"[25785662, 13260586, 12541481, 23473284, 6545487, 10336420, 16071681, 7169238, 12394246]"
4494,1443712,"[3432478, 6595466, 6595465, 13540519, 6354496, 18039030, 7171748, 24819466, 20980662, 6468718, 13533758, 21813338, 12189496, 14811468, 6377579, 18090081, 17310066, 10459088, 7787487, 24611587, 6518042]"
4495,1445909,"[8945977, 3437310, 7684939, 6964765, 17562208, 6917081, 13511946, 20491017, 23524779, 9923824, 3437309, 6255895, 26863058]"
4496,1451404,"[13378876, 14759655]"
4497,1452086,[8470998]
4498,1454720,[6726099]
4499,1455233,[3456058]
4500,1460737,"[8038401, 7945295]"
4501,1463193,"[6062002, 9572054]"
4502,1463436,"[6703198, 9774362, 18722924, 3472820, 9536657, 7773320]"
4503,1468240,[6254610]
4504,1468622,[16145361]
4505,1472837,[17283434]
4506,1475374,[6406675]
4507,1486959,[11795956]
4508,1487748,[13540519]
4509,1488908,"[7108656, 5750628, 20613481, 28220832, 7675981, 23848134]"
4510,1495325,"[9807733, 6966881]"
4511,1499377,[8084228]
4512,1500144,[3546735]
4513,1508385,[3564414]
4514,1508570,"[6395698, 3564777]"
4515,1510073,[32856011]
4516,1510193,[69456]
4517,1520317,"[10508424, 7740216]"
4518,1520490,[25076719]
4519,1524842,[10393851]
4520,1530227,[25363511]
4521,1530555,"[7788549, 10353632, 3610689]"
4522,1530940,[15774609]
4523,1531483,[7508223]
4524,1532873,[13233397]
4525,1549088,"[15954541, 15954540, 15954549, 29213435, 16202167, 25169886, 18318664, 25271797, 29469165, 10781908, 26209488]"
4526,1550534,"[8038401, 12675334, 7236997, 9515638]"
4527,1553590,"[35264052, 20596632]"
4528,1555396,[7819820]
4529,1556719,"[22780816, 17571317]"
4530,1562881,"[3678443, 7315600, 16074215]"
4531,1562974,"[3678651, 7058022, 9004758, 16067444, 24612533, 12862611, 12862612]"
4532,1563059,"[13457458, 15710530, 25291997, 25293467, 21298206, 11098030, 15814893, 24674130]"
4533,1567394,"[2942523, 6633102, 304123, 311864, 11717826]"
4534,1569320,[3691870]
4535,1569666,"[16028045, 8664283, 9403048, 12670968]"
4536,1571733,[120240]
4537,1572776,[25111061]
4538,1573874,[3701237]
4539,1577311,"[9759508, 12489079]"
4540,1578313,[3689171]
4541,1583937,[153838]
4542,1584788,[9083745]
4543,1589549,[510342]
4544,1594651,[3744599]
4545,1598076,[18090081]
4546,1599723,"[23282679, 24336355, 17887631, 13533758, 20419044, 10423094, 7719324]"
4547,1606112,[3768860]
4548,1616154,[27833803]
4549,1624574,[6503780]
4550,1624847,"[1691409, 825334, 1061388, 340104]"
4551,1625305,[7933156]
4552,1628012,"[8662135, 19223830, 7179686, 3817859, 7005421, 13594857]"
4553,1628658,[3819453]
4554,1634882,[1270247]
4555,1635425,[12954989]
4556,1636014,[10066376]
4557,1637418,"[18295806, 18775220, 321353, 8531539, 1476344, 6888748, 25110905, 3840040, 14780684]"
4558,1638503,[30166719]
4559,1638953,"[3843654, 7948410, 31145057]"
4560,1641228,"[4807975, 17162397]"
4561,1641503,[16103129]
4562,1644193,[7841647]
4563,1651879,[3873328]
4564,1651952,"[10841336, 15793149, 13414149, 10553047, 9647782, 7135014, 6571771]"
4565,1653312,"[5537992, 3369511]"
4566,1657851,[8044074]
4567,1657883,"[30689357, 22889834, 16071377]"
4568,1665357,[6254610]
4569,1666468,"[16101025, 12849226]"
4570,1670340,"[7304345, 11212021]"
4571,1674725,[28571861]
4572,1674927,[7860544]
4573,1684296,[3949458]
4574,1691206,"[18782855, 6557805, 16113606, 9467196, 6487937, 11541470, 8608453, 21538215, 9972882, 16270004, 12926767, 3965854]"
4575,1708209,[15723139]
4576,1709139,[27161787]
4577,1713558,"[6766638, 6933096, 6933095, 4020601]"
4578,1715298,[22914]
4579,1716138,[30753517]
4580,1718040,"[6033372, 17707758, 7157044, 7797380]"
4581,1722834,"[7864147, 8597974]"
4582,1731936,[22543639]
4583,1732212,"[3230873, 5081991]"
4584,1732726,[23743745]
4585,1732747,[7012074]
4586,1733780,"[22609198, 11284808]"
4587,1746019,[17902184]
4588,1748829,[30753517]
4589,1753875,[463033]
4590,1754585,"[2639437, 4138306]"
4591,1757246,[4147055]
4592,1762294,"[17707758, 26883558, 20642659, 31147267]"
4593,1772224,[4192586]
4594,1779261,[7860794]
4595,1782121,[16130506]
4596,1783576,"[8032681, 8886737]"
4597,1784940,[12854055]
4598,1797360,[12971637]
4599,1802330,"[4286100, 13081309, 7757081, 6716319]"
4600,1809897,[20708772]
4601,1817728,[8484869]
4602,1818261,[9266804]
4603,1819311,[17864395]
4604,1827868,"[8665113, 7242100, 7877565, 17332228, 13560068]"
4605,1830665,[22908506]
4606,1830698,[7951497]
4607,1837593,[4389888]
4608,1847256,[13126214]
4609,1850446,[12711215]
4610,1855575,[6345021]
4611,1857564,"[12958037, 12958034, 20556439, 20556438, 6611024, 9657860, 15980677, 7697372, 33897662, 7941567, 9815702, 11455148, 7966006, 21415815, 4447622, 26878915, 12958049, 9581001, 11746102, 12958042, 7060582, 10421550, 6319978]"
4612,1864374,"[25533076, 26802679, 31560400]"
4613,1868743,"[4476999, 15802900, 7849352, 10789138, 6318223, 7841656, 10559622]"
4614,1870745,[93275]
4615,1871685,"[6641796, 2194051, 9573401, 1348468]"
4616,1874279,[4491658]
4617,1876620,[6325690]
4618,1879494,[23245593]
4619,1880316,"[4507203, 9689046, 7860794, 7095653, 6289933]"
4620,1884632,[2412563]
4621,1885084,[672875]
4622,1886686,[1112665]
4623,1887931,[252205]
4624,1890154,"[2412563, 12853150]"
4625,1892274,[229147]
4626,1902980,[651440]
4627,1909134,"[12722633, 12416944]"
4628,1915619,"[7860794, 4600167]"
4629,1916020,[101701]
4630,1916425,[15793066]
4631,1916427,"[6703145, 8512555, 15832300]"
4632,1917064,"[241060, 3369511, 176868]"
4633,1923475,"[7850899, 20708790, 6753329, 6730664, 4618801, 7302398]"
4634,1924157,[8038401]
4635,1928765,[28447390]
4636,1929531,[4633273]
4637,1938234,"[10094969, 13037566, 16130371, 18482271, 8850140, 15831653, 21089449, 6056520, 6809619, 6369517]"
4638,1938680,"[9111100, 6158099, 7242077]"
4639,1938864,[10740844]
4640,1945379,"[871, 10281904, 10248518, 6065429, 44734, 6506079, 26426, 26422, 7326879, 10182392, 11029854, 82637, 2855165, 1610998, 6408558, 868, 4341085, 869, 866, 23506, 9326, 9325, 8062063, 526672, 6956554]"
4641,1945504,[320700]
4642,1948907,"[7416872, 24866, 61939, 2747288, 614558, 20075, 9518461, 32332687, 7757584, 13099180]"
4643,1951011,"[13533668, 21030057, 34145337, 13583766]"
4644,1957584,"[4702664, 2412563, 25057705, 18490594, 22238140, 847409, 7198234, 23847929]"
4645,1957587,[2412563]
4646,1958136,"[18374572, 18176505, 4703905, 8273002, 16158488, 6289926, 11018862, 10552287]"
4647,1958588,"[15993695, 13486922]"
4648,1960761,[11594750]
4649,1965926,"[9743200, 6979061, 7508223]"
4650,1968553,"[20642659, 4728684]"
4651,1975671,"[16043745, 8551159, 7560658, 10551102, 15710593]"
4652,1977441,[4749700]
4653,1983147,[722192]
4654,1983563,[17707758]
4655,1988739,"[26114263, 31702797, 15793066, 13758481, 8168507]"
4656,1990801,[4781772]
4657,1992760,[1799011]
4658,1996169,[13048895]
4659,1996705,"[21063, 33484, 33482, 186182]"
4660,1998294,[4799482]
4661,2001324,"[203867, 64316, 204792]"
4662,2002988,"[12534310, 8077664, 12811730, 8942063, 7635629]"
4663,2005035,[3546735]
4664,2009613,[17354771]
4665,2012967,[377889]
4666,2013272,[6636890]
4667,2013872,[4837553]
4668,2018764,"[7620631, 7620598, 6406018, 7620611, 6690996, 7620605, 6448482]"
4669,2023476,"[6917434, 4862337, 7426970]"
4670,2031538,[15843158]
4671,2033695,[27426221]
4672,2045223,[5582295]
4673,2048710,[4927019]
4674,2050238,[2251777]
4675,2053448,"[10815662, 19351259]"
4676,2056014,[6687158]
4677,2059176,[12926807]
4678,2060858,"[29438610, 34935820, 25743790, 15999432, 18453118, 9571407, 23017818, 30197334, 32997948, 10880493, 25610486, 9571401, 20924711, 36281028, 29338223]"
4679,2063919,"[11100431, 17163514, 10790277, 12038533, 23156342, 12174312, 8697584, 32669692, 18052164, 4345290, 25430202, 24683898, 13556766, 12038526, 25656828, 32337902, 16373193, 6342483, 16043804, 10790290, 7815817, 20611669, 15832300, 32177852, 26863057, 26863024, 16110828]"
4680,2072970,[7953079]
4681,2073019,[241973]
4682,2074749,[22571737]
4683,2086916,"[6520659, 1691582, 7251081, 6414013, 7904769, 4477758, 6948437, 20706320, 8614812, 946836, 25205316]"
4684,2089928,"[7545000, 5037673, 6970707]"
4685,2091952,[29901992]
4686,2094451,[16153997]
4687,2095446,[7840832]
4688,2096360,"[6474771, 13540519, 18006642, 6677021, 9890841, 16248037, 6918909, 7760613, 5056084, 12846479, 12015268, 18635004, 6801582, 16101072]"
4689,2096447,[7839201]
4690,2096502,[9266779]
4691,2101598,[5071514]
4692,2101606,[12852746]
4693,2101660,[5071514]
4694,2103067,[23551456]
4695,2103666,"[2016005, 2935819, 6089604, 5929664, 22609309]"
4696,2104168,"[33024398, 22789111]"
4697,2115024,[552357]
4698,2115689,[18808068]
4699,2115739,[5111133]
4700,2119344,[7457545]
4701,2120001,"[7098974, 12733708, 9076848, 27507117, 6063110, 6707608]"
4702,2124253,[5134555]
4703,2124883,[5136179]
4704,2125760,"[5138488, 12377549, 6539039]"
4705,2127171,"[22404710, 3302568]"
4706,2129572,[285064]
4707,2129854,"[8393104, 13167096, 13259637, 5149517]"
4708,2134487,"[8355689, 7761369]"
4709,2146135,"[9817275, 22823730, 23340339, 18377559, 20957444, 6266006, 21691788]"
4710,2152471,[11884571]
4711,2161876,"[29623561, 5198413, 284440, 2039283]"
4712,2168689,"[12935433, 6503152, 6734395, 10665754, 8460077, 17888587, 5205697]"
4713,2172337,"[7824314, 28953200, 6609744, 14931151, 26869762, 25893822, 6726099, 8096189]"
4714,2184228,"[6591459, 8202714, 10573557, 13056723]"
4715,2186463,[8520684]
4716,2188726,[13540519]
4717,2195377,"[12510849, 17287106]"
4718,2219389,[216369]
4719,2232265,"[6892514, 7653352, 17168521, 6682769, 10808965, 6798947, 5271066, 7787487, 13594857]"
4720,2253157,[499214]
4721,2261547,"[15826934, 8475747, 22521588, 8475505, 13540519, 15818573, 25734163, 11629974, 25518205, 18246269, 8428064, 12168299, 5287473, 11454587, 7791582, 22465605, 8700723]"
4722,2264238,"[28691933, 30985898, 17166336, 7315439]"
4723,2272915,[20587108]
4724,2274221,"[13012603, 7912474]"
4725,2282707,"[5312125, 5312124, 5312123]"
4726,2283303,"[13579397, 11251546, 24044140, 11926311, 3302568]"
4727,2285270,[2316941]
4728,2286513,[5322151]
4729,2286514,"[1548482, 5322151]"
4730,2287512,[5323390]
4731,2300692,"[18480539, 21898414, 32470603, 34006759, 27969088, 23403654, 29155101, 25391400, 27015397, 26138446, 30612656, 24763130, 21898402]"
4732,2301413,[18529573]
4733,2303624,[28449252]
4734,2310121,"[13581917, 12157252, 10863079, 13139589, 14116167, 6350211, 11554317, 5364009, 9648068, 12295280, 16109210, 13597181]"
4735,2313312,"[17331295, 12812657, 10429025]"
4736,2321798,[5080018]
4737,2332319,[28957290]
4738,2339572,[5422179]
4739,2348022,[5432871]
4740,2348505,[7821929]
4741,2352998,[31014504]
4742,2354594,[30139736]
4743,2354819,[5453478]
4744,2372536,"[26342054, 5473470, 16074215]"
4745,2397976,"[6797476, 6408523]"
4746,2429189,[18046413]
4747,2437819,[7058934]
4748,2438979,[8038401]
4749,2438981,"[12377549, 9908712, 7304345]"
4750,2439908,[488581]
4751,2440736,"[7711726, 27828948]"
4752,2444658,"[13096218, 25111052, 18090081, 13167096, 7508223]"
4753,2465550,"[6986721, 110051, 6322122, 188275, 1607595, 584792, 3944732, 2977498, 15808851, 3087901, 6395698, 473923, 6616382, 4916680, 2345603, 437802, 15808475]"
4754,2466427,[15041918]
4755,2471183,"[7969452, 22095547, 5577995, 33843449, 31450752]"
4756,2472310,"[6713166, 6671933, 5578628, 2535732]"
4757,2477220,[5585181]
4758,2478261,[11222361]
4759,2478287,"[11114576, 5586134]"
4760,2485427,"[40379, 40378]"
4761,2498608,[7933156]
4762,2503028,"[10646544, 12098371, 13337255, 18755773, 13512929, 17571712, 8525631, 12702553, 25101899, 15783452, 12988478, 8182682, 19461610, 6329322, 17373966, 12299435, 5999242, 12702453, 22550398, 5618698, 16146282, 19166108]"
4763,2507196,[7991204]
4764,2507198,"[18751236, 17334481, 19832068, 13568619, 20697444]"
4765,2517464,[6942094]
4766,2517916,"[12285415, 10264090]"
4767,2525338,"[21025373, 18089930, 23377679]"
4768,2538559,[16129217]
4769,2541147,"[5801741, 7091470, 1809175]"
4770,2542414,[34524]
4771,2547175,[23212705]
4772,2548426,[5702282]
4773,2559520,"[28208687, 25364026, 25270656, 24590694, 23129410]"
4774,2567014,"[2266021, 3090465]"
4775,2577844,[120240]
4776,2580449,"[8890729, 12910751, 25521109, 18693868, 15769863, 22895268, 12089986, 10476501, 29906288]"
4777,2585828,[126348]
4778,2599416,"[5058029, 10812824, 7789830]"
4779,2602221,[5781321]
4780,2608381,"[5790991, 2424593]"
4781,2609438,[9688895]
4782,2616914,"[2638810, 2261213]"
4783,2620393,[6020071]
4784,2654606,"[20530499, 35479883]"
4785,2664913,[13624484]
4786,2667240,"[6355118, 3229372]"
4787,2669754,"[13269570, 23156342, 5863651, 7022843]"
4788,2676580,"[396239, 21061, 209215]"
4789,2677974,[13493304]
4790,2682658,"[23846037, 5877213]"
4791,2686362,[15591]
4792,2697291,"[10909677, 7821932, 10264676, 7646805, 9960624]"
4793,2699594,"[5895933, 22318573, 12680998, 13583766]"
4794,2714197,[6773540]
4795,2714501,"[13623856, 7737900, 13100315, 10425811]"
4796,2716954,"[12377549, 23282249]"
4797,2725468,"[6163754, 5937597, 16108066]"
4798,2725838,[17156415]
4799,2726692,[22917]
4800,2729427,"[2150466, 20621650, 10775135, 13635564, 9829422, 7823210, 17901077]"
4801,2731071,"[403355, 403277, 589898]"
4802,2731702,[9555442]
4803,2731809,"[9860847, 9860837, 23168806, 20518892]"
4804,2731828,[12377549]
4805,2733519,[9908712]
4806,2735290,[23168796]
4807,2735363,[337138]
4808,2736291,[6011268]
4809,2737333,"[8972234, 8973441]"
4810,2738043,"[17845816, 16074961, 10062358, 34264, 704731]"
4811,2738273,[6477991]
4812,2738410,[7123161]
4813,2738525,[6192961]
4814,2738857,"[8173813, 9817672]"
4815,2738900,"[10546, 13438677, 13455485, 18089991, 17985187, 18183598, 32711417]"
4816,2739592,[258108]
4817,2739688,[5978613]
4818,2739719,[24044140]
4819,2739770,[5978834]
4820,2740668,"[7967857, 13034956, 23629836, 9478193, 7167271, 8707774, 8872180, 22665330]"
4821,2740765,[5981496]
4822,2740918,[26532283]
4823,2741079,"[29909523, 25659647, 25065502, 23235530]"
4824,2741263,[17707758]
4825,2741432,"[13026356, 8603765, 24611587]"
4826,2741642,[17452242]
4827,2742182,"[22701387, 15793168, 8433024, 11071294]"
4828,2742416,[5985683]
4829,2742697,[7991204]
4830,2742715,[16075796]
4831,2742751,"[25814176, 1986356]"
4832,2742752,[1986356]
4833,2742900,[2292060]
4834,2743065,"[13634083, 11421556, 7767952]"
4835,2743261,[7092508]
4836,2743336,"[9831807, 13622919, 25999628, 18052889, 16038676]"
4837,2743539,[2120358]
4838,2743831,[24910026]
4839,2747350,[511390]
4840,2748537,"[11756650, 6002364, 8195316, 2744959]"
4841,2749342,"[6052140, 5080018]"
4842,2749820,[31546428]
4843,2750251,"[9848368, 23615679]"
4844,2751991,"[34871, 17881924]"
4845,2752146,[6012462]
4846,2752476,[6365102]
4847,2752627,[6137518]
4848,2753276,[27828948]
4849,2754199,"[6313326, 7896141]"
4850,2755160,"[10468701, 7827221, 10637748, 12631512, 18246269, 7202041, 8313727, 13260649, 12958103, 11838803, 8504669, 10459088, 6261522, 13547189]"
4851,2759153,[21463865]
4852,2759174,"[6193703, 6033247, 7508451]"
4853,2759175,"[6390162, 8547338, 25480329, 7189619, 6033249, 9645328]"
4854,2760464,[7721912]
4855,2760606,[389098]
4856,2761947,"[9525723, 13540519, 11985913, 9415956, 23299668, 18246269, 23310214, 9646374, 16039122, 6357708, 7539030, 13701720, 10459088, 6750586]"
4857,2762793,[6705489]
4858,2765438,"[15980677, 6051589]"
4859,2765617,[13154202]
4860,2765704,[7123161]
4861,2765760,"[23847967, 81042, 12015441, 18490629, 6528805]"
4862,2767108,"[6241599, 52628]"
4863,2768002,"[13129274, 9664994, 9339237, 9339238, 7562764, 33838972, 11871563]"
4864,2768449,[8177852]
4865,2768688,"[279969, 18596555]"
4866,2768953,[6061728]
4867,2769036,"[22730712, 22730709, 22730614]"
4868,2769067,[6062032]
4869,2769516,[13552764]
4870,2772067,"[6434104, 6070065, 7877758, 6726734, 9015663]"
4871,2772185,"[29496535, 6307037, 13542374, 14002, 3103806]"
4872,2772365,"[6931171, 15838356, 17327157, 11579336]"
4873,2773553,[912625]
4874,2774902,"[15954713, 17864649, 20176552]"
4875,2775292,[13597181]
4876,2776448,[6080980]
4877,2777560,"[5093, 644171, 493809]"
4878,2778055,"[9594, 6661321, 28133, 579138]"
4879,2778323,[12432531]
4880,2778890,"[6087491, 6503545, 6539920, 7961893]"
4881,2779169,"[6307037, 3103806]"
4882,2779581,[20929]
4883,2780417,[6091497]
4884,2780539,[13325869]
4885,2780754,[19246477]
4886,2780862,[7099460]
4887,2782636,"[13133307, 117991, 13412078]"
4888,2782638,"[25269311, 20873145, 24885832]"
4889,2785999,[7059697]
4890,2786247,[6106486]
4891,2788408,[510342]
4892,2788789,"[18143087, 15811526, 25614277]"
4893,2789511,[13550078]
4894,2789542,[6261242]
4895,2789848,"[30073153, 32971135, 22540275]"
4896,2789878,"[12993867, 7204516, 12993848, 13093629, 13078869, 7204531, 6612005, 12993862, 17794804, 13168217, 15735904, 7944427]"
4897,2792373,"[6382952, 2855252, 6369517]"
4898,2792375,[2855252]
4899,2794097,"[13832, 463078]"
4900,2794098,[463078]
4901,2794104,[463078]
4902,2796762,[7812745]
4903,2799345,"[13589141, 29496535, 6307037, 17859577, 13542374, 14002, 3103806]"
4904,2802394,[16006898]
4905,2803557,"[20893366, 15700595, 6483210, 7367757, 6766315, 15726583]"
4906,2803575,[2584352]
4907,2803627,"[7314376, 15980677, 12620451, 9565574, 15816410, 6149939, 7823038]"
4908,2803630,[6149946]
4909,2803969,[6172788]
4910,2804058,"[1913178, 725944, 578200]"
4911,2809083,"[29415474, 13594857]"
4912,2809249,[7171362]
4913,2809379,[6164018]
4914,2809863,[25897878]
4915,2809894,"[22875122, 22463760, 24396879]"
4916,2812835,"[7948945, 10640020]"
4917,2817820,[29381751]
4918,2820569,[23281770]
4919,2821144,[18246269]
4920,2824486,[24044140]
4921,2826367,[35053233]
4922,2828543,"[16061340, 17349085]"
4923,2828923,"[13540519, 29877824, 10805989, 25804214, 17297488]"
4924,2830341,"[6641635, 9675020, 6217361]"
4925,2830642,"[6539039, 29430530]"
4926,2831771,"[24820291, 13169857, 22215757]"
4927,2834177,"[11738736, 6940494, 15954713, 17864649, 20176552, 16255632, 6227080]"
4928,2834339,[259598]
4929,2835927,[6231453]
4930,2837486,"[47625, 47627, 47642]"
4931,2837821,"[11954263, 6236221, 6997193]"
4932,2839407,"[23199314, 6240223]"
4933,2839569,"[6240758, 7106664, 6438479]"
4934,2843445,[3479]
4935,2843991,"[18318648, 21927520, 499214]"
4936,2844043,"[20344702, 11060998, 23130269]"
4937,2844917,"[7455727, 803599]"
4938,2845500,"[2408602, 9329516, 8480952, 2930018, 16130663, 15832300]"
4939,2845502,[24044140]
4940,2845578,"[17859577, 14002]"
4941,2845655,"[6256512, 8249672]"
4942,2845656,[6256512]
4943,2845954,[18042148]
4944,2846074,"[16130371, 9414014, 12988019, 11738898, 7114946, 9943501, 6257500]"
4945,2847227,[17785884]
4946,2847425,[6261011]
4947,2847482,"[10546, 7507931, 6261182]"
4948,2847515,"[13530972, 27404238]"
4949,2847534,"[7094635, 8441146, 7935214, 10358606, 25350122]"
4950,2847542,"[7660688, 7636552, 13012071, 7615403, 17571692, 13003088]"
4951,2847544,[12377549]
4952,2847546,"[25118836, 21432372, 9033224, 20299673]"
4953,2849137,[6265292]
4954,2851721,[2316941]
4955,2851722,[2316941]
4956,2851723,[2316941]
4957,2851724,[2316941]
4958,2851725,"[24611565, 30212517, 23156342, 9601072, 2316941]"
4959,2851726,"[5739760, 2871256, 10857421, 7840832, 2316941]"
4960,2851727,"[9669552, 2316941]"
4961,2853276,[20322287]
4962,2854680,[15766944]
4963,2854898,[6917837]
4964,2855517,[6507754]
4965,2855546,"[568454, 569430]"
4966,2855899,"[6283478, 7294543]"
4967,2856107,[13533669]
4968,2856179,[7933156]
4969,2857412,[12955673]
4970,2858177,"[6289428, 7095666]"
4971,2858333,[13588435]
4972,2858449,[397400]
4973,2858537,[6290270]
4974,2858595,[16145444]
4975,2860058,[1740356]
4976,2860219,"[13579397, 23383896, 28954093, 24453021, 11210965, 17667009, 20893389, 16130371, 15748535, 6294549, 15793066, 6782468, 6782465, 9450406, 17666976, 28815482, 17902184, 28941103, 20621650, 11402002, 30688517, 16368455, 13501633, 25111052, 22238188, 23471830, 10783217, 25430202, 17907054, 23719342, 34497909, 13758481, 26241281, 25526296, 12858494, 13542786, 24044140, 20417843, 16008471, 31450908, 27366528, 8496901, 21806701, 17667054, 16074215, 10184403, 16108066, 15748529, 18114043, 31183180, 28260638]"
4977,2860334,"[13590724, 28364013]"
4978,2860745,"[13539454, 10122126, 6295913, 6909045, 12160942, 7964129]"
4979,2861133,"[7822865, 6296885, 6505011, 10844210, 20299673, 6726099, 16074215]"
4980,2861276,[6297248]
4981,2865958,[16078432]
4982,2866171,[9207753]
4983,2866353,[11187090]
4984,2866422,[6311064]
4985,2866423,[6311064]
4986,2867375,"[11338646, 12585607, 12697251]"
4987,2868311,"[6316125, 7965123, 7602235]"
4988,2868678,"[7295501, 12377549, 13403217, 26883555, 15793066, 9480534, 12987423, 12160890, 22238188, 25430202, 25901253, 13600356, 13758481, 18873823, 17156415, 15793208, 26114291]"
4989,2868705,[70985]
4990,2869149,"[23627080, 27219584]"
4991,2869203,"[6318238, 16130371, 9510753, 7140462]"
4992,2869550,"[17213837, 10466374, 15857735, 6319176, 6319177, 8471992, 13594857]"
4993,2869923,"[6320247, 7882217, 28637641, 25822052]"
4994,2870363,[7664345]
4995,2870370,[17069123]
4996,2870420,"[12561585, 7926791, 6321718, 10890323]"
4997,2870757,"[24994123, 20635583, 6400712]"
4998,2870843,"[6322865, 7549828]"
4999,2871392,[4904977]
5000,2872255,[15702972]
5001,2872983,[289590]
5002,2873209,[9458220]
5003,2874870,"[6375794, 3002310]"
5004,2876313,[18782854]
5005,2876710,[7739887]
5006,2876763,"[7136307, 12751687, 15534541, 6339664, 7954223, 14367071, 16686018, 6973516, 12581738, 7791997, 7008345, 6693473, 9799979, 6693472, 7968732, 13546399, 17334448, 9944349, 10637766, 11276437, 7787487, 15801288, 11058018]"
5007,2877033,"[22911719, 29857730]"
5008,2878198,"[6345760, 2137538, 6406675]"
5009,2879106,[7508223]
5010,2879517,[7756722]
5011,2880618,"[18486037, 6352393, 21855894, 15771846]"
5012,2881407,[6354496]
5013,2882966,[8520684]
5014,2883426,"[15716157, 7198023, 6359599, 6623101]"
5015,2884350,[6362080]
5016,2884780,"[9415946, 13540519, 8792631, 18246269, 13533758, 6472451, 6363322]"
5017,2884866,"[8515176, 11334430, 6516513]"
5018,2884988,[6592513]
5019,2885316,"[6364657, 13540519, 8918559, 7812107]"
5020,2885318,"[7775764, 6364663]"
5021,2885905,"[20642659, 18055987, 6366271]"
5022,2886033,[4835]
5023,2887638,[15829686]
5024,2888063,[6371243]
5025,2889695,[12908993]
5026,2890288,"[7091747, 6319120]"
5027,2891503,"[10345642, 6380822, 7831742, 7913569, 18077928, 29058352]"
5028,2891549,[16685923]
5029,2891596,[11455170]
5030,2891665,"[12663557, 13209618, 17692873, 15723286, 18244920, 7719355, 11060241, 20617170, 24265085, 18354467, 7860794, 10874177, 12799420, 8435270, 6933876, 12279287, 10638776, 12348550, 18295869, 7985863, 6381205, 16178685, 12799435, 17333252, 8129662, 13272633, 24838415, 20980648, 18725742, 8789438, 15788936, 12033364, 8450009, 8356487]"
5031,2892154,"[8645598, 10376272, 6803525]"
5032,2892243,"[12862980, 23900993]"
5033,2892333,[8531289]
5034,2892808,"[6383762, 7305155]"
5035,2893344,[6385132]
5036,2894399,"[19153880, 9628111, 17397915, 23589086, 18266062]"
5037,2894899,[6389303]
5038,2895074,[9766146]
5039,2895111,"[13237492, 8434922, 7556058, 20893389, 6389874, 16130371, 15743485, 10223509, 10803856]"
5040,2895271,[6390249]
5041,2895618,[33534890]
5042,2895706,"[11201534, 6391211, 12371865, 12371862, 15789462, 15789722, 15717651, 7055355, 22701387, 13537830, 7114458, 18513554, 7953186, 17333239, 8084349, 13533758, 20706266, 18067050, 14811468, 11318315, 17118894, 10757833, 7842288, 17310066, 7978958, 7930335, 6304335, 22798836, 13526144, 11210741, 10459088, 24965436, 13583766, 21061684]"
5043,2895707,"[11201534, 6391211, 15789462, 15789722, 15717651, 7055355, 13537830, 7114458, 18513554, 7953186, 17333239, 8084349, 13533758, 14811468, 11318315, 17118894, 10757833, 7842288, 17310066, 7978958, 7930335, 6304335, 22798836, 13526144, 11210741, 10459088, 24965436, 21061684]"
5044,2895895,"[7860794, 8262172, 7311667, 6391683, 6895179, 8409252]"
5045,2895898,"[16032275, 23700532, 23643217, 10281024, 13497287]"
5046,2896146,[7933156]
5047,2896478,[13599050]
5048,2896654,[20296950]
5049,2897358,[17902184]
5050,2897820,[23567756]
5051,2897845,[6396829]
5052,2897946,[6397097]
5053,2897947,[6397097]
5054,2898479,"[6398385, 24733803, 17729791, 33635708, 6753250, 11036713, 24734689]"
5055,2899437,"[8152848, 12958067, 13068409, 13519763, 17156415, 21939269, 11732479, 13526458]"
5056,2900346,[13425505]
5057,2900815,"[6404356, 18401837, 6965955]"
5058,2901338,[362705]
5059,2901559,"[6440677, 1717889, 2641208, 6405972, 6357881, 6357882, 6651640, 6560220, 1717891]"
5060,2902285,[16250908]
5061,2902336,[81039]
5062,2904155,[81039]
5063,2904488,[7531654]
5064,2904619,[125755]
5065,2904744,"[5739760, 2871256]"
5066,2904745,"[5739760, 2871256, 10857421, 7840832]"
5067,2905269,"[33973968, 17790646]"
5068,2905283,[14002]
5069,2905297,"[12193399, 9517639, 10930660, 6487308, 17182125, 7430840, 17316516, 6936339, 12629670, 16069600, 7740152, 12780666, 6695785, 13023379, 7833099, 16070143, 17612654, 12588363, 9945127, 19401029, 24909485, 13699834, 7796816, 9369720, 25261903, 15230312, 6869344, 12681104]"
5070,2905789,"[13455189, 7816298]"
5071,2909019,"[17280155, 15852259, 13658527, 22046472, 15942629, 10880685, 12532672, 25391368, 18480399, 30612657]"
5072,2909124,"[11479938, 13240202]"
5073,2909175,[13498652]
5074,2909900,"[18167557, 22859852]"
5075,2912069,[28539]
5076,2912746,"[114190, 114218]"
5077,2912820,[6313798]
5078,2914122,[7508223]
5079,2915782,"[18803194, 6768411, 6768412, 6768413, 13549218, 13594857]"
5080,2915792,"[2412563, 17902184]"
5081,2915794,[2412563]
5082,2915851,"[18077958, 23156342, 6951425, 8752906, 8752907]"
5083,2915870,"[17452242, 23156342]"
5084,2916205,"[9027853, 12963277, 6382952, 8700602, 6930002, 7787487, 10131347, 9816077, 13594857]"
5085,2916869,"[23909755, 14781178, 18090081, 31522139, 12696396, 20174424]"
5086,2916952,"[770794, 7143047, 499214]"
5087,2917021,[642952]
5088,2917033,[13579397]
5089,2917037,[7508223]
5090,2917423,"[17982144, 15764212, 23150980, 23308727, 12707703]"
5091,2917750,"[6436602, 13528370, 8876413, 6726099]"
5092,2917917,"[19161852, 27782650, 21481566, 12377549, 9908712, 31554691, 30963250, 11774295, 7923006, 12854800, 26228034, 6437061, 13600356, 11774272, 7901864, 6726099, 28118494, 7904453, 31817749, 6612542]"
5093,2917919,"[17707650, 13542884]"
5094,2917920,"[27206431, 25057705, 13129274, 25597060, 20642659, 20518872, 18952381, 26166883, 21432372, 23173457, 18952341, 18596555, 24044140, 23882997, 20945093, 27917260, 16108066, 24885533]"
5095,2918057,[81039]
5096,2918113,[2414039]
5097,2918405,[16043630]
5098,2918424,"[25476118, 17707612, 18693704, 23004731]"
5099,2918480,[6437740]
5100,2918731,"[27693272, 17131859, 28954093, 12377549, 24581979, 13154387, 8488164, 26342054, 23601046, 13600356, 6757426]"
5101,2918795,[7365164]
5102,2919140,[21796750]
5103,2919602,[3369511]
5104,2919603,"[17902184, 28114552, 16108066, 3369511]"
5105,2919604,[3369511]
5106,2919605,[3369511]
5107,2919606,[3369511]
5108,2920678,"[23989889, 30172827, 28954123, 24885636, 23989925, 24756394]"
5109,2921071,[6447037]
5110,2921599,[6449448]
5111,2921661,"[6449596, 6911755]"
5112,2921810,"[11120949, 10397655]"
5113,2921817,[6449922]
5114,2922003,"[6749996, 13163248, 6450251, 12993852]"
5115,2922723,"[13624404, 18365279, 9588207]"
5116,2923466,"[16368455, 12020272]"
5117,2923539,"[10650803, 6508952, 7804289, 22884860, 13507440, 6453307]"
5118,2924454,[6455061]
5119,2924742,"[147908, 984792, 67955, 8168507]"
5120,2924773,[984792]
5121,2924855,"[13536515, 13284283, 18337259, 17456972]"
5122,2924895,[14342632]
5123,2924930,"[18527753, 21911709, 17707641, 7114817, 7885220, 12608168, 13518663, 15815762, 10744349, 9660102, 27177389, 6456016]"
5124,2924955,"[28962883, 10387419, 10387413, 20980667, 17332272, 6881685, 13729751, 15793041, 25318815, 9329317]"
5125,2924956,[18249394]
5126,2925230,"[16099149, 319012]"
5127,2925451,[6456934]
5128,2925452,[6456934]
5129,2925453,[6456934]
5130,2925501,[21544670]
5131,2925619,[429142]
5132,2925860,[21950253]
5133,2929888,[20818259]
5134,2930173,[7508223]
5135,2930749,[6468812]
5136,2930846,[866502]
5137,2930952,[13576316]
5138,2931654,"[13507921, 34027316, 12368123, 9366996, 13584415]"
5139,2931977,[1110224]
5140,2932239,[7298656]
5141,2932951,[132380]
5142,2933833,[7283567]
5143,2935342,[7100266]
5144,2936493,"[13438677, 26074093, 13100315, 10425811, 13579626, 11923030, 9969201]"
5145,2936539,[13594857]
5146,2936674,"[7766830, 6483360, 6775682]"
5147,2936691,"[11166901, 7959022, 16368455, 8510013, 15894438]"
5148,2936805,[6483730]
5149,2937053,[18357173]
5150,2937325,"[20972951, 17560793, 24914112, 34329687]"
5151,2937372,"[6329337, 6329335, 7101579, 13547495, 7804178, 10809785]"
5152,2937730,"[27213224, 20483095]"
5153,2937732,[10857421]
5154,2937735,[13048895]
5155,2938140,"[122999, 561166, 11946938, 6979924, 209594, 24874358, 335958, 15849807, 22917, 22916, 22915, 730596, 22914, 207461, 564309, 11187090, 11382868, 21981650, 13554713, 207114, 13706938, 13584788, 110744, 254450]"
5156,2938141,"[122999, 561166, 11946938, 6979924, 209594, 335958, 15849807, 22917, 22916, 22915, 730596, 22914, 564309, 11187090, 21981650, 13554713, 207114, 13706938, 13584788, 110744, 254450]"
5157,2938554,"[12804197, 3302568]"
5158,2939598,"[6490566, 20893322]"
5159,2939944,[23811731]
5160,2940867,[7568427]
5161,2940868,[7568427]
5162,2941990,"[23597253, 13492625]"
5163,2942422,[7967299]
5164,2943103,[16056430]
5165,2943202,[13033955]
5166,2943699,"[8063852, 9597597]"
5167,2944392,[23596]
5168,2944621,"[8228634, 362926, 10257495, 10376272, 6503535, 11213380]"
5169,2944686,[12858494]
5170,2945301,"[6505358, 10757830]"
5171,2945688,"[6506483, 8527942, 10432550]"
5172,2946202,[69456]
5173,2946327,[7739803]
5174,2946451,"[12988002, 16059379]"
5175,2946462,"[7757634, 6508352]"
5176,2948028,[18090081]
5177,2948436,[6513549]
5178,2948891,[8038401]
5179,2949152,"[13262764, 10079311, 12109352, 9065272, 10322436, 7488686]"
5180,2949536,[10348689]
5181,2949594,[11850771]
5182,2949949,[9687450]
5183,2950435,[15093976]
5184,2950834,"[30288, 1140608, 6519728]"
5185,2951127,"[13579397, 29851645, 7304345, 25118836]"
5186,2951209,[13062655]
5187,2951796,[6522388]
5188,2953781,[15733545]
5189,2954265,[17228158]
5190,2954997,[7945295]
5191,2956938,[13604637]
5192,2957040,[13572214]
5193,2957043,[6885954]
5194,2957952,[25316540]
5195,2957979,"[16057298, 16057299, 6505011, 21432372, 11251546, 23719342, 8428157, 20697444, 24791985]"
5196,2958060,[15815357]
5197,2958157,"[7507920, 12980161, 22718726, 10114276]"
5198,2958464,[9027853]
5199,2958515,"[14289337, 22055587]"
5200,2958713,[6726099]
5201,2958842,[9214714]
5202,2958986,[6541058]
5203,2959120,[16035496]
5204,2959421,"[9400850, 6393539]"
5205,2960227,"[18657790, 22481409]"
5206,2960911,"[32061282, 16078432]"
5207,2961134,[21947239]
5208,2961326,"[15738296, 10439630, 7927971, 6614277, 6547184, 6614280]"
5209,2961327,"[6547185, 6795189, 8525731, 12746667]"
5210,2961721,"[26835101, 24690856, 24690857]"
5211,2962410,[21636649]
5212,2962463,[6106486]
5213,2962677,"[6696927, 13793239]"
5214,2964564,"[13018514, 17864395, 6610562, 26342054, 7568425, 17165950]"
5215,2964770,[9968921]
5216,2964772,"[1691409, 340104]"
5217,2964904,"[27212432, 17732017]"
5218,2965596,"[15797937, 15797936]"
5219,2966042,"[13590724, 28364013, 28815195, 24998915]"
5220,2966914,[18423]
5221,2967731,[2072511]
5222,2967939,[9908712]
5223,2968098,[1239560]
5224,2969634,[6569426]
5225,2969875,[6570052]
5226,2970308,[12787553]
5227,2972043,[7933156]
5228,2973216,"[25533076, 31560400]"
5229,2973240,[22928738]
5230,2973783,"[10576365, 25820270, 25453426, 18398619, 20454580, 29338023, 30343665, 16149368, 17428644, 6580510, 27429432, 9477931, 20983366, 20983362, 33785202, 16150830, 16150831]"
5231,2973944,[2124106]
5232,2975035,[16166626]
5233,2975257,[32061282]
5234,2975312,[18087897]
5235,2975887,[16193519]
5236,2976694,"[13133307, 117991, 13412078]"
5237,2977214,"[7850577, 17332271]"
5238,2978119,"[383618, 77721]"
5239,2978188,"[12279483, 13414791, 12279393, 25302072, 18525883, 12279431, 16204835, 22717666, 16071950, 20945093]"
5240,2978423,[12377549]
5241,2978425,[7508223]
5242,2978429,[7455727]
5243,2979462,[6439630]
5244,2980339,"[13423121, 8507864, 7635805, 6599113]"
5245,2980674,[12448740]
5246,2981411,"[6924676, 7857695]"
5247,2981534,[34020282]
5248,2981668,[7840832]
5249,2982216,"[10857421, 7840832]"
5250,2983966,"[9666844, 6609704]"
5251,2984032,"[11492727, 15926769, 6609848]"
5252,2984075,[6345021]
5253,2984460,"[7860794, 6611074]"
5254,2986483,[13537291]
5255,2987125,"[25944385, 28397840, 25742254, 6618272, 25817407]"
5256,2987413,[6599344]
5257,2987414,"[6599344, 6372263, 7869757]"
5258,2987888,"[6620466, 8369680]"
5259,2987893,[6620473]
5260,2988174,[6621278]
5261,2988212,[12959863]
5262,2988217,[954248]
5263,2988389,"[12971669, 9716923, 11761452, 16045121]"
5264,2988406,"[17333340, 16102099, 7972098, 12839794, 9461971, 13035325, 18129488, 11063646, 20897852, 15790920, 25670943, 11201951, 6867952, 19539095, 13526176, 9461965, 22553536, 24487011, 7620623, 14781513]"
5265,2988527,[2801440]
5266,2989459,"[11116207, 12154327, 6762468]"
5267,2990613,[1888214]
5268,2990843,"[17214357, 16244392, 8167001, 15742853]"
5269,2991767,[6632182]
5270,2994705,[6640565]
5271,2994893,[6979420]
5272,2995869,"[10646544, 13337255, 6644109, 12702553, 15783452, 19461610, 12299435, 12702453, 28077411, 19166108]"
5273,2995873,"[17798991, 8152848, 17453202, 28821387, 23168406, 13581990, 17331828, 6644117, 18054085, 10215349, 13571591, 23613731, 8701845, 13449934, 13547956, 18246269, 23561193, 31199730, 20570928, 15803761, 9659607, 17455977, 23471994, 13573576, 17883441, 9616780, 8685612, 22753658, 12586979, 17679544, 20933811, 17732017, 7747064, 15803278, 12614410, 16090769, 17342750, 18246321, 20929541]"
5274,2995925,"[650775, 279969, 6322517, 255371, 847048]"
5275,2996650,"[7467434, 15779366, 17368932]"
5276,2997619,[13579021]
5277,2997834,[23528089]
5278,2998062,[6567484]
5279,2998967,"[81042, 739891]"
5280,2998968,[81042]
5281,3000181,[6655491]
5282,3000192,[20688907]
5283,3000519,"[13183921, 20319204, 16045366, 13490791]"
5284,3001245,[17288770]
5285,3001246,"[13579397, 17131859, 21432372, 24044140]"
5286,3002235,"[11964923, 10211811, 9504199, 8373527, 8903595, 9531064, 25215400]"
5287,3002543,"[9440171, 8500172, 6662410, 23460926, 12695591]"
5288,3005246,"[29506631, 25843088, 26889648]"
5289,3005522,[7133900]
5290,3005886,[6163754]
5291,3006397,"[12837634, 6673065, 7709810]"
5292,3007479,[11851051]
5293,3007480,[7183665]
5294,3008545,[24998915]
5295,3009541,"[8171792, 8918559, 6681393, 12483970, 7779042, 9583173, 6461779]"
5296,3009553,[7939759]
5297,3011844,[17335353]
5298,3012988,[672875]
5299,3013623,[9069880]
5300,3013716,"[29093031, 7991204]"
5301,3013902,[10675526]
5302,3014566,[954248]
5303,3014690,"[8686026, 9801002]"
5304,3015195,"[6745760, 3097745]"
5305,3015290,[1270247]
5306,3015664,[11160341]
5307,3016101,[7723486]
5308,3016197,[23168833]
5309,3016762,[12227219]
5310,3016878,"[9642277, 13594857]"
5311,3017135,"[15806786, 22543948, 6505011]"
5312,3017160,[7902515]
5313,3019932,[9688895]
5314,3020406,"[23156342, 25430202]"
5315,3020457,[13832]
5316,3020553,"[9649605, 11250433, 13609042, 8393603]"
5317,3020656,"[2485836, 11487809, 18490649, 17452242, 25480364, 8432418, 458394, 13573402, 2255639]"
5318,3020684,"[8685644, 14799281, 6707693, 20601784, 9802707, 12006176, 9728843, 7801124, 13170035, 6708137, 10914555, 7457397, 16059442, 14741256, 7336256, 7234801, 7507657, 8428035, 6728116, 11422644, 20613807, 10583269]"
5319,3022554,"[6987557, 10778410, 9818474, 10264676]"
5320,3022555,"[6987557, 10778410, 9818474, 10264676]"
5321,3023434,"[11313672, 11313669, 6715235]"
5322,3023507,[6715367]
5323,3023658,"[7507908, 18667948, 10261812, 10772368, 12109772, 9825639, 25016375, 13574710, 8114647]"
5324,3023842,"[13110537, 11557788]"
5325,3023964,"[9362495, 11102457]"
5326,3026615,[1035910]
5327,3026715,[6723628]
5328,3027554,"[10409278, 8581936, 8918559, 10428229, 12578305, 7719245, 8713857, 8713858, 28822458, 18527495, 9064899, 12578370, 15826999, 12578294, 19367070]"
5329,3031590,"[6391211, 7055355, 32061282, 8084349]"
5330,3031982,[6736704]
5331,3032350,[25111061]
5332,3032940,[12035671]
5333,3033685,[47530]
5334,3035546,[6503780]
5335,3035791,"[13400139, 13549029]"
5336,3036291,"[13579397, 6163754, 11196925, 13590724]"
5337,3036304,[23245593]
5338,3036323,"[15806786, 6539039]"
5339,3036324,[6539039]
5340,3036325,"[6539039, 22238188]"
5341,3036326,[6539039]
5342,3036327,[6539039]
5343,3036328,[6539039]
5344,3038507,[11210965]
5345,3038637,[376976]
5346,3039800,"[6758332, 28114552]"
5347,3039826,"[13133307, 117991, 13412078]"
5348,3040642,[6760761]
5349,3041100,"[17372472, 7402393, 10599682, 13365532, 17616412, 7941200, 10331417, 8130839, 12359121, 7263429, 13157446, 11703541, 9648553, 11147422]"
5350,3041743,[25667027]
5351,3041984,[6764806]
5352,3042470,[17707758]
5353,3044224,"[13493042, 16078432]"
5354,3045001,[6773700]
5355,3046613,"[32493793, 20455954, 12658862, 25914821, 29905987, 27396571, 13159888, 26840204, 23164983, 24683749, 29358487, 12396528, 9460487, 17162156, 26150650, 24120519, 13451546]"
5356,3048060,[3546735]
5357,3048234,[25898175]
5358,3050603,[440223]
5359,3055114,[7839883]
5360,3056312,"[10314147, 16059418]"
5361,3056384,[18005280]
5362,3056521,[16078432]
5363,3056773,[485084]
5364,3058940,[6011268]
5365,3059577,[18805926]
5366,3060067,"[9444221, 7933156, 7717938, 7744299]"
5367,3064305,"[13750446, 29892500, 17164686, 18046413, 20662430, 16299816, 25831407, 16282974, 17307614, 24044140, 17164655, 15852849, 20512144, 22319819]"
5368,3064456,"[11196925, 47580, 13590724, 11251546]"
5369,3065284,"[25961438, 29986315, 23864830]"
5370,3067498,"[10798722, 7045752, 6747003, 5739076, 5739075]"
5371,3068958,[2873356]
5372,3072055,[25362894]
5373,3073576,[7022317]
5374,3074905,[22062259]
5375,3076677,"[19317575, 27134880]"
5376,3077405,[13591141]
5377,3077893,[6871358]
5378,3080608,[22922375]
5379,3080847,[11646671]
5380,3081691,[15854616]
5381,3081700,"[20588931, 17286910]"
5382,3082297,[22635871]
5383,3084485,[13160327]
5384,3084517,"[15706309, 7759629, 6890220, 10376272]"
5385,3084816,"[16056430, 23163610, 20431673, 18493078]"
5386,3085098,[6891728]
5387,3085265,"[6892166, 9308682]"
5388,3085379,[6892479]
5389,3086557,[6492676]
5390,3087209,[6897432]
5391,3087558,[8511702]
5392,3087787,"[18761332, 17163623, 13585576]"
5393,3088611,[10810955]
5394,3090324,"[7241962, 6905569]"
5395,3090466,[9466840]
5396,3091065,"[10954369, 22609112, 15803925, 12566298, 8230409, 10954370, 15803910, 11343537, 12325117, 11041572, 13183547, 13183545, 9404151, 15800518]"
5397,3091721,"[6909642, 12329486, 13583766]"
5398,3092531,[7859755]
5399,3093275,"[13418976, 6380608]"
5400,3094787,[6917863]
5401,3095878,[6920820]
5402,3095884,[3302568]
5403,3095885,[9466840]
5404,3095890,"[23309742, 9351647, 12993570]"
5405,3097903,"[8621466, 9132487, 7737852]"
5406,3097905,"[14575371, 29639774, 12677913, 25868112, 12474623, 17331819, 23735606, 12044735, 15843397, 12080697, 11354787, 9662386, 11063310, 9284655, 7849341, 13091999, 27774409]"
5407,3098317,[6927672]
5408,3098913,"[7428697, 6929566, 7739606]"
5409,3099087,"[17675463, 9503573, 7877239]"
5410,3099505,[6931234]
5411,3099544,"[20799109, 17899647, 26074170, 18180495, 27212432, 10929432, 13638125, 20578957, 20764879, 33843449, 13638131, 31706495, 22055262, 34397653, 28696452, 31450752, 22215760, 32075662, 6931344]"
5412,3100027,"[18667875, 16101027, 8873426, 11737314, 9851394, 7249522, 9261978]"
5413,3100080,[6932856]
5414,3100170,"[24727880, 21965714]"
5415,3100200,"[9544818, 6933135, 13516097, 12923534, 13583766]"
5416,3100202,"[6933138, 15700583]"
5417,3100361,[17707758]
5418,3101058,"[12591532, 8362315, 13102039]"
5419,3101309,[18246269]
5420,3104881,[7933156]
5421,3105432,"[18506004, 6947949, 8259397]"
5422,3105903,[11082143]
5423,3106467,[29740894]
5424,3107213,[7507191]
5425,3107898,[20949596]
5426,3110459,[10225194]
5427,3111012,[6962846]
5428,3111338,"[9600796, 13540519, 8918559, 8715032, 18246269, 12476341, 24602702, 13021366, 25016375, 13574710]"
5429,3111339,"[11851848, 9396154, 9396162, 6963749]"
5430,3112090,"[10132286, 6965828, 7199499, 9634283, 7552342, 13539712, 12927528, 9226402, 7705429]"
5431,3112114,"[8940208, 7022317, 12160936]"
5432,3112212,"[20494765, 13125960, 26256407, 11408354, 11755978, 15839914]"
5433,3113902,[8147991]
5434,3114179,[7945295]
5435,3114310,[25111061]
5436,3114883,[6973671]
5437,3115036,[12969596]
5438,3116117,[9592877]
5439,3116816,"[16039808, 6978960]"
5440,3116858,[6979061]
5441,3116926,"[590325, 590324, 590327, 590323]"
5442,3117044,[10566288]
5443,3117580,[15750588]
5444,3118434,[139987]
5445,3118607,"[17913467, 16065665]"
5446,3118934,[24885814]
5447,3118938,"[12814582, 30653882, 6909642, 22583008, 25742644, 12329486, 18651970]"
5448,3119823,"[8685141, 11019430]"
5449,3121241,"[1098714, 1012276]"
5450,3121280,[15793118]
5451,3121878,[6371893]
5452,3122331,[16103129]
5453,3122459,[18194]
5454,3122955,"[22404710, 21863903]"
5455,3124176,"[15745886, 27883213, 31741417, 16638435, 20959422, 24748537, 12066190, 34089264, 22561347, 17978239, 22544135, 20959395, 25331982, 18981888]"
5456,3124973,[17707758]
5457,3124999,[7005878]
5458,3125018,[7005931]
5459,3125144,[140258]
5460,3125621,"[8543695, 7007753]"
5461,3125711,"[9504214, 7008041, 12871657, 9517626]"
5462,3126643,[26113691]
5463,3126955,[7012074]
5464,3127068,[16273471]
5465,3127235,[7013171]
5466,3127624,"[6676742, 6676743]"
5467,3130124,[17273306]
5468,3130410,[18246269]
5469,3130505,[23719268]
5470,3130980,[7055355]
5471,3131402,"[13120273, 10467702]"
5472,3132853,[25111061]
5473,3132865,"[818360, 13528218, 8896213, 13493042, 7031306]"
5474,3134706,[14498145]
5475,3135698,[7040020]
5476,3138466,[7048492]
5477,3138620,"[23282183, 10900231]"
5478,3138686,[22404710]
5479,3140086,[10644437]
5480,3140482,"[19288530, 10454285, 17568783]"
5481,3141021,[17702284]
5482,3141966,[7933156]
5483,3142052,"[811335, 44369, 1105380]"
5484,3143450,[17214357]
5485,3143458,"[13167769, 7062539, 9653734]"
5486,3144008,"[16582734, 32061282, 13008049, 18111202, 25106755, 26836052]"
5487,3144748,"[18663615, 25038983]"
5488,3145526,[7933156]
5489,3145527,"[7933156, 12858494]"
5490,3145528,[7933156]
5491,3145531,[7933156]
5492,3145533,[7933156]
5493,3145809,"[16110382, 18458653, 20686206, 11756117, 13496575, 18047809, 7069751, 24401179, 9463960, 24662406, 20894732, 29637408]"
5494,3145879,[287873]
5495,3147614,[20642659]
5496,3148096,[9766801]
5497,3148560,[7077917]
5498,3149363,[8511702]
5499,3149825,"[12763775, 10480102, 7081899, 9397175, 16161852, 7936594, 18693994, 7100266]"
5500,3149946,"[22404710, 20642659, 21432372]"
5501,3152411,"[20822778, 12982059, 15733545]"
5502,3152988,[27860894]
5503,3153048,"[7092453, 10903928]"
5504,3153731,[7094418]
5505,3153776,"[23634011, 34523174]"
5506,3153783,[7094592]
5507,3153804,[25074893]
5508,3153841,[17313971]
5509,3154018,"[6528962, 10857421, 7840832]"
5510,3154390,[7438039]
5511,3155347,"[10630777, 358355, 187315, 1327767, 3767279, 339026, 8008715]"
5512,3157937,[25111052]
5513,3158545,"[7108653, 9433601]"
5514,3159299,"[7942042, 17274667, 22877346, 33113864]"
5515,3160010,[11351904]
5516,3161109,[6654104]
5517,3163910,[12369175]
5518,3164239,[7125335]
5519,3164289,[26209488]
5520,3165318,[253153]
5521,3165706,"[10367314, 7129598, 23309818, 10965391]"
5522,3166448,[3546735]
5523,3166590,[7132233]
5524,3167424,[18050390]
5525,3169806,"[12988101, 8527908, 15734731]"
5526,3170417,"[20613610, 7143298]"
5527,3170710,[38691]
5528,3170993,[199212]
5529,3172535,"[17349030, 18171953]"
5530,3174636,"[13589148, 7205214, 22859784, 11524833, 10048834, 7205224, 8909631, 7156647, 15985375]"
5531,3175716,[7881742]
5532,3178457,"[18624843, 23281917, 28504579, 11018878, 15746786, 12519614, 24453093, 26068064, 20949446]"
5533,3179973,[3284192]
5534,3180076,"[22915617, 13012638, 7288367, 10065348]"
5535,3181096,"[10051549, 7176209]"
5536,3182455,"[18682784, 7180320]"
5537,3183649,[13584821]
5538,3184606,"[7186426, 8039386]"
5539,3185565,"[11338986, 13513655]"
5540,3186998,[125755]
5541,3187114,"[7193686, 12925178, 9641411]"
5542,3187142,[7193767]
5543,3187149,"[15995396, 17334755]"
5544,3187780,[363711]
5545,3187904,[13325869]
5546,3188620,[16126716]
5547,3190288,[12561996]
5548,3191623,[2170094]
5549,3192110,[7207765]
5550,3193036,[32714267]
5551,3193580,"[289453, 351017]"
5552,3193723,"[8960577, 7211922, 9756195]"
5553,3193908,[23551456]
5554,3194936,"[13049688, 23492829]"
5555,3196716,[7220447]
5556,3197657,[9271637]
5557,3198312,[7224584]
5558,3198547,"[9790396, 7225322]"
5559,3200239,"[8662410, 7230309, 9339970, 11455106, 12882267, 13594857]"
5560,3200938,[10810955]
5561,3201079,[11051355]
5562,3201168,[17327]
5563,3201662,[13572197]
5564,3203095,"[25088424, 7238737]"
5565,3204242,[7241493]
5566,3205604,"[9504212, 7245329, 12092105]"
5567,3206478,[7247965]
5568,3211011,[17343399]
5569,3211588,[8520684]
5570,3211590,[34625067]
5571,3211592,[8520684]
5572,3211594,[8520684]
5573,3212743,"[25689038, 27414477]"
5574,3216094,[7274195]
5575,3218603,[9573469]
5576,3219496,"[15824169, 10772954, 17148630, 13096596, 18244432, 8714075, 23556854, 16041572, 7283762, 18244428, 21912247, 11995902, 17148003, 15728681, 7948544]"
5577,3219566,"[15995860, 18233795]"
5578,3220024,"[7285498, 8501304, 8501291]"
5579,3222582,[25970678]
5580,3222597,[43818]
5581,3222611,"[8181143, 17168300, 14288358, 7293120, 9740847, 11225502]"
5582,3224031,[17411119]
5583,3225845,[27228341]
5584,3226226,"[25041423, 7303250]"
5585,3226899,"[6383762, 7305155]"
5586,3228055,"[13540519, 9182478, 14289306, 18246269, 12680986]"
5587,3229176,"[24224363, 17332031]"
5588,3234100,[7433668]
5589,3234239,[26207629]
5590,3236643,[26494476]
5591,3237942,[20893389]
5592,3240504,[20642659]
5593,3240669,[8131640]
5594,3241992,[11375883]
5595,3242087,"[11457225, 8265396]"
5596,3243461,"[120240, 6254610, 771204]"
5597,3247006,[16173627]
5598,3247074,"[29496535, 17859577, 13542374]"
5599,3247126,[33024]
5600,3247178,[24686734]
5601,3249026,[7369018]
5602,3249098,[25749309]
5603,3251728,"[13449677, 18628138, 22571272, 16479479, 25582556, 16069167]"
5604,3252210,"[9528174, 6375862, 17910665, 21531492, 18885585, 25430202, 7378426, 18516090, 17702284]"
5605,3256822,"[9637907, 11212021]"
5606,3261705,"[8100283, 1658759]"
5607,3261706,"[8100283, 1658759]"
5608,3262493,[7840832]
5609,3265248,[15955526]
5610,3267859,"[7739887, 17795668, 18114567, 12862980, 15703770, 30518478, 28669595, 22749522, 13615610, 18222545, 13646858, 12432220, 22571273, 23900993, 25582867, 15815401]"
5611,3270217,[7427791]
5612,3270624,[7428806]
5613,3271265,[13177385]
5614,3276305,[6395698]
5615,3276306,[6395698]
5616,3278437,[18430203]
5617,3282466,[11253020]
5618,3283712,"[13448689, 8041853, 30317436]"
5619,3285599,[26031268]
5620,3290920,"[15827062, 16050829, 11563110, 13049981, 18089931, 7488244, 9975659, 13000535, 9828218, 12165008, 11621048, 33843251]"
5621,3291561,[20518854]
5622,3292400,[179579]
5623,3292639,[7493593]
5624,3293319,[9466840]
5625,3295277,"[11337143, 11089464, 7685237, 11635665, 7500798, 7641961]"
5626,3295546,[7501537]
5627,3297510,"[8730060, 8077372, 7507845, 12621293, 11013328]"
5628,3297526,"[15808784, 8489034, 29496471, 17290601, 11477714]"
5629,3299494,[10050731]
5630,3299538,[26225506]
5631,3299786,[16193965]
5632,3301336,[18246887]
5633,3303278,[13406959]
5634,3305386,[21870140]
5635,3305484,[11251011]
5636,3305514,"[11732538, 16170180]"
5637,3312940,"[25645561, 23168805, 15793094, 20518813]"
5638,3312949,[13590724]
5639,3316576,[7564251]
5640,3317536,[17302963]
5641,3319298,[122901]
5642,3321132,"[7577116, 8267066, 7372975]"
5643,3326303,[25459663]
5644,3326863,[15817069]
5645,3329042,"[17190382, 29065859, 15797394]"
5646,3330007,[9025022]
5647,3330668,"[24109423, 23706102, 20871334, 34876712]"
5648,3334544,[16718143]
5649,3334999,[30025154]
5650,3337132,[15793066]
5651,3339347,"[7629756, 10266063]"
5652,3339369,"[7629854, 11138508]"
5653,3340475,"[12451769, 10661603]"
5654,3342174,"[7823600, 13037689, 9642278]"
5655,3342342,"[13414875, 10722553, 7638313]"
5656,3343082,"[16436765, 7624272]"
5657,3343303,[7641180]
5658,3345395,[16153997]
5659,3345455,[5971883]
5660,3345773,[25469228]
5661,3346002,[1468077]
5662,3346109,[34388622]
5663,3347337,[22908506]
5664,3353516,"[9462812, 9985697, 12680390, 12700337, 12908877, 11438966, 16279723]"
5665,3353667,"[9199346, 10048874, 13355017]"
5666,3353674,[7731996]
5667,3355188,[7674888]
5668,3361829,[120240]
5669,3363172,[13500706]
5670,3369676,"[7716140, 8437831, 9421748]"
5671,3370128,[23129755]
5672,3370428,[29785301]
5673,3370870,[7719503]
5674,3377501,"[13623856, 7737900, 18090005]"
5675,3377502,"[13623856, 7737900, 18090005]"
5676,3377941,"[9955669, 6457229, 7531654, 17234284, 7775755, 7171771, 17310066, 2043256, 384565, 670339]"
5677,3378120,"[28525389, 17290850]"
5678,3378153,[7739838]
5679,3378249,[10393851]
5680,3378320,[12378089]
5681,3378351,"[9665047, 7920255]"
5682,3378915,"[8532164, 7741856]"
5683,3379695,"[20868374, 7744064, 8206466]"
5684,3380848,[7747168]
5685,3380908,"[10677715, 7747374, 9915228, 8337574, 8659601, 13583463, 7953518, 7953517, 18398734, 18396588, 8442817, 15861491, 23871021, 20483114, 11456803, 12971616, 13310805, 15749283, 8930977, 27161189, 9462073, 8807977, 19346451, 10740735, 10740738, 16065725, 15756063, 26165456, 8930976, 17132881, 13105929, 15843876]"
5686,3381686,"[15806786, 3587238, 22935767, 26241281, 15793201, 13648564]"
5687,3383744,[7755455]
5688,3384189,[15730776]
5689,3384734,[12406624]
5690,3385008,"[510342, 847409]"
5691,3386956,[132380]
5692,3387285,"[8428050, 13479179, 11514121]"
5693,3387293,"[11078546, 13091829, 12845587, 11785701, 15802137, 7766064]"
5694,3387675,"[27015385, 9583227, 12387628, 16059525, 23314948]"
5695,3387850,"[170758, 170762]"
5696,3387889,[11594414]
5697,3388162,[13696066]
5698,3388323,"[20168816, 6714177]"
5699,3388865,"[7770715, 10339851]"
5700,3389094,[7771450]
5701,3390749,[9908712]
5702,3391834,[7831435]
5703,3392001,[1190374]
5704,3392002,[1190374]
5705,3392003,[1190374]
5706,3392004,[1190374]
5707,3392005,[1190374]
5708,3392006,[1190374]
5709,3392007,[1190374]
5710,3392008,[1190374]
5711,3392009,[1190374]
5712,3395248,"[13160523, 9542585, 25780917, 7938254, 7788758]"
5713,3395431,"[7789362, 11830886, 9848515]"
5714,3395969,[16078432]
5715,3396368,[6658679]
5716,3396842,"[23676484, 18142402, 15796303, 21562651, 17797288, 17162429, 7793307, 24726335, 11957637, 15737884, 16479439, 17612697]"
5717,3396910,"[9302283, 7793496]"
5718,3397290,"[8614631, 7794569, 13451854, 12101419, 8898748]"
5719,3398274,"[23705513, 20519011]"
5720,3399330,"[489456, 21480933, 3796415, 9529872]"
5721,3399559,"[7992477, 25066567, 23156342, 20980663, 18184308, 9601799, 7801488, 17669067, 17368232]"
5722,3400076,"[11196925, 13590724, 25118836, 24485148, 16039482, 6726099]"
5723,3400079,"[28954093, 12377549, 15793149, 10393851, 17864396, 15793066, 22404710, 22238188, 13414149, 8428157, 6726099, 9626382]"
5724,3400085,[6726099]
5725,3400141,[10475929]
5726,3400721,"[10256914, 414895, 1650178]"
5727,3402430,[22675931]
5728,3403916,[7508223]
5729,3403917,[7508223]
5730,3403918,[7508223]
5731,3403919,[7508223]
5732,3403920,[7508223]
5733,3403921,[7508223]
5734,3403927,[7508223]
5735,3403928,[7508223]
5736,3404577,"[13034561, 14288445]"
5737,3405063,"[11545694, 10635363, 20697444]"
5738,3405346,"[13539191, 28954093, 17707758, 16059411, 17343398, 33838972, 23168830, 31433704, 16148208, 26114222, 29238781]"
5739,3406550,"[12995284, 16146662, 25394030, 13014414, 29605078, 9721690, 9462795, 26064760, 22087268, 20613491, 13041606, 7849034, 23310718, 23310784]"
5740,3407490,[7824468]
5741,3407883,"[10697427, 7825557, 17465447, 13588400]"
5742,3408173,"[9305414, 9407790]"
5743,3408212,"[3303559, 7826546]"
5744,3408349,"[7739950, 6600807, 22342670, 18079680, 6006518, 8835897, 10800955, 6371117, 15811516, 10710406]"
5745,3409936,"[30196357, 23398606, 15980677, 32828538, 7832158, 11617031, 15710492, 15808774, 13500070, 21406652, 35224165, 27246122, 30196348]"
5746,3409997,"[7832325, 11455154, 13549869, 15814895, 9633188]"
5747,3410564,[34497909]
5748,3412307,"[8597919, 7838980]"
5749,3412481,[7884687]
5750,3413873,"[7843500, 32337619, 32971135]"
5751,3415819,"[13411612, 15812752, 11387392]"
5752,3415820,[22618934]
5753,3416553,[17572020]
5754,3418840,[13177385]
5755,3418947,"[25057705, 8715787, 12411687, 18371666]"
5756,3420702,"[25121739, 7862725, 29207441, 35820508, 10755443]"
5757,3425403,"[11727777, 9462231, 24864989, 22992234]"
5758,3425627,"[9804617, 13596828, 10551253, 7875327]"
5759,3427236,[7880122]
5760,3427995,"[10917096, 13568563, 12803157, 13120121, 10764210]"
5761,3429015,[7884969]
5762,3429117,"[11455096, 13092652, 12739984]"
5763,3430641,[7890058]
5764,3431194,"[31451081, 23442007, 17899113, 17994760, 25068371, 16009543, 28536304, 17451462, 28220897, 25553015, 25640918]"
5765,3432323,[26721642]
5766,3432663,[8675835]
5767,3433047,"[28260585, 13519397, 23599075, 20613571, 23766634, 25521109, 31050237, 20617636, 29749098, 16034235, 22529351, 19549137, 26055409, 29937102, 21940131, 20613470, 18006496, 25978565, 22914781, 31451174, 19234711, 31451175, 33306347, 17167166, 24915310, 27871283, 17670709, 33590260, 31050652, 28260587, 31545872, 31450852, 30114538, 18315788, 36161967, 35054476, 28260627, 23847976, 26073150, 26073151, 16096824, 34758605, 18594430, 23848145, 7896527, 31450846, 22839894, 31865973, 17939545, 31076583, 23766623, 29906288, 29559052, 35053233]"
5768,3433502,[7897851]
5769,3434107,[11646671]
5770,3435990,[25309770]
5771,3435992,"[13640908, 17365727]"
5772,3436661,[12968407]
5773,3439391,[20929]
5774,3439408,"[34964436, 31304766, 29069989, 29452280, 29056083, 31361778]"
5775,3439922,[13422422]
5776,3440476,[22908506]
5777,3443203,[7923163]
5778,3449368,"[8585694, 11700785, 7940997, 16937694, 12905437]"
5779,3452047,[7172680]
5780,3452048,[7172680]
5781,3452049,[7172680]
5782,3453685,[13533687]
5783,3455037,[12846739]
5784,3456705,"[7963986, 12046104]"
5785,3460561,[186187]
5786,3460562,[186187]
5787,3461329,[33415234]
5788,3462055,[23212705]
5789,3462566,[7982855]
5790,3464665,"[11293194, 12794018, 17969495, 13410013, 15942656]"
5791,3464702,[7988764]
5792,3465436,[7990783]
5793,3465557,"[7991200, 10484178, 9713071, 10314229, 17558838, 9553503]"
5794,3466647,[7994292]
5795,3467600,[7718908]
5796,3471272,"[13055677, 16129272, 13026804, 18630504]"
5797,3472681,"[8008339, 7238403]"
5798,3474636,[8013682]
5799,3475793,[17130362]
5800,3479028,"[8025911, 8397035]"
5801,3483225,[7353243]
5802,3484883,"[23245593, 13409145, 23310689, 20518949, 8041873, 12354691]"
5803,3486225,"[22292967, 26060926, 18483985, 20648608]"
5804,3486237,"[774557, 543164]"
5805,3486415,"[12458829, 18132925, 18132923, 15826112, 24059820, 8606522, 12511105, 11457525, 8951449, 22537729, 12133821, 16117888, 11966216, 8046350, 18246269, 24059777, 32026299, 24476465, 8575295, 18105451, 13604286, 10579321, 13615701, 9716824, 11947829, 8564935, 13604334, 34964846, 28220899, 8349348, 30123368, 13383130, 16045037, 14759334, 15826107]"
5806,3488176,[13604637]
5807,3491812,"[13042766, 8061032]"
5808,3493128,"[8064867, 11546834]"
5809,3497426,[275470]
5810,3497970,"[13548152, 11164626, 13049897]"
5811,3498741,[24937]
5812,3500801,"[18402014, 12159331, 14060517, 17261191, 11417074, 9765684, 13517786, 9316050, 8087823]"
5813,3504189,"[13528379, 11754293, 8425213, 31364790, 10834868, 24103269, 8098146, 8097637]"
5814,3505204,"[20527903, 10349697]"
5815,3506711,[17239328]
5816,3508219,"[21243216, 18490660, 26114479, 22537705]"
5817,3508354,"[9805317, 8109141, 16650652, 8525606, 8109130]"
5818,3509782,[8113512]
5819,3510823,"[142778, 18656203, 23658272, 21061, 209215, 30145678]"
5820,3512625,"[8880275, 12059554, 8122052]"
5821,3519233,"[8144743, 35706083, 11306989, 9539767]"
5822,3519676,[8146350]
5823,3520466,[8146007]
5824,3521172,[8151112]
5825,3522214,[13008385]
5826,3524215,[13351300]
5827,3524830,"[91965, 6488043, 91964, 1044058, 91971, 22712, 10285181, 490358]"
5828,3525857,"[24611676, 20874309, 28504472, 21911686]"
5829,3849298,[28571676]
5830,3849415,"[8890729, 16171223, 12418684, 8667848, 12910751, 23281894, 10543233, 18693868, 11468955, 15769863, 15751329, 13409513, 22895268, 8339345, 8339344, 20555167, 12943505, 17270883, 21076207, 11559200, 16054217, 12089986, 10476501, 10459837, 23740830]"
5831,3849556,[13182495]
5832,3849945,[248484]
5833,3853096,"[16153575, 5661151, 7331]"
5834,3854467,[10755377]
5835,3855795,"[13574, 13570]"
5836,3855865,"[1344000, 5321699, 13737]"
5837,3856217,[63952]
5838,3857327,[17327]
5839,3857639,"[1320105, 8752893, 21793259, 1859553, 7812372, 17899422, 6765788]"
5840,3860423,[9025022]
5841,3860622,[48318]
5842,3861601,[27719]
5843,3861602,[27719]
5844,3861603,[27719]
5845,3861831,[28193]
5846,3865807,"[32580608, 31491581, 32926036]"
5847,3866857,"[40372, 403355]"
5848,3868039,[32072924]
5849,3871461,[17163744]
5850,3874125,"[16368455, 25423972]"
5851,3874635,"[33838972, 13227699]"
5852,3886304,[89128]
5853,3887533,[92204]
5854,3887675,[92602]
5855,3887959,[93297]
5856,3889643,[97087]
5857,3890839,[564315]
5858,3891598,"[20790777, 24900469]"
5859,3891634,[102083]
5860,3891788,[15845097]
5861,3898055,[118074]
5862,3898739,[15788936]
5863,3901024,"[18307001, 23128750, 13721337]"
5864,3901597,[8428115]
5865,3902419,[9653392]
5866,3906497,[140258]
5867,3911856,"[29241319, 8621462, 29238041, 10315284, 10694831, 33540650, 24548235, 28550610, 12998980, 24490481, 15798673]"
5868,3912116,[8187560]
5869,3912640,[156258]
5870,3914116,[12323688]
5871,3918323,[171125]
5872,3920344,[176521]
5873,3926350,[232270]
5874,3929150,"[4835871, 21028440]"
5875,3936246,[3546735]
5876,3936678,[222656]
5877,3937518,[225092]
5878,3938141,[18206781]
5879,3942561,[23011732]
5880,3942743,[240420]
5881,3948281,[257173]
5882,3948603,[258108]
5883,3950341,[263023]
5884,3957274,[283495]
5885,3957285,"[5646082, 23848124]"
5886,3957691,[7094418]
5887,3959577,[290437]
5888,3965895,"[13507828, 16130371, 8200504, 12257771]"
5889,3966593,[9677045]
5890,3969234,"[7067782, 8664091]"
5891,3969859,"[15818357, 20549492]"
5892,3971038,[325151]
5893,3973521,[333970]
5894,3973802,[333970]
5895,3979976,[352381]
5896,3980090,[352700]
5897,3987525,[3290542]
5898,3988619,"[11814613, 9662110]"
5899,3997970,[409796]
5900,3998152,"[423092, 899758]"
5901,3998339,[16059382]
5902,4005010,"[25057705, 22404710, 23173457, 21863903, 23882997]"
5903,4006267,[15788822]
5904,4007550,[436044]
5905,4007811,[8214792]
5906,4008668,[5069868]
5907,4011131,"[12020927, 17272365, 8129662]"
5908,4011455,"[24396991, 20706656]"
5909,4013896,[31297816]
5910,4015097,[17319882]
5911,4015157,"[33376058, 18717481]"
5912,4018722,"[13540519, 14811468]"
5913,4020322,[10857421]
5914,4020335,[7455727]
5915,4020380,[9654818]
5916,4020459,"[8488204, 20697444]"
5917,4020794,[8242902]
5918,4022202,"[15793149, 22238188, 13414149, 21432372]"
5919,4022207,[15806786]
5920,4022439,"[4051623, 16053752, 2038010]"
5921,4022548,"[8813957, 8249765, 8249764]"
5922,4023682,"[13721357, 11253020]"
5923,4023684,"[29939303, 20642659]"
5924,4024955,[3546735]
5925,4025295,[10295809]
5926,4025590,"[23719469, 13057774]"
5927,4025591,"[11487807, 22701387, 17310066, 15808366, 16130663]"
5928,4025890,[22917]
5929,4026601,[26596663]
5930,4027044,[17902184]
5931,4027380,[32051723]
5932,4028407,"[10060012, 8269725]"
5933,4030720,[120240]
5934,4031054,"[8277490, 10553081]"
5935,4034404,[8288279]
5936,4035156,[18683883]
5937,4037363,[16368455]
5938,4037364,[23882997]
5939,4037369,[21432372]
5940,4039811,"[30233119, 30233110, 14811468, 30117284]"
5941,4041274,[93276]
5942,4042181,"[28078289, 18857916, 8314214, 9849587, 10410278, 13181901, 24685472]"
5943,4044040,[8890606]
5944,4051426,"[8619943, 23871035, 23871125, 18812716, 19346471, 31931960]"
5945,4052093,"[35264052, 22725828]"
5946,4053647,[23300336]
5947,4055248,[561867]
5948,4057588,[13624565]
5949,4062676,"[15712167, 9411628, 12274576, 8379305]"
5950,4062682,[15845097]
5951,4063834,[25423972]
5952,4067140,[7416873]
5953,4070668,[9688895]
5954,4070803,[8409017]
5955,4070895,[847048]
5956,4070979,[23846062]
5957,4074044,"[9758765, 12986169, 12080917]"
5958,4074051,"[17349063, 18054074, 19346338, 10429092, 11431896, 17564519, 24331513, 13624038, 19346537, 10816908, 16108066]"
5959,4075932,[9339901]
5960,4077352,[27245995]
5961,4077409,[28954041]
5962,4077598,"[13414128, 13250486]"
5963,4080498,[7269507]
5964,4080504,[7269507]
5965,4080505,"[13589141, 29496535, 6307037, 17859577, 13542374]"
5966,4083207,"[5582295, 11162744, 9640779]"
5967,4086715,"[23847966, 13057003, 13246736, 28374007, 34567771, 12507214, 29505433, 30240773, 28960218, 18490570, 13640296, 9378297, 16108171, 18163294, 33640496, 20518918, 17561810, 13077542, 24611587, 19286579, 29923707, 13583766]"
5968,4087274,[12853155]
5969,4087473,[12539132]
5970,4087495,[8538305]
5971,4087657,[22219680]
5972,4088550,"[11196925, 9688895, 25118836, 28220785, 33574143, 13057774, 22609306]"
5973,4088681,[16248247]
5974,4089004,"[11545694, 10635363]"
5975,4089093,"[10576071, 17401837]"
5976,4089873,[9333606]
5977,4090088,[11778202]
5978,4090397,"[8037634, 9373706]"
5979,4090478,"[9702149, 8478549, 12088860]"
5980,4090847,"[13623760, 8479792, 10436562]"
5981,4092655,[17910065]
5982,4094048,"[16217442, 11164732, 13414829]"
5983,4094154,[12394148]
5984,4094532,[13177385]
5985,4094557,"[12727768, 19210680, 17622734, 23529995, 19472467, 18130881, 14897141]"
5986,4094825,"[11830982, 8493603]"
5987,4094986,"[1548325, 429145]"
5988,4094993,"[9704083, 15810387]"
5989,4095401,[8698731]
5990,4096668,"[18071000, 16180179]"
5991,4097555,[21845757]
5992,4097558,"[33570520, 17707758, 33838972, 9669765]"
5993,4097828,"[11250674, 13378513, 13378519]"
5994,4098207,"[28954093, 7637398, 17902184, 21483054, 23524322, 16108066]"
5995,4100461,[7304345]
5996,4100462,[7304345]
5997,4100862,[1004057]
5998,4101643,[8637310]
5999,4101698,"[23280198, 8430908, 23214381, 11401915, 8456124, 11595501, 7726143, 22716079]"
6000,4101954,[8520684]
6001,4101955,"[30462067, 8520684]"
6002,4101956,[8520684]
6003,4101957,[8520684]
6004,4102731,[363416]
6005,4103366,"[22465726, 20499930, 20499923, 29622131]"
6006,4103780,[9908712]
6007,4104142,[6254610]
6008,4104358,"[10635806, 8529230]"
6009,4104941,[14059271]
6010,4105707,"[13576676, 8534064, 23300336, 11279771]"
6011,4105887,"[18691081, 18691080]"
6012,4105961,"[9027853, 17256087, 26522207, 10368915, 8704448, 12342454, 13487029, 10308452, 68423, 8534899, 14759330, 11987465]"
6013,4106197,"[22618338, 34323291, 22725150, 22725149, 22583888]"
6014,4106222,"[14427009, 23156342]"
6015,4106856,[8538030]
6016,4106944,[8538301]
6017,4107044,[167038]
6018,4107194,"[12968299, 15839460, 8539318, 9657219]"
6019,4107314,"[11297580, 13573616, 12309315, 18144176, 11297579, 10334528, 10334529, 9876989, 12712367, 16117438]"
6020,4107336,[739886]
6021,4108184,"[13124125, 11508357, 13331044, 20767114, 18663205]"
6022,4109952,[8548772]
6023,4109961,[10180166]
6024,4111146,[16059424]
6025,4111263,[1612671]
6026,4112549,[3303559]
6027,4113219,[8562584]
6028,4115952,"[8571801, 15847212]"
6029,4116333,[16225157]
6030,4116488,"[22909812, 22909838, 8573642, 36257499, 18081228, 15718272, 13043180, 33783637, 13085374]"
6031,4116567,"[8581026, 11751470, 18184308]"
6032,4118589,[15842677]
6033,4119987,[22357750]
6034,4121337,[13432143]
6035,4121443,[27259205]
6036,4121470,[8590353]
6037,4121665,"[15993695, 17855971]"
6038,4121709,[10449432]
6039,4122867,[17675349]
6040,4123504,[8597888]
6041,4124325,"[12184913, 22299648, 16092702, 5027092, 9721669]"
6042,4124572,[9584310]
6043,4124788,"[12985143, 13024972, 13063813]"
6044,4124791,[10562069]
6045,4124910,[17861812]
6046,4125204,"[8603232, 7945295]"
6047,4126827,"[13547135, 11841579, 24885853, 25548744, 15768409, 12950372, 21186045, 8591107, 16108212, 17334499, 13583766]"
6048,4127611,"[12377549, 9727730, 9908712]"
6049,4127933,"[9884272, 11101181]"
6050,4130469,"[18128488, 11515975, 22295362]"
6051,4130475,[28259112]
6052,4130856,[8685622]
6053,4132657,"[21801144, 28946535, 13556766, 24408006, 25656828, 16373193, 20611669, 26863024, 16110828]"
6054,4132920,[8628126]
6055,4132968,"[13625929, 10498695, 9408083]"
6056,4133755,[13177385]
6057,4134859,"[10567183, 17204984, 12288524, 9671126, 17845806, 8635145, 21842237, 15835021, 18594392, 18478369, 12369942, 16030817, 13490798, 13490795]"
6058,4137634,[335958]
6059,4139446,[28537156]
6060,4141550,[10087445]
6061,4145664,"[15836516, 8673931, 13594857]"
6062,4146823,[15840611]
6063,4147012,[13177385]
6064,4147639,[8680240]
6065,4149342,"[23737023, 30205219, 22859804, 12472085, 28109927, 8686057, 10255156]"
6066,4150064,[26241281]
6067,4150084,[10757833]
6068,4152004,[235749]
6069,4153170,"[20493019, 21905699]"
6070,4153422,[7123161]
6071,4153659,[26084417]
6072,4154297,"[8703732, 30288, 1140608, 6519728, 3053342, 6052502]"
6073,4154802,"[16045240, 15745371, 28220758, 8705784, 22824383, 17910131, 12866426, 35662132, 10800916, 17905355, 16037338, 19286603, 13416236, 25410497, 22718822]"
6074,4154926,[17453991]
6075,4156441,"[23119473, 18040515]"
6076,4158371,[10824346]
6077,4159043,[8826125]
6078,4161354,"[23156342, 13531074, 25430202, 15832300]"
6079,4163056,"[13298628, 15742902, 12449246]"
6080,4167378,"[11034459, 12407853, 10442127, 10465086, 11201519, 10657638, 11034495, 11382304, 13450043, 13108754, 11382317]"
6081,4169630,[11713438]
6082,4170562,[8766150]
6083,4170995,[13048895]
6084,4171164,[9728761]
6085,4172510,[12485506]
6086,4173628,"[21535271, 7286699, 17848997]"
6087,4173672,[14428264]
6088,4173731,[8533993]
6089,4175397,[21863903]
6090,4175419,"[13539198, 13418951, 11717388, 18182076, 12043770, 19286674, 17566584, 9565045, 16032242, 13538992, 16061295, 18722968, 9732743, 11003853, 11357769, 15794871, 9732734, 12159329, 21813327, 12986492, 24154742, 26114340, 8788554, 8788555, 13097596, 23848452, 10980787, 15795561, 33574252, 12445309, 16084118, 15813668, 22922356, 13450678, 25273175, 13411684]"
6091,4175512,"[28954093, 8789052, 12377549, 9908712, 17902184, 33838972, 9191899]"
6092,4175513,[8789052]
6093,4176271,[8168507]
6094,4176961,[8796700]
6095,4178213,"[12395241, 8801543, 10867387]"
6096,4178737,"[26097421, 8804055, 13507265, 11213380, 19329367, 10088540, 12166748]"
6097,4179678,[31014504]
6098,4180597,[10457746]
6099,4180775,[22596135]
6100,4181354,"[16096167, 16040333, 20987118, 22050367, 24016117, 22704922]"
6101,4181397,[12268194]
6102,4182577,"[18191343, 16031563, 19055149]"
6103,4188120,"[11319430, 23124916, 35264052, 19455949, 17563021, 9206526, 14448616]"
6104,4189054,[847409]
6105,4189055,[847409]
6106,4189090,[12361115]
6107,4190496,[8849393]
6108,4191700,"[13096135, 8853482]"
6109,4191890,[9939122]
6110,4193568,"[15700058, 15852020]"
6111,4195533,"[7938510, 7116709, 8737174, 7818890, 15997975]"
6112,4197526,"[93101, 606488, 6913918]"
6113,4198583,"[21544228, 19138878]"
6114,4200019,[9132056]
6115,4201733,[19004412]
6116,4208569,"[25350996, 23734628, 28356624, 32768522, 24690856, 24690857, 27187955, 26196299]"
6117,4212479,[9753545]
6118,4213907,[3302568]
6119,4216062,[13450181]
6120,4221272,[8942981]
6121,4221284,[8943012]
6122,4227825,[30753517]
6123,4228374,[8962065]
6124,4239539,"[22749695, 8989664, 13429646]"
6125,4240402,"[15985364, 6492676]"
6126,4241741,[30628197]
6127,4245017,"[18490652, 11577576, 16059334, 23168796]"
6128,4245438,"[9003597, 18723590, 15811646, 22859804, 10422778, 12848120, 17214409]"
6129,4245727,[200545]
6130,4261985,[13423214]
6131,4264401,[3302568]
6132,4264615,[18314097]
6133,4265362,"[10857421, 16112450]"
6134,4269486,[9807]
6135,4273240,[5500]
6136,4278425,[7172680]
6137,4279057,[9083775]
6138,4279785,"[16007855, 28234308, 15768191, 11808950, 31541026, 22428707, 34299752, 24039422]"
6139,4280686,[9087479]
6140,4281427,[15944406]
6141,4283413,[11646671]
6142,4287334,[13048895]
6143,4287922,[12816817]
6144,4292165,[26067167]
6145,4293114,"[15758917, 14896617, 15818829]"
6146,4293325,[17949038]
6147,4302324,[15817226]
6148,4303493,[20600454]
6149,4305414,"[20816036, 18681291, 26777168, 17413095, 23430113, 16114834, 19721475]"
6150,4308706,"[15822336, 18513756, 26016506, 13060608, 22929092]"
6151,4310152,[10904100]
6152,4310289,[7840832]
6153,4315436,"[13625929, 10498695]"
6154,4317450,"[12989424, 9193799]"
6155,4317790,[7860794]
6156,4319300,[25984485]
6157,4320796,[17191631]
6158,4322279,[9207753]
6159,4323055,"[18122779, 13127397, 15015028]"
6160,4325564,[9219239]
6161,4327466,[9226492]
6162,4327516,[12455491]
6163,4327517,[306426]
6164,4330590,"[13497677, 11083082, 9238506, 12560567, 12560661]"
6165,4332964,[12044078]
6166,4334604,[10682271]
6167,4336568,[9256371]
6168,4336590,"[9256414, 12270931, 11308387, 11413298]"
6169,4337106,"[22546584, 30227925, 10578304, 7327326, 25785810]"
6170,4340243,"[17335881, 24943556, 16137612, 20648060]"
6171,4340377,[6721385]
6172,4340378,"[6721385, 18090081]"
6173,4340380,[6721385]
6174,4341892,[7238403]
6175,4341893,"[7238403, 9917596]"
6176,4342215,"[27688741, 23354036, 26127461, 18114578, 29938710, 29749090, 25147796, 32573000, 24611432, 25388015, 28588345, 23352538, 25029915, 23846013, 20821111, 24611587, 28186254]"
6177,4342615,"[12040782, 9277339, 13594857]"
6178,4343092,"[18114797, 13565028, 7913305, 20329835, 15814939, 23208777, 11827808, 12037785]"
6179,4344369,[9339901]
6180,4344760,[857291]
6181,4346631,"[20804168, 17479907, 11278154, 11030236, 9292965, 27006898]"
6182,4348137,"[20412199, 22088071]"
6183,4348183,[11550021]
6184,4349456,"[9630902, 9630894]"
6185,4349709,[11926316]
6186,4349837,"[24706448, 24706405, 23398894, 22571663, 25372462, 25810368]"
6187,4350009,"[43915, 8320534]"
6188,4350305,[9339612]
6189,4351137,[22718687]
6190,4353071,[17190483]
6191,4353097,"[12964326, 13488718]"
6192,4356316,[11691084]
6193,4356849,[13129274]
6194,4363379,[9340664]
6195,4363648,[12852730]
6196,4366471,"[9349915, 9938941, 10582463]"
6197,4369922,"[9359818, 13575986, 20646731, 23920769, 11470277]"
6198,4370565,"[15768774, 11072325, 13330943, 10339954, 10860047, 15714522, 9361589, 31114367, 13063912, 14785910, 13279499, 11738407, 16180175, 12606483, 13611052]"
6199,4370909,"[13133307, 117991, 13412078]"
6200,4371018,"[9663855, 7332664, 7951552]"
6201,4372118,[11885673]
6202,4372737,"[23262675, 10846138, 13017569, 9369726, 17334538]"
6203,4374349,"[13426056, 33571217]"
6204,4382946,[12858494]
6205,4384107,[23513571]
6206,4384465,"[13425406, 12396218, 18053128, 13115995, 9413044]"
6207,4384651,[17572327]
6208,4384865,[18722335]
6209,4385310,[10999941]
6210,4386136,"[9419570, 15793131]"
6211,4386164,[7775663]
6212,4386644,"[7283373, 13869135]"
6213,4387361,[10857421]
6214,4388268,[8890606]
6215,4388953,"[28266640, 29523227, 18296973, 13278242, 28266590, 18462643, 22824590, 15772506]"
6216,4389465,"[12368700, 15857253]"
6217,4389526,"[13594414, 26778730]"
6218,4389824,[363416]
6219,4393224,"[8553350, 7022166, 8046569]"
6220,4394928,"[28954093, 21432372, 16083044]"
6221,4395892,[16368455]
6222,4396040,[4346365]
6223,4396277,"[13579397, 13590724, 16368455]"
6224,4400405,"[13234487, 10430194, 16101233, 22891495, 19083223, 22859804, 25803733, 8804062, 28700596, 27387162]"
6225,4401700,[21544670]
6226,4401747,[22360830]
6227,4403314,[20413616]
6228,4404139,"[11958782, 13623966, 9490468]"
6229,4404946,[3546602]
6230,4406756,[9500884]
6231,4408422,"[15701058, 11157986]"
6232,4409769,[13095857]
6233,4411007,[12969560]
6234,4412038,"[17610485, 17844546]"
6235,4413062,[25423972]
6236,4414232,"[9578103, 23911680]"
6237,4414255,"[9595650, 12279483, 13414791, 25852759, 9533378, 12700306, 16130371, 32714413, 12279393, 18525883, 30257379, 12279431, 16071748, 22059478, 26342054, 16280689, 9595620, 16204835, 13536649, 16071950, 16280678, 15832300]"
6238,4414284,"[12829428, 17617140]"
6239,4415207,[16127272]
6240,4416306,"[9542082, 12971641]"
6241,4416438,"[9542582, 12938278, 13423265]"
6242,4416995,"[9708692, 11488396]"
6243,4417562,[23882997]
6244,4417749,"[12157270, 9548964, 17978132]"
6245,4417841,"[9549283, 9556889, 15782111, 13074999]"
6246,4419714,[9557231]
6247,4420439,"[15103450, 12845132, 18739275]"
6248,4421022,[9561876]
6249,4422205,[12796005]
6250,4423545,"[13133307, 117991, 13412078]"
6251,4423546,"[13133307, 117991, 13412078]"
6252,4423547,"[13133307, 117991, 13412078]"
6253,4423549,"[117991, 13412078]"
6254,4423550,"[13133307, 117991, 13412078]"
6255,4423551,"[13133307, 117991, 13412078]"
6256,4423580,"[18624809, 16046848, 22535531, 15701067]"
6257,4423626,[9572293]
6258,4423928,[26883552]
6259,4427602,[11210965]
6260,4427603,"[9664976, 11210965, 12947743]"
6261,4428563,[18108645]
6262,4428700,[6801389]
6263,4428788,[9622268]
6264,4428962,"[12207683, 13018395]"
6265,4430487,"[9027853, 13367329, 18046744, 10535171]"
6266,4431689,"[1839075, 1839075, 8918559, 9373635, 7725009, 2982126, 8448478, 6550815, 6550815, 6358401, 6358401, 501909, 501910, 5955666, 5955666, 3798897, 3798897]"
6267,4434456,[9606627]
6268,4435742,[20642277]
6269,4439076,"[8488204, 20697444]"
6270,4443070,"[9634047, 10841297]"
6271,4443809,"[9637479, 10823507, 30317891, 15808775, 24667221, 11458578, 17305416, 9665450, 13019841, 15710470, 22890630, 13412557]"
6272,4444087,[32873790]
6273,4444277,"[16247871, 13491389]"
6274,4444279,[34497909]
6275,4446038,"[20642659, 13048895]"
6276,4446076,"[23015589, 15845719, 11099141, 9645632, 11387209, 17944649]"
6277,4446292,[25362894]
6278,4446653,[11060998]
6279,4446674,[9688895]
6280,4446680,[13048895]
6281,4447138,"[25057705, 23173457]"
6282,4447961,[9908712]
6283,4448495,"[9654818, 13630144, 17162718]"
6284,4449011,[17136]
6285,4449940,"[23398897, 20579053, 15784263, 11467932]"
6286,4450759,[17398825]
6287,4450877,[9662832]
6288,4451294,"[17864395, 33838972, 28364013, 20299673, 24998915]"
6289,4452502,[15797023]
6290,4452712,"[23555959, 9669543, 12682437, 18580984, 18072523]"
6291,4453028,"[18166890, 9670820, 18282914, 10629328]"
6292,4456693,[12630771]
6293,4456703,[17909317]
6294,4457900,"[29774760, 29774788]"
6295,4457932,[9688895]
6296,4457933,[9688895]
6297,4457934,[9688895]
6298,4458590,"[18053568, 23281690, 12380008, 15733108, 9690444]"
6299,4459639,[25326486]
6300,4459980,[9695482]
6301,4462369,[23944]
6302,4464118,"[23715018, 11532160, 18114980, 22060868, 13417946, 9712492]"
6303,4464496,[25816841]
6304,4465153,[8488204]
6305,4467098,"[10869776, 13167096]"
6306,4468616,[9729797]
6307,4468635,[9729882]
6308,4469352,[9732136]
6309,4470450,[1423073]
6310,4470523,"[16059327, 9736493]"
6311,4471254,"[492773, 18596555]"
6312,4473599,[9747943]
6313,4474929,"[9349915, 9938941, 10582463]"
6314,4475150,[26720078]
6315,4475197,[9753637]
6316,4475715,"[9755449, 15768369, 29348069, 11280552, 21017636, 18428210]"
6317,4475969,[15842677]
6318,4476044,[23300336]
6319,4476200,"[17349076, 25810641, 13623846]"
6320,4476934,"[13486564, 26529699, 18006096, 9761771, 9761778, 12578077, 25092129, 9897164, 20821525, 18809475, 23356038, 25687518, 13605723, 19081403, 19081402, 26044839, 18746214, 22561350, 11945589, 13644052, 11290005, 25857200, 13644055, 26001344, 24969678, 9680718, 22908923, 13605727, 13362536, 17455817, 13047090, 31199384, 25209521]"
6321,4479170,[13167096]
6322,4480131,"[30755704, 23267301]"
6323,4480999,[12376744]
6324,4483617,"[21929537, 16146870]"
6325,4484635,[17343422]
6326,4485046,[9792199]
6327,4485597,[9794562]
6328,4485813,"[22310860, 13630629, 18045490, 9795263, 17938354, 11476593]"
6329,4486715,"[20649133, 9798470, 13486553, 20649134, 15816412, 11540514]"
6330,4487471,[7945295]
6331,4489132,"[25302294, 29995243, 25115384, 26230902, 29777813]"
6332,4489560,[22238200]
6333,4489839,[6254610]
6334,4490436,[13604523]
6335,4491563,[7911377]
6336,4491649,"[32150704, 34909769]"
6337,4492558,[11805486]
6338,4493935,"[10487466, 12390040, 10493660, 9837154, 13323039, 10134027, 13456081, 9832204]"
6339,4498376,[16131832]
6340,4498764,"[13448689, 8041853]"
6341,4499034,[9856962]
6342,4499623,"[17902141, 25187640, 29939389, 26802894, 22094961, 29588505, 28355848, 13624584, 33843449, 9859436, 16159252, 29939390, 33854386, 31450752]"
6343,4499919,"[16051562, 18177179]"
6344,4501761,[9869553]
6345,4502237,[16176287]
6346,4505225,"[10480102, 9884419]"
6347,4506281,"[23129323, 12613205, 12050695]"
6348,4507090,"[12544664, 13497142]"
6349,4510558,[9908712]
6350,4510560,[9908712]
6351,4510562,[9908712]
6352,4511345,[25696314]
6353,4511347,[28114552]
6354,4513317,[18337823]
6355,4515355,[13594857]
6356,4517253,"[13539457, 12905583, 17376132, 17566943, 15831550]"
6357,4517806,[9942081]
6358,4517970,"[24087, 7974]"
6359,4518241,[9944235]
6360,4519247,"[18518522, 29346927, 22678141, 17566814]"
6361,4520226,"[10135095, 9953281]"
6362,4521954,"[18849738, 20762226]"
6363,4522335,"[10754266, 10754265, 13063825, 23956571]"
6364,4524033,[9969698]
6365,4524507,[13159540]
6366,4525660,[9977014]
6367,4527512,[32332687]
6368,4527571,[24733883]
6369,4527822,[9988362]
6370,4528793,"[15980368, 13425797, 15839932]"
6371,4530256,[30653924]
6372,4530760,[20937377]
6373,4530961,[2325248]
6374,4532873,"[28208687, 25364026, 25270656, 24590694, 23129410]"
6375,4536555,[17465444]
6376,4537524,[17287570]
6377,4538187,"[21432372, 30334177]"
6378,4538875,[16233259]
6379,4538954,[18171953]
6380,4539389,[10044191]
6381,4539390,[10044191]
6382,4539391,[10044191]
6383,4539392,[10044191]
6384,4539393,[10044191]
6385,4539741,[11035999]
6386,4540563,"[11779366, 15811661]"
6387,4541521,[14624517]
6388,4542621,[18761296]
6389,4543325,[17561414]
6390,4543672,[10062358]
6391,4550595,[18670392]
6392,4550789,[22571737]
6393,4551013,[102575]
6394,4552367,"[582402, 10099755]"
6395,4553019,[10133972]
6396,4555930,"[10618137, 10114321]"
6397,4556168,"[12779251, 35264052]"
6398,4556932,"[18513759, 12637477, 10118172]"
6399,4558016,"[20565526, 22726660, 13486992]"
6400,4558309,"[11483834, 25198255, 17454136, 28483515, 27242525, 17230517, 13147786, 28017218, 13564641, 28375683, 23246844, 18007880, 18716456, 12368199]"
6401,4559822,"[10129062, 22494087]"
6402,4562177,[102575]
6403,4562483,"[25476303, 18965316, 30279525]"
6404,4564814,"[13642237, 13641916, 18685210, 26521836]"
6405,4565834,"[26046324, 18623474, 23346643, 23346642, 23012481, 25726385, 30753517]"
6406,4566700,[10156959]
6407,4568610,"[10165036, 16006117]"
6408,4570608,"[15814425, 10173501]"
6409,4572336,[10180166]
6410,4572921,[17823780]
6411,4573275,[25566671]
6412,4573983,"[12410324, 10188580, 16053042, 13446529, 11284750]"
6413,4574107,"[13184223, 10574690, 18719280]"
6414,4574972,[10193060]
6415,4575223,"[23221260, 24809194]"
6416,4575289,"[35226184, 16582734, 22819449, 35529904, 21901453, 18001355, 35116827, 27840861, 14061955, 18217960, 35384793, 16059492, 23245593, 32061282, 26642116, 29749085, 18525661, 17415685, 29893453, 22610732, 18111202, 29975820, 34076952, 34443972, 26191000, 21341548, 23437156, 10194157, 23006119, 12637460, 35492151, 28933383, 26836052, 14061957, 24611587, 22718800, 22535408]"
6417,4575301,"[10194224, 13263764, 24903914]"
6418,4575326,"[11788440, 11475686, 13633699]"
6419,4575398,"[13583324, 10194637]"
6420,4576191,[13332528]
6421,4577009,"[11842057, 10201356]"
6422,4577316,"[10202432, 13586336]"
6423,4579328,"[7656222, 28220892, 33414246, 12628635]"
6424,4581877,[25241871]
6425,4582548,[10224627]
6426,4583731,[371638]
6427,4584067,"[10877155, 141024]"
6428,4584068,"[10877155, 141024]"
6429,4584080,[397400]
6430,4584097,[739891]
6431,4584187,[81038]
6432,4584188,[81038]
6433,4584189,[81038]
6434,4584263,[13611700]
6435,4586597,[12767830]
6436,4588624,[3116026]
6437,4590842,"[28628533, 29431527]"
6438,4594585,"[3212912, 76079]"
6439,4595107,[8890606]
6440,4595804,[11444119]
6441,4599666,[7991204]
6442,4600197,"[34410197, 23308084, 23308087, 28248583, 33785923, 25460957, 23395819, 33843449, 34042748, 25541572, 18798983, 32370233, 31521391, 31450752]"
6443,4601681,"[147908, 9669552, 106584, 157088, 106552, 984792, 8168507, 25505739]"
6444,4601855,"[35513821, 17166774, 11051889, 24641825, 13024589, 18054373, 17727238, 11714997, 12989115, 17793860, 18811613, 13549677, 13560376, 25875555, 17448194, 18809598]"
6445,4602804,"[11506107, 14924653]"
6446,4604180,[10800904]
6447,4605016,[25118836]
6448,4605229,[11050827]
6449,4605557,[12363622]
6450,4605878,"[13829705, 17470199, 11830198, 23437221]"
6451,4606082,"[10316626, 11938261]"
6452,4606262,[16368455]
6453,4606484,"[21929539, 14501560, 25205325, 17723131, 10318247]"
6454,4606508,"[11515333, 17288745, 17120574]"
6455,4607856,"[11297376, 13665230, 18169430]"
6456,4608186,[16054234]
6457,4609188,[17470199]
6458,4609969,[6893353]
6459,4609972,[10429917]
6460,4610078,"[11468029, 17899116, 13451182, 10706481, 17281919, 10331607, 11168297]"
6461,4610401,"[11388429, 21469082]"
6462,4611069,"[7670661, 10380505, 12176820, 7247856]"
6463,4611175,"[12543750, 10335701, 13594857]"
6464,4611597,"[23351877, 25105321]"
6465,4615084,"[23014840, 18630479]"
6466,4615377,"[17836528, 16199296, 28101803, 25942167]"
6467,4615776,"[11558268, 32711591, 10352973, 11558256, 30653719]"
6468,4617746,[22553542]
6469,4618495,[13425406]
6470,4619564,[13148184]
6471,4619644,[10100824]
6472,4620386,[20822778]
6473,4624490,"[120240, 11212021, 6254610, 766869, 771204]"
6474,4625596,"[11339302, 17788233]"
6475,4625737,[10388796]
6476,4625773,"[15793149, 18596555]"
6477,4626436,[23347067]
6478,4629065,"[15829923, 13496452, 10400575, 15829917]"
6479,4629194,"[18528582, 17149158, 10401084, 13495067, 13494365, 17149088, 13495069, 12977172, 23454468, 12381271, 20765307]"
6480,4630662,[464262]
6481,4631640,"[15727484, 10409524]"
6482,4632659,[25362894]
6483,4632660,[13579397]
6484,4632661,"[22544926, 23943137, 28927772, 25615305]"
6485,4632663,[16081758]
6486,4633056,[12882683]
6487,4633113,[9951114]
6488,4633123,"[23596, 682681, 509858]"
6489,4634606,[10419436]
6490,4636555,"[9766156, 11291902]"
6491,4636983,"[7204516, 12993848, 7204531, 6612005, 7944427]"
6492,4637369,"[31702811, 23430471]"
6493,4637539,"[12360447, 13104080, 11809168, 13455782, 31563982, 10429045, 18735912, 31694020, 29757901, 18481271, 18089977, 21920669, 16136132, 15782640, 17177392, 13062413, 18894010, 28110143, 18053135, 17343101, 15819599]"
6494,4638863,[10433925]
6495,4640906,[10441563]
6496,4641832,"[8585830, 12005076]"
6497,4648324,"[28114552, 23719342]"
6498,4648669,"[10922506, 10470359]"
6499,4649344,"[15927599, 10473144]"
6500,4649677,"[18134013, 25502639, 18134015, 17852056, 13423346]"
6501,4649678,[25218679]
6502,4651111,"[10479750, 12912519]"
6503,4652041,[10482973]
6504,4652063,"[120240, 6254610]"
6505,4653530,"[16049030, 11841693, 17619613]"
6506,4653775,[2933268]
6507,4654216,"[127647, 149863, 117888]"
6508,4655152,[20989321]
6509,4658172,[10512887]
6510,4659292,"[147908, 9669552, 984792, 67955, 8168507, 499214]"
6511,4661677,[10530700]
6512,4665259,[10831726]
6513,4665536,"[12938767, 10550107]"
6514,4666971,"[16135254, 20748874, 11753475, 10897866]"
6515,4667368,[10560849]
6516,4667751,[10562661]
6517,4668167,"[10822395, 18371377, 10822397]"
6518,4668238,[11884571]
6519,4670048,"[17281364, 16138392]"
6520,4670825,"[17261185, 10579099, 16059346]"
6521,4671502,"[13377935, 10583186]"
6522,4671517,[16059463]
6523,4671817,"[18635002, 9869553]"
6524,4672699,[15993111]
6525,4675895,[11024669]
6526,4675896,[11024669]
6527,4676237,[89128]
6528,4678361,[12072288]
6529,4682018,"[16248247, 16248246, 13129274, 33838972]"
6530,4682198,"[13093629, 13078869, 13168217]"
6531,4684322,"[22489597, 15745886, 29753302, 13722513, 17905376, 31741417, 18139931, 16638435, 13206760, 20959422, 32179294, 22489107, 12139510, 26821954, 23245593, 24789575, 23569053, 13602234, 33009320, 25774272, 24748537, 25332074, 13206900, 12066190, 28421168, 22561351, 18584855, 36381037, 25667041, 33843449, 22561347, 31458203, 11235712, 17978239, 22544135, 30078649, 32826931, 18716399, 20959395, 31450752, 21469054, 13206828, 25331982, 18981888]"
6532,4684643,"[15818260, 10637959, 17349055]"
6533,4686275,"[6855336, 10644631, 16231091]"
6534,4686495,"[15818260, 11595931, 10645526, 18052851]"
6535,4687048,"[12432229, 17608898, 15832300]"
6536,4687526,[12038857]
6537,4687563,"[15793149, 120253]"
6538,4688154,[770794]
6539,4689503,[12979788]
6540,4689769,[11365223]
6541,4690580,"[11545694, 98042, 10635363]"
6542,4690745,[8428157]
6543,4693312,"[17679548, 18211066, 10679230]"
6544,4693729,"[10681429, 18087428, 15710564]"
6545,4698899,"[871, 10281904, 10248518, 21487693, 6065429, 44734, 502101, 6506079, 26426, 26422, 10129843, 7326879, 10182392, 11029854, 82637, 2855165, 1610998, 6408558, 868, 4341085, 16117425, 869, 866, 23506, 9889765, 16146013, 21412504, 11703437, 9326, 9325, 8062063, 526672, 6956554]"
6546,4699102,"[964211, 219584, 270166, 52358, 52357, 18130323, 3291205, 23613, 1216128, 24874320, 69456, 3048, 69449, 227409, 19179, 19180, 19184, 69451]"
6547,4699267,[10708764]
6548,4700417,"[10713851, 13554639]"
6549,4700629,[10714886]
6550,4701504,[25057705]
6551,4702610,[10726280]
6552,4703186,[10729120]
6553,4703223,[10729298]
6554,4705142,"[10739664, 23173254]"
6555,4705211,[10740056]
6556,4706567,[335958]
6557,4707891,[10755107]
6558,4707967,"[12987118, 10755377]"
6559,4707968,[10755377]
6560,4708453,"[13517212, 18126442, 10757054, 17986039, 15844438, 16249277]"
6561,4708573,[539519]
6562,4709058,[907102]
6563,4710047,[10764418]
6564,4712106,[12394148]
6565,4712375,"[27246149, 17674968, 13543121, 20893407]"
6566,4712387,[23557252]
6567,4713885,"[10778413, 10778410, 14780701]"
6568,4714037,[8230486]
6569,4715088,"[23492381, 25813986, 21412475, 21412051, 22208277, 25111264, 25111294]"
6570,4715253,[10783492]
6571,4717601,"[10796535, 13599579, 13419794, 12752963]"
6572,4718112,"[10793020, 12768392]"
6573,4718186,"[12971630, 18039069, 13224793, 11761455]"
6574,4718528,"[11715276, 16101026, 18667933, 13590839]"
6575,4718800,"[25024487, 10795208]"
6576,4719155,"[17727299, 10796241, 11672159]"
6577,4719619,[11145697]
6578,4719629,[12854661]
6579,4719838,"[13397978, 13398025, 13110891]"
6580,4720363,"[18080504, 20935599, 16064396, 18760207, 18626145]"
6581,4720629,"[10650803, 13512929, 23492716, 16130304, 13507440, 18753809]"
6582,4721318,"[18176532, 21523444, 12979337, 29348917, 20446140, 13007263]"
6583,4721473,[27799343]
6584,4721536,"[12891107, 23163065, 20555148, 18281168, 12891111, 9579634, 13057750, 23398677, 23156342, 23398630, 9663378, 21072991, 27209398, 18342280, 25430202, 17999884, 25895524, 27154427, 12265215, 25262299, 31716900, 15804760, 15985373, 15808716, 15832300, 18693743]"
6585,4722094,"[10806008, 18405537, 23167761, 24795920]"
6586,4723236,"[17802439, 25118836]"
6587,4724452,[7821929]
6588,4724870,[10922521]
6589,4725624,[10815209]
6590,4727364,[11368591]
6591,4727909,[12034287]
6592,4728994,[16174578]
6593,4730228,[10834397]
6594,4730698,"[10835992, 13454731]"
6595,4730894,"[13528218, 18483294, 13528319, 10836728, 25695756]"
6596,4731557,"[23271194, 10839204]"
6597,4732289,[13564311]
6598,4733031,[8660752]
6599,4733707,[11194946]
6600,4735144,"[30969076, 26114463, 18129100, 29845906, 17261190, 23264671, 10852343, 34696801, 15773979, 15851414, 20575410, 32055872, 13538816, 24611587]"
6601,4737213,[25843018]
6602,4737243,[23156342]
6603,4737695,"[12614754, 10861195]"
6604,4739029,[25118836]
6605,4741652,[12372363]
6606,4743887,[10883896]
6607,4744683,[10886827]
6608,4747143,"[20556698, 15772673]"
6609,4747895,"[22090434, 11196925, 15870094, 10900272]"
6610,4749003,[6345021]
6611,4749457,[10910169]
6612,4750529,"[22351151, 25981433]"
6613,4750804,[10917229]
6614,4752305,"[10928022, 11299720]"
6615,4752492,"[10928630, 13590715, 18520619]"
6616,4752743,[10999517]
6617,4753797,[12213758]
6618,4754377,[11354719]
6619,4755336,"[17295139, 13090825, 16036260]"
6620,4755699,[18708587]
6621,4756190,[16134674]
6622,4756989,[7353243]
6623,4757071,"[2457253, 21412311, 6459561, 7841509]"
6624,4758224,[18469695]
6625,4759071,[11120367]
6626,4759072,[11120367]
6627,4761781,[18143290]
6628,4763727,[13048895]
6629,4766257,"[13262797, 16075836]"
6630,4767490,"[12784862, 11009396]"
6631,4767792,"[18114350, 16101193, 12735457]"
6632,4768263,"[12670884, 17225973, 23510367, 21897519, 11013172]"
6633,4768908,[11016554]
6634,4769304,[30047519]
6635,4770274,[11022672]
6636,4770275,[11022672]
6637,4772815,[11035421]
6638,4773763,"[15790858, 16060302, 18431722, 11438693]"
6639,4774430,"[11152377, 12934676]"
6640,4776262,[25354011]
6641,4776314,[11721960]
6642,4777916,"[5374, 100397, 100394, 464262, 28873, 7493593]"
6643,4783513,[17611338]
6644,4785031,"[13061289, 13617933, 11356211, 12322385, 13442031, 17608219, 15784613, 11710500]"
6645,4786551,"[18746357, 18158475]"
6646,4787929,[13490054]
6647,4788613,"[11111890, 11145835]"
6648,4788719,"[28450966, 26031261, 24397040, 30127551, 31552953, 24885623, 10482783, 33616857]"
6649,4788867,[167038]
6650,4789022,[16046025]
6651,4789042,[11085530]
6652,4792535,[10810955]
6653,4794913,"[17232090, 16082541]"
6654,4794993,"[23634448, 21417201, 28235516, 25875555, 11260355]"
6655,4796263,"[22561320, 25543733]"
6656,4796470,[11137919]
6657,4798562,"[6163754, 17131858, 15806786, 12377549, 15808485, 9466840, 9727730, 11196925, 6313798, 17864396, 17864395, 9637907, 554168, 18114094, 8038401, 17802439, 13590724, 13129274, 81039, 17367172, 2855252, 5356476, 125755, 81060, 81062, 6505011, 21432372, 31372244, 11251546, 28364013, 11212021, 20299673, 10475929, 81059, 81058, 13227699, 227409, 8129662, 92377, 771204, 24998915, 6369517, 7022843, 11515328]"
6658,4799212,[15775697]
6659,4799929,[15977661]
6660,4800378,[23015970]
6661,4800436,"[12412086, 17256217]"
6662,4801040,[11160376]
6663,4802423,[15810153]
6664,4805272,"[11179538, 18170019, 12387745]"
6665,4805617,"[11290495, 11178367]"
6666,4807116,[11163008]
6667,4807573,[11185432]
6668,4807796,[532373]
6669,4808225,[11187932]
6670,4809417,"[24687626, 17858622]"
6671,4810094,"[17286654, 17286656]"
6672,4810596,[35264052]
6673,4811847,[11274771]
6674,4814169,"[28252551, 13116022, 28054396, 11213139]"
6675,4814317,"[17334566, 9918133, 11685192]"
6676,4814975,[21969455]
6677,4815851,[9311591]
6678,4817032,[11224175]
6679,4817371,[11717567]
6680,4817656,[11464383]
6681,4819080,[3303559]
6682,4819322,[17707758]
6683,4820144,[9876989]
6684,4821221,"[18656203, 32971135]"
6685,4823084,[14415615]
6686,4823432,"[13588959, 11250053, 15932273, 12749843, 13528343, 13550078]"
6687,4824952,"[27969081, 13092528, 27969087, 12246929]"
6688,4824985,"[17668192, 15738358, 11166687, 21845139, 22011941]"
6689,4826394,"[15793066, 9999813]"
6690,4826711,[11264950]
6691,4826732,[24173639]
6692,4827710,[32075842]
6693,4830336,"[15711279, 11280254, 22246544]"
6694,4831114,"[12389611, 11283775]"
6695,4831360,"[22609198, 11284808]"
6696,4831558,[12509277]
6697,4831561,"[13595011, 11285675, 25430202]"
6698,4831831,"[16135497, 11286888]"
6699,4832147,[16164484]
6700,4832976,"[20381983, 24041359, 19542845]"
6701,4833657,[12049774]
6702,4835396,[11016870]
6703,4835790,"[13455572, 17195830]"
6704,4836172,[11301765]
6705,4837372,[6065889]
6706,4837568,"[3621648, 18490635]"
6707,4838926,[25622828]
6708,4838933,[13612975]
6709,4840146,[12473807]
6710,4840744,[18395849]
6711,4841825,"[472778, 281573, 673158, 361119, 740506, 314254, 478846, 84537, 84539, 915341, 61893, 61890, 61894, 1586111, 15808618, 402045, 947965, 1106633, 84527, 552357, 181886, 18886, 1053996, 84552, 84559, 357968, 472224, 1086456, 84536, 27774712, 84544, 6608663, 18892, 361121, 361120, 18889, 18887, 463090]"
6712,4843795,[18142592]
6713,4843796,[11388629]
6714,4843915,[11824280]
6715,4847560,[20612059]
6716,4848940,[11351904]
6717,4849468,[30531873]
6718,4849738,[11354687]
6719,4849861,[11393927]
6720,4851069,[9466840]
6721,4851121,"[17290682, 11359684, 20821473]"
6722,4851127,[8230486]
6723,4851250,[21939105]
6724,4851799,[11362198]
6725,4852705,[11365223]
6726,4853849,[10810955]
6727,4855830,[55401]
6728,4857363,[11381030]
6729,4858270,[11953583]
6730,4859381,[11388187]
6731,4862188,[11396770]
6732,4862379,"[12569468, 11399605]"
6733,4863270,"[13568903, 23496751, 17225892, 20456671, 13555538]"
6734,4864215,"[17745703, 23433222, 27779008, 19502459, 18866743]"
6735,4864634,"[11410430, 17332550, 28175701, 19346438, 30256103, 13489203, 23299513]"
6736,4866520,"[13493246, 11449247, 12253483]"
6737,4866638,[11610337]
6738,4867939,"[15096052, 18616071]"
6739,4870718,"[10853751, 13136581, 22789111, 18192958, 9619273]"
6740,4871930,"[11436723, 15798085, 13605603]"
6741,4872191,[14592730]
6742,4873609,"[18667797, 15747422, 11782131, 11443325]"
6743,4874418,"[10546, 7507931, 6261182, 2330041, 777396, 18183598]"
6744,4875513,[10755377]
6745,4875977,[13119263]
6746,4876604,[23197491]
6747,4877034,"[17336133, 23234901]"
6748,4877299,[12420166]
6749,4877694,[18138967]
6750,4877830,[11374039]
6751,4878327,[11451305]
6752,4880398,[11468074]
6753,4880403,[11708356]
6754,4880860,"[24900805, 25785660, 11469563]"
6755,4882127,"[24470460, 31453632]"
6756,4882841,"[11475952, 13536802, 13362094]"
6757,4883038,[11476658]
6758,4883529,[18803586]
6759,4888434,"[17570001, 16098340, 23710701, 18460617, 20701398, 15845605, 22847838]"
6760,4889668,[23660629]
6761,4890077,[13048895]
6762,4890182,"[11500217, 13226194, 13623817, 12983100, 18071466, 13648596, 13638020, 23901077]"
6763,4890658,[13555608]
6764,4890834,[23281886]
6765,4892080,[9918317]
6766,4893411,"[12135215, 12129021]"
6767,4894063,[13513407]
6768,4894780,"[10708694, 13590724]"
6769,4896401,[17658001]
6770,4896623,[18337479]
6771,4899523,[13049260]
6772,4900972,"[29509610, 29509575, 29777634, 29509599, 28442549]"
6773,4902840,"[6514476, 7932973]"
6774,4904383,[17828413]
6775,4904826,"[13327018, 12676614]"
6776,4905327,[20176552]
6777,4906436,"[13554480, 17332257, 17286888, 23245593, 11556960]"
6778,4907397,"[13573784, 12389880]"
6779,4907398,"[13573784, 12389880]"
6780,4911639,[23197845]
6781,4912242,[16129182]
6782,4915737,[11878058]
6783,4918514,"[28954093, 25372801, 27313170, 28114552, 29939058, 28937621, 24044140]"
6784,4918625,[11603886]
6785,4919009,[18074584]
6786,4919495,"[23611985, 23611997, 23611992, 20706320, 23657459, 18721218, 27415451, 32940857]"
6787,4921525,"[19154146, 13281226, 19153883, 17894256, 12670834, 12872294, 11968173]"
6788,4925996,"[11634793, 11635834]"
6789,4928594,[11646671]
6790,4928927,"[15841140, 11647944]"
6791,4934832,[11671686]
6792,4934833,[11671686]
6793,4935608,[16368455]
6794,4936836,[11710189]
6795,4937042,[11680321]
6796,4938697,[11686280]
6797,4938740,[11732092]
6798,4938797,"[11686611, 13449244, 23847924]"
6799,4942228,[30364791]
6800,4945187,[9027853]
6801,4945241,"[16033551, 11709245, 16114712, 16110946, 35463990, 16112191]"
6802,4946295,[14427009]
6803,4946569,"[13457309, 13457300, 11713891]"
6804,4946989,[17373966]
6805,4949972,"[13260515, 12937491, 11378402, 13546912]"
6806,4951964,"[20498767, 12513132, 13519844, 25708672, 13590032, 14755025, 13564272]"
6807,4953558,[12406624]
6808,4953639,[18667909]
6809,4953666,[11737310]
6810,4953744,[11737399]
6811,4954384,[24754560]
6812,4955836,"[122999, 335958, 1423073]"
6813,4956542,[13272633]
6814,4957254,[12400152]
6815,4957267,[11749412]
6816,4959062,"[28628533, 29431527]"
6817,4959103,[11956370]
6818,4959800,"[15733023, 16145639, 11757826]"
6819,4960082,[17313797]
6820,4962350,[11767287]
6821,4965091,"[15736007, 11776582]"
6822,4965551,"[11778281, 13594857]"
6823,4965591,[11778435]
6824,4965778,[13624793]
6825,4966012,"[13086546, 15760523, 16052112, 13601922]"
6826,4968404,"[17673337, 12688952]"
6827,4969406,"[28818217, 27170764]"
6828,4970892,[16000437]
6829,4971535,"[12104686, 25317443, 22395684, 13223532, 19124363, 15787204, 13389546, 27170168]"
6830,4971675,"[11799123, 17378068]"
6831,4971676,[17707758]
6832,4976009,[7711726]
6833,4977539,[11819201]
6834,4979171,[17902184]
6835,4979194,"[11823941, 13617581, 15813929]"
6836,4979301,[34964938]
6837,4980097,"[11249451, 11849680]"
6838,4981235,[23594042]
6839,4981328,[12075543]
6840,4981614,[11832135]
6841,4983102,"[12466776, 13050865, 11836518]"
6842,4983109,"[18967205, 23454794, 13316241, 14290102, 12176883]"
6843,4983116,"[11836562, 15869682, 17035895]"
6844,4983261,"[13695982, 17365722, 11837058]"
6845,4984399,"[12875436, 13334934]"
6846,4984923,"[11843017, 13121784, 15811629]"
6847,4986073,[12676872]
6848,4987918,[12392156]
6849,4988270,"[23596, 16248246, 200335]"
6850,4989166,"[13492583, 13422426]"
6851,4990135,[22129829]
6852,4992618,"[11868241, 13548020]"
6853,4993738,[14794891]
6854,4994753,"[11876043, 25329621, 26241281, 17162718, 18874799]"
6855,4994980,"[29286934, 28767184]"
6856,4996736,"[15811134, 17370021, 13097681, 23391795, 11882171]"
6857,5000251,[138516]
6858,5002639,[18382145]
6859,5005267,"[12901365, 13500402]"
6860,5005386,[15735014]
6861,5005805,[17727316]
6862,5008398,"[32073145, 13211685]"
6863,5008815,"[22549202, 17845725]"
6864,5009050,"[6658573, 13540519, 8567502, 18246269, 11040554]"
6865,5009433,[11984884]
6866,5009570,[15993695]
6867,5012036,"[30971734, 12168133]"
6868,5014564,"[18457506, 21936742, 21404683, 22864523]"
6869,5016187,[25362894]
6870,5016653,[11953675]
6871,5020278,[11965835]
6872,5020435,[13584422]
6873,5020443,"[13479773, 13416481]"
6874,5021072,[15774082]
6875,5022765,"[18243852, 15728807, 11973377]"
6876,5023942,[27245999]
6877,5025620,"[9542904, 6261065, 601379]"
6878,5027020,[11987206]
6879,5027236,"[18052875, 18090000, 11988046]"
6880,5028484,"[12933542, 28188348, 12780764, 30046401, 11992012, 12177772]"
6881,5029662,"[23168813, 15835630, 11996192]"
6882,5032105,[13542553]
6883,5032196,"[31380398, 2571305, 31567282, 28600081]"
6884,5034167,[12115192]
6885,5038699,"[12028090, 13271555]"
6886,5038955,[25875555]
6887,5039646,[13495947]
6888,5039686,[12030955]
6889,5040774,"[26243996, 11702088]"
6890,5041072,"[23591097, 16000243, 15808412, 27177386, 19486394, 12035966]"
6891,5041733,[12072969]
6892,5041905,[12249184]
6893,5042085,"[25431515, 12039534]"
6894,5042201,"[34964436, 31304766, 29069989, 29452280, 29056083, 31361778]"
6895,5042322,"[17904701, 18388431, 18685580, 16175164]"
6896,5043332,[13594857]
6897,5044365,[25784985]
6898,5044405,"[13412960, 17932303, 12047201, 14062069]"
6899,5044439,[12494108]
6900,5044885,"[60179, 430480, 135284, 765301, 765300, 560635, 560637, 548260, 765296, 833135]"
6901,5045068,[29962194]
6902,5046101,[12144652]
6903,5046525,"[20623254, 12009478, 28220699, 16059404, 13553531, 26795866]"
6904,5047249,"[18176657, 23302835, 12278214, 18808392, 23433197, 22809783, 17202502, 22595728, 22433850, 23634902, 13446343, 22595737, 16279796, 13570162, 21942107, 25157628]"
6905,5049079,[23303508]
6906,5049521,"[11823873, 18633587, 17333269, 29547345, 13594842, 20343959]"
6907,5049815,[12067894]
6908,5050492,[26622026]
6909,5051193,[13596160]
6910,5051802,[12075523]
6911,5053436,[13572607]
6912,5053831,[20804029]
6913,5054179,"[12084278, 18716722]"
6914,5058182,[12099838]
6915,5066179,"[16149739, 23182764]"
6916,5066364,[12131310]
6917,5068487,[25703752]
6918,5069496,"[13267654, 13166650, 17118724]"
6919,5069707,[12143316]
6920,5070203,[14415615]
6921,5070327,[7831435]
6922,5070344,"[13495006, 12603698]"
6923,5073330,"[28177280, 24468673, 13411825]"
6924,5073459,"[16111258, 12157365, 12924288]"
6925,5073471,[12157403]
6926,5074162,"[13233726, 12516692]"
6927,5074920,[25772321]
6928,5076860,[12170410]
6929,5077530,[15993695]
6930,5081315,[13618611]
6931,5085738,[12205360]
6932,5085889,[12205949]
6933,5089521,[16099213]
6934,5091902,"[20698199, 19521039, 19521037, 13482259, 19521040, 12242419]"
6935,5093822,[12361729]
6936,5095403,[12243291]
6937,5096013,[12304615]
6938,5096069,[12479289]
6939,5097017,"[16057050, 17802744, 13542773, 12003546]"
6940,5099194,[22313308]
6941,5099865,[16078245]
6942,5100095,"[12260608, 18579803]"
6943,5100336,[25401833]
6944,5102036,"[14296568, 12267497]"
6945,5102264,[12268194]
6946,5103225,[11515955]
6947,5105261,[17707758]
6948,5105592,"[14058817, 15763354, 12572995]"
6949,5106204,"[18718925, 23278546, 25603695, 16074961, 15946134, 13131693, 12283261, 13613563]"
6950,5107011,[12396795]
6951,5108399,"[28588101, 24611587]"
6952,5108648,[13558188]
6953,5108885,[12980966]
6954,5108886,[12668517]
6955,5109302,"[28637696, 20665248]"
6956,5113138,"[12558610, 12308723]"
6957,5113251,[9727730]
6958,5114859,[12314606]
6959,5116661,"[17729340, 17229699, 13517589, 12330365]"
6960,5116849,"[15993695, 17222198]"
6961,5117618,"[17902184, 13057774]"
6962,5120291,[14743283]
6963,5121644,"[12781016, 12770150]"
6964,5122868,[12344321]
6965,5124235,[18136779]
6966,5125372,[9744175]
6967,5127366,[14743234]
6968,5127753,"[17448817, 13556285]"
6969,5127816,[28114413]
6970,5128829,"[14287169, 12362454]"
6971,5130239,[12602428]
6972,5130837,"[12368303, 13485266, 13453604]"
6973,5130924,"[13062645, 16074582, 12292002]"
6974,5131290,[12369705]
6975,5131305,[12895386]
6976,5132157,"[11196925, 11060998]"
6977,5133625,"[13099703, 18486492, 17840598, 12376605]"
6978,5135449,"[16120370, 16130371, 25430202, 12381722, 18632219, 13635645]"
6979,5137209,"[13628670, 13038786, 12387007]"
6980,5137530,"[34051373, 20642659, 30008825, 26522071, 22393174, 25361852, 13568836, 22295304]"
6981,5137999,"[12389247, 23219020]"
6982,5138153,[13606393]
6983,5139046,[16067232]
6984,5139182,"[19279000, 20799156]"
6985,5139410,"[14078007, 12393154]"
6986,5139659,"[20492095, 12393892]"
6987,5139707,[12394032]
6988,5139754,[16095765]
6989,5140429,[159816]
6990,5140626,"[12363795, 14836136, 12893536]"
6991,5141144,"[34817962, 25601399]"
6992,5141684,[12399654]
6993,5145808,"[23168765, 17910091, 12411635]"
6994,5145815,"[12879875, 15811653, 17802762, 13594857]"
6995,5147170,[18940399]
6996,5149795,"[18515732, 15766602]"
6997,5149973,"[25686886, 23434427, 22432732]"
6998,5150716,"[17620248, 14296543, 12427544]"
6999,5152573,[12453199]
7000,5152709,"[12434581, 15780370, 16004684, 13010376]"
7001,5153546,[12488364]
7002,5153812,[15706166]
7003,5157083,[13338730]
7004,5157126,[15993695]
7005,5157217,[12268318]
7006,5157472,"[18079712, 12971665]"
7007,5158478,"[93101, 229724, 10196565, 774368, 7527588, 7123161, 606488, 6913918, 3312298, 759893, 791872, 1039041, 273921, 3636515]"
7008,5158514,[12456298]
7009,5162273,[18466420]
7010,5167118,[12754689]
7011,5169211,"[100397, 28873]"
7012,5169382,[880461]
7013,5169670,"[17736129, 15827382, 13742264]"
7014,5170812,"[12715259, 13355781]"
7015,5171255,"[14078007, 12393154]"
7016,5171573,"[13560839, 12962374]"
7017,5172000,[21950952]
7018,5172281,[12506433]
7019,5173683,[12686372]
7020,5174290,[2269324]
7021,5179624,"[12534692, 12970510]"
7022,5179982,[10857421]
7023,5179983,[10857421]
7024,5179984,[10857421]
7025,5180626,[12537426]
7026,5181752,"[18369100, 29079130, 27821729, 18666295, 18666293, 18666302, 18666303, 18666300, 18666301, 17060640, 23285716]"
7027,5183827,"[13060700, 14760286]"
7028,5184237,"[17236613, 12518734, 13139100]"
7029,5185939,[13048895]
7030,5186274,"[29634295, 19430954, 17449197, 28818314, 23068265, 17290244, 17290243, 12558285, 25110513, 17232090, 20702029, 20701975, 24611587, 15713147]"
7031,5187310,[16083206]
7032,5187772,[1270247]
7033,5188131,[15698948]
7034,5188441,[15787077]
7035,5188888,"[16101063, 16101099, 12568505, 18667776]"
7036,5190768,"[31930313, 23497497]"
7037,5191012,[12578568]
7038,5192136,[12582784]
7039,5192582,[17302136]
7040,5197636,[25474267]
7041,5198413,"[13175466, 12602129]"
7042,5198894,[15698948]
7043,5200845,[18283006]
7044,5201074,[12608311]
7045,5201320,"[17228405, 25192567, 25875555]"
7046,5203044,[13159395]
7047,5204504,[43818]
7048,5205412,[6147527]
7049,5207982,[22718687]
7050,5209023,"[941226, 279969, 1433530, 13227699]"
7051,5211857,[34517748]
7052,5212370,[8177852]
7053,5212441,[18040275]
7054,5212747,[12643556]
7055,5214733,"[28097860, 28220944, 23848085]"
7056,5217055,"[478276, 201381]"
7057,5217313,[30269126]
7058,5217831,[12663991]
7059,5218360,"[25647300, 18599667, 12665819]"
7060,5219114,[12668959]
7061,5219553,[18657033]
7062,5219609,[16078245]
7063,5219613,[11926311]
7064,5224760,[12691271]
7065,5226809,"[17164123, 13506975]"
7066,5227478,[12701339]
7067,5227552,"[13011828, 13537594]"
7068,5227963,[12928703]
7069,5228256,"[22328533, 12711662]"
7070,5228940,"[12922874, 28455004, 20525909]"
7071,5234245,"[12961248, 13246626]"
7072,5234352,"[13518975, 18459458]"
7073,5235501,[32940886]
7074,5235537,[13251805]
7075,5235670,"[12732267, 15748960]"
7076,5237120,[12737082]
7077,5237562,[7854325]
7078,5237606,"[13326372, 25650677]"
7079,5238854,[25370363]
7080,5239344,[15802987]
7081,5240334,"[12846930, 13504052, 18588895, 15828982, 13349742]"
7082,5241424,[12752529]
7083,5241601,"[33158526, 23245593]"
7084,5244478,"[6278121, 29464494, 462658, 6458635, 13329252, 11551, 11553, 11552, 11555, 11557, 12384652, 16213785, 13155477, 970547, 79307]"
7085,5244595,[12912387]
7086,5244611,"[13024138, 21939160]"
7087,5249479,[29434403]
7088,5249972,[11737311]
7089,5251026,"[12788061, 15755965]"
7090,5251086,"[22219681, 1906381]"
7091,5251202,"[13641721, 20734562]"
7092,5252348,[12792988]
7093,5253229,[13505602]
7094,5255014,"[1098714, 16233191, 398218, 23215466, 1499469, 1628260, 1012276, 219182, 700817, 153850, 34264, 10951002, 587293, 34268, 10756459, 153849, 15945614, 16101115, 2643052, 288600, 17302963, 290131, 38675, 38676, 9735478, 3940051, 1468077]"
7095,5256725,[17336078]
7096,5256726,[17336078]
7097,5257090,[12810754]
7098,5257588,"[12812539, 16235831, 26367010, 24971241]"
7099,5257898,[12813938]
7100,5258016,"[28954093, 17902184, 20642659, 12814333, 33838972, 28114552, 23719342, 25330014, 24998915]"
7101,5258855,[14652563]
7102,5258872,[13629260]
7103,5259692,[34497909]
7104,5259792,[8468812]
7105,5259915,[32332687]
7106,5260599,"[14781171, 12823329]"
7107,5260678,[23686004]
7108,5263747,"[12834648, 16116896, 17791549]"
7109,5263939,[12345083]
7110,5264182,[17910665]
7111,5265246,[12840318]
7112,5265741,"[15809856, 12970812, 15993695, 13647343, 17372310]"
7113,5265998,"[13445306, 18051183, 13260668, 13260670, 27272698, 12842828, 17980299, 22733616]"
7114,5266986,[12846739]
7115,5268232,[16150465]
7116,5268599,[12853150]
7117,5268600,[12853150]
7118,5268601,[12853150]
7119,5268815,[12854055]
7120,5270204,[7898018]
7121,5272503,[18133040]
7122,5275086,[12878796]
7123,5275596,[24896872]
7124,5276341,"[20903363, 17181509, 24402708, 26805518]"
7125,5277290,[12888138]
7126,5278088,"[16130530, 12891555]"
7127,5278438,"[13412943, 13048093]"
7128,5279368,[9630640]
7129,5280531,"[19140641, 12900806]"
7130,5281726,"[14760859, 12905462]"
7131,5282280,[13350732]
7132,5282421,[21981650]
7133,5282455,[20702025]
7134,5284725,[18733699]
7135,5284782,"[23206075, 23608940, 17736129, 20618864]"
7136,5286654,[14522607]
7137,5286855,"[15847757, 13502970, 32972153, 13281637, 12925063, 24931971]"
7138,5287305,[12926807]
7139,5287392,[18429929]
7140,5288442,"[18693883, 33843449, 12930909, 24611587, 31450752, 18667954, 28186257]"
7141,5288510,"[564204, 3772535]"
7142,5289122,[25423972]
7143,5292476,[13801447]
7144,5294594,"[13265572, 21944665]"
7145,5294897,"[29496535, 18042620, 13597203, 16049113, 13555460, 12953903, 20262813]"
7146,5295120,"[16000044, 23367265, 23367261, 17342701, 17465467, 12954620, 20821149, 22571365, 23367270, 25065631, 18668021, 16279698, 21192477]"
7147,5295294,"[22665244, 21428915]"
7148,5295520,[13065962]
7149,5296442,[1312183]
7150,5296727,[16114201]
7151,5297049,[10810955]
7152,5297892,[12961889]
7153,5298385,"[17403037, 16280717]"
7154,5298677,"[12964268, 17209757, 13574184, 17463583]"
7155,5298949,[12964966]
7156,5299577,[16092145]
7157,5299886,[13598407]
7158,5300237,[18167025]
7159,5300258,"[16028045, 19521039, 19521037, 9630902, 9630894, 6723628, 19521040, 12670968]"
7160,5301256,[13572358]
7161,5302476,[18774918]
7162,5303332,"[19401348, 16046550, 20946405, 26797462, 15791085, 32498439, 15940309]"
7163,5303668,[29410991]
7164,5305353,[12983701]
7165,5307635,"[12296595, 17286729, 15787790, 10913887, 14740456]"
7166,5307736,[15814699]
7167,5308881,"[16231403, 14059265]"
7168,5308882,"[16231403, 14059265]"
7169,5309409,"[13594769, 16048393, 15993695, 18528639, 22724958, 34602513, 21911337]"
7170,5309942,[13394182]
7171,5310508,[17623344]
7172,5312020,[16108066]
7173,5312381,[13014543]
7174,5313027,"[13005731, 29361219]"
7175,5314499,[13010310]
7176,5314516,"[13506133, 15840340, 17377636, 19367518, 23266329]"
7177,5314630,[13067404]
7178,5314867,"[13011252, 13484720]"
7179,5318567,[30753517]
7180,5319212,[13023410]
7181,5321218,[13029036]
7182,5321667,[20943650]
7183,5321960,"[22453253, 13031380, 17339335, 19272409, 16149408, 13497929, 15778514, 13437141, 19272456]"
7184,5322773,[35264052]
7185,5322850,[13033924]
7186,5322924,[13034113]
7187,5322962,"[15781464, 17377989]"
7188,5323170,"[16045203, 23014712, 12925656]"
7189,5324146,"[29496535, 17859577, 13542374]"
7190,5324198,"[17910067, 13037538, 16059370]"
7191,5325360,[36]
7192,5328113,[18241346]
7193,5328364,[13048895]
7194,5328369,[13048895]
7195,5328370,[13048895]
7196,5328371,[13048895]
7197,5328601,[11060998]
7198,5328602,[11060998]
7199,5329496,[22701387]
7200,5329790,"[13052452, 13483340]"
7201,5331802,[13607320]
7202,5331983,"[30753743, 17790234, 15714476, 13064233, 13533650]"
7203,5332306,"[17929423, 21867533]"
7204,5333638,"[13421146, 20826544]"
7205,5333703,[13062713]
7206,5335592,[13581407]
7207,5335601,"[15981347, 20429000, 17981911]"
7208,5335865,"[24585761, 26835834, 18269916, 35264052]"
7209,5335920,"[13069372, 15730267, 15808851]"
7210,5340653,[26352523]
7211,5341919,[13134437]
7212,5342474,[13087212]
7213,5344384,"[13092515, 16668339]"
7214,5345100,[22890979]
7215,5345162,"[14758840, 13094607, 14758836]"
7216,5346143,[25845800]
7217,5346249,[13499365]
7218,5347935,[9466840]
7219,5348132,"[20483084, 22864838]"
7220,5351025,"[13397978, 13398025, 13110891]"
7221,5351355,"[17834122, 23296234]"
7222,5351607,[15993695]
7223,5351847,"[28078791, 24611587]"
7224,5351849,"[30971784, 22749698, 13112921]"
7225,5352392,[13488364]
7226,5354687,"[35025114, 29102939]"
7227,5354926,[13649239]
7228,5354958,[13294746]
7229,5355031,"[13121817, 22403015]"
7230,5355122,"[24722156, 14289042, 25030446]"
7231,5355373,[15980188]
7232,5355675,[13132237]
7233,5356562,"[17668968, 25720838, 34016323]"
7234,5357448,[13182495]
7235,5359213,[25362894]
7236,5359218,[22823221]
7237,5359732,[13136967]
7238,5360266,"[15831705, 25362662, 16106444, 22246738, 22246717, 22246684, 15832002, 15995593]"
7239,5360651,[13139452]
7240,5361693,[17080266]
7241,5362029,[13519964]
7242,5365396,"[21544228, 19138878]"
7243,5367387,[13160434]
7244,5368048,[13162223]
7245,5370775,[3168038]
7246,5371025,"[13628855, 13562180]"
7247,5371078,[13173379]
7248,5372461,[13177385]
7249,5372462,"[20642659, 13177385, 26114389]"
7250,5372463,[13177385]
7251,5372464,[13177385]
7252,5373338,[13579397]
7253,5373614,[13180484]
7254,5374297,"[13182274, 16054932, 14686464, 13495244]"
7255,5374955,[18216708]
7256,5374995,[13131080]
7257,5375087,[13184403]
7258,5375088,[13184403]
7259,5375890,[17465485]
7260,5376046,"[13187162, 17571248, 18764360, 16074843, 16074851]"
7261,5376167,[10243045]
7262,5377476,"[31298846, 29427818, 16303287, 28927033]"
7263,5381542,[13209542]
7264,5382939,[13411788]
7265,5386283,[24903355]
7266,5386594,[13224118]
7267,5386858,[29960675]
7268,5387551,"[13227064, 22613067, 19471715]"
7269,5390266,"[13184962, 13573764]"
7270,5390444,"[20519006, 16059435]"
7271,5390719,"[25502933, 15804084]"
7272,5391075,[13542456]
7273,5391472,[25875555]
7274,5392304,[13450478]
7275,5392744,[13031380]
7276,5392955,"[6076675, 6441539]"
7277,5393357,"[13244372, 16067683, 15723916]"
7278,5393419,"[25390583, 17398829]"
7279,5393895,[17707758]
7280,5395602,[13552865]
7281,5397013,[21544276]
7282,5398571,[22456909]
7283,5399219,"[20797388, 23379431, 13517498, 13517495, 13517496]"
7284,5399453,[8129662]
7285,5402447,"[13330100, 13272713]"
7286,5403541,"[23451034, 18667112, 29758013, 25863014]"
7287,5403927,[13343283]
7288,5404521,"[17842040, 24611587]"
7289,5404616,"[25159315, 13279692, 17318676]"
7290,5406182,"[15733144, 25471700, 13284052]"
7291,5406978,"[13447670, 16277039]"
7292,5407284,[15829015]
7293,5407300,"[17349153, 20306792]"
7294,5407915,[20935097]
7295,5413207,[13322609]
7296,5414574,[24515547]
7297,5415110,[11926311]
7298,5415687,[13329738]
7299,5415688,[13329738]
7300,5416090,"[18630439, 13260802]"
7301,5419377,[13340658]
7302,5421050,"[28577883, 17385231, 26047687]"
7303,5421861,[13348320]
7304,5422230,[13349556]
7305,5424285,[13373170]
7306,5424286,"[17061189, 20420174, 22387723, 18269815, 21806047]"
7307,5429309,"[24693021, 13370523]"
7308,5429635,[13451641]
7309,5430216,[13372875]
7310,5430378,"[22911719, 16103765, 29857730, 12576579]"
7311,5431181,[17156415]
7312,5432032,[13378361]
7313,5432887,[13380680]
7314,5436815,[33509082]
7315,5437013,[13390709]
7316,5437976,"[13584400, 13432620]"
7317,5438808,[13395504]
7318,5441556,"[17377165, 32098198]"
7319,5442345,[15705459]
7320,5442390,[25537680]
7321,5442570,[13411799]
7322,5442755,[122999]
7323,5442756,[122999]
7324,5442759,[21950253]
7325,5444060,"[28810197, 22639535]"
7326,5444500,[27259205]
7327,5444795,"[16085468, 16035274, 13411245]"
7328,5445059,[22031465]
7329,5445166,[13411964]
7330,5445209,"[20661211, 34415420, 15993695, 17233708, 14060081, 24517353, 13412018, 17787229]"
7331,5445782,[7102544]
7332,5445830,[13797103]
7333,5446186,"[27876170, 27876118, 27876157, 2132220, 27876188, 27876137]"
7334,5446303,[24885661]
7335,5446913,"[13414835, 17162437, 15851511, 20300224, 15765699, 18211884]"
7336,5447353,[13415915]
7337,5447836,[13416853]
7338,5448112,[13489872]
7339,5448154,[13640928]
7340,5448225,[13417737]
7341,5448409,[36]
7342,5449042,[18490635]
7343,5449630,"[13558157, 13558184, 23876958]"
7344,5451511,[13420494]
7345,5455609,"[8976692, 9917942]"
7346,5455610,[9917942]
7347,5455612,"[8976692, 12831376]"
7348,5457646,[303496]
7349,5458477,[29742151]
7350,5458573,"[13423229, 13606511]"
7351,5463981,[17707758]
7352,5466147,[37193]
7353,5471774,[13422432]
7354,5481957,"[25076057, 279969, 17334481, 16255632, 6471230, 6471231, 7822778, 1130444]"
7355,5502079,[29632245]
7356,5502630,"[13183554, 15800553, 12685077, 13183556]"
7357,5529995,"[18513556, 22875082, 19539103]"
7358,5553854,[23882997]
7359,5553877,[30724961]
7360,5560132,[13425130]
7361,5560488,"[18332010, 22673361]"
7362,5565007,[13425149]
7363,5582891,"[15775101, 13432219]"
7364,5589615,[15845097]
7365,5596285,"[12349653, 13183510, 13183512, 17571358, 12349654, 11029842]"
7366,5604797,[16054252]
7367,5605601,[25742254]
7368,5607896,"[17264131, 13436345]"
7369,5607897,"[17264131, 13436345]"
7370,5607899,[13069014]
7371,5607900,[13069014]
7372,5609118,"[20578958, 26727264]"
7373,5610529,[13438525]
7374,5610652,"[29774075, 27802741]"
7375,5610950,[13167096]
7376,5614141,"[1913193, 592807, 1231900]"
7377,5616191,"[13506255, 13445008]"
7378,5618089,[17838247]
7379,5618190,"[17786014, 26016162, 27619091, 17333471]"
7380,5618684,[23490950]
7381,5618752,[30753517]
7382,5619151,[19297505]
7383,5621761,[16083032]
7384,5621828,[32622501]
7385,5621921,[92377]
7386,5622334,[18469987]
7387,5622645,[13450223]
7388,5625945,"[21396155, 25733660]"
7389,5625978,"[15726842, 17325157]"
7390,5626120,"[17280122, 13455513]"
7391,5626138,"[13455553, 24611587]"
7392,5640137,[13273621]
7393,5659982,[18488572]
7394,5660578,[8989664]
7395,5661809,"[35264052, 24998247]"
7396,5665404,[100394]
7397,5665572,[29863883]
7398,5667167,[17910665]
7399,5672314,[7843500]
7400,5684225,[450371]
7401,5694181,"[20804029, 13606054]"
7402,5698327,[16180723]
7403,5725313,"[7280026, 10096884]"
7404,5725459,[777425]
7405,5726831,"[17264568, 13511349, 13478247, 13604857, 21964532]"
7406,5732087,[11646671]
7407,5741473,[11040918]
7408,5751572,[23015062]
7409,5752145,"[17667916, 23309705, 13482750, 24867021, 17303139, 23495112, 29003305, 30112512]"
7410,5752359,[13483201]
7411,5752454,[57913]
7412,5752810,"[17159305, 13484226, 15988916, 19337400]"
7413,5752854,[12279259]
7414,5753326,[13264490]
7415,5753331,"[13466202, 18196600]"
7416,5753870,[15456561]
7417,5753883,"[23351877, 25105321, 7736327]"
7418,5754196,[21863903]
7419,5754682,[13486830]
7420,5755229,[29909523]
7421,5755316,[13490777]
7422,5755322,[20605428]
7423,5755523,[13491299]
7424,5755699,[13491655]
7425,5756547,[26155898]
7426,5756901,"[16079648, 13494123, 15734953]"
7427,5757332,[29347711]
7428,5757399,[13273621]
7429,5757400,[13273621]
7430,5757476,"[13495219, 15731772]"
7431,5758689,[16207327]
7432,5758692,[21855285]
7433,5759093,[13498421]
7434,5759214,[13600791]
7435,5759417,[1116627]
7436,5759763,[18523028]
7437,5759851,[13552268]
7438,5760167,"[17860621, 17860567, 18004534, 15725907]"
7439,5760240,[18643060]
7440,5760737,"[23444482, 28114552]"
7441,5761577,[23596104]
7442,5761580,"[25394547, 22328541, 31246863]"
7443,5761611,[13503808]
7444,5762464,"[27811018, 25903400, 16079615, 18395230, 22802281, 25875555]"
7445,5763118,[1270247]
7446,5763119,"[13590724, 17572020]"
7447,5763250,[16062807]
7448,5763298,[13507509]
7449,5763301,"[15927484, 17901769, 17310126, 13507512, 18667312]"
7450,5764225,[13515493]
7451,5764273,"[16208685, 29584838]"
7452,5764543,[22117059]
7453,5765088,[3303559]
7454,5765897,[13512495]
7455,5766043,[13512759]
7456,5766244,"[6285236, 105660, 3350218, 870667]"
7457,5767064,"[13598026, 13514468]"
7458,5767418,[13515176]
7459,5767496,[17157707]
7460,5767815,[13177385]
7461,5767839,[13516027]
7462,5767840,[13516027]
7463,5767871,[13553254]
7464,5768382,[18464576]
7465,5768539,[6767166]
7466,5768569,[13517384]
7467,5768611,"[28562419, 26074185, 31371485]"
7468,5769305,[13611183]
7469,5769441,[13279716]
7470,5769665,[13519812]
7471,5769734,[13519942]
7472,5769764,[15954310]
7473,5769884,"[15757348, 13520274]"
7474,5770081,[15845097]
7475,5770353,[6746528]
7476,5770397,[7898018]
7477,5770753,[27013558]
7478,5771610,[13530224]
7479,5771853,"[13530566, 26796308]"
7480,5772144,"[9532901, 13531835]"
7481,5772158,"[15823466, 13414506, 13642245, 17262584]"
7482,5772887,[13537213]
7483,5773639,[13539142]
7484,5773867,"[20484563, 15079819, 13539723]"
7485,5774051,"[9830133, 13493042, 871657, 2113261, 9813572]"
7486,5774362,[28957290]
7487,5774415,[35264052]
7488,5774768,[16205710]
7489,5774830,[13541721]
7490,5775185,[876637]
7491,5775502,[4097025]
7492,5775621,[551454]
7493,5777705,[25111061]
7494,5777764,"[16074843, 16074851]"
7495,5777960,[13546207]
7496,5777997,"[13546433, 22540205]"
7497,5778089,"[13547477, 17191535]"
7498,5778099,[13547778]
7499,5778174,[32308123]
7500,5778231,[8697285]
7501,5778486,"[18404320, 23014676, 13548909, 26114354]"
7502,5778695,"[13549375, 17195831]"
7503,5778769,[13549523]
7504,5779081,[6646849]
7505,5779135,"[25927255, 17950402]"
7506,5779282,[26848787]
7507,5779980,"[12377549, 25118836]"
7508,5780097,[12074910]
7509,5780197,[13562515]
7510,5780410,[13553378]
7511,5780445,"[13553459, 18075001]"
7512,5780485,[16124062]
7513,5780491,[13553588]
7514,5780686,"[25597060, 20518872, 26166883, 20945093]"
7515,5781637,[13556068]
7516,5781888,[20804029]
7517,5782137,[17831605]
7518,5782149,"[15808830, 13588355, 18143069]"
7519,5782568,[22320471]
7520,5783151,[16290859]
7521,5783675,[13560382]
7522,5783775,[13519942]
7523,5784286,[13562007]
7524,5784430,"[22754818, 17561496, 13562109]"
7525,5784534,"[20893389, 13562334, 13562336, 17934405]"
7526,5785094,[33970903]
7527,5785462,[17341173]
7528,5785692,"[13564666, 22916532, 30032302, 21844932, 17817925, 18457827]"
7529,5786003,[13565300]
7530,5786219,[13565800]
7531,5786232,"[18216608, 16036514]"
7532,5787300,[17731644]
7533,5787645,[13821]
7534,5788745,[29936143]
7535,5790296,[110744]
7536,5790694,[767326]
7537,5790737,[754004]
7538,5792066,"[15038253, 11880612]"
7539,5793234,"[6490566, 7945295]"
7540,5796286,"[34826946, 33916060]"
7541,5804086,[22019756]
7542,5804101,"[25972177, 20880386, 17693064, 27209459, 23156342, 32573186, 25430202, 18138189, 23398770, 18488572, 16144869, 19486395]"
7543,5804408,[35479812]
7544,5804537,"[36178500, 23670080, 27215600, 18806869]"
7545,5804836,[17984925]
7546,5805455,"[18490688, 22813444, 16045120]"
7547,5805694,[13576618]
7548,5805814,"[16300029, 16299948]"
7549,5806077,"[23279496, 17694650, 15797050, 29502206, 17797456]"
7550,5806079,[13579352]
7551,5806251,[23381707]
7552,5806715,"[31702788, 15850937]"
7553,5807106,"[12017, 290574]"
7554,5807129,[17950402]
7555,5807332,[14761550]
7556,5807648,"[17714035, 17657129]"
7557,5808037,"[18402115, 18665617, 23162817, 17906052, 16166400, 21849253]"
7558,5808145,[10735287]
7559,5808280,"[6780702, 18361683]"
7560,5808420,[13614666]
7561,5809064,[13584837]
7562,5809539,[341272]
7563,5810276,[13587105]
7564,5813075,"[22740195, 17345242]"
7565,5814050,"[1183025, 397400]"
7566,5814183,[13594593]
7567,5814309,[13594857]
7568,5814311,[13594857]
7569,5814355,[20702949]
7570,5814544,"[25431173, 13595635]"
7571,5815423,[13597733]
7572,5815432,"[17790217, 13597755]"
7573,5815500,[16112466]
7574,5815513,"[10044191, 16008616]"
7575,5815639,[20804029]
7576,5815882,[13599050]
7577,5816392,[23015062]
7578,5816770,[18658149]
7579,5816951,[47530]
7580,5817161,"[29473487, 17616067]"
7581,5817325,[15993695]
7582,5817499,"[12598381, 8449537]"
7583,5818013,[13603568]
7584,5818055,[13603677]
7585,5818208,[13603989]
7586,5818634,[18090081]
7587,5819560,[13615256]
7588,5819903,[18476843]
7589,5820327,[16040421]
7590,5820379,"[20791883, 25774444]"
7591,5820493,[13609665]
7592,5820827,[13538863]
7593,5821661,[9532901]
7594,5822331,[21942230]
7595,5822465,"[17675434, 21402784]"
7596,5822521,[23015062]
7597,5822798,[10810955]
7598,5822912,[16086351]
7599,5823058,"[15705572, 15708516, 17696414, 18332077, 17696369]"
7600,5823115,[13616087]
7601,5824162,[10877155]
7602,5824197,"[15846144, 15738851]"
7603,5824401,[25776279]
7604,5825228,[30753517]
7605,5825239,[13623939]
7606,5825471,[13624772]
7607,5825472,[13624772]
7608,5825760,"[13625388, 21457923]"
7609,5825979,"[29751984, 22718724]"
7610,5826477,"[17171950, 15852288, 18061790, 14743765]"
7611,5827096,[13628839]
7612,5827102,[13628085]
7613,5827253,[13618421]
7614,5827587,"[13629948, 29065082]"
7615,5827602,[15753908]
7616,5828053,[13631001]
7617,5828129,"[13631207, 20524616, 17394680, 14740130, 15954434]"
7618,5828179,[22328058]
7619,5828387,"[17249478, 15781952, 13631837, 21519379, 16094613]"
7620,5829056,"[29008738, 17412069, 34356650, 23638813]"
7621,5829689,[13634646]
7622,5829788,[13634791]
7623,5829989,"[21935308, 17946241]"
7624,5830526,"[20747635, 13636400, 18366739, 31451267, 28433405, 17199504, 24288069, 17853114, 20590667, 18594512, 20889470, 17901125, 33843449, 28260402, 31450752]"
7625,5830842,[16098728]
7626,5831306,"[18165325, 13638327]"
7627,5831353,[18333656]
7628,5831672,"[13639182, 25742635]"
7629,5831854,[31553869]
7630,5832220,[13640296]
7631,5832728,[13641561]
7632,5832736,[847048]
7633,5832925,[15799400]
7634,5833021,"[18071697, 13643064]"
7635,5833089,"[17869212, 13643222]"
7636,5833183,"[22693160, 15818254, 30653902, 18085456]"
7637,5834274,[13645671]
7638,5835138,"[28487279, 25414725]"
7639,5835506,[23497534]
7640,5835604,[17162953]
7641,5835922,[5500]
7642,5836035,[13650334]
7643,5837768,[21432372]
7644,5837868,[13665100]
7645,5847409,[5453478]
7646,5860277,[25796637]
7647,5861864,[18478539]
7648,5865943,"[22046835, 15763831, 18812785, 17783115, 13811234]"
7649,5868487,[27973757]
7650,5872567,[26109267]
7651,5874526,[27833800]
7652,5875014,"[17196290, 22733612]"
7653,5877921,"[22179446, 17254223, 18209104]"
7654,5890982,"[16104821, 20946333, 18164236, 15762152]"
7655,5894584,[25239152]
7656,5894935,[17192124]
7657,5895608,"[18278888, 14061105]"
7658,5898355,"[23524878, 17446626, 27411345, 23156342, 18138300, 20516386, 23248251, 18513718, 15750692]"
7659,5921279,[15980001]
7660,5975632,[93109]
7661,5976337,"[30653882, 22583008, 25742644, 18651970]"
7662,5989255,[17707758]
7663,5989313,[23705479]
7664,5989409,"[15993695, 14288131]"
7665,5989463,[18191104]
7666,5989661,"[16180772, 14288739]"
7667,5989889,[14289259]
7668,5989926,[16281499]
7669,5990137,[22535463]
7670,5990247,[17878124]
7671,5990460,[14290499]
7672,6000436,[18157967]
7673,6007140,[23212705]
7674,6015788,[28869444]
7675,6052785,[24196004]
7676,6075640,[7739838]
7677,6075650,[14553832]
7678,6076026,"[16248246, 3392692, 120240]"
7679,6079115,[23395819]
7680,6080025,"[22545870, 10858437, 10858434, 31411922, 25526440]"
7681,6082024,"[17399863, 23698892]"
7682,6082927,[23247631]
7683,6092607,"[23295046, 17900113]"
7684,6093938,[28198]
7685,6094097,[12356958]
7686,6094167,[14624644]
7687,6094309,[25118836]
7688,6104410,[21457212]
7689,6150459,[15769991]
7690,6150699,"[15724908, 17189031, 16240988]"
7691,6151198,[14741366]
7692,6151511,[14741901]
7693,6151960,"[20588643, 24042732]"
7694,6153661,"[14759013, 20558767]"
7695,6154058,[1493253]
7696,6154156,[14760299]
7697,6154201,"[14760394, 23574250]"
7698,6154478,[15793154]
7699,6158098,[14781525]
7700,6162355,"[14812991, 12872080, 15520672]"
7701,6166668,"[18050015, 22392755]"
7702,6177334,"[15808592, 18079492, 14910823]"
7703,6180865,[14922794]
7704,6186446,[14946083]
7705,6202730,[28512700]
7706,6209780,[15096092]
7707,6216115,[31014504]
7708,6216688,[16307045]
7709,6219675,"[20579281, 17182421]"
7710,6226487,"[32077461, 22750066]"
7711,6265027,[15206714]
7712,6397335,[15592516]
7713,6397361,[15592516]
7714,6420147,"[17973145, 23245593, 27414389]"
7715,6420295,[16155612]
7716,6420480,"[17855514, 17855442]"
7717,6421258,[27405594]
7718,6422091,[10810955]
7719,6422993,"[20937791, 15705687]"
7720,6423096,[23567473]
7721,6423161,"[23450710, 20759498, 28954200]"
7722,6423717,[33976371]
7723,6424971,[18177623]
7724,6425045,"[26025987, 17281362, 15710557]"
7725,6425797,[15712063]
7726,6426393,[20257448]
7727,6426636,[15755864]
7728,6426782,[6214309]
7729,6426921,[15714590]
7730,6427017,[15715110]
7731,6427501,"[34913836, 35452863, 29960499]"
7732,6429144,[9466833]
7733,6429243,"[17305421, 27348722, 25479922, 18273368, 15749326]"
7734,6429303,"[22668720, 18281997]"
7735,6429321,[15720987]
7736,6429917,[15722300]
7737,6430276,[15767765]
7738,6430361,"[15723597, 16130164]"
7739,6430454,[15723908]
7740,6430719,[6453270]
7741,6430924,"[15724834, 16111556]"
7742,6431156,[25650677]
7743,6431581,[15726351]
7744,6431699,[15726673]
7745,6431865,[15749124]
7746,6431873,[15727086]
7747,6432817,[18337823]
7748,6433747,[15731679]
7749,6434323,[16440866]
7750,6434806,[15734380]
7751,6434877,"[33158561, 28220826, 23848113, 35020380]"
7752,6435681,[11196957]
7753,6435974,[24662406]
7754,6436214,[15737640]
7755,6436578,[11598940]
7756,6436774,[15739212]
7757,6436838,[15860991]
7758,6436872,"[20929, 7269507, 2240429, 7143047, 7972041, 491075, 12858494]"
7759,6437336,"[17679373, 18197222, 15740507]"
7760,6437412,[17823134]
7761,6439381,[15745647]
7762,6439443,[17251203]
7763,6439448,"[21854696, 18010180, 26866700, 15745772]"
7764,6439741,[15746512]
7765,6440255,[15747587]
7766,6440485,[16032037]
7767,6440732,[419954]
7768,6440733,[419954]
7769,6440734,[419954]
7770,6441452,[22491026]
7771,6441917,"[20565724, 18166936, 25010609, 22774988]"
7772,6442785,[18810502]
7773,6442922,"[17208764, 15753910]"
7774,6443222,[15754767]
7775,6443456,[15755349]
7776,6444153,[25668535]
7777,6444158,[15756982]
7778,6444266,"[15778461, 30289169]"
7779,6444282,[6345021]
7780,6444714,"[16176388, 18517541]"
7781,6446003,[18075916]
7782,6446066,[15833761]
7783,6446311,"[15763671, 18213570]"
7784,6446785,[16230420]
7785,6446815,"[34315020, 15781131, 15764009]"
7786,6447223,[5739760]
7787,6447357,[25638598]
7788,6447627,[15765427]
7789,6448210,"[25885733, 22747768, 22747749, 15766776]"
7790,6448297,[18596555]
7791,6448509,[15818775]
7792,6448929,[26127014]
7793,6448939,[25650677]
7794,6448958,[15768498]
7795,6449478,[27259205]
7796,6450142,"[15790858, 16060302, 18431722, 11438693]"
7797,6450613,"[15772667, 26241281, 23603906]"
7798,6450754,[15773126]
7799,6451059,[15823512]
7800,6451319,[15774500]
7801,6451403,"[18106165, 15774661]"
7802,6451816,"[25866430, 29510397, 23423370]"
7803,6452190,"[15826570, 15838984]"
7804,6452869,[34356928]
7805,6452986,[15778735]
7806,6453465,"[15779886, 17617373]"
7807,6453832,[15780926]
7808,6453983,[15781364]
7809,6455086,[15784247]
7810,6455497,[20881952]
7811,6456015,"[17707700, 15808242]"
7812,6456288,"[12431868, 8806781]"
7813,6456544,"[1344000, 5321699, 13737, 6648595]"
7814,6456912,"[18805154, 18106985, 30363424]"
7815,6457430,[17948772]
7816,6457589,[15847865]
7817,6457635,[15993695]
7818,6457868,[20299769]
7819,6458963,"[15849472, 17834896, 16169846]"
7820,6459302,"[11337143, 11089464, 7685237, 11635665, 7641961]"
7821,6459572,"[15801226, 18051090]"
7822,6459715,"[16074932, 16074739, 31423605, 250317]"
7823,6460726,[108166]
7824,6461009,"[108888, 153220, 1385783, 153218, 7107573, 11797382, 6121287]"
7825,6462453,[27037567]
7826,6462472,"[18492487, 16072981, 15808673]"
7827,6462760,[33838972]
7828,6463972,"[18079746, 15812812, 23590296]"
7829,6464098,[15979672]
7830,6464112,[13625929]
7831,6464240,[15980406]
7832,6464342,[11212021]
7833,6464343,[11212021]
7834,6464383,"[2801914, 6596708, 1937288, 3871801, 2003738, 13057774]"
7835,6466294,[6419136]
7836,6466369,"[18681553, 18681547, 18631388, 23688106, 33573674]"
7837,6466778,"[16065751, 18148202, 17624060, 21075386, 17907464, 15819028, 30753517]"
7838,6467424,[17159412]
7839,6467480,[10810955]
7840,6467481,[10810955]
7841,6467482,[10810955]
7842,6467483,[10810955]
7843,6467608,[32162948]
7844,6467927,[15824174]
7845,6468949,"[20723801, 10471511, 24934636, 6371720]"
7846,6469080,[32419641]
7847,6469490,"[31311526, 28218948]"
7848,6469599,"[15828366, 31753348]"
7849,6469660,[15828525]
7850,6469681,[25051392]
7851,6469829,[13604243]
7852,6469903,[17572020]
7853,6469948,[16094679]
7854,6470511,[15830521]
7855,6470520,[15749124]
7856,6470642,[13540519]
7857,6470969,[14655507]
7858,6471427,[15837396]
7859,6472225,[13515848]
7860,6472261,"[17560872, 15834810]"
7861,6472264,[23168836]
7862,6472599,[15835861]
7863,6472670,"[7766830, 6483360, 6775682]"
7864,6472959,[21480819]
7865,6473496,"[18103578, 17979819, 22839466, 18249808, 28210278]"
7866,6473931,[15838964]
7867,6474204,[17130466]
7868,6474348,"[20766595, 21801144, 20697410, 30267872, 15839976, 28946535, 23360729, 25430565, 18723009, 18966806, 24408006, 29594616, 18754456, 25372230, 26818907]"
7869,6474354,"[15839984, 28448239, 22693181, 22934445, 18240439]"
7870,6474501,[19089172]
7871,6476065,"[23173457, 23882997]"
7872,6476148,[15843604]
7873,6477522,"[23634452, 15848274, 22020023]"
7874,6477757,"[18224112, 15848895]"
7875,6477800,[13133307]
7876,6478373,"[17315048, 26462167, 20792791, 22820624]"
7877,6478378,"[279969, 6254610]"
7878,6478732,[24918812]
7879,6479279,[15853094]
7880,6479863,[728047]
7881,6479929,[15854503]
7882,6483061,[15864513]
7883,6483198,[15865063]
7884,6483413,"[13543039, 15808630]"
7885,6485160,[15869701]
7886,6489221,[22365476]
7887,6498865,[18733563]
7888,6505947,[23015062]
7889,6506537,[15927438]
7890,6506571,"[16099782, 18480576, 15927534]"
7891,6507887,[15938473]
7892,6508919,[15942652]
7893,6517244,[30612698]
7894,6517455,[24283825]
7895,6517538,[15854616]
7896,6517902,[15982000]
7897,6517970,"[16061083, 17564270, 22893141, 21421460]"
7898,6518554,[15998621]
7899,6519007,[25106194]
7900,6519015,[15985432]
7901,6519682,"[21462130, 25750003]"
7902,6519859,[25645269]
7903,6520318,[15990930]
7904,6520834,"[25175898, 30166599, 26074194, 22703968, 29360999, 32446959, 28650500]"
7905,6521036,"[17322045, 18044158]"
7906,6521898,"[18144593, 18581604, 31920528]"
7907,6522075,"[15995728, 21857530, 21857517, 21857722]"
7908,6522373,[17288193]
7909,6524232,[18754638]
7910,6524620,"[28811016, 17027804, 17608111, 20647547, 20883847, 15790883]"
7911,6525664,[25875555]
7912,6525667,[16004680]
7913,6525693,[8697285]
7914,6525721,[16004807]
7915,6525843,[16005072]
7916,6525929,[20696013]
7917,6526309,"[17188654, 28326264, 25752813, 17188648, 16065829, 16006132, 25875555]"
7918,6526737,[22360832]
7919,6527021,[19184]
7920,6527314,[16008688]
7921,6527401,[17370986]
7922,6527572,[17610357]
7923,6527799,[16162524]
7924,6533864,"[17264131, 13436345]"
7925,6533979,[17673620]
7926,6534510,[16077558]
7927,6535145,[18040335]
7928,6535359,"[23718100, 16034218]"
7929,6535367,"[20727653, 21558972]"
7930,6535416,"[16034320, 18338679]"
7931,6535608,"[14781221, 13616278, 26367085, 17737893, 23129080]"
7932,6535659,"[29939048, 22824819]"
7933,6535967,[16035850]
7934,6536659,"[23431347, 17235997, 16037696, 25271794, 18482782]"
7935,6536721,[16037687]
7936,6537090,"[21474959, 17797382]"
7937,6537150,"[16038839, 17668584]"
7938,6538148,[16041031]
7939,6538289,"[20819685, 29790541, 28953095, 25700986, 18949650, 24499258, 23212705, 24870101, 24500887, 22430860, 25277627, 30840877, 21496755]"
7940,6539034,[16043626]
7941,6539087,[31298064]
7942,6539315,[16044329]
7943,6539556,"[25057819, 16045091]"
7944,6539577,"[16045246, 35174857, 18683809]"
7945,6540057,"[24737104, 20555443, 17315048, 17999114, 27067314, 18517873, 26462167, 20792791, 21424761, 20829029, 25852860, 25739181, 24044140, 18007564, 22820624]"
7946,6540331,[16046969]
7947,6540633,[21806369]
7948,6540735,[7991204]
7949,6541366,[16049275]
7950,6541831,[16050312]
7951,6542406,[16051788]
7952,6542620,[21519284]
7953,6542670,[16052411]
7954,6543097,[6870698]
7955,6543253,"[10594929, 10750, 6064006, 158395, 37442, 3124249, 13521]"
7956,6543330,[22353165]
7957,6543523,[17826786]
7958,6543639,"[26369339, 29509610, 23704416, 23881203, 28148263, 29509575, 25566937, 23178793, 29777634, 29509599, 28442549]"
7959,6543837,[21518799]
7960,6544886,[28957290]
7961,6544955,[16058646]
7962,6545102,[16059057]
7963,6545271,[16059409]
7964,6545317,[28254476]
7965,6545831,[27396942]
7966,6546134,[16078917]
7967,6547885,"[16248073, 23131075]"
7968,6547911,"[18813639, 17741066, 16248223]"
7969,6547976,[28539]
7970,6548216,[17663148]
7971,6548741,[16067459]
7972,6548820,[25115888]
7973,6549106,[23245593]
7974,6549281,"[21524042, 18465608]"
7975,6549285,"[25431440, 31144003, 16068780, 24585267, 28512427, 22586252, 22138440, 23254391]"
7976,6549287,[16104353]
7977,6549412,[17379587]
7978,6550220,"[19089212, 24600268]"
7979,6550753,[16073073]
7980,6551041,[16073880]
7981,6551211,[16074630]
7982,6551671,"[12154327, 6762468]"
7983,6551703,"[18329357, 18038336, 17281667]"
7984,6551704,"[18329357, 17281667]"
7985,6551798,[34831421]
7986,6551813,[23347067]
7987,6551996,[16076847]
7988,6552441,"[21470669, 18722328]"
7989,6552446,"[17261347, 29453893, 18456157, 18844839, 16077863]"
7990,6552989,[16079090]
7991,6553902,[18396747]
7992,6554179,[17790869]
7993,6554477,[27833683]
7994,6554504,"[24525093, 23573808]"
7995,6554935,[18465356]
7996,6554985,[16083600]
7997,6555304,[11210965]
7998,6555313,[11210965]
7999,6555383,[13493042]
8000,6556613,[16088107]
8001,6556689,"[20727893, 24885831]"
8002,6557157,[16089573]
8003,6557179,[17281848]
8004,6558469,[561867]
8005,6558842,[22819674]
8006,6559113,"[16093908, 17345314]"
8007,6559160,"[30795613, 36020]"
8008,6559537,[16095076]
8009,6560645,[23580496]
8010,6560692,[16097723]
8011,6561851,"[16101090, 18114292]"
8012,6562334,[16102693]
8013,6563092,"[25057705, 23173457, 23882997]"
8014,6563247,[28954093]
8015,6563633,"[17304097, 18186721]"
8016,6563682,[16107050]
8017,6563931,"[18044109, 24959550]"
8018,6563985,"[24380140, 29201137]"
8019,6563991,[18657107]
8020,6564325,[21805265]
8021,6564843,[23456349]
8022,6564906,[22590207]
8023,6565420,[18624069]
8024,6565477,[6598735]
8025,6565839,[13167096]
8026,6566089,[16112714]
8027,6566350,[6661321]
8028,6567444,[16116963]
8029,6567825,"[33566871, 25064648]"
8030,6567929,[16905580]
8031,6568305,[25814258]
8032,6568822,[17258996]
8033,6568888,[16130371]
8034,6568891,[16120434]
8035,6569197,"[23640554, 22621765]"
8036,6569503,[16122086]
8037,6569623,"[22735855, 25118836, 21863903]"
8038,6569644,[16121637]
8039,6570230,[16123804]
8040,6570694,"[27406008, 22008761, 27401657, 16122623, 32766311]"
8041,6571299,[30317436]
8042,6571700,[25430202]
8043,6572062,[16128254]
8044,6572297,[18527753]
8045,6572366,[23441596]
8046,6572571,[21857935]
8047,6572696,[16130787]
8048,6572837,[15790894]
8049,6572969,"[36250300, 33377509]"
8050,6573134,[22701387]
8051,6573508,[16133112]
8052,6573790,"[20893389, 2748241, 18090081, 351017]"
8053,6574016,[13284272]
8054,6574288,[16130925]
8055,6574449,[22928738]
8056,6575108,"[31288429, 23045644]"
8057,6575812,[16138644]
8058,6576139,[17301154]
8059,6576718,[18961830]
8060,6576853,[18490534]
8061,6577100,[15845097]
8062,6577884,[16171313]
8063,6578457,[16146956]
8064,6578506,[16147058]
8065,6578820,"[23397698, 25538310]"
8066,6579126,"[13085609, 22460416, 26814043, 17572901, 9795166, 15810153]"
8067,6579646,[25875555]
8068,6579843,[17606863]
8069,6580373,"[16217523, 18777760]"
8070,6580610,[30804618]
8071,6580822,[491075]
8072,6580884,"[16152467, 16152454, 16162867]"
8073,6581513,[16153997]
8074,6582051,[23479194]
8075,6582898,[20686206]
8076,6583169,"[16158565, 18693767]"
8077,6583458,[17727253]
8078,6583720,[18196588]
8079,6583873,[16160501]
8080,6583988,"[17694511, 21465178, 17667092, 16293064]"
8081,6584183,[16161287]
8082,6584197,"[11804728, 6966881]"
8083,6584385,[16161779]
8084,6585259,[26838733]
8085,6585392,"[18796312, 23235777]"
8086,6585416,[17374097]
8087,6586436,[17795915]
8088,6586641,[23877993]
8089,6586877,"[25722504, 25721421]"
8090,6587202,[35264052]
8091,6587520,"[29873919, 18334136]"
8092,6587839,[120240]
8093,6587842,[120240]
8094,6588482,[34828626]
8095,6588489,[24331513]
8096,6588565,[11851051]
8097,6588778,[16173186]
8098,6588780,"[30197398, 20454084, 26030700, 23279104, 17333338]"
8099,6588802,"[24816175, 26597918, 16173250, 20648285]"
8100,6590994,[18149634]
8101,6591244,"[29208965, 23477942]"
8102,6591473,"[17745703, 23433222, 27779008, 19502459, 18866743]"
8103,6591475,[19106050]
8104,6591511,[18049965]
8105,6591948,"[18904215, 18067887]"
8106,6592100,"[25416768, 17377224, 16181879]"
8107,6592670,"[17085959, 18966345, 23493837]"
8108,6595274,[16189172]
8109,6595275,[16189172]
8110,6596331,[13493042]
8111,6597194,[29742867]
8112,6597503,[16193965]
8113,6599726,[25898743]
8114,6603731,[16205945]
8115,6604148,"[17802151, 18743167]"
8116,6604537,[17827098]
8117,6606362,[17251690]
8118,6609948,"[16217699, 17617509]"
8119,6622356,[18718879]
8120,6622769,[16245589]
8121,6623792,[16247958]
8122,6623846,[24044140]
8123,6625011,[16250908]
8124,6625012,[16250908]
8125,6625104,[16431540]
8126,6626169,[24384089]
8127,6627023,[15845097]
8128,6627194,[16255632]
8129,6627195,[16255632]
8130,6627234,[13589141]
8131,6627235,"[13589141, 17859577]"
8132,6627236,"[13589141, 17859577]"
8133,6627289,[18171112]
8134,6637152,[16268911]
8135,6637181,[23067007]
8136,6642384,[16276059]
8137,6644114,"[18693066, 25014122]"
8138,6644323,[16280546]
8139,6644836,[17924035]
8140,6645233,[16282850]
8141,6645634,[18750310]
8142,6646137,[16284783]
8143,6646584,[15842677]
8144,6646989,[17572020]
8145,6653386,[16299211]
8146,6653398,[16299211]
8147,6653676,[16299816]
8148,6653786,[35268619]
8149,6653788,"[18212395, 22294478]"
8150,6653864,"[18481791, 20958865]"
8151,6654039,[16300814]
8152,6672327,"[24819466, 20980662]"
8153,6683690,"[20642659, 33838972]"
8154,6690114,[30753517]
8155,6693411,[23845997]
8156,6696692,[16445270]
8157,6701541,"[18039194, 18039197, 17662382]"
8158,6702517,[25533199]
8159,6706503,[33838972]
8160,6751021,"[34209180, 18460142]"
8161,6751095,[21893582]
8162,6751115,[16638040]
8163,6756896,[34002070]
8164,6761251,[16692299]
8165,6767293,[16719966]
8166,6806428,[16941295]
8167,6831429,[18081426]
8168,6849375,"[16290044, 18519239]"
8169,6857367,[17152675]
8170,6858879,[17155389]
8171,6858934,"[25609111, 21976510]"
8172,6859476,[17156824]
8173,6859517,[17131858]
8174,6859638,[6528962]
8175,6860265,"[33375622, 33838972, 23719342]"
8176,6860531,"[17158457, 18967087, 17255435, 21466236, 27862222]"
8177,6861257,"[16145361, 28364013]"
8178,6861881,"[22072083, 18043364]"
8179,6862026,"[17162150, 18283002]"
8180,6863132,[17165909]
8181,6863455,[21538656]
8182,6863587,"[22663629, 33830397, 21863903, 23882997]"
8183,6864826,[28536304]
8184,6868809,"[17185981, 21874581, 21874627, 21874620]"
8185,6868825,"[26309792, 36070854, 17182499]"
8186,6869064,[17293408]
8187,6869349,"[17786326, 26533261]"
8188,6869437,[17184046]
8189,6869934,[20566064]
8190,6870042,"[23346759, 22522818]"
8191,6870624,[16368455]
8192,6871262,[18640815]
8193,6872325,"[18114110, 17707471, 25893966, 17190704]"
8194,6875729,"[26794855, 29623647, 22787410, 34670747]"
8195,6876215,"[10321640, 10722525]"
8196,6876249,[18324431]
8197,6876493,[18107892]
8198,6876662,[17901205]
8199,6877116,[6383472]
8200,6877480,[17205213]
8201,6878020,"[18593080, 33801795]"
8202,6878812,"[31172294, 9414170]"
8203,6879348,"[31334226, 18372538]"
8204,6880125,[17211934]
8205,6880131,[29382653]
8206,6880615,"[17801911, 28459688, 25170253]"
8207,6880655,[17929925]
8208,6880847,"[22308738, 30317436]"
8209,6881794,[17902184]
8210,6883551,[25689041]
8211,6883662,[13584816]
8212,6883979,[20482734]
8213,6884287,[17707758]
8214,6886129,"[6453270, 1171783]"
8215,6886359,[17232049]
8216,6886454,[22067146]
8217,6886885,[14896701]
8218,6887988,"[17790298, 17235894]"
8219,6888220,[18741309]
8220,6888815,[17931673]
8221,6888955,"[18285765, 17238145]"
8222,6889132,"[20512062, 18637628, 17283555, 21894650, 18078556, 17559041]"
8223,6889207,[29614594]
8224,6889348,[33838972]
8225,6889443,[25323112]
8226,6889514,[20996178]
8227,6890515,[22908506]
8228,6890841,"[19180, 69451]"
8229,6892507,[18640815]
8230,6893006,"[25272178, 17968674, 17404703, 17404695]"
8231,6893188,[17251354]
8232,6893513,[15808873]
8233,6894289,"[20490484, 17253972]"
8234,6894699,[17364276]
8235,6895372,[17977063]
8236,6895716,[17859210]
8237,6895717,[17859210]
8238,6896365,[24044140]
8239,6896577,"[15745804, 13547741]"
8240,6896814,[30279445]
8241,6897702,"[17262144, 17264589, 17264584]"
8242,6897709,[17262238]
8243,6897717,"[28814845, 20708773]"
8244,6899335,[17267392]
8245,6899829,[21518594]
8246,6900888,[17660863]
8247,6903716,[17280108]
8248,6903785,"[22005854, 20824605]"
8249,6903911,[17280573]
8250,6904187,"[25387595, 28446487]"
8251,6904400,"[17281625, 21826050]"
8252,6904635,[17369278]
8253,6904801,"[16248247, 16248246]"
8254,6904806,[25692886]
8255,6905660,"[18365004, 23268813]"
8256,6907729,[17289947]
8257,6907845,[25927255]
8258,6908249,"[27665639, 18293857]"
8259,6909783,[18490713]
8260,6912153,[17302792]
8261,6912725,"[22180790, 17304193]"
8262,6912759,"[17969138, 17304282]"
8263,6913156,[20726830]
8264,6914204,"[18222819, 13604523, 15814555, 17307331, 13451210, 9565548, 20522640, 9943270, 20800199]"
8265,6914215,[22926518]
8266,6914411,"[25548911, 18046472, 25471057]"
8267,6915219,[17318894]
8268,6915400,[17312145]
8269,6916036,[17313512]
8270,6916708,"[33656433, 27284765, 23203252]"
8271,6919077,"[15808485, 18114094, 21813338]"
8272,6920317,[23352590]
8273,6922202,[20702949]
8274,6922601,[24662406]
8275,6922624,"[16060302, 18663615, 18668473, 11438693]"
8276,6922640,[25332036]
8277,6922649,[24885889]
8278,6923531,[17408269]
8279,6923558,"[18079596, 18147153, 20736850]"
8280,6923638,"[21469109, 25332036]"
8281,6925118,[18479538]
8282,6925229,[17339959]
8283,6925274,[17340090]
8284,6925432,[24103269]
8285,6925433,[25991136]
8286,6926316,[23529995]
8287,6927777,[15845097]
8288,6928196,"[17347646, 23358677, 20949447]"
8289,6928449,[17348467]
8290,6928583,[17349085]
8291,6929808,"[18741153, 18466420]"
8292,6934877,[17364172]
8293,6936822,[26227014]
8294,6937037,"[35715645, 17371003, 36237642]"
8295,6938728,"[25730912, 23531413, 18806230, 27313619, 22042095, 18625131]"
8296,6939630,[510342]
8297,6940159,[759893]
8298,6941369,[17910665]
8299,6941668,[17383495]
8300,6947727,"[28512486, 25817702, 17404295, 29422091, 17399160, 24331409, 20603028]"
8301,6948943,[17272365]
8302,6949698,"[17910048, 22320446, 23261150]"
8303,6950698,"[23403993, 18187275, 17888912]"
8304,6950740,"[25440127, 17981400, 32735182, 22323658, 22323656]"
8305,6950743,"[30177399, 29909523, 29247184]"
8306,6950818,"[26109041, 23213197]"
8307,6950877,"[18131016, 17407183]"
8308,6951222,[20743686]
8309,6951449,"[15815337, 25938482]"
8310,6951730,[25779243]
8311,6951898,[17409752]
8312,6952140,[26178321]
8313,6952853,"[22740195, 17345242]"
8314,6953485,[17413361]
8315,6953671,"[29505433, 33369873]"
8316,6953956,"[18698884, 23548155, 18669180, 23482780, 22864842, 26542535, 27064449, 26889261, 26889260, 23285831, 18712887, 18712886, 25816903, 26889259, 22698568, 33222255, 23482781, 17415882]"
8317,6960973,[17572020]
8318,6965532,[18370392]
8319,6965804,[17447896]
8320,6966640,[18135500]
8321,6967618,[17452242]
8322,6968144,"[17453523, 22662559]"
8323,6968449,"[17262149, 20587874]"
8324,6969464,[17457008]
8325,6971140,[28177280]
8326,6971179,[17464890]
8327,6974899,[27154986]
8328,6975382,[17879285]
8329,6978502,"[17554595, 25328893]"
8330,6979427,[17557803]
8331,6979556,[27259205]
8332,6981130,[20786094]
8333,6981308,[25362894]
8334,6981392,[22070953]
8335,6981454,[16059443]
8336,6981599,[25663514]
8337,6981617,"[16248141, 23315833, 1777231]"
8338,6981922,"[17563732, 18212634]"
8339,6982197,"[24525093, 29970373, 23573808, 22559561]"
8340,6982782,[15818029]
8341,6983061,[20757532]
8342,6984160,[653242]
8343,6984304,[17594473]
8344,6984757,[2246092]
8345,6984866,[17571527]
8346,6986170,[17586838]
8347,6989028,[20342498]
8348,6989845,[17596262]
8349,6993053,[23465064]
8350,6993187,[17605075]
8351,6993207,[17596261]
8352,6994636,[26305543]
8353,6995709,"[35264052, 18394751]"
8354,6996127,[17612516]
8355,6996143,[17612776]
8356,6996330,[16113587]
8357,6996400,[18271251]
8358,6996754,[30242712]
8359,6997216,[17617617]
8360,6997222,[17617648]
8361,6997957,[3303559]
8362,6999638,"[20949486, 17623995]"
8363,7000882,[17715409]
8364,7006618,[17715377]
8365,7009629,"[17661402, 28936314]"
8366,7010042,[17915229]
8367,7010135,[17205448]
8368,7010202,[22668541]
8369,7010242,[17910665]
8370,7010913,[17664919]
8371,7012437,"[32802514, 21870817]"
8372,7012498,[542284]
8373,7012642,[17669075]
8374,7012713,"[29939285, 25151797, 25664562]"
8375,7012732,[17669298]
8376,7014006,[17672483]
8377,7014014,[18621227]
8378,7014022,[20172134]
8379,7014283,[259052]
8380,7014878,[17675016]
8381,7015032,"[17675470, 25679785]"
8382,7015519,[8442016]
8383,7016651,[17680025]
8384,7020231,[23300336]
8385,7020242,[17899657]
8386,7022082,[17697700]
8387,7022361,[25819519]
8388,7022586,"[18757051, 22086881]"
8389,7022647,[17881641]
8390,7022840,[18229437]
8391,7022844,[21801491]
8392,7023701,[6416698]
8393,7024194,[17702579]
8394,7025889,[17707611]
8395,7025914,[17707769]
8396,7026053,"[17708622, 21900138]"
8397,7031278,"[15824168, 8679140, 12437907, 22665494, 3309615, 13068409, 6304351, 641910, 30189, 7762834, 9542, 13548142, 18136617]"
8398,7032969,"[26159959, 17729100]"
8399,7033323,"[18100373, 17046614]"
8400,7033660,[23261150]
8401,7034215,[29606677]
8402,7034280,[16070141]
8403,7035308,[23287202]
8404,7035546,[28260638]
8405,7036109,[17737211]
8406,7036158,[17737311]
8407,7036415,"[25873786, 18757037]"
8408,7036526,[17977415]
8409,7036571,[17995764]
8410,7036845,"[23525571, 17739850, 19481404]"
8411,7037826,[17910665]
8412,7043823,[24851662]
8413,7043852,[17787411]
8414,7044164,"[18616975, 17713508, 21483760, 25302072, 33395946, 22717666]"
8415,7044596,[17881356]
8416,7045055,"[18009588, 21541794]"
8417,7045075,[17790521]
8418,7046738,[17794804]
8419,7046918,"[23014760, 17795362]"
8420,7047042,[17795668]
8421,7047233,"[18849943, 17849735]"
8422,7047506,[25369723]
8423,7047591,"[17797431, 23156342]"
8424,7047704,[17797803]
8425,7047768,"[17797999, 23529995]"
8426,7054485,"[17826203, 18868405, 18214298, 18668115, 21404888, 25305054]"
8427,7054820,[17572020]
8428,7054822,[17572020]
8429,7054823,[17572020]
8430,7054824,[17572020]
8431,7054827,[17572020]
8432,7054829,[17572020]
8433,7054830,"[17572020, 32332687]"
8434,7054831,"[29241447, 17572020]"
8435,7054833,[17572020]
8436,7054849,[25450286]
8437,7054897,[17572020]
8438,7054898,[17572020]
8439,7054899,[17572020]
8440,7054900,[17572020]
8441,7054901,[17572020]
8442,7054902,[17572020]
8443,7054903,[17572020]
8444,7054904,[17572020]
8445,7055582,[23497656]
8446,7055613,"[18509623, 25263927, 24789796, 30095464]"
8447,7056449,"[28954021, 17829175]"
8448,7056719,[20629817]
8449,7058246,[25614023]
8450,7058667,"[20642659, 25362894]"
8451,7060225,"[25586821, 19357385, 25908720, 18690025, 22070838, 23343135, 26835271]"
8452,7060506,[20620652]
8453,7060641,[22428704]
8454,7062570,"[17845804, 21839074]"
8455,7062845,[24949940]
8456,7063660,"[20660219, 17849883]"
8457,7067535,"[23431242, 18455501]"
8458,7073461,"[22678827, 17875224]"
8459,7073992,[17876692]
8460,7074080,[17905593]
8461,7074174,[25650677]
8462,7074909,[18164677]
8463,7074943,"[30840364, 25944381, 25944389, 25741639, 23174274, 17878931, 26531536, 27188596, 27255774, 27409389, 30822575, 22328546, 31323287, 22369406, 34198698, 22369418, 25410851, 22308738, 22328558, 30317436, 30227022]"
8464,7075461,[17452685]
8465,7076304,[27870398]
8466,7076633,[30649331]
8467,7076691,[20412199]
8468,7077654,"[33369873, 24196004, 22081680, 24313624, 26532283]"
8469,7077739,[17886307]
8470,7077804,[17886210]
8471,7078408,[15815409]
8472,7078867,[25810644]
8473,7082436,[18523130]
8474,7083555,"[6163754, 11196925, 7860544, 9637907, 17802439, 25111052, 22238188, 11251546, 34497909, 28364013, 10475929, 10575798, 24998915, 11060998, 3302568]"
8475,7083991,[18722924]
8476,7084159,"[17904985, 20553857]"
8477,7084186,[21566652]
8478,7084793,[34452896]
8479,7085366,[25328876]
8480,7085810,[17909373]
8481,7086094,"[18490540, 22055280, 25430202, 29939037, 17910124, 25605400]"
8482,7086152,[17910579]
8483,7086401,[18191619]
8484,7087082,[22537667]
8485,7088116,"[27832051, 17994785]"
8486,7088292,[17969405]
8487,7091408,[17925677]
8488,7091425,[22891924]
8489,7091467,[18387423]
8490,7091823,"[32912370, 21851568, 17926775, 21851572]"
8491,7091983,[17927134]
8492,7092201,[17927507]
8493,7092218,"[25673410, 30075809]"
8494,7092935,[31450751]
8495,7093291,[17987869]
8496,7093346,"[28818369, 17930217, 25365584]"
8497,7093630,"[24574656, 30320053, 22535481]"
8498,7093656,[18046079]
8499,7094601,[17929785]
8500,7094798,[23551456]
8501,7095068,"[18779666, 17934466]"
8502,7095071,"[25663670, 18112933]"
8503,7095642,[17936156]
8504,7096237,[17938370]
8505,7097656,[17946659]
8506,7101704,[24611820]
8507,7102558,[17993765]
8508,7102756,[17971345]
8509,7102859,[17971591]
8510,7103612,[20827735]
8511,7103731,[18040401]
8512,7104087,[17974745]
8513,7104396,[17975557]
8514,7104596,[17976172]
8515,7105753,"[27171883, 28872472, 22585896, 27245910, 20345202]"
8516,7106859,"[33838972, 23173457, 33099588, 33099586, 30753517]"
8517,7110072,[17994284]
8518,7111227,"[19088511, 20588919]"
8519,7111589,[17997591]
8520,7111759,"[18361624, 23485260, 18190046]"
8521,7113262,[25362894]
8522,7114860,"[25529646, 19051153]"
8523,7116446,"[27852569, 18803931, 18010355]"
8524,7121486,[26114621]
8525,7121755,[18039168]
8526,7122995,[18042063]
8527,7123169,[23197326]
8528,7123176,[18042455]
8529,7123774,[18046019]
8530,7124792,"[18046383, 22718738]"
8531,7124979,[16239655]
8532,7125700,[21890414]
8533,7126388,[18050009]
8534,7127010,"[35264052, 34306933, 29412228, 34745603, 29332599]"
8535,7127265,"[18090026, 8718281, 7090785]"
8536,7127267,[18090043]
8537,7127497,[18400224]
8538,7129846,[18061792]
8539,7132455,[18070660]
8540,7132534,"[729033, 823564, 176591, 398479]"
8541,7133166,[18072566]
8542,7133276,[24809058]
8543,7134500,[18985759]
8544,7134729,[18076161]
8545,7135042,[331478]
8546,7135390,[18077961]
8547,7138069,[20831904]
8548,7138546,[22568155]
8549,7141007,[18100372]
8550,7142258,[20920324]
8551,7142522,[18104846]
8552,7143538,[32332687]
8553,7143973,[18108609]
8554,7144045,[18090081]
8555,7144440,"[25814363, 25665352, 18109771, 23849652]"
8556,7144790,[920795]
8557,7144810,"[650584, 144013, 650579]"
8558,7144814,"[650584, 650583, 650579]"
8559,7144849,"[24218164, 18110734]"
8560,7145212,"[18460183, 19539641]"
8561,7149797,[17879401]
8562,7150768,"[24323918, 32796810, 19395849, 19307732]"
8563,7151265,"[18395131, 25437624]"
8564,7152490,"[29873919, 28448877, 19395125, 25820414, 20897649, 18153436, 26245003, 22465163, 23867347, 25114664, 18682615, 21422225, 20652253, 25650677, 35268737, 32871581]"
8565,7153840,"[18139344, 18489512]"
8566,7154612,[18141262]
8567,7155061,"[18989342, 19395559]"
8568,7155219,"[20893389, 25111052]"
8569,7155626,[26836052]
8570,7157391,"[381624, 6214309]"
8571,7158309,[18152865]
8572,7160536,[18160126]
8573,7160746,[18160774]
8574,7160910,[18393748]
8575,7161255,[29496535]
8576,7163018,[18167000]
8577,7163501,[18309663]
8578,7164135,"[30139736, 25667060, 26247019, 24464123, 31949122]"
8579,7165513,"[18429396, 20995607]"
8580,7166436,[18486140]
8581,7168230,"[26236443, 26367032, 23403402, 18180495, 29939337, 32200595, 28478066, 25667118, 31671570, 22238158, 13638125, 25400972, 20764879, 29939230, 22055262, 34397653, 28696452, 25996024]"
8582,7169176,[18186117]
8583,7169579,"[20578512, 18952405]"
8584,7170196,[28117964]
8585,7170939,"[24886378, 27161833, 18190208]"
8586,7170947,[25601790]
8587,7171978,"[28593805, 27815700]"
8588,7171979,"[23466036, 18586621]"
8589,7172819,"[20440598, 18215201]"
8590,7173492,[18196738]
8591,7173896,[18198485]
8592,7176787,"[22009092, 18456025, 25876872, 29661618, 26308512, 25877103, 25877074, 20968174, 25877522, 18273594, 25876967, 27882864]"
8593,7177350,"[30121770, 13543159, 26030697]"
8594,7178071,[18213394]
8595,7178089,[29452027]
8596,7179557,"[23590634, 28953541, 22668755]"
8597,7180266,[18216396]
8598,7180813,[22851464]
8599,7181038,[25875555]
8600,7181074,[18306322]
8601,7182231,[18221489]
8602,7183355,[18226374]
8603,7184104,"[22446630, 20729307, 30286325, 29986315, 18229437, 34876208, 26007133, 24764571]"
8604,7184882,[27259205]
8605,7188768,"[18239142, 23311450]"
8606,7189997,[18242185]
8607,7190280,[23058600]
8608,7190292,[18242825]
8609,7190339,[18079665]
8610,7190350,"[23249649, 21853774, 23355798, 23355795]"
8611,7190778,[18244295]
8612,7190903,[21825398]
8613,7191170,[25650677]
8614,7191652,[22549202]
8615,7192524,[18249114]
8616,7192612,[18249394]
8617,7200339,[18365400]
8618,7202492,"[18702686, 21972431]"
8619,7202532,[21895852]
8620,7202755,[33838972]
8621,7204179,[15842677]
8622,7204180,[15842677]
8623,7204487,[22449471]
8624,7205593,[21424278]
8625,7210024,"[22314178, 20706317, 18310561, 26173919, 18295861, 22999863, 31408829, 21890857, 25746699, 20670382, 25210813, 25210815, 25210814, 30753517]"
8626,7210054,[18296020]
8627,7210055,[18296020]
8628,7210511,"[19089212, 24600268, 23378951]"
8629,7210703,"[15923036, 15989120, 22596109]"
8630,7211475,[32000]
8631,7211914,[25785807]
8632,7212275,"[18301716, 22069799, 22924235, 23340902]"
8633,7212406,"[20454116, 24396880, 21422053]"
8634,7212486,[28053896]
8635,7212904,[18303570]
8636,7212917,"[17779549, 17046606]"
8637,7213197,"[24722498, 18304348]"
8638,7213364,[25076719]
8639,7214344,[25663529]
8640,7216269,[21939665]
8641,7218927,[17993765]
8642,7219081,"[33384164, 33384139, 33384170, 25267494, 33379357, 18305603, 33384153, 20737633, 20737639]"
8643,7219195,"[23310722, 23245593, 20613701]"
8644,7220977,[27040335]
8645,7221218,[18329942]
8646,7221459,[25663892]
8647,7222680,"[27171931, 18333851]"
8648,7224467,[17801573]
8649,7225852,"[23659068, 20645098, 18342290]"
8650,7226007,[25133311]
8651,7226363,[29518618]
8652,7226905,"[25827242, 20869705]"
8653,7226911,[29496535]
8654,7230868,"[23360257, 19759540]"
8655,7230878,[18754928]
8656,7233443,[18366739]
8657,7233453,"[30244024, 20747680, 18366353]"
8658,7235297,"[23718561, 12659042, 35669485, 30280823, 29627784, 13079544, 25171645]"
8659,7236218,"[18375048, 19444398]"
8660,7236316,[23700570]
8661,7237038,[22361859]
8662,7239827,[18387010]
8663,7241543,[1851937]
8664,7241811,[17902184]
8665,7241942,[18392969]
8666,7241943,[18392969]
8667,7242419,[12377549]
8668,7243366,[7860544]
8669,7244324,[1807649]
8670,7245339,"[24397055, 20454626]"
8671,7246093,"[25069851, 25225408]"
8672,7246482,"[21518344, 30312855, 18402202]"
8673,7255050,[17707758]
8674,7256929,[18982027]
8675,7257036,[23532849]
8676,7257289,[28220957]
8677,7259172,[23156342]
8678,7260466,[18470430]
8679,7262875,"[18838102, 21872436]"
8680,7263413,[18392476]
8681,7263444,[22540275]
8682,7264000,[22692312]
8683,7264230,[18675338]
8684,7264292,[18480516]
8685,7264582,[18751430]
8686,7264674,"[17902184, 13594459]"
8687,7265381,[23995534]
8688,7267068,"[551454, 774449, 20893324, 506128]"
8689,7267262,"[22546577, 25732113]"
8690,7267647,"[18489280, 25875555]"
8691,7268134,[18490576]
8692,7268279,[23255448]
8693,7272056,[33641215]
8694,7272146,[18501670]
8695,7273669,"[18505811, 23460928]"
8696,7275168,[27385330]
8697,7275172,"[29566060, 31170713]"
8698,7276101,[25033448]
8699,7276512,[18517185]
8700,7276994,[18681420]
8701,7277357,[11646671]
8702,7277852,"[26130914, 29055255, 26130934, 26130928, 34442391]"
8703,7278389,"[21292484, 20691419]"
8704,7278507,"[21881932, 18713527]"
8705,7279199,[18628472]
8706,7279550,[25714594]
8707,7280200,[18528159]
8708,7280844,[20483100]
8709,7285181,[18554574]
8710,7300862,[18580977]
8711,7301119,[23940909]
8712,7302140,[22053393]
8713,7302815,[18586128]
8714,7303977,"[18668056, 27240779, 22671541]"
8715,7305254,"[18602406, 30653721, 18602341, 25817463, 22693307, 23527476, 24611587]"
8716,7305459,[24736191]
8717,7305513,"[18592912, 22319080]"
8718,7306658,[17571777]
8719,7307454,[26244485]
8720,7307458,"[18635085, 25816841, 22635844]"
8721,7307477,"[23175859, 18655944, 23110070, 18652002, 24441639, 20752709]"
8722,7307645,[17272365]
8723,7312935,[18617680]
8724,7313617,[18619288]
8725,7313627,[21544276]
8726,7314532,"[22521580, 18079804, 26404831, 22429853, 18621194, 20814989, 20814993]"
8727,7314537,[20980941]
8728,7317085,[279969]
8729,7323620,"[22051429, 20503009]"
8730,7324039,[24313673]
8731,7324271,[33395234]
8732,7325602,"[18627447, 20486768]"
8733,7326382,"[27862076, 25875555]"
8734,7326501,[26848831]
8735,7326743,[28220852]
8736,7326881,[36274721]
8737,7327878,[18633358]
8738,7327976,[20735129]
8739,7327998,[19774312]
8740,7328282,"[29774075, 27802741]"
8741,7328358,"[27972951, 23964954]"
8742,7329194,[23822620]
8743,7334288,"[27823184, 19402121, 26038790, 31160885, 21793828]"
8744,7336492,[18443343]
8745,7336832,[18719332]
8746,7337942,[28109970]
8747,7339930,[23151530]
8748,7340907,"[25111269, 32867404, 27406791, 25813250, 27406739, 25813245]"
8749,7341024,[22553542]
8750,7341056,[18667913]
8751,7341923,"[22401692, 18717360, 25917801]"
8752,7343261,"[25375990, 23351890, 23529995, 23399911]"
8753,7344245,[27259205]
8754,7344680,[18601927]
8755,7349425,[25270656]
8756,7349685,"[22475352, 31408305, 18683518]"
8757,7350533,[18685348]
8758,7351593,[22608400]
8759,7353006,"[33843449, 31450752]"
8760,7353265,"[23267242, 23128304]"
8761,7357990,"[25271792, 18706036]"
8762,7359319,[23197837]
8763,7359478,"[18692289, 23291869]"
8764,7360538,"[32560592, 30641218]"
8765,7361703,"[26115647, 28003002]"
8766,7363007,"[774557, 774571, 774544, 543164]"
8767,7363517,[20709602]
8768,7367300,[25704028]
8769,7369636,[20517400]
8770,7369643,[18741251]
8771,7369851,[10878744]
8772,7371733,[22208277]
8773,7371757,[27242422]
8774,7372483,[25194442]
8775,7373778,[19549803]
8776,7374346,[23015062]
8777,7375007,[22108627]
8778,7375708,"[23530428, 22434839]"
8779,7375751,[27800707]
8780,7376837,"[6236809, 74952]"
8781,7377484,[18762479]
8782,7377526,[23507758]
8783,7379542,[32856010]
8784,7380291,[22500587]
8785,7382047,"[18774897, 22609559, 21411978]"
8786,7382048,"[18774897, 22609559, 21411978]"
8787,7382111,[18775302]
8788,7382629,[18777107]
8789,7388964,[18776630]
8790,7389871,[31014504]
8791,7390210,"[23899193, 23547364, 25181955, 18804867, 18947303, 23209670, 20299849]"
8792,7391763,"[18806259, 22586973, 22586972]"
8793,7393090,[18813006]
8794,7393101,[18813034]
8795,7393393,[10315284]
8796,7405468,[5024135]
8797,7410009,[18950880]
8798,7415460,[18889356]
8799,7415461,[18889356]
8800,7415477,[18889356]
8801,7418796,"[21524446, 16068956, 17928170, 28375641, 30134512, 25244111]"
8802,7421120,[18915086]
8803,7423027,"[23754884, 31327371]"
8804,7423148,[30167768]
8805,7426942,"[30228183, 31030693, 29670787]"
8806,7429443,[20409684]
8807,7429464,[29281411]
8808,7434788,[22404710]
8809,7438156,[23380120]
8810,7438666,"[19156338, 20338654]"
8811,7440406,[25705795]
8812,7440794,[19246477]
8813,7445462,[25431515]
8814,7448765,"[13183554, 15800553, 12685077, 13183556]"
8815,7450112,[543164]
8816,7453846,"[20464824, 20596649]"
8817,7457338,[19513409]
8818,7457611,"[43818, 43808]"
8819,7458753,[20695297]
8820,7460109,[31186223]
8821,7462654,"[21525330, 17288193]"
8822,7477725,[26836052]
8823,7485494,[19168420]
8824,7495615,[34497909]
8825,7504850,[20415883]
8826,7516300,[29238781]
8827,7520394,[19314543]
8828,7522871,[16368455]
8829,7523813,[25062765]
8830,7527675,[3303559]
8831,7539408,"[23197290, 22208252, 18774021, 17568538]"
8832,7543536,"[19399520, 27259205]"
8833,7561075,[10137823]
8834,7561804,"[19480623, 20172134, 27013558]"
8835,7562932,[19485109]
8836,7563203,[19486429]
8837,7574619,[20308308]
8838,7577278,"[33843449, 31450752]"
8839,7578152,[9688895]
8840,7579061,"[20361650, 24808746, 22444972]"
8841,7579477,[12993848]
8842,7580816,[12074910]
8843,7580817,[12074910]
8844,7593767,"[235749, 575840]"
8845,7610927,"[1098714, 398218, 10756459]"
8846,7611199,[909270]
8847,7622049,[1479426]
8848,7630665,[13701727]
8849,7631424,[31808202]
8850,7683853,[13593527]
8851,7686588,[19877735]
8852,7690616,[23160575]
8853,7690970,[20256783]
8854,7692574,[20263206]
8855,7694781,"[33843449, 31450752]"
8856,7704723,"[29233832, 22731901, 20319844]"
8857,7705004,[34606064]
8858,7705105,[20320779]
8859,7705923,"[24886019, 24885610]"
8860,7709890,[15845097]
8861,7709891,[15845097]
8862,7709892,[15845097]
8863,7709893,[15845097]
8864,7709894,[15845097]
8865,7709895,[2282320]
8866,7709913,[2282320]
8867,7709920,[15845097]
8868,7710193,[20344642]
8869,7711109,"[30628786, 33005985]"
8870,7711592,"[27842346, 28963393, 18583347, 28179865, 28179851, 23471994, 23379245, 25444441, 24393777]"
8871,7712730,"[20359946, 22005757]"
8872,7721844,[20388225]
8873,7728542,"[23510548, 20409425]"
8874,7728917,[23460931]
8875,7729378,[18801345]
8876,7731179,[20693807]
8877,7733195,[13177385]
8878,7734306,"[23156152, 24330733]"
8879,7734428,[26014376]
8880,7734837,[28870482]
8881,7737191,[28110864]
8882,7741166,[20743003]
8883,7741171,[18090081]
8884,7741274,[13226173]
8885,7741564,[24486756]
8886,7741814,"[10301749, 3904885]"
8887,7742330,[20558569]
8888,7750718,[20686206]
8889,7751265,[20764638]
8890,7751493,[25779131]
8891,7751826,[20821763]
8892,7753511,[20709602]
8893,7753988,"[20498423, 25450479]"
8894,7754966,[22293224]
8895,7755220,[17312145]
8896,7758781,"[25605731, 20513342]"
8897,7760963,[23014376]
8898,7761079,[7839201]
8899,7762139,[20526746]
8900,7762889,"[20529381, 20830630, 25650677]"
8901,7765772,[20542832]
8902,7765793,"[21947629, 20740634]"
8903,7768076,[20549455]
8904,7768712,[20551638]
8905,7769192,[27815237]
8906,7770772,"[20696040, 20559783, 23014836]"
8907,7770873,"[28446392, 23286931, 23146549, 31411922, 20560137, 25526440, 30809786, 25716704, 23569524, 25558608, 27774758]"
8908,7771316,"[32178678, 20561819]"
8909,7771337,"[23456237, 20561916]"
8910,7771866,[29974352]
8911,7772196,"[23705140, 21996356]"
8912,7772360,[20565526]
8913,7775152,[21402324]
8914,7776786,[21051717]
8915,7778856,"[25797414, 23598478, 25797438, 23598474, 35720770]"
8916,7780181,"[14691, 1332162]"
8917,7785546,[6508774]
8918,7787712,[31411922]
8919,7790583,[24903940]
8920,7791300,[12858444]
8921,7791997,"[21793439, 29531130, 23784983]"
8922,7792732,[25875555]
8923,7793168,[20631345]
8924,7793751,[23391999]
8925,7796390,[20642659]
8926,7796391,[20642659]
8927,7796392,[20642659]
8928,7796393,[20642659]
8929,7796394,[20642659]
8930,7796395,[20642659]
8931,7796397,[20642659]
8932,7796398,[20642659]
8933,7796399,[20642659]
8934,7796400,[20642659]
8935,7796401,[20642659]
8936,7796402,[20642659]
8937,7796403,[20642659]
8938,7796404,[20642659]
8939,7797304,"[25033829, 23007306, 20645968]"
8940,7797764,[9680830]
8941,7798379,[7505560]
8942,7798544,"[20650531, 24612069, 25716620, 22668771]"
8943,7801879,"[23479194, 23485391, 33385408, 22341276, 20727654]"
8944,7802230,[20696767]
8945,7802906,[771204]
8946,7803964,[35264052]
8947,7804356,[29616267]
8948,7808090,[24044140]
8949,7808247,[20686206]
8950,7808248,[20686206]
8951,7808249,[20686206]
8952,7808827,[25868425]
8953,7811093,[20695297]
8954,7811723,[20697586]
8955,7812262,[20687440]
8956,7814066,[32332687]
8957,7815498,[20711498]
8958,7821912,[20727560]
8959,7822301,"[27411212, 26721866, 27856632, 27212100]"
8960,7828723,[25310041]
8961,7830122,[15993695]
8962,7833356,[20761092]
8963,7834158,[20764288]
8964,7834745,[29065483]
8965,7834957,[25118836]
8966,7842595,[29430466]
8967,7843051,"[25901506, 24173852, 25901516, 35706083, 20787232, 22370204, 24173870, 22829692]"
8968,7846308,[20800297]
8969,7847409,[20804029]
8970,7847410,[20804029]
8971,7847506,[20308335]
8972,7848979,"[20809112, 22873044]"
8973,7848985,[177805]
8974,7849188,[20809874]
8975,7849252,[25118836]
8976,7849640,"[22725791, 25674742]"
8977,7849833,"[25513093, 25834793]"
8978,7854535,[25392606]
8979,7855154,[20821011]
8980,7855157,"[20821047, 24612072]"
8981,7855177,"[24941501, 24930075, 20821306, 32195037]"
8982,7855471,"[23251880, 27159197, 21462947]"
8983,7857387,"[20877669, 23747202]"
8984,7867083,[31409133]
8985,7867499,[23266425]
8986,7867639,[29939270]
8987,7868319,[20873188]
8988,7868858,[20874388]
8989,7874327,[20887429]
8990,7876039,[31409133]
8991,7876757,[20558569]
8992,7878484,[25893837]
8993,7880259,[18760997]
8994,7881896,"[25658857, 20899178]"
8995,7881911,[22297786]
8996,7882964,[20695297]
8997,7882997,[20900888]
8998,7883823,"[20902825, 29983681]"
8999,7898116,[20931705]
9000,7898495,[21635564]
9001,7902502,[18240439]
9002,7906727,"[23525795, 23587614, 23587607, 23587635, 23587637, 23587621]"
9003,7907957,[23126362]
9004,7913325,"[23699326, 20946046]"
9005,7914032,[28571676]
9006,7915669,[20949421]
9007,7920918,[32710790]
9008,7922481,[27259205]
9009,7935185,"[23596, 16248246, 242827, 386765, 1168091, 706047, 97089, 97085, 97087, 763489, 11212021, 45183, 45181, 97090]"
9010,7940084,"[25663437, 21000786, 22882069]"
9011,7942583,[25380845]
9012,7943922,[28954093]
9013,7949493,"[21878763, 22404103, 25177897]"
9014,7954733,[27259205]
9015,7973819,[25489511]
9016,7979840,"[31145163, 24549765, 25901556, 25689056, 22718814, 25586133, 30335482]"
9017,7997265,[30055885]
9018,8016035,"[33357627, 23281919]"
9019,8023747,[21496342]
9020,8033763,[21410653]
9021,8034909,"[18774897, 22609559, 21411978]"
9022,8037264,[24662406]
9023,8037470,[21416669]
9024,8038662,[25269614]
9025,8038673,[21420065]
9026,8039839,[21421609]
9027,8055273,[18118589]
9028,8056252,[12244583]
9029,8057745,[28114552]
9030,8059023,[34373958]
9031,8061325,"[23485190, 21479322]"
9032,8062911,[21483545]
9033,8064114,[29360229]
9034,8066295,[22617086]
9035,8073042,[22499730]
9036,8073356,[23005253]
9037,8074855,[23167722]
9038,8076291,"[23434781, 23557129]"
9039,8084320,[21558275]
9040,8086515,[24380167]
9041,8086967,[35025114]
9042,8089429,[29332920]
9043,8106692,[23156034]
9044,8107261,"[27230665, 21795840]"
9045,8107498,[23271194]
9046,8108129,[21798470]
9047,8109021,[21801491]
9048,8109273,[21796912]
9049,8111038,[21806405]
9050,8111053,[21806455]
9051,8111269,[25456839]
9052,8117366,[27416143]
9053,8117442,[30753517]
9054,8118497,[22046915]
9055,8119768,[21843165]
9056,8119789,[21843217]
9057,8120084,[25663892]
9058,8121752,[24044140]
9059,8122326,[23197321]
9060,8122841,[15746512]
9061,8123145,"[21853753, 25663775]"
9062,8124757,[22716886]
9063,8125324,[21857389]
9064,8125589,[23249950]
9065,8125999,"[15793149, 47580, 249855, 13414149, 219589, 371638, 10877155, 8428157, 141024]"
9066,8126382,[21859656]
9067,8127239,[28939912]
9068,8136449,[29774075]
9069,8137290,[21896322]
9070,8137512,[25569124]
9071,8144249,[21912226]
9072,8146388,[23572569]
9073,8152069,"[23411347, 21936988, 27281393, 22536448, 26625494, 31291543, 24215135, 25136271, 31627294]"
9074,8153103,[21939665]
9075,8154083,[29939089]
9076,8157173,[1060850]
9077,8158527,"[22587685, 21954756]"
9078,8159016,[26084414]
9079,8159090,[22041005]
9080,8159417,"[26112210, 24485599, 21957948]"
9081,8167946,"[30653880, 21979832, 25950053]"
9082,8171797,[28114396]
9083,8176981,"[29933704, 27236789]"
9084,8177132,"[20695297, 24727881]"
9085,8178159,"[22009866, 23303089]"
9086,8178240,[22749511]
9087,8178731,[9505584]
9088,8178928,"[33838972, 30369904]"
9089,8179024,"[29201141, 30612669, 29527038]"
9090,8180684,[22743827]
9091,8184486,"[28110857, 24001101, 33590221, 24001095, 20312462]"
9092,8185159,[22527615]
9093,8185168,"[258474, 258475, 81042, 14780453, 1535273, 7416873, 7292936, 10393851, 186425, 186427, 186426, 186421, 186420, 186423, 182342, 291912, 9637907, 47580, 249855, 1062774, 186438, 222915, 1003866, 618174, 1425469, 9816552, 186417, 186418, 186419, 491075, 17393590, 182332, 44328, 245700, 186448, 7505560, 6506477, 463033, 13262782, 222908, 186437, 186433, 186439, 13506, 7825292, 220944, 186443, 186442, 186440, 186447, 186446, 186445, 186444, 543343, 7455727, 9191899, 100475, 49329, 499214, 13181683, 11212021, 20299673, 10877155, 13595388, 863521, 6537013, 18596555, 141024, 81038, 545017]"
9094,8185856,[22033356]
9095,8186010,[23492427]
9096,8186790,[26802017]
9097,8187427,[30720860]
9098,8187956,[20621650]
9099,8188566,[32735550]
9100,8189839,[20695297]
9101,8190719,[22733969]
9102,8192911,[22833921]
9103,8193655,[25875555]
9104,8193786,[29774075]
9105,8194109,[7568427]
9106,8196241,[22032577]
9107,8199394,[22798853]
9108,8200571,[25831596]
9109,8201633,[24549323]
9110,8202155,[33385230]
9111,8202779,"[8534875, 8533993, 3754898, 6601733, 504698, 504699, 2411128, 85744]"
9112,8203542,[22105019]
9113,8203861,[28247422]
9114,8204028,"[28114461, 23719417]"
9115,8216840,[27217297]
9116,8221406,[35997739]
9117,8224327,[23488236]
9118,8224620,[34927780]
9119,8224630,[22172449]
9120,8241647,[22209539]
9121,8246903,[31014504]
9122,8247794,[22236535]
9123,8248285,"[26114386, 22238194]"
9124,8265278,[22441671]
9125,8266180,[22328559]
9126,8269044,[32004]
9127,8271002,[22237392]
9128,8282527,"[22371104, 28214396]"
9129,8283771,"[362496, 7708731]"
9130,8287635,[22391592]
9131,8288377,[22394480]
9132,8288688,[22797672]
9133,8288991,"[27270657, 28449150]"
9134,8290521,"[29774075, 27802741]"
9135,8291167,[22404710]
9136,8294212,[22429623]
9137,8294520,[31560094]
9138,8294641,[23848422]
9139,8296035,[22436841]
9140,8296969,[36282887]
9141,8299478,[22449393]
9142,8301728,[20697444]
9143,8303764,[22464760]
9144,8304331,"[22465896, 23898354]"
9145,8306309,"[26760091, 23127048, 29483403, 26047438, 31549513, 25741593, 31686500]"
9146,8306428,"[25135715, 25135749, 25135802, 25135842]"
9147,8310517,[23014001]
9148,8317107,[31353031]
9149,8326636,[34017058]
9150,8328543,[22550717]
9151,8330616,[24470600]
9152,8331566,[22908506]
9153,8333823,[22571276]
9154,8337289,"[29774075, 22584966]"
9155,8338174,"[22667437, 23755249, 22587911]"
9156,8339367,[27064416]
9157,8339463,[23590810]
9158,8340223,[22878281]
9159,8341354,[17859577]
9160,8342728,[1364113]
9161,8342911,[23894611]
9162,8343775,"[23344222, 23309862, 26065653]"
9163,8344204,"[22609356, 22390385]"
9164,8344638,[25486801]
9165,8344855,[35264052]
9166,8346771,[32237463]
9167,8348634,[25868043]
9168,8352985,[22635765]
9169,8353652,[33509076]
9170,8367936,[22675931]
9171,8380350,[22702552]
9172,8381085,[22705139]
9173,8381732,[25118836]
9174,8382246,[8732892]
9175,8384949,[34275232]
9176,8388731,[27190371]
9177,8390236,"[30795950, 31368276]"
9178,8390357,[35264052]
9179,8390839,[14428264]
9180,8390840,[14428264]
9181,8390841,[14428264]
9182,8391100,[22739196]
9183,8391110,[25650677]
9184,8391936,"[33838972, 23719342]"
9185,8393921,[20799751]
9186,8393969,[22749748]
9187,8394925,[22753787]
9188,8396869,[31014504]
9189,8414750,[22718709]
9190,8416442,[26067633]
9191,8417690,[22819890]
9192,8421671,"[31372245, 22838892]"
9193,8422242,[23664877]
9194,8422672,[30109231]
9195,8423109,[22845353]
9196,8423348,"[28261850, 28591722]"
9197,8425246,[22852803]
9198,8425947,[23832236]
9199,8427009,[20763852]
9200,8427404,[25696247]
9201,8427407,"[32498052, 29467247, 22878967]"
9202,8427891,[22896545]
9203,8431080,[22875438]
9204,8432568,[22880946]
9205,8433496,[23453070]
9206,8434494,[34861977]
9207,8435087,[22888714]
9208,8435196,"[15793077, 6656935, 17190009, 7235532, 6374361, 28478066, 12794078, 20562690, 13361776, 830981, 12377857, 18079343, 17454731, 6709663, 6950910, 11826332]"
9209,8440277,"[24823232, 23365048]"
9210,8441258,[25325771]
9211,8441270,[31172294]
9212,8442721,[22908506]
9213,8442734,[22908506]
9214,8443452,[7745095]
9215,8445150,[28000518]
9216,8446300,"[23363928, 26892110]"
9217,8446648,"[31450636, 23848072, 22929547, 30528852, 26114583]"
9218,8446650,"[25121768, 31120462, 31450615, 22929563, 25663573]"
9219,8447057,[25688980]
9220,8467947,[22908506]
9221,8471086,[23000308]
9222,8471749,[690949]
9223,8473432,[30753517]
9224,8473953,[3303559]
9225,8474362,[24336400]
9226,8474787,[24000252]
9227,8474826,[28650516]
9228,8475418,[23013689]
9229,8475447,[7735]
9230,8475480,"[23013966, 30753517]"
9231,8504368,[23109999]
9232,8509945,[23126606]
9233,8511661,[23129985]
9234,8523418,[25798596]
9235,8525827,[23158400]
9236,8531097,[23168788]
9237,8544583,[23197321]
9238,8544646,[8531229]
9239,8545217,[25689012]
9240,8546485,[23198675]
9241,8546572,"[31829155, 26877312, 23200514, 32862986]"
9242,8546859,"[429497, 569201]"
9243,8547032,[23263425]
9244,8552787,[17286845]
9245,8559964,[23218581]
9246,8566359,[27984704]
9247,8568110,[32337619]
9248,8570780,[24331443]
9249,8573519,"[34535434, 36383830, 26570784, 33858773]"
9250,8573642,[28055271]
9251,8584402,[23256474]
9252,8585043,[28483277]
9253,8587788,[30152785]
9254,8588556,"[29770450, 29554397, 27761757, 23419981]"
9255,8596977,"[27391008, 23269158]"
9256,8609368,[23306734]
9257,8620804,[23314885]
9258,8623149,[23281952]
9259,8628046,[32075664]
9260,8629652,[23529995]
9261,8633042,[23289299]
9262,8634130,"[33299061, 28497161]"
9263,8635086,[30037781]
9264,8647520,[29496535]
9265,8649392,[23299584]
9266,8690723,[29774075]
9267,8835824,"[25667060, 26247019, 24464123, 30139740, 28339299]"
9268,8891928,[23332977]
9269,8892745,"[23315714, 24880931]"
9270,8927813,[23529995]
9271,8927814,[23529995]
9272,8927815,[23529995]
9273,8927816,[23529995]
9274,8927817,[23529995]
9275,8936025,"[22504626, 25795221]"
9276,9013537,"[24611995, 31456593, 27774610, 23346358, 30079403]"
9277,9060953,"[34593534, 26594092]"
9278,9201095,[25953705]
9279,9240590,"[33843449, 31450752]"
9280,9295505,[26084478]
9281,9375501,[22432732]
9282,9459491,[23365776]
9283,9640322,"[23197326, 23197325]"
9284,9756331,[22009092]
9285,9757614,[23446017]
9286,9757615,[23446017]
9287,9759281,"[23392293, 31389365]"
9288,9759803,[32332687]
9289,9788294,[24769382]
9290,9790879,[31014504]
9291,9792476,[34859095]
9292,9796140,[34068331]
9293,9806108,[23461831]
9294,9808145,[23471529]
9295,9809076,[35434530]
9296,9811107,[23471830]
9297,9811108,[23471830]
9298,9817050,[30138814]
9299,9820123,[28114552]
9300,9820157,[26494475]
9301,9826989,[23497656]
9302,9830676,"[23505867, 23597960, 27873300, 23598011, 26106229]"
9303,9831940,"[23510089, 31423551]"
9304,9832533,[25817312]
9305,9835032,[23515866]
9306,9838776,"[29774075, 27802741]"
9307,9841180,[23524359]
9308,9841919,[23525644]
9309,9845024,[23584923]
9310,9845429,"[25077938, 24329784]"
9311,9845715,"[27405350, 27405351]"
9312,9848415,[23551456]
9313,9852801,"[26160162, 23559647]"
9314,9854370,[23563120]
9315,9857358,[23569334]
9316,9857504,"[26077971, 29570559, 23569787]"
9317,9860211,[23573606]
9318,9860453,[6661321]
9319,9860680,[33893545]
9320,9863605,[25382657]
9321,9865244,[26044720]
9322,9867438,[23582513]
9323,9870934,[23783638]
9324,9871050,[29909523]
9325,9871464,[23598680]
9326,9874002,[22718709]
9327,9879340,"[23399287, 27237703]"
9328,9886850,"[26245950, 28119313, 32793046, 23507745]"
9329,9890847,[25446799]
9330,10109690,"[25507687, 25293197]"
9331,10142051,[23653469]
9332,10181127,[27802741]
9333,10191657,[23964063]
9334,10210192,[2910]
9335,10219868,[23666493]
9336,10220217,[25800746]
9337,10228232,[25951784]
9338,10297635,[23676581]
9339,10315278,[23677316]
9340,10372063,[24396857]
9341,10378770,"[30199421, 23688792]"
9342,10405165,[27471553]
9343,10531683,[23702427]
9344,10604071,"[15985364, 5582295, 11162744, 9640779, 6492676]"
9345,10613509,[23704941]
9346,10788120,"[23795267, 25508072]"
9347,10789739,[25776642]
9348,10790621,[29774075]
9349,10799032,[24016773]
9350,10803346,[23846000]
9351,10803933,[23847904]
9352,10803934,[23847904]
9353,10803935,[23847904]
9354,10803945,[23847975]
9355,10811406,"[30199421, 23688792]"
9356,10817647,[26368672]
9357,10909117,"[23924355, 29906017]"
9358,10943489,[25610661]
9359,10943490,[25610661]
9360,11030934,[20893322]
9361,11030935,[20893322]
9362,11040025,[26827079]
9363,11072248,[11646671]
9364,11117669,[24000252]
9365,11120146,[24001093]
9366,11216890,[23156342]
9367,11230592,"[29904219, 25837167]"
9368,11248716,[26704850]
9369,11260701,[28118108]
9370,11362882,"[29738154, 35264052, 30968533]"
9371,11680644,[30197319]
9372,11881861,[1851937]
9373,11882525,[25777000]
9374,11932369,[28114552]
9375,12048141,[27419429]
9376,12053252,[25118836]
9377,12068522,[23165006]
9378,12071869,[24331491]
9379,12071884,[25688977]
9380,12099072,[24727118]
9381,12123245,[24361900]
9382,12260635,[24397045]
9383,12497542,[24466321]
9384,12570705,"[23754884, 31327371]"
9385,12572975,[29909523]
9386,12576598,[24625625]
9387,12700597,[25953488]
9388,12753408,[26838738]
9389,12824805,[26801274]
9390,12827431,[7945295]
9391,12878419,[7951296]
9392,12972243,[24721903]
9393,13016630,[22980192]
9394,13020518,[25017130]
9395,13121173,[17707758]
9396,13132448,[31450699]
9397,13162897,[25342628]
9398,13177248,"[24958022, 25358021]"
9399,13251175,[24684097]
9400,13260916,[34094813]
9401,13262730,[27133441]
9402,13392529,[24880107]
9403,13402627,[27173614]
9404,13414088,"[33393824, 24763621]"
9405,13434787,[24662406]
9406,13435165,[24790901]
9407,13450002,[35264052]
9408,13451368,[30795484]
9409,13451714,"[24819482, 26038869]"
9410,13452447,[32766049]
9411,13452763,[30324257]
9412,13461530,[25057705]
9413,13467007,[23210033]
9414,13467894,"[28595084, 27211901, 26156203]"
9415,13471300,[25111061]
9416,13472458,[186447]
9417,13479797,"[279969, 847048]"
9418,13480257,[21487693]
9419,13481724,"[28954050, 24885765]"
9420,13490241,[24900805]
9421,13499400,[22980192]
9422,13500505,[31480894]
9423,13505420,"[26047310, 25776221, 31574408, 29739361]"
9424,13505992,[24934734]
9425,13508694,[22490206]
9426,13513927,[24953051]
9427,13525505,[31020402]
9428,13527171,[27416143]
9429,13527172,[27416143]
9430,13530245,"[24991337, 34619522]"
9431,13530922,[24994112]
9432,13532302,"[30334186, 24999067]"
9433,13536220,[23210033]
9434,13540545,[29909523]
9435,13543314,[27259205]
9436,13547939,[14794891]
9437,13550648,[25668497]
9438,13551422,[29279339]
9439,13557729,"[22889758, 1282266, 15790816, 20168816, 18458800, 208, 6065889, 2443516, 7767483, 811161, 8752885, 13536515, 12759057, 9435497, 20404905, 13284283, 18337259, 16130663, 21863903, 8129662, 23882997, 27917260, 17456972, 6399851, 6399850, 15832300]"
9440,13557732,[23012503]
9441,13574606,[25073825]
9442,13582922,[30011014]
9443,13592048,[25205393]
9444,13592900,[34335023]
9445,13595524,[13518388]
9446,13599320,[26368662]
9447,13611546,[10193060]
9448,13613071,[25114259]
9449,13614771,"[29774075, 27802741]"
9450,13615251,"[19549137, 26055409, 21940131, 32061282, 19234711, 31545872, 26836052]"
9451,13616729,[25646471]
9452,13638502,[120240]
9453,13649251,[23309529]
9454,13650045,"[25155747, 30849848]"
9455,13650211,[25118836]
9456,13650212,[25118836]
9457,13650213,[25118836]
9458,13650214,[25118836]
9459,13650215,[25118836]
9460,13650216,[25118836]
9461,13651527,"[25309550, 26197032]"
9462,13652897,[25159239]
9463,13659072,[25164304]
9464,13660681,[25320527]
9465,13665730,[35264052]
9466,13672675,[25175902]
9467,13673487,[12959086]
9468,13682020,"[29774075, 27802741]"
9469,13687893,"[29241212, 25189584]"
9470,13688402,[20706651]
9471,13694741,"[29774075, 27802741]"
9472,13695109,"[29939047, 30841101, 25991136, 25203675]"
9473,13708274,[25959041]
9474,13709050,"[7951296, 12033364]"
9475,13711216,[25219028]
9476,13734129,"[32890474, 25231892]"
9477,13734301,"[33823946, 29546138]"
9478,13734782,"[29774075, 27802741]"
9479,13735283,[25246093]
9480,13739218,[22608767]
9481,13740131,[27802741]
9482,13746479,"[30166719, 23215466]"
9483,13747494,[25257653]
9484,13754069,"[25263838, 27798925]"
9485,13767305,[30242428]
9486,13776517,"[25521894, 35264052]"
9487,13781351,[30753517]
9488,13787482,"[25147796, 23352538]"
9489,13787483,"[25147796, 23352538]"
9490,13787489,"[30827786, 35712360]"
9491,13794825,[23197325]
9492,13801450,[25327426]
9493,13808431,[25762309]
9494,13810189,[29909523]
9495,13835294,[23245593]
9496,13835635,[31211256]
9497,13838984,[24471045]
9498,13843055,[31945438]
9499,13848696,[32051720]
9500,13851542,[25418989]
9501,13851929,[22873044]
9502,13854562,"[25430760, 25430759]"
9503,13854746,[25431515]
9504,13855435,[29553734]
9505,13856066,[25436641]
9506,13871473,[17910665]
9507,13876217,[32332687]
9508,13884337,[25457062]
9509,13904978,"[27252716, 25467249]"
9510,13905555,"[25489567, 30763950]"
9511,13908397,[31849565]
9512,13910339,"[29774075, 27802741]"
9513,13915443,[24664038]
9514,13915892,[25474267]
9515,13920382,[25486064]
9516,13922215,"[34069813, 34050917, 25776279, 25489134, 25493853, 30341482]"
9517,13922418,[28186323]
9518,13960652,"[27411212, 26721866, 27856632, 27212100]"
9519,13967180,[25523025]
9520,13974563,"[25527157, 28801508]"
9521,13980638,[25714503]
9522,13982436,[27802741]
9523,13984436,"[33843449, 31450752]"
9524,13989591,[24044140]
9525,13990575,[34569846]
9526,13994108,"[30753494, 35410641]"
9527,14001187,[25915908]
9528,14005449,[29102838]
9529,14008944,"[34430839, 34623666]"
9530,14015124,[25610768]
9531,14022401,[29332928]
9532,14022629,[26222983]
9533,14031594,"[25703759, 26209456]"
9534,14031601,[30287713]
9535,14033169,[25423972]
9536,14035666,[25810168]
9537,14039683,"[26239013, 22875083]"
9538,14045235,[3689171]
9539,14046331,[26074093]
9540,14054782,[27802741]
9541,14055047,[25659482]
9542,14055143,[29909523]
9543,14067221,[966087]
9544,14071077,[26265459]
9545,14072132,"[36394924, 36218512]"
9546,14073990,[25316540]
9547,14079950,[32600771]
9548,14097535,[25741001]
9549,14097586,"[22449225, 23639042]"
9550,14097765,[30652334]
9551,14097819,[27882492]
9552,14106091,[25205313]
9553,14107386,[25740412]
9554,14107529,"[29569660, 25746707]"
9555,14108302,[26205179]
9556,14112744,[25752041]
9557,14115493,[391993]
9558,14118411,[25760792]
9559,14124424,"[30070430, 25781691]"
9560,14129860,[32766747]
9561,14133608,[27828948]
9562,14134410,[25821928]
9563,14134947,[25823950]
9564,14137742,[26005898]
9565,14137786,[26368662]
9566,14137787,"[27883214, 27883213, 32930224, 30964236, 34089264, 33836611]"
9567,14158211,[32971135]
9568,14165404,[18246269]
9569,14166772,"[36181989, 29758649]"
9570,14167761,[17232913]
9571,14169604,[4138306]
9572,14173645,[29939198]
9573,14173986,[25943103]
9574,14175028,[26041448]
9575,14177000,"[25953603, 26136468]"
9576,14178108,[36194899]
9577,14178660,"[16127272, 11966269]"
9578,14179498,[25973595]
9579,14180337,[25966743]
9580,14181072,[26090003]
9581,14185645,"[29391251, 25986688]"
9582,14190583,[26004636]
9583,14190585,[26004636]
9584,14192434,[26173407]
9585,14197239,[893791]
9586,14203127,[25998681]
9587,14209966,[27060860]
9588,14212432,[26084478]
9589,14212740,"[32332938, 26085520]"
9590,14216477,[26098510]
9591,14220711,[26114229]
9592,14224182,[26125138]
9593,14226698,[26136490]
9594,14228244,[13515493]
9595,14228473,[34089632]
9596,14230672,[26150689]
9597,14235866,"[30258320, 26168646]"
9598,14239042,[25734207]
9599,14239619,[3607590]
9600,14246067,[30751491]
9601,14246567,[29909523]
9602,14247695,[26228934]
9603,14249321,[26219743]
9604,14249578,[26220671]
9605,14249822,[29909523]
9606,14252282,[31294360]
9607,14252866,[29909523]
9608,14258047,[22360832]
9609,14258048,"[22360832, 24409126]"
9610,14258402,"[29774075, 27802741]"
9611,14258737,[25703752]
9612,14266369,[847048]
9613,14290289,[26365897]
9614,14290965,[24476994]
9615,14291063,[26368662]
9616,14331475,[26499463]
9617,14342961,[30138814]
9618,14350105,"[30108734, 35264052]"
9619,14358948,[34499216]
9620,14395977,[26793013]
9621,14396013,[26722146]
9622,14414905,[29909523]
9623,14417841,[28331715]
9624,14421346,[33405540]
9625,14422472,[29500704]
9626,14425999,[26829865]
9627,14430583,[27787105]
9628,14431134,[32333246]
9629,14431555,[26850355]
9630,14434144,[26859093]
9631,14435011,[28452362]
9632,14451292,[26928871]
9633,14468984,[27013558]
9634,14469474,"[27015399, 29895106, 31426116, 30364161]"
9635,14473205,[27037568]
9636,14507930,"[20890541, 20890540]"
9637,14528707,[27152521]
9638,14532937,[27170764]
9639,14542471,[31450773]
9640,14542821,[27133894]
9641,14552382,[30251356]
9642,14553892,[26522071]
9643,14554651,[31145035]
9644,14554680,"[770794, 948090, 8012287]"
9645,14556898,[29379137]
9646,14558814,[28252234]
9647,14569264,[847735]
9648,14579849,[28954093]
9649,14582814,[27846534]
9650,14585700,[27396482]
9651,14587718,[27404238]
9652,14590184,[28927122]
9653,14590271,[27414477]
9654,14590456,[27415414]
9655,14590457,[27415415]
9656,14590940,"[32562417, 33230813]"
9657,14593158,[27171931]
9658,14593464,[27426598]
9659,14595504,[27427049]
9660,14602227,[50001]
9661,14602980,[27468996]
9662,14612081,[30753993]
9663,14620580,"[29774075, 27802741]"
9664,14623307,[17436893]
9665,14623506,[8129662]
9666,14660369,"[18050224, 27774536]"
9667,14666708,[27797358]
9668,14667181,[27799031]
9669,14668511,[27803778]
9670,14669076,[30558033]
9671,14671890,"[28593805, 27815700]"
9672,14672377,[34234639]
9673,14673850,[27823750]
9674,14674573,[29241744]
9675,14674797,"[31134210, 33784283, 27827203]"
9676,14675561,[34736638]
9677,14676627,[33838972]
9678,14677901,"[26594217, 33124167]"
9679,14685175,[27865134]
9680,14686249,[27040335]
9681,14688241,[27876766]
9682,14690221,[28449254]
9683,14690841,"[32061282, 26836052]"
9684,14691520,[26883560]
9685,14705410,[27969099]
9686,14713025,[27991136]
9687,14713038,[25118836]
9688,14732723,[28084013]
9689,14737283,[29551843]
9690,14738027,[29909523]
9691,14740341,[13450181]
9692,14743111,"[33843449, 31450752]"
9693,14745588,[28129039]
9694,14751141,[28146512]
9695,14754448,[28159073]
9696,14756463,[974764]
9697,14756566,"[17381965, 13586905]"
9698,14757755,[28818313]
9699,14759054,"[30628688, 30656121, 33640121]"
9700,14759829,[706832]
9701,14765007,"[116591, 101701]"
9702,14769021,[28605284]
9703,14772242,[28220701]
9704,14777224,[28240174]
9705,14777734,[10353365]
9706,14778718,[27242803]
9707,14780791,[29090898]
9708,14787640,[28280602]
9709,14792860,[29909523]
9710,14808166,[29502231]
9711,14808943,"[35235484, 28366638]"
9712,14813411,[25362894]
9713,14817829,"[13596803, 18464510]"
9714,14820458,[26031268]
9715,14825062,[25403108]
9716,14831545,"[32673847, 28449231]"
9717,14834295,"[10836484, 23582973, 18621200]"
9718,14848379,[29918359]
9719,14865445,[30971685]
9720,14872135,[23384457]
9721,14873908,[28575361]
9722,14877156,"[24612590, 41899, 24612567, 4020390]"
9723,14880958,[34643773]
9724,14881027,[28603205]
9725,14881425,[28554825]
9726,14881546,[29957486]
9727,14888993,[29560280]
9728,14900211,[28490267]
9729,14904756,[28687748]
9730,14907899,[28699026]
9731,14913365,[6254610]
9732,14926007,[28797211]
9733,14926516,[35098412]
9734,14928833,[28807752]
9735,14951952,[28937621]
9736,14953008,[28940574]
9737,14953143,[28941103]
9738,14969899,[29010526]
9739,14980963,[25741639]
9740,14985448,[25813915]
9741,14986807,"[29093476, 33605563]"
9742,15009385,[29541796]
9743,15011468,"[12347362, 7017219, 4548601, 16097516, 22883474]"
9744,15011553,[30075733]
9745,15012550,[29223861]
9746,15014769,[29400945]
9747,15020412,[23719342]
9748,15034723,[29332920]
9749,15038654,[31145102]
9750,15038657,[30312617]
9751,15045277,[33099585]
9752,15058478,[29419777]
9753,15061078,[29429675]
9754,15062939,[447937]
9755,15071137,[28603205]
9756,15077746,[29521339]
9757,15080169,[19126]
9758,15081438,[29501909]
9759,15087311,[30312597]
9760,15089992,[7637398]
9761,15099546,[29410991]
9762,15099547,[29410991]
9763,15099548,[29410991]
9764,15099549,[29410991]
9765,15100575,"[33843449, 31450752]"
9766,15108914,[34775591]
9767,15116939,[47580]
9768,15118466,"[34006765, 33552474]"
9769,15124195,[31195632]
9770,15141807,[29752685]
9771,15144005,[29760778]
9772,15148134,[29775263]
9773,15148269,[29775943]
9774,15153514,"[17894254, 25271796]"
9775,15154184,[991909]
9776,15160361,[24215135]
9777,15164484,"[31700961, 33236041, 30515634]"
9778,15179230,[33137867]
9779,15180818,[29910761]
9780,15184536,[33359075]
9781,15186724,[28339299]
9782,15188807,[6307037]
9783,15188808,[6307037]
9784,15189045,[29939130]
9785,15193363,[26889448]
9786,15194090,"[29960675, 33918885]"
9787,15200224,[34372749]
9788,15200357,[29984535]
9789,15200358,[29984535]
9790,15201503,[29988414]
9791,15207082,[30010194]
9792,15211832,[30090252]
9793,15215219,[30039020]
9794,15215228,[33958230]
9795,15216866,[29358487]
9796,15218531,"[33843449, 31450752]"
9797,15218533,"[33843449, 31450752]"
9798,15218564,[33843449]
9799,15218565,"[33843449, 31450752]"
9800,15218566,"[33843449, 31450752]"
9801,15218567,"[33843449, 31450752]"
9802,15218568,"[33843449, 31450752]"
9803,15218569,"[33843449, 31450752]"
9804,15218632,[31450752]
9805,15222042,[33843449]
9806,15228794,[32849250]
9807,15230378,[30268886]
9808,15231588,[33574161]
9809,15235727,[30116958]
9810,15262605,[30212708]
9811,15269309,"[35214860, 30237061]"
9812,15276749,[30264201]
9813,15283009,[30288429]
9814,15284813,[30294279]
9815,15291877,[23507759]
9816,15294119,[15838964]
9817,15348037,[315736]
9818,15369854,[30240178]
9819,15388346,[30841984]
9820,15395348,[36386546]
9821,15401188,[30751286]
9822,15401758,[29236424]
9823,15401818,[30753517]
9824,15401821,[30753517]
9825,15401822,[30753517]
9826,15401824,[30753517]
9827,15402430,"[32565582, 30279514]"
9828,15404908,[32856011]
9829,15417864,"[32852217, 34314702]"
9830,15424705,[24874358]
9831,15427011,[30841101]
9832,15428577,[32667458]
9833,15450354,[35264052]
9834,15453706,[1263398]
9835,15454955,[32768509]
9836,15455603,[30969741]
9837,15455762,[30983420]
9838,15496133,[17910579]
9839,15497917,[27416130]
9840,15513625,[16694]
9841,15515427,[31213086]
9842,15524266,[12650685]
9843,15546486,[33961568]
9844,15552977,[31450960]
9845,15553009,[33313201]
9846,15556009,[31296952]
9847,15559320,[31277320]
9848,15571684,[31348711]
9849,15577045,[29632245]
9850,15600143,[31373879]
9851,15600847,[31429077]
9852,15605115,[32735550]
9853,15614540,[31438751]
9854,15625388,[4020390]
9855,15647572,[31565981]
9856,15651689,[25486064]
9857,15684352,[298504]
9858,15697993,[31748402]
9859,15708586,"[30203, 30205]"
9860,15710682,[25423972]
9861,15723232,[31837359]
9862,15726385,[1558414]
9863,15730468,[4700482]
9864,15743202,"[774368, 791872]"
9865,15746850,[31922257]
9866,15752281,[32792667]
9867,15759586,"[30139736, 31949122]"
9868,15799268,[32025689]
9869,15813968,[32067510]
9870,15855053,[32177462]
9871,15857834,[32182684]
9872,15899045,"[35385041, 32312194]"
9873,15900194,[30714873]
9874,15906424,[31014504]
9875,15906650,[32334268]
9876,15927962,[32332687]
9877,15935255,[32469783]
9878,15937088,[31372245]
9879,15941689,[32493342]
9880,15944595,[31311018]
9881,15960140,[31450752]
9882,15965840,[29981868]
9883,15968367,[32602009]
9884,15974644,[32509376]
9885,15986018,"[32671619, 34610036]"
9886,15989960,[17910665]
9887,16001139,[32713449]
9888,16001400,[32714776]
9889,16002992,[32718027]
9890,16013138,[33257974]
9891,16014964,[32766757]
9892,16019261,[27416143]
9893,16019981,[9680830]
9894,16022577,[33976371]
9895,16022666,"[23596, 120240, 863689]"
9896,16022729,[28114552]
9897,16022936,[32320661]
9898,16032695,[32825530]
9899,16033197,[32827036]
9900,16042316,[28168228]
9901,16073537,[13624]
9902,16075736,[32962973]
9903,16114393,[33113495]
9904,16115382,[30078649]
9905,16119203,[17910665]
9906,16127395,[35505463]
9907,16152414,[33233918]
9908,16155974,[33245839]
9909,16166249,[36186255]
9910,16172721,[29496535]
9911,16178982,[15818775]
9912,16189297,"[33379515, 34725837]"
9913,16199171,[13613627]
9914,16203173,[33413074]
9915,16222914,[372986]
9916,16225302,[32332687]
9917,16247680,[34031287]
9918,16254180,[33642526]
9919,16270030,[33805955]
9920,16270110,[35164045]
9921,16274241,[32618126]
9922,16289748,[33785695]
9923,16291179,[33233918]
9924,16299755,[33836786]
9925,16308512,[29632245]
9926,16309509,"[12987033, 10380657, 8705693, 409124]"
9927,16313721,[33843449]
9928,16317671,[33957059]
9929,16345889,[31450752]
9930,16349342,[7933156]
9931,16354343,[34016909]
9932,16364425,[34828626]
9933,16366800,[34077009]
9934,16366801,[34077009]
9935,16368146,[34076952]
9936,16371603,[32332687]
9937,16423721,[34210549]
9938,16424621,[34213598]
9939,16428205,[34219880]
9940,16463085,[25057705]
9941,16483579,[20893322]
9942,16486274,[32332687]
9943,16486275,[32332687]
9944,16486276,[32332687]
9945,16486277,[32332687]
9946,16486278,[32332687]
9947,16486279,[32332687]
9948,16486280,[32332687]
9949,16486281,[32332687]
9950,16486282,[32332687]
9951,16486283,[32332687]
9952,16486284,[32332687]
9953,16486285,[32332687]
9954,16486286,[32332687]
9955,16486747,[32332687]
9956,16486751,[32332687]
9957,16487840,[34371907]
9958,16489167,[35264052]
9959,16492804,[34388622]
9960,16506970,[10858434]
9961,16508815,[34429428]
9962,16529938,[17910665]
9963,16541001,"[34861186, 34511974]"
9964,16575841,[34593153]
9965,16582578,[1612671]
9966,16585360,[7818303]
9967,16639937,[21410653]
9968,16642745,[34728667]
9969,16650544,[20790777]
9970,16674864,[32332687]
9971,16693437,[34878995]
9972,16704874,[35264052]
9973,16705797,[34838967]
9974,16722575,[34859192]
9975,16727429,[33276673]
9976,16733096,[34871966]
9977,16738465,[11646671]
9978,16738466,[11646671]
9979,16738467,[11646671]
9980,16738468,[11646671]
9981,16738469,[11646671]
9982,16738470,[11646671]
9983,16738471,[11646671]
9984,16738472,[11646671]
9985,16738473,[11646671]
9986,16738474,[11646671]
9987,16738475,[11646671]
9988,16738476,[11646671]
9989,16738477,[11646671]
9990,16738478,[11646671]
9991,16738479,[11646671]
9992,16738480,[11646671]
9993,16738481,[11646671]
9994,16738482,[11646671]
9995,16738483,[11646671]
9996,16738484,[11646671]
9997,16738485,[11646671]
9998,16738486,[11646671]
9999,16738487,[11646671]
10000,16738488,[11646671]
10001,16738489,[11646671]
10002,16738490,[11646671]
10003,16764241,[34935820]
10004,16781874,[34974417]
10005,16796786,[34324434]
10006,16799981,[33296298]
10007,16846791,[34623666]
10008,16869409,[12971665]
10009,16890691,[31014504]
10010,16901191,[35264052]
10011,16901193,[35264052]
10012,16936766,[28052700]
10013,17013943,[235749]
10014,17013944,[235749]
10015,17015009,[23460931]
10016,17027176,[47323]
10017,17032614,[34497909]
10018,17039595,[35719003]
10019,17061111,[35706083]
10020,17078580,[32198259]
10021,17146263,[25362894]
10022,17146264,[25362894]
10023,17146265,[25362894]
10024,17146266,[25362894]
10025,17146267,[25362894]
10026,17162288,[34498]
10027,17204500,[13521]
10028,17229574,[31014504]
10029,17229575,[31014504]
10030,17276686,[16077824]
10031,17303138,[21544276]
10032,17328300,[25362907]
