,book_id,author_id
0,1,"[1077326.0, 2927.0]"
1,2,"[1077326.0, 2927.0]"
2,3,"[1077326.0, 2927.0]"
3,4,[1077326.0]
4,6,"[1077326.0, 2927.0]"
5,7,"[1077326.0, 2927.0]"
6,8,"[1077326.0, 2927.0]"
7,10,[1077326.0]
8,11,[4.0]
9,12,[4.0]
10,13,[4.0]
11,14,[4.0]
12,16,"[4.0, 10917.0]"
13,18,[4.0]
14,30,[656983.0]
15,31,[656983.0]
16,32,[656983.0]
17,33,[656983.0]
18,34,[656983.0]
19,35,"[656983.0, 9545.0]"
20,36,"[5448409.0, 5325360.0, 10154.0]"
21,58,[24.0]
22,59,[25.0]
23,103,[58.0]
24,104,[58.0]
25,106,[58.0]
26,119,[60.0]
27,208,[13557729.0]
28,349,[205.0]
29,355,[205.0]
30,357,[4.0]
31,358,[4.0]
32,359,[4.0]
33,365,[4.0]
34,367,[209.0]
35,378,"[214.0, 5116.0]"
36,866,"[4698899.0, 1945379.0]"
37,868,"[4698899.0, 1945379.0]"
38,869,"[4698899.0, 1945379.0]"
39,871,"[4698899.0, 1945379.0]"
40,1226,[811.0]
41,1229,[811.0]
42,1307,"[869.0, 868.0]"
43,1375,"[903.0, 1005.0, 280215.0]"
44,1426,[566.0]
45,1622,"[947.0, 569383.0, 8140.0, 270160.0]"
46,2002,[1077326.0]
47,2005,[1077326.0]
48,2330,"[1583.0, 656983.0]"
49,2333,"[656983.0, 9497.0, 9498.0]"
50,2442,[1654.0]
51,2744,[1221698.0]
52,2880,[1977.0]
53,2881,[1977.0]
54,2882,[1977.0]
55,2883,[1977.0]
56,2910,"[1378543.0, 238653.0, 82937.0, 10210192.0]"
57,3048,"[4699102.0, 656983.0, 9533.0]"
58,3275,[2226.0]
59,3304,"[2238.0, 30209.0]"
60,3479,"[2354.0, 2358.0, 2843445.0, 2356.0, 2355.0, 2357.0, 2353.0]"
61,3501,[4.0]
62,3638,"[2495.0, 47782.0]"
63,3682,[2526.0]
64,3683,"[437669.0, 7577.0]"
65,3852,"[2614.0, 2615.0, 2612.0, 2613.0]"
66,3973,[2687.0]
67,3979,[2687.0]
68,4008,"[566.0, 169609.0, 215818.0]"
69,4117,[2828.0]
70,4214,[811.0]
71,4255,[1077326.0]
72,4407,[1221698.0]
73,4412,"[1221698.0, 19365.0]"
74,4513,[815.0]
75,4835,"[3299.0, 2886033.0]"
76,4978,"[3389.0, 133241.0]"
77,5038,[3441.0]
78,5091,[3389.0]
79,5092,[3389.0]
80,5093,"[3389.0, 2777560.0]"
81,5094,[3389.0]
82,5095,[3389.0]
83,5096,"[3389.0, 10365.0]"
84,5098,[3389.0]
85,5338,"[239579.0, 40641.0]"
86,5367,[3619.0]
87,5372,[869.0]
88,5374,"[4777916.0, 475166.0]"
89,5399,[3389.0]
90,5414,"[3389.0, 45978.0]"
91,5415,[3389.0]
92,5418,[3389.0]
93,5419,[3389.0]
94,5500,"[5835922.0, 4273240.0, 155401.0]"
95,5886,"[4008.0, 369374.0]"
96,5898,[656983.0]
97,5907,[656983.0]
98,5912,[656983.0]
99,5915,[656983.0]
100,6052,[4106.0]
101,6291,[1023510.0]
102,6294,[4260.0]
103,6297,"[4263.0, 8486.0]"
104,6393,"[4333.0, 4335.0]"
105,6394,"[4333.0, 4335.0]"
106,6401,"[4333.0, 4335.0]"
107,6402,[4333.0]
108,6404,[4333.0]
109,6406,[4333.0]
110,6625,"[4430.0, 4429.0, 4428.0]"
111,6628,[4432.0]
112,6970,[4708.0]
113,7009,[947.0]
114,7012,"[947.0, 41570.0, 21187.0]"
115,7021,[4735.0]
116,7022,[4735.0]
117,7023,"[4735.0, 1100211.0]"
118,7024,[4735.0]
119,7026,[4735.0]
120,7027,[4735.0]
121,7028,[4735.0]
122,7029,[4735.0]
123,7082,"[4764.0, 3619.0]"
124,7083,[4764.0]
125,7113,"[4747.0, 571819.0]"
126,7238,"[9355.0, 4845.0]"
127,7263,[4861.0]
128,7329,"[656983.0, 9533.0]"
129,7331,"[656983.0, 3853096.0]"
130,7332,"[656983.0, 9533.0, 4938.0]"
131,7337,"[656983.0, 1067608.0]"
132,7339,[656983.0]
133,7341,[4942.0]
134,7345,"[4945.0, 283833.0]"
135,7346,"[656983.0, 9533.0]"
136,7347,"[656983.0, 9533.0]"
137,7348,[656983.0]
138,7349,[656983.0]
139,7619,"[106.0, 8658.0]"
140,7733,"[1831.0, 320473.0]"
141,7735,"[1831.0, 8171.0, 8475447.0]"
142,7956,[589.0]
143,7957,[589.0]
144,7962,[589.0]
145,7964,[589.0]
146,7965,[589.0]
147,7968,[589.0]
148,7971,[589.0]
149,7973,[589.0]
150,7974,"[5329.0, 4517970.0]"
151,7976,"[5329.0, 158961.0]"
152,7979,[5329.0]
153,7980,[5329.0]
154,7981,"[5329.0, 579130.0]"
155,7983,"[5329.0, 158961.0]"
156,7987,[5329.0]
157,7989,"[5329.0, 163933.0]"
158,7993,"[5329.0, 158961.0]"
159,7994,[5329.0]
160,7996,[5329.0]
161,7997,"[5329.0, 163934.0]"
162,7998,[5329.0]
163,7999,[5329.0]
164,8001,"[5329.0, 579130.0]"
165,8004,"[5329.0, 163933.0]"
166,8084,[5339.0]
167,8085,"[5339.0, 5345.0]"
168,8087,[5339.0]
169,8088,[5339.0]
170,8089,[5339.0]
171,8090,[5339.0]
172,8091,[5339.0]
173,8092,[5339.0]
174,8093,"[5339.0, 275663.0]"
175,8178,[5369.0]
176,8706,[4.0]
177,8709,[4.0]
178,8908,[5791.0]
179,8948,[5816.0]
180,8949,[5816.0]
181,8951,[5816.0]
182,8952,[5816.0]
183,8955,[5816.0]
184,8957,[5816.0]
185,8960,[5816.0]
186,8962,[5816.0]
187,8963,[5816.0]
188,8965,[5816.0]
189,8966,[5816.0]
190,8967,[5816.0]
191,8968,[5816.0]
192,8983,[5833.0]
193,8992,[5816.0]
194,9325,"[4698899.0, 1945379.0]"
195,9326,"[4698899.0, 1945379.0]"
196,9329,[6108.0]
197,9531,"[6245.0, 6244.0, 337207.0]"
198,9534,[589.0]
199,9539,[6252.0]
200,9542,[7031278.0]
201,9553,[6268.0]
202,9594,[2778055.0]
203,9626,"[1630.0, 10365.0]"
204,9628,[1630.0]
205,9630,[1630.0]
206,9634,[1630.0]
207,9638,[1630.0]
208,9767,[6379.0]
209,9807,"[155517.0, 4269486.0]"
210,9813,[155517.0]
211,9875,[3299.0]
212,10084,[6587.0]
213,10090,[6587.0]
214,10092,[6587.0]
215,10336,[6781.0]
216,10546,"[4874418.0, 2738900.0, 2847482.0]"
217,10571,"[426944.0, 32349.0]"
218,10572,[346732.0]
219,10607,"[3389.0, 6941.0]"
220,10611,[3389.0]
221,10626,"[3389.0, 6941.0]"
222,10690,"[6988.0, 5918.0]"
223,10750,"[7025.0, 6543253.0]"
224,10897,[7116.0]
225,11127,"[1069006.0, 25523.0]"
226,11129,"[1069006.0, 25523.0]"
227,11134,[1069006.0]
228,11136,"[1069006.0, 25523.0]"
229,11280,[2687.0]
230,11286,[2687.0]
231,11290,[2687.0]
232,11298,"[3354.0, 323598.0]"
233,11306,[7308.0]
234,11308,[7308.0]
235,11310,[7308.0]
236,11311,"[7308.0, 571819.0]"
237,11312,[7308.0]
238,11313,[7308.0]
239,11390,[1630.0]
240,11551,[5244478.0]
241,11552,[5244478.0]
242,11553,[5244478.0]
243,11555,[5244478.0]
244,11557,[5244478.0]
245,11590,[3389.0]
246,11597,[3389.0]
247,11841,[106.0]
248,11843,[106.0]
249,11901,[7577.0]
250,11915,[7581.0]
251,11916,[7581.0]
252,11918,[7581.0]
253,11919,[7581.0]
254,11920,[7581.0]
255,11921,[7581.0]
256,11922,[7581.0]
257,11932,[1067608.0]
258,11933,[1067608.0]
259,11935,"[1067608.0, 25.0]"
260,11938,[1067608.0]
261,12017,[5807106.0]
262,12024,[941441.0]
263,12067,"[1654.0, 1221698.0]"
264,12070,"[1654.0, 1221698.0]"
265,12147,[7717.0]
266,12148,[7717.0]
267,12150,[7717.0]
268,12189,[7742.0]
269,12442,[7717.0]
270,12444,[7717.0]
271,12500,[7941.0]
272,12759,"[1954.0, 159559.0]"
273,12931,[2493.0]
274,12967,[8146.0]
275,13023,"[34933.0, 8164.0, 28120.0]"
276,13139,[3780.0]
277,13152,[3780.0]
278,13196,[8238.0]
279,13345,[8347.0]
280,13349,[8349.0]
281,13350,[8349.0]
282,13444,"[3389.0, 6941.0]"
283,13496,[346732.0]
284,13497,[346732.0]
285,13498,[346732.0]
286,13499,"[346732.0, 579648.0]"
287,13501,"[8454.0, 8455.0, 346732.0]"
288,13506,[8185168.0]
289,13514,"[1113469.0, 41878.0, 202629.0]"
290,13521,"[7025.0, 6543253.0, 17204500.0]"
291,13522,[7025.0]
292,13568,"[8476.0, 362098.0]"
293,13569,"[8476.0, 362098.0]"
294,13570,"[8476.0, 3855795.0]"
295,13571,"[8476.0, 362098.0]"
296,13573,"[8476.0, 362098.0]"
297,13574,"[8476.0, 3855795.0]"
298,13575,"[8476.0, 362098.0]"
299,13576,"[8476.0, 362098.0]"
300,13577,"[8476.0, 362098.0]"
301,13578,"[8476.0, 362098.0]"
302,13579,"[8476.0, 362098.0]"
303,13580,"[8476.0, 362098.0]"
304,13624,"[1378543.0, 16073537.0]"
305,13642,[874602.0]
306,13647,[874602.0]
307,13652,[874602.0]
308,13654,[874602.0]
309,13657,"[874602.0, 730649.0]"
310,13658,[874602.0]
311,13659,[874602.0]
312,13660,"[874602.0, 389991.0]"
313,13661,[874602.0]
314,13662,[874602.0]
315,13664,"[874602.0, 389991.0]"
316,13667,[874602.0]
317,13727,[1977.0]
318,13728,[1977.0]
319,13729,[1977.0]
320,13730,[1977.0]
321,13731,[1977.0]
322,13733,[1977.0]
323,13735,[1977.0]
324,13737,"[8538.0, 6456544.0, 8536.0, 1041777.0, 3855865.0, 8537.0]"
325,13759,[4260.0]
326,13806,[8587.0]
327,13807,[8588.0]
328,13808,"[8588.0, 8589.0]"
329,13809,[8588.0]
330,13810,[8588.0]
331,13811,[8588.0]
332,13812,[8588.0]
333,13813,[8588.0]
334,13814,[8588.0]
335,13815,"[8588.0, 8591.0]"
336,13816,"[8588.0, 14002.0]"
337,13817,[8588.0]
338,13818,[8588.0]
339,13819,"[8588.0, 8593.0]"
340,13821,"[3619.0, 5787645.0]"
341,13824,[3619.0]
342,13827,[3619.0]
343,13829,[8596.0]
344,13830,[8596.0]
345,13831,[8596.0]
346,13832,"[8596.0, 1223.0, 26875.0, 1095924.0, 54475.0, 665641.0, 16908.0, 2794097.0, 25422.0, 127492.0, 66268.0, 8691.0, 33502.0, 168090.0, 128057.0, 3020457.0]"
347,13833,[8596.0]
348,13834,[8596.0]
349,13835,[8596.0]
350,13836,[8596.0]
351,13837,[8596.0]
352,13843,[8597.0]
353,13850,[8605.0]
354,13854,[1023510.0]
355,13878,[8588.0]
356,13881,[8588.0]
357,13888,[6252.0]
358,13890,[6252.0]
359,13891,[6252.0]
360,13895,[6252.0]
361,13920,[8646.0]
362,13922,[8649.0]
363,13923,[8649.0]
364,13925,[8649.0]
365,13926,[8649.0]
366,13927,[8649.0]
367,13928,[8649.0]
368,13929,[8649.0]
369,13931,[8649.0]
370,13978,[8685.0]
371,13979,[8685.0]
372,13980,[8685.0]
373,13981,[8685.0]
374,13982,[8685.0]
375,13983,[8685.0]
376,13986,[8685.0]
377,13987,[8685.0]
378,13990,[8685.0]
379,13992,"[8685.0, 8690.0]"
380,13993,[8685.0]
381,13994,[8685.0]
382,13995,[8685.0]
383,13996,[8685.0]
384,13997,[8685.0]
385,13998,[8685.0]
386,13999,"[8685.0, 8686.0]"
387,14000,[8685.0]
388,14002,"[8685.0, 1967.0, 34861.0, 6256.0, 11508.0, 11759.0, 721481.0, 157655.0, 103053.0, 237175.0, 32916.0, 1223.0, 8690.0, 723397.0, 9694.0, 2772185.0, 2799345.0, 2845578.0, 2905283.0]"
389,14003,[8685.0]
390,14004,[8685.0]
391,14007,"[8685.0, 8690.0]"
392,14009,"[8685.0, 8690.0]"
393,14012,[8685.0]
394,14013,"[8685.0, 8694.0, 8695.0]"
395,14014,[8685.0]
396,14015,[8685.0]
397,14069,[8730.0]
398,14150,[8794.0]
399,14185,[4764.0]
400,14201,[8842.0]
401,14202,[8842.0]
402,14350,"[947.0, 42267.0, 487578.0, 18266.0]"
403,14383,[4428.0]
404,14384,[4428.0]
405,14460,[8988.0]
406,14461,[8988.0]
407,14463,[8988.0]
408,14497,[1221698.0]
409,14498,"[9018.0, 205493.0, 1221698.0]"
410,14501,[1221698.0]
411,14561,[9072.0]
412,14562,[9072.0]
413,14565,[9072.0]
414,14566,[9072.0]
415,14567,[9072.0]
416,14686,"[9172.0, 1221698.0]"
417,14691,"[9172.0, 7780181.0, 4947.0]"
418,14976,"[31253.0, 203791.0]"
419,14977,"[9345.0, 209.0]"
420,14995,[9355.0]
421,14996,[9355.0]
422,14997,[9355.0]
423,15045,[9399.0]
424,15161,"[8842.0, 10763.0]"
425,15177,[9465.0]
426,15216,[10.0]
427,15241,[656983.0]
428,15260,[9516.0]
429,15268,[656983.0]
430,15298,[656983.0]
431,15309,[9550.0]
432,15329,[656983.0]
433,15331,[656983.0]
434,15350,[656983.0]
435,15351,"[656983.0, 9533.0]"
436,15420,[8516.0]
437,15424,[8516.0]
438,15425,[8516.0]
439,15430,[8516.0]
440,15433,[8516.0]
441,15435,[8516.0]
442,15438,[8516.0]
443,15444,[8516.0]
444,15447,[8516.0]
445,15449,[8516.0]
446,15450,[8516.0]
447,15453,[8516.0]
448,15456,[8516.0]
449,15460,[8516.0]
450,15464,[8516.0]
451,15466,[8516.0]
452,15468,[8516.0]
453,15471,[8516.0]
454,15474,[8516.0]
455,15502,[8516.0]
456,15505,[8516.0]
457,15511,[8516.0]
458,15534,[8516.0]
459,15547,[9629.0]
460,15549,[9629.0]
461,15550,[9629.0]
462,15552,[9629.0]
463,15553,[9629.0]
464,15555,[9629.0]
465,15557,[9629.0]
466,15558,[9629.0]
467,15559,[9629.0]
468,15560,[9629.0]
469,15561,[9629.0]
470,15563,[9629.0]
471,15564,[9629.0]
472,15566,[9629.0]
473,15567,[9629.0]
474,15568,[9629.0]
475,15575,[9629.0]
476,15578,[9629.0]
477,15591,"[9637.0, 2686362.0]"
478,15670,[8835.0]
479,15784,[9766.0]
480,15858,[7025.0]
481,15881,"[1077326.0, 2927.0]"
482,16433,[9355.0]
483,16468,"[214.0, 5116.0]"
484,16482,[10082.0]
485,16488,[10082.0]
486,16489,[10082.0]
487,16509,[10082.0]
488,16526,"[2238.0, 30209.0]"
489,16529,[2238.0]
490,16536,[10089.0]
491,16568,"[500.0, 41565.0, 8658.0, 3947.0]"
492,16597,"[10116.0, 4743.0]"
493,16599,"[10116.0, 4743.0]"
494,16600,"[10116.0, 4743.0]"
495,16653,[10147.0]
496,16686,[205.0]
497,16688,[205.0]
498,16690,[205.0]
499,16692,"[656983.0, 9498.0, 9497.0]"
500,16694,"[656983.0, 15513625.0, 9545.0]"
501,16702,[2715.0]
502,16705,[2715.0]
503,16788,[1221698.0]
504,16789,"[9320.0, 1221698.0]"
505,16790,[1221698.0]
506,16793,[1221698.0]
507,16907,"[656983.0, 10269.0]"
508,17005,[10317.0]
509,17055,"[1221698.0, 10763.0]"
510,17061,[1221698.0]
511,17064,"[1221698.0, 10365.0]"
512,17136,"[880695.0, 4449011.0]"
513,17206,[8347.0]
514,17238,"[6988.0, 41007.0]"
515,17240,[6988.0]
516,17245,"[6988.0, 28273.0, 44926.0]"
517,17261,[656983.0]
518,17267,[1069006.0]
519,17315,[10517.0]
520,17316,[10518.0]
521,17320,[10517.0]
522,17327,"[1221698.0, 10763.0, 3201168.0, 2719.0, 38328.0, 10224.0, 3857327.0]"
523,17343,[1069006.0]
524,17477,[10657.0]
525,17683,[10746.0]
526,17707,[4.0]
527,17721,[9629.0]
528,17722,"[8164.0, 180439.0]"
529,17742,[10765.0]
530,17781,[625.0]
531,17861,[8794.0]
532,17864,[8794.0]
533,17867,[8794.0]
534,17944,[3389.0]
535,17998,[10896.0]
536,18003,"[3389.0, 7430.0]"
537,18004,[3389.0]
538,18072,"[3389.0, 7431.0]"
539,18114,[3389.0]
540,18115,[3618.0]
541,18122,[3618.0]
542,18127,"[3389.0, 748899.0]"
543,18128,[3389.0]
544,18130,[106.0]
545,18131,[106.0]
546,18155,[989968.0]
547,18194,"[10991.0, 410354.0, 3122459.0]"
548,18392,[11078.0]
549,18393,[11078.0]
550,18394,[11078.0]
551,18395,[11078.0]
552,18396,[11078.0]
553,18423,"[874602.0, 2966914.0]"
554,18509,"[656983.0, 9545.0]"
555,18510,[656983.0]
556,18511,[656983.0]
557,18512,[656983.0]
558,18513,"[656983.0, 9533.0]"
559,18877,[8587.0]
560,18878,[8732.0]
561,18879,[8732.0]
562,18880,"[8732.0, 11358.0]"
563,18881,[8732.0]
564,18882,[8732.0]
565,18884,"[8732.0, 11358.0]"
566,18886,[4841825.0]
567,18887,[4841825.0]
568,18889,"[4841825.0, 34850.0]"
569,18892,"[4841825.0, 34850.0]"
570,18932,[4260.0]
571,18943,[7025.0]
572,18952,[11390.0]
573,18963,"[656983.0, 9533.0]"
574,18977,"[656983.0, 9533.0]"
575,19126,"[8469.0, 54848.0, 15080169.0, 234377.0]"
576,19140,[11508.0]
577,19179,"[4699102.0, 8994.0]"
578,19180,"[4699102.0, 6890841.0]"
579,19181,[11527.0]
580,19184,"[4699102.0, 6527021.0]"
581,19298,[11586.0]
582,19312,"[410653.0, 190377.0, 230701.0]"
583,19580,[6941.0]
584,19593,[6941.0]
585,19819,[25.0]
586,19821,[25.0]
587,19822,[25.0]
588,19823,[25.0]
589,19852,[31.0]
590,19855,[31.0]
591,19908,[23.0]
592,19909,[23.0]
593,19910,[23.0]
594,19911,"[23.0, 11853.0]"
595,19912,[23.0]
596,19913,[23.0]
597,19914,[23.0]
598,19916,"[23.0, 1429808.0, 11858.0, 11859.0]"
599,19983,[20.0]
600,20002,"[11889.0, 24.0]"
601,20074,"[26.0, 11906.0]"
602,20075,"[26.0, 1948907.0]"
603,20076,"[26.0, 11906.0]"
604,20078,"[26.0, 568312.0]"
605,20082,[26.0]
606,20252,"[56.0, 4845.0]"
607,20343,[12030.0]
608,20929,"[6436872.0, 12300.0, 84604.0, 34861.0, 69803.0, 172490.0, 33502.0, 2779581.0, 11735.0, 1375697.0, 3439391.0, 253624.0, 360591.0, 1223.0, 88608.0, 560014.0, 8591.0, 26354.0]"
609,21059,[8660.0]
610,21060,[12350.0]
611,21061,"[12351.0, 2676580.0, 3510823.0]"
612,21063,"[66700.0, 1627.0, 1996705.0]"
613,21277,[4861.0]
614,21284,[12433.0]
615,21318,[6206.0]
616,21337,"[9355.0, 4845.0, 44554.0]"
617,21353,"[9355.0, 925.0]"
618,21776,[12521.0]
619,21787,[12521.0]
620,21823,[12521.0]
621,22271,[9334.0]
622,22337,[1221698.0]
623,22530,"[1630.0, 44767.0]"
624,22549,[3389.0]
625,22550,[3389.0]
626,22712,"[12949.0, 3524830.0]"
627,22715,[12948.0]
628,22867,[12980.0]
629,22875,[12980.0]
630,22876,[12980.0]
631,22892,[3502.0]
632,22895,[12991.0]
633,22896,[3502.0]
634,22914,"[2938140.0, 2938141.0, 15620.0, 1169504.0, 68038.0, 1715298.0, 79861.0, 461016.0, 287459.0, 69163.0]"
635,22915,"[2938140.0, 2938141.0]"
636,22916,"[2938140.0, 2938141.0, 41878.0, 13013.0]"
637,22917,"[2938140.0, 2938141.0, 283944.0, 2726692.0, 20105.0, 4025890.0, 778357.0]"
638,22918,"[13014.0, 1393991.0]"
639,22930,[4708.0]
640,23218,[11654.0]
641,23224,[11654.0]
642,23225,[11654.0]
643,23236,[11663.0]
644,23239,[11663.0]
645,23241,[11663.0]
646,23242,[11663.0]
647,23244,[11663.0]
648,23249,[13143.0]
649,23340,[6587.0]
650,23399,[11735.0]
651,23454,"[869.0, 868.0]"
652,23506,"[4698899.0, 1945379.0]"
653,23591,"[656983.0, 9533.0, 9545.0]"
654,23596,"[1582.0, 4988270.0, 364195.0, 454151.0, 4633123.0, 18393.0, 51422.0, 708105.0, 29974.0, 684446.0, 2413.0, 33546.0, 16022666.0, 3242.0, 351924.0, 8127.0, 92665.0, 9172.0, 485215.0, 2944392.0, 7935185.0]"
655,23603,[656983.0]
656,23613,"[4699102.0, 656983.0, 9533.0]"
657,23617,"[656983.0, 9497.0, 9498.0]"
658,23653,"[656983.0, 9545.0]"
659,23853,[4497.0]
660,23854,[4497.0]
661,23944,[4462369.0]
662,24087,"[11078.0, 4517970.0]"
663,24088,[11078.0]
664,24093,[8596.0]
665,24094,[8596.0]
666,24213,"[8164.0, 180439.0, 7105.0]"
667,24216,"[8164.0, 180439.0, 1169504.0]"
668,24217,"[8164.0, 180439.0, 368402.0]"
669,24220,"[8164.0, 495248.0, 180439.0]"
670,24233,"[13625.0, 255288.0]"
671,24249,[16391.0]
672,24271,[13652.0]
673,24303,[10105.0]
674,24316,"[13669.0, 188999.0]"
675,24336,[13677.0]
676,24337,[13677.0]
677,24431,[8596.0]
678,24441,[589.0]
679,24626,[12603.0]
680,24703,"[13926.0, 613580.0]"
681,24761,[106.0]
682,24764,[13957.0]
683,24766,[13957.0]
684,24767,[13957.0]
685,24769,[13957.0]
686,24774,"[3618.0, 478703.0]"
687,24777,"[3618.0, 605373.0]"
688,24779,[8924.0]
689,24780,[8924.0]
690,24781,[8924.0]
691,24782,[8924.0]
692,24783,[8924.0]
693,24784,[8924.0]
694,24785,[8924.0]
695,24830,[1630.0]
696,24866,"[26.0, 1948907.0]"
697,24869,[26.0]
698,24870,[26.0]
699,24872,[26.0]
700,24874,"[26.0, 11906.0]"
701,24888,[14004.0]
702,24930,"[7025.0, 605373.0]"
703,24934,"[7025.0, 10664.0]"
704,24937,"[14013.0, 14014.0, 148442.0, 3498741.0]"
705,24938,"[14014.0, 7025.0]"
706,24963,[7308.0]
707,24978,[14032.0]
708,24979,[14032.0]
709,24987,[14032.0]
710,25286,"[14199.0, 613876.0]"
711,25295,[5369.0]
712,25296,[8649.0]
713,25321,[13878.0]
714,25350,[1069006.0]
715,25781,[14454.0]
716,25790,"[9545.0, 18409.0]"
717,25811,[449812.0]
718,26046,[625.0]
719,26049,[625.0]
720,26207,[771.0]
721,26210,[771.0]
722,26212,[771.0]
723,26422,"[4698899.0, 1945379.0]"
724,26426,"[4698899.0, 1945379.0]"
725,26571,[8924.0]
726,26575,[5369.0]
727,26582,"[437669.0, 7577.0]"
728,26689,[8695.0]
729,26690,[8695.0]
730,26999,[4432.0]
731,27000,[4432.0]
732,27001,[4432.0]
733,27002,[4432.0]
734,27003,[4432.0]
735,27005,[4432.0]
736,27266,[15292.0]
737,27689,[15590.0]
738,27692,[15590.0]
739,27712,"[15619.0, 38449.0, 262689.0]"
740,27719,"[15619.0, 3861601.0, 3861602.0, 262690.0, 3861603.0]"
741,28133,[2778055.0]
742,28185,[15872.0]
743,28186,[15872.0]
744,28187,[15872.0]
745,28188,"[15872.0, 465708.0]"
746,28190,[15872.0]
747,28193,"[15873.0, 948969.0, 3861831.0]"
748,28194,"[15873.0, 25355.0]"
749,28195,"[15873.0, 25355.0]"
750,28196,[15873.0]
751,28197,[15873.0]
752,28198,"[15873.0, 6093938.0]"
753,28199,"[15873.0, 3203.0]"
754,28246,[15890.0]
755,28247,[15890.0]
756,28248,[15890.0]
757,28249,[15890.0]
758,28250,[15890.0]
759,28251,[15890.0]
760,28271,"[869.0, 868.0]"
761,28426,[15987.0]
762,28429,[15987.0]
763,28471,"[869.0, 868.0]"
764,28474,[869.0]
765,28477,[869.0]
766,28478,"[869.0, 868.0]"
767,28481,"[869.0, 868.0]"
768,28482,"[869.0, 868.0]"
769,28483,"[869.0, 868.0]"
770,28484,"[869.0, 868.0]"
771,28485,"[869.0, 868.0]"
772,28507,"[869.0, 868.0]"
773,28514,"[869.0, 868.0]"
774,28524,[869.0]
775,28533,"[869.0, 868.0]"
776,28537,[869.0]
777,28539,"[869.0, 868.0, 115156.0, 115155.0, 88017.0, 2912069.0, 184918.0, 5369.0, 53301.0, 32354.0, 6547976.0]"
778,28541,[26.0]
779,28543,[26.0]
780,28547,[26.0]
781,28553,[26.0]
782,28588,"[46138.0, 9226.0, 14032.0, 7415.0, 12534.0, 15188.0, 150432.0, 463665.0]"
783,28615,[7308.0]
784,28650,[15292.0]
785,28660,[8591.0]
786,28671,[8591.0]
787,28677,[16094.0]
788,28687,[6587.0]
789,28689,[6587.0]
790,28691,[6587.0]
791,28692,[6587.0]
792,28693,[6587.0]
793,28694,[6587.0]
794,28695,[6587.0]
795,28698,[6587.0]
796,28725,[8685.0]
797,28729,"[3583.0, 14454.0, 589.0, 8685.0, 8694.0, 10518.0]"
798,28733,[8685.0]
799,28734,[8685.0]
800,28735,[8685.0]
801,28736,[8685.0]
802,28737,"[8685.0, 8690.0]"
803,28759,[8685.0]
804,28760,[8685.0]
805,28762,[8685.0]
806,28799,[16143.0]
807,28807,[3619.0]
808,28850,"[656983.0, 16191.0]"
809,28866,[6268.0]
810,28868,[1069006.0]
811,28873,"[4777916.0, 5169211.0, 179383.0, 50069.0, 475166.0]"
812,28876,[8730.0]
813,29118,"[869.0, 868.0]"
814,29119,"[869.0, 868.0]"
815,29124,"[426944.0, 10831.0]"
816,29127,[1067608.0]
817,29133,[16391.0]
818,29135,[16391.0]
819,29137,[16391.0]
820,29143,[16393.0]
821,29160,"[869.0, 16028.0]"
822,29169,"[869.0, 868.0]"
823,29187,"[869.0, 868.0]"
824,29324,[7993.0]
825,29394,[10746.0]
826,29396,[10746.0]
827,29484,[9550.0]
828,29497,"[16589.0, 16591.0]"
829,29514,[10885.0]
830,29533,[16625.0]
831,29588,[12581.0]
832,29601,[696805.0]
833,29617,[2387.0]
834,29619,"[8840.0, 2387.0]"
835,29623,"[8840.0, 2387.0]"
836,29624,"[8840.0, 2387.0]"
837,29806,"[1069006.0, 13290.0]"
838,29829,[13026.0]
839,29954,[138207.0]
840,29981,[880695.0]
841,30036,[16939.0]
842,30072,[16967.0]
843,30095,[16939.0]
844,30097,[16939.0]
845,30183,"[17015.0, 17010.0]"
846,30186,[17015.0]
847,30187,[17015.0]
848,30189,[7031278.0]
849,30190,[17015.0]
850,30191,[17015.0]
851,30193,[17015.0]
852,30194,[17015.0]
853,30196,[17015.0]
854,30199,"[1429808.0, 90455.0, 17015.0, 48192.0]"
855,30200,[17015.0]
856,30203,"[15708586.0, 17355.0, 544208.0]"
857,30205,"[15708586.0, 17355.0, 544208.0]"
858,30223,[17015.0]
859,30224,[9550.0]
860,30225,[9550.0]
861,30226,[9550.0]
862,30227,[9550.0]
863,30228,[9550.0]
864,30229,[9550.0]
865,30230,[9550.0]
866,30240,[9550.0]
867,30241,[9550.0]
868,30242,[9550.0]
869,30243,[9550.0]
870,30244,[9550.0]
871,30245,[9550.0]
872,30246,[9550.0]
873,30248,[9550.0]
874,30257,[9550.0]
875,30259,[17054.0]
876,30260,[17054.0]
877,30262,[17054.0]
878,30263,[17054.0]
879,30264,[17054.0]
880,30268,"[17054.0, 17059.0, 7581.0, 17060.0]"
881,30269,[17054.0]
882,30271,[9550.0]
883,30273,[9550.0]
884,30274,[9550.0]
885,30279,"[9550.0, 17061.0, 1429808.0, 23.0, 17062.0]"
886,30280,"[17065.0, 625.0, 9550.0, 17063.0, 17064.0]"
887,30281,[9550.0]
888,30282,"[9550.0, 1429808.0, 46540.0, 8110.0]"
889,30288,"[9550.0, 2950834.0, 4154297.0, 8621.0]"
890,30324,[5833.0]
891,30329,[17082.0]
892,30331,[17082.0]
893,30332,[17082.0]
894,30333,[17082.0]
895,30334,[17082.0]
896,30335,[17082.0]
897,30336,[17082.0]
898,30337,[17082.0]
899,30628,[1069006.0]
900,30764,"[17262.0, 17266.0, 164531.0, 17265.0, 17264.0]"
901,30978,[5369.0]
902,31313,[625.0]
903,31330,[7577.0]
904,31331,[7577.0]
905,31332,[7577.0]
906,31333,[7577.0]
907,31336,[7577.0]
908,31337,[7577.0]
909,31338,[7577.0]
910,31340,[7577.0]
911,31341,[7577.0]
912,31342,[7577.0]
913,31351,[589.0]
914,31352,[589.0]
915,31354,[589.0]
916,31357,[589.0]
917,31361,[589.0]
918,31481,"[17618.0, 546590.0]"
919,31482,"[17618.0, 546590.0]"
920,31484,"[17618.0, 546590.0]"
921,31486,"[17618.0, 546590.0]"
922,31644,[17740.0]
923,31754,"[17813.0, 285212.0]"
924,31983,[8476.0]
925,32000,"[7211475.0, 791967.0, 18019.0, 791968.0]"
926,32004,"[18019.0, 18022.0, 8269044.0]"
927,32460,[18253.0]
928,32626,[10366.0]
929,32627,[10366.0]
930,32628,[10366.0]
931,32636,[10366.0]
932,32639,[10366.0]
933,32767,"[9494.0, 33918.0, 406026.0]"
934,32769,[9494.0]
935,32831,"[696805.0, 27779.0, 168380.0]"
936,33024,"[6620.0, 323290.0, 3247126.0, 427704.0]"
937,33155,"[947.0, 18604.0]"
938,33441,[16218.0]
939,33453,[16218.0]
940,33454,[16218.0]
941,33455,"[16218.0, 748787.0]"
942,33456,[16218.0]
943,33457,[16218.0]
944,33458,[16218.0]
945,33459,[16218.0]
946,33482,"[66700.0, 2401.0, 1996705.0]"
947,33484,"[66700.0, 1034277.0, 1996705.0]"
948,33489,"[2991.0, 18837.0]"
949,33490,[9494.0]
950,33507,"[696805.0, 223300.0]"
951,33531,"[6988.0, 472667.0]"
952,33532,[6988.0]
953,33536,[18880.0]
954,33546,[8726.0]
955,33553,[8726.0]
956,33555,[8726.0]
957,33676,[3780.0]
958,33744,"[19005.0, 19012.0, 13635.0]"
959,33835,[1276004.0]
960,33956,[146374.0]
961,34084,"[3389.0, 7431.0]"
962,34262,"[6245.0, 6244.0, 337207.0]"
963,34263,"[6245.0, 6244.0, 337207.0]"
964,34264,"[1631.0, 2738043.0, 5255014.0]"
965,34268,"[5255014.0, 13290.0]"
966,34270,[19317.0]
967,34281,[4260.0]
968,34282,[4260.0]
969,34283,[4260.0]
970,34284,[4260.0]
971,34286,[4260.0]
972,34287,[4260.0]
973,34288,[4260.0]
974,34290,[4260.0]
975,34420,[19392.0]
976,34427,"[4263.0, 4260.0]"
977,34484,[1654.0]
978,34492,[1654.0]
979,34493,[1654.0]
980,34494,[1654.0]
981,34495,[1654.0]
982,34496,"[1654.0, 257685.0]"
983,34497,[1654.0]
984,34498,"[1654.0, 17162288.0]"
985,34499,[1654.0]
986,34501,[1654.0]
987,34502,[1654.0]
988,34503,"[1654.0, 19440.0]"
989,34504,[1654.0]
990,34506,[1654.0]
991,34507,[1654.0]
992,34508,"[19439.0, 1654.0]"
993,34509,"[1654.0, 19439.0, 202183.0, 19440.0]"
994,34510,[1654.0]
995,34511,[1654.0]
996,34515,"[1654.0, 10336.0, 19441.0]"
997,34517,[1654.0]
998,34519,[1654.0]
999,34522,[1654.0]
1000,34524,"[1654.0, 2542414.0]"
1001,34527,[1654.0]
1002,34528,[1654.0]
1003,34529,[1654.0]
1004,34532,[1654.0]
1005,34534,[1654.0]
1006,34539,[1654.0]
1007,34540,"[1654.0, 19440.0]"
1008,34541,[1654.0]
1009,34542,[1654.0]
1010,34605,[10366.0]
1011,34778,[7577.0]
1012,34791,[19651.0]
1013,34871,"[19710.0, 2751991.0, 10366.0]"
1014,34896,"[346732.0, 63924.0]"
1015,34897,[6252.0]
1016,34901,[19729.0]
1017,34908,[19733.0]
1018,34916,[9629.0]
1019,34917,[9629.0]
1020,34919,[9629.0]
1021,34941,"[9629.0, 3231.0]"
1022,34942,[9629.0]
1023,34988,[9629.0]
1024,35149,[11735.0]
1025,35156,[11735.0]
1026,35231,[6252.0]
1027,35232,[6252.0]
1028,35233,[6252.0]
1029,35234,[6252.0]
1030,35448,[8154.0]
1031,35729,[20248.0]
1032,35736,"[656983.0, 20255.0]"
1033,35806,[4735.0]
1034,35807,[4735.0]
1035,35808,[4735.0]
1036,35813,[7779.0]
1037,36020,"[6559160.0, 5773.0]"
1038,36157,[1276004.0]
1039,36159,[1276004.0]
1040,36161,[1276004.0]
1041,36164,[1276004.0]
1042,36313,"[9494.0, 6941.0]"
1043,36314,"[9494.0, 3524.0]"
1044,36315,"[9494.0, 20598.0, 12540.0]"
1045,36316,"[9494.0, 4947.0]"
1046,36317,"[9494.0, 10333.0]"
1047,36320,"[9494.0, 56943.0, 57720.0, 66700.0, 117570.0, 20598.0, 12540.0, 70167.0, 23001.0, 20602.0, 18253.0, 9016.0, 52310.0, 88014.0, 10089.0, 3389.0, 10088.0]"
1048,36321,"[9494.0, 380649.0, 1221698.0]"
1049,36609,[18880.0]
1050,37188,"[13663.0, 121656.0]"
1051,37190,"[13663.0, 121656.0]"
1052,37193,"[13663.0, 5466147.0]"
1053,37234,[20936.0]
1054,37235,[20936.0]
1055,37238,[20936.0]
1056,37240,[20936.0]
1057,37340,[1356336.0]
1058,37442,"[7025.0, 6543253.0]"
1059,37586,[10896.0]
1060,37591,[10896.0]
1061,37684,"[94838.0, 1069006.0, 524634.0]"
1062,37685,"[1069006.0, 25523.0]"
1063,37686,"[1069006.0, 25523.0]"
1064,38075,[79138.0]
1065,38522,"[4430.0, 1356336.0, 164485.0, 21665.0]"
1066,38529,[17059.0]
1067,38548,[17059.0]
1068,38562,[17059.0]
1069,38564,[21701.0]
1070,38568,[17059.0]
1071,38619,[21748.0]
1072,38657,[21770.0]
1073,38675,"[5255014.0, 21781.0]"
1074,38676,[5255014.0]
1075,38686,"[8164.0, 203838.0]"
1076,38690,"[8164.0, 180439.0]"
1077,38691,"[8164.0, 180439.0, 3170710.0]"
1078,39058,"[22018.0, 5735.0, 49216.0]"
1079,39063,[22018.0]
1080,39097,[22042.0]
1081,39302,[1356336.0]
1082,39303,[1356336.0]
1083,39304,[1356336.0]
1084,39305,[1356336.0]
1085,39306,[1356336.0]
1086,39307,[1356336.0]
1087,39309,[1356336.0]
1088,39346,[21701.0]
1089,39622,[21665.0]
1090,39623,[21665.0]
1091,39624,[21665.0]
1092,39672,[22303.0]
1093,39746,[19305.0]
1094,39747,"[19305.0, 23704.0]"
1095,40081,"[21616.0, 14474.0, 38120.0]"
1096,40157,[22542.0]
1097,40158,[22542.0]
1098,40159,[22542.0]
1099,40160,[1112988.0]
1100,40214,[9237.0]
1101,40217,[9237.0]
1102,40220,[9237.0]
1103,40222,[9237.0]
1104,40223,[9237.0]
1105,40271,[589.0]
1106,40287,[589.0]
1107,40290,[589.0]
1108,40303,[589.0]
1109,40304,[589.0]
1110,40372,"[10885.0, 651160.0, 20561.0, 3866857.0]"
1111,40376,[10885.0]
1112,40378,"[10885.0, 2485427.0]"
1113,40379,"[10885.0, 2485427.0]"
1114,40384,[10885.0]
1115,40385,[10885.0]
1116,40386,[10885.0]
1117,40387,[10885.0]
1118,40388,[10885.0]
1119,40395,"[10885.0, 22653.0]"
1120,40422,[10885.0]
1121,40423,"[10885.0, 142759.0]"
1122,40425,[10885.0]
1123,40491,[625.0]
1124,40866,[5376.0]
1125,40869,[5376.0]
1126,40885,[5376.0]
1127,40893,[5376.0]
1128,40992,[23069.0]
1129,40995,[23069.0]
1130,40996,[23069.0]
1131,40997,[23069.0]
1132,41122,[1858.0]
1133,41334,[23284.0]
1134,41337,[23284.0]
1135,41423,[5339.0]
1136,41424,[5339.0]
1137,41431,[5339.0]
1138,41534,[23417.0]
1139,41536,[23417.0]
1140,41537,[23417.0]
1141,41538,[23417.0]
1142,41539,[23417.0]
1143,41541,[23419.0]
1144,41575,[1831.0]
1145,41804,[16667.0]
1146,41865,[941441.0]
1147,41899,"[57983.0, 1077326.0, 14877156.0]"
1148,41905,[1077326.0]
1149,42140,[23704.0]
1150,42141,[23704.0]
1151,42143,[23704.0]
1152,42144,[23704.0]
1153,42145,"[23704.0, 10365.0]"
1154,42146,[23704.0]
1155,42147,[23704.0]
1156,42366,"[23821.0, 23822.0]"
1157,42432,[58.0]
1158,42668,[24009.0]
1159,42672,[656983.0]
1160,42898,[20248.0]
1161,42899,[20248.0]
1162,42900,[20248.0]
1163,43509,[1077326.0]
1164,43544,"[854076.0, 350820.0]"
1165,43545,[426944.0]
1166,43615,[3389.0]
1167,43758,[7577.0]
1168,43763,[7577.0]
1169,43780,"[7577.0, 375060.0, 5148.0, 115040.0, 461046.0, 479016.0]"
1170,43781,[7577.0]
1171,43782,[7577.0]
1172,43797,[7577.0]
1173,43805,[7577.0]
1174,43808,"[24648.0, 7577.0, 15087.0, 7457611.0]"
1175,43814,[7577.0]
1176,43815,[7577.0]
1177,43818,"[24648.0, 3222597.0, 5204504.0, 7457611.0, 7577.0]"
1178,43824,[7577.0]
1179,43884,[3441.0]
1180,43886,[3441.0]
1181,43887,[3441.0]
1182,43888,[3441.0]
1183,43889,[3441.0]
1184,43890,[3441.0]
1185,43892,[3441.0]
1186,43893,[3441.0]
1187,43907,"[8588.0, 8591.0]"
1188,43908,[8588.0]
1189,43915,"[8588.0, 9933.0, 4350009.0, 24684.0]"
1190,43916,[8588.0]
1191,43917,[8588.0]
1192,43919,[8588.0]
1193,44011,[11586.0]
1194,44170,[24818.0]
1195,44187,[15872.0]
1196,44190,[24827.0]
1197,44323,[9072.0]
1198,44325,[9072.0]
1199,44328,"[1112988.0, 9072.0, 4260.0, 24901.0, 28544.0, 25.0, 22548.0, 24902.0, 8596.0, 12991.0, 88685.0, 8185168.0, 22546.0, 11735.0, 54462.0, 8694.0, 4106.0]"
1200,44369,"[3995.0, 3142052.0]"
1201,44537,[23613.0]
1202,44601,[25027.0]
1203,44652,[25052.0]
1204,44659,[8732.0]
1205,44660,[8732.0]
1206,44687,[8732.0]
1207,44688,[8732.0]
1208,44689,"[8732.0, 11358.0]"
1209,44734,"[4698899.0, 1945379.0]"
1210,44930,[25205.0]
1211,45100,[25307.0]
1212,45101,[25307.0]
1213,45102,[25307.0]
1214,45106,[25307.0]
1215,45107,[25307.0]
1216,45108,[25307.0]
1217,45109,[25307.0]
1218,45110,[25307.0]
1219,45111,[25307.0]
1220,45112,[25307.0]
1221,45181,[7935185.0]
1222,45183,"[7935185.0, 55825.0]"
1223,45343,"[25422.0, 25421.0]"
1224,45432,[10896.0]
1225,45436,[10896.0]
1226,45480,"[3618.0, 178734.0]"
1227,45492,[3618.0]
1228,45685,"[3565.0, 279134.0]"
1229,45709,[25551.0]
1230,45978,[8349.0]
1231,46134,[3354.0]
1232,46202,[445303.0]
1233,46481,[7941.0]
1234,46486,[7941.0]
1235,46596,[8596.0]
1236,46777,[25422.0]
1237,46987,"[26359.0, 375916.0]"
1238,47068,"[12014.0, 601248.0]"
1239,47085,[26417.0]
1240,47212,[10746.0]
1241,47241,[26546.0]
1242,47315,"[6986.0, 504535.0]"
1243,47323,"[3873.0, 26615.0, 7728.0, 17027176.0]"
1244,47508,[4260.0]
1245,47510,[4260.0]
1246,47514,[4260.0]
1247,47520,[4260.0]
1248,47521,[4260.0]
1249,47525,[4260.0]
1250,47528,[4260.0]
1251,47530,"[8685.0, 22636.0, 215044.0, 299277.0, 1179800.0, 596797.0, 8687.0, 718924.0, 83405.0, 299363.0, 5816951.0, 20331.0, 87305.0, 110249.0, 3033685.0]"
1252,47536,[4260.0]
1253,47567,[4260.0]
1254,47570,[4260.0]
1255,47571,[4260.0]
1256,47572,[4260.0]
1257,47580,"[9558.0, 15497.0, 27206.0, 124933.0, 142679.0, 48325.0, 26764.0, 8185168.0, 4497.0, 8125999.0, 76288.0, 490342.0, 15116939.0, 56162.0, 3064456.0, 167606.0, 255580.0, 155759.0, 368349.0, 171921.0, 207766.0, 1159575.0, 23069.0]"
1258,47581,[4260.0]
1259,47587,[4260.0]
1260,47588,[9558.0]
1261,47613,[8347.0]
1262,47615,[8347.0]
1263,47617,[8347.0]
1264,47618,[8347.0]
1265,47619,[8347.0]
1266,47620,[8347.0]
1267,47621,[8347.0]
1268,47622,[8347.0]
1269,47624,[8347.0]
1270,47625,"[8347.0, 2837486.0]"
1271,47626,[8347.0]
1272,47627,"[8347.0, 2837486.0]"
1273,47628,[8347.0]
1274,47629,[8347.0]
1275,47642,"[8347.0, 2837486.0]"
1276,47645,[8347.0]
1277,47666,[8347.0]
1278,47699,"[1221698.0, 188344.0]"
1279,47701,"[1221698.0, 12537.0]"
1280,47708,"[9345.0, 26806.0]"
1281,47709,[9345.0]
1282,47728,[1221698.0]
1283,47755,[26819.0]
1284,47810,[26835.0]
1285,47870,[6206.0]
1286,47876,"[6206.0, 623693.0]"
1287,47878,[6206.0]
1288,47881,[6206.0]
1289,47887,[26875.0]
1290,47890,[26875.0]
1291,47891,[26875.0]
1292,47905,[26878.0]
1293,47906,[26878.0]
1294,47907,[26878.0]
1295,47916,[26878.0]
1296,47918,[26878.0]
1297,47920,[26878.0]
1298,47951,[26897.0]
1299,47952,[26897.0]
1300,47953,[26897.0]
1301,47954,[26897.0]
1302,47955,[26897.0]
1303,47956,[26897.0]
1304,47957,[26897.0]
1305,47958,[26897.0]
1306,47959,[26897.0]
1307,47970,[26906.0]
1308,47989,[1654.0]
1309,47990,[1654.0]
1310,47994,[1654.0]
1311,47998,[1654.0]
1312,48002,[1654.0]
1313,48037,[26930.0]
1314,48044,[426944.0]
1315,48318,"[1388082.0, 3860622.0]"
1316,48420,[4522.0]
1317,48430,"[4522.0, 18015.0]"
1318,48433,[4522.0]
1319,48435,[4522.0]
1320,48580,[4522.0]
1321,48722,[27379.0]
1322,49006,[27498.0]
1323,49011,[27500.0]
1324,49041,[941441.0]
1325,49047,[27528.0]
1326,49130,"[1077326.0, 2927.0]"
1327,49281,[27704.0]
1328,49314,"[1069006.0, 205248.0, 25523.0]"
1329,49329,[8185168.0]
1330,49384,[20513.0]
1331,49603,[27944.0]
1332,49604,[27944.0]
1333,49605,[27944.0]
1334,49606,[27944.0]
1335,49607,[27944.0]
1336,49609,[27944.0]
1337,49613,[27944.0]
1338,49614,[27944.0]
1339,49625,[27944.0]
1340,49771,"[1077326.0, 10917.0]"
1341,49852,"[1077326.0, 2927.0]"
1342,49890,[28083.0]
1343,49891,[656983.0]
1344,50001,"[14602227.0, 656983.0]"
1345,50027,[1023510.0]
1346,50035,[1630.0]
1347,50331,[16218.0]
1348,50715,[10359.0]
1349,50739,"[12694.0, 10359.0, 25.0, 28544.0]"
1350,50747,[28550.0]
1351,50748,[28550.0]
1352,50749,[28550.0]
1353,50750,[28550.0]
1354,50756,[28550.0]
1355,50781,[11859.0]
1356,50785,[28550.0]
1357,50787,"[28550.0, 28569.0, 28570.0]"
1358,50788,[28550.0]
1359,50789,[28550.0]
1360,50852,[205.0]
1361,50856,[205.0]
1362,50968,"[1077326.0, 2927.0]"
1363,51104,[4106.0]
1364,51105,[4106.0]
1365,51106,"[4106.0, 46137.0]"
1366,51286,[2614.0]
1367,51428,[2526.0]
1368,51429,"[28946.0, 1310149.0]"
1369,51464,[86404.0]
1370,51495,"[854076.0, 54545.0]"
1371,51948,[10442.0]
1372,52318,[29535.0]
1373,52357,"[4699102.0, 29574.0]"
1374,52358,"[4699102.0, 29574.0, 215333.0]"
1375,52628,"[10366.0, 2767108.0]"
1376,52629,[10366.0]
1377,52639,[10366.0]
1378,52640,[10366.0]
1379,53086,"[3602.0, 236242.0]"
1380,53132,[30033.0]
1381,53134,[30033.0]
1382,53135,[30033.0]
1383,53136,[30036.0]
1384,53168,[5816.0]
1385,53169,[12177.0]
1386,53367,[1069006.0]
1387,53538,[30279.0]
1388,53539,[30279.0]
1389,53541,"[30279.0, 89232.0]"
1390,53543,[30279.0]
1391,53546,[30279.0]
1392,53667,[30384.0]
1393,53726,[58.0]
1394,53732,[58.0]
1395,53747,[58.0]
1396,53806,"[566.0, 169609.0, 215818.0]"
1397,53812,"[566.0, 169609.0, 215818.0]"
1398,54356,[18684.0]
1399,54487,[4333.0]
1400,54607,[1630.0]
1401,55398,[31232.0]
1402,55399,[31232.0]
1403,55400,[31232.0]
1404,55401,"[31232.0, 4855830.0]"
1405,55442,[10089.0]
1406,55443,[31247.0]
1407,55451,"[31253.0, 203791.0]"
1408,55453,"[478745.0, 209.0, 4427.0]"
1409,55463,[31265.0]
1410,55776,[9685.0]
1411,55792,[1069006.0]
1412,56348,[13891.0]
1413,56400,"[1069006.0, 25523.0, 149738.0]"
1414,56886,"[17618.0, 546590.0]"
1415,57013,[989968.0]
1416,57017,[989968.0]
1417,57040,[989968.0]
1418,57041,[989968.0]
1419,57042,[989968.0]
1420,57064,[989968.0]
1421,57080,[989968.0]
1422,57081,[989968.0]
1423,57084,[989968.0]
1424,57096,[989968.0]
1425,57101,[989968.0]
1426,57124,[989968.0]
1427,57457,[32401.0]
1428,57498,[27528.0]
1429,57504,[27528.0]
1430,57687,[30279.0]
1431,57690,[30279.0]
1432,57691,[30279.0]
1433,57693,[30279.0]
1434,57704,[30279.0]
1435,57913,"[5752454.0, 2918.0]"
1436,57950,[23001.0]
1437,57972,[10885.0]
1438,57977,"[10885.0, 1630.0, 189648.0]"
1439,58068,[22543.0]
1440,58077,[17061.0]
1441,58085,[32665.0]
1442,58087,[32665.0]
1443,58092,[5329.0]
1444,58437,[32968.0]
1445,58889,[8596.0]
1446,58890,[8596.0]
1447,58891,[18684.0]
1448,58893,[8596.0]
1449,58894,[8596.0]
1450,58972,[17967.0]
1451,58978,[17967.0]
1452,59219,"[3389.0, 6941.0]"
1453,59250,"[33461.0, 65967.0, 26291.0]"
1454,59263,[33467.0]
1455,59264,[33467.0]
1456,59265,[33467.0]
1457,59266,[33467.0]
1458,59267,[33467.0]
1459,59268,[33467.0]
1460,59326,[33508.0]
1461,59389,[18684.0]
1462,59396,"[33546.0, 406026.0]"
1463,59571,"[8732.0, 11358.0]"
1464,59779,[155517.0]
1465,59819,[625.0]
1466,59822,[625.0]
1467,59829,[625.0]
1468,59830,[625.0]
1469,59833,"[625.0, 199275.0]"
1470,59919,"[874602.0, 389991.0]"
1471,59920,[874602.0]
1472,59921,[874602.0]
1473,60132,[16939.0]
1474,60133,[16939.0]
1475,60141,[16939.0]
1476,60147,[16939.0]
1477,60149,[16939.0]
1478,60154,[16939.0]
1479,60166,[3242.0]
1480,60177,[3242.0]
1481,60179,"[3242.0, 5044885.0]"
1482,60186,[16625.0]
1483,60188,[16625.0]
1484,60211,[23069.0]
1485,60212,[23069.0]
1486,60213,[23069.0]
1487,60214,[23069.0]
1488,60215,[23069.0]
1489,60400,[34049.0]
1490,60510,[445303.0]
1491,60738,[1967.0]
1492,60824,[589.0]
1493,60836,[20602.0]
1494,60837,[20602.0]
1495,60924,[29535.0]
1496,60925,[29535.0]
1497,60930,[29535.0]
1498,61146,"[34408.0, 34409.0]"
1499,61152,"[34408.0, 34410.0]"
1500,61642,[1654.0]
1501,61651,[1654.0]
1502,61653,[1654.0]
1503,61668,[1654.0]
1504,61823,"[34820.0, 4430.0]"
1505,61879,[16094.0]
1506,61881,[16094.0]
1507,61885,[16094.0]
1508,61886,[16094.0]
1509,61887,[16094.0]
1510,61890,[4841825.0]
1511,61893,[4841825.0]
1512,61894,[4841825.0]
1513,61898,[16094.0]
1514,61903,[16094.0]
1515,61904,[16094.0]
1516,61912,"[34854.0, 10318.0, 16094.0, 33876.0, 34853.0, 8659.0]"
1517,61913,[16094.0]
1518,61922,[26.0]
1519,61924,[26.0]
1520,61926,[26.0]
1521,61928,[26.0]
1522,61931,[26.0]
1523,61938,[26.0]
1524,61939,[1948907.0]
1525,61940,[26.0]
1526,61942,[26.0]
1527,61950,[26.0]
1528,61953,[26.0]
1529,61957,[26.0]
1530,61958,[26.0]
1531,61959,[26.0]
1532,61963,[26.0]
1533,61965,"[26.0, 11906.0, 34859.0]"
1534,61967,[26.0]
1535,61970,[26.0]
1536,61974,[26.0]
1537,61975,[26.0]
1538,61976,[26.0]
1539,61986,[3619.0]
1540,61994,[3619.0]
1541,61998,[3619.0]
1542,62004,[3619.0]
1543,62005,"[3619.0, 27075.0, 348401.0]"
1544,62012,[3619.0]
1545,62016,[3619.0]
1546,62017,[3619.0]
1547,62031,"[34878.0, 285212.0]"
1548,62032,"[34878.0, 285212.0]"
1549,62033,"[34878.0, 285212.0]"
1550,62233,[9629.0]
1551,62291,[346732.0]
1552,62292,[11586.0]
1553,62309,"[8476.0, 299142.0]"
1554,62313,"[8476.0, 299142.0]"
1555,62319,"[17064.0, 35022.0, 35023.0, 24009.0]"
1556,62479,[1023510.0]
1557,62482,[1023510.0]
1558,62485,[1023510.0]
1559,62530,[1654.0]
1560,62544,[20561.0]
1561,62547,[20561.0]
1562,62549,[20561.0]
1563,62552,[20561.0]
1564,62556,[20561.0]
1565,62562,[20561.0]
1566,62571,[20561.0]
1567,62831,[15620.0]
1568,63213,"[9494.0, 12540.0, 20598.0, 406026.0]"
1569,63339,"[20575.0, 196012.0]"
1570,63720,[1654.0]
1571,63952,"[9072.0, 3856217.0]"
1572,63953,[9072.0]
1573,64028,[6268.0]
1574,64105,[15590.0]
1575,64108,[36122.0]
1576,64144,[1654.0]
1577,64207,"[36122.0, 36175.0]"
1578,64216,[1654.0]
1579,64217,[1654.0]
1580,64218,[1654.0]
1581,64219,[1654.0]
1582,64221,[1654.0]
1583,64222,[1654.0]
1584,64225,"[1654.0, 10336.0, 19441.0]"
1585,64251,[36203.0]
1586,64305,"[1654.0, 19439.0]"
1587,64316,[2001324.0]
1588,64333,[1654.0]
1589,64385,[1654.0]
1590,64399,[65471.0]
1591,64401,[65471.0]
1592,64468,"[1654.0, 19439.0]"
1593,64701,[20560.0]
1594,64818,[26906.0]
1595,64819,[26906.0]
1596,65018,[4764.0]
1597,65091,[272814.0]
1598,65093,[272814.0]
1599,65094,[272814.0]
1600,65549,[37013.0]
1601,65567,"[49381.0, 37013.0]"
1602,65605,[1069006.0]
1603,65610,"[1069006.0, 25523.0]"
1604,65633,"[37048.0, 1098474.0, 1069006.0]"
1605,65636,"[1069006.0, 25523.0]"
1606,65640,"[1069006.0, 25523.0]"
1607,65641,"[1069006.0, 25523.0]"
1608,65645,"[1069006.0, 25523.0]"
1609,65659,"[37055.0, 319857.0]"
1610,65666,[37060.0]
1611,66084,"[25268.0, 1354902.0]"
1612,66311,[36344.0]
1613,66312,[36344.0]
1614,66313,[36344.0]
1615,66314,[36344.0]
1616,66315,[36344.0]
1617,66316,[36344.0]
1618,66317,[36344.0]
1619,66361,[7577.0]
1620,66584,[37557.0]
1621,66655,[20602.0]
1622,66657,"[24902.0, 26414.0]"
1623,66658,[20602.0]
1624,66659,[24902.0]
1625,66675,[1023510.0]
1626,66676,[1023510.0]
1627,66677,[1023510.0]
1628,66678,[1023510.0]
1629,66683,[1023510.0]
1630,66691,[32916.0]
1631,66692,[1023510.0]
1632,66693,[1023510.0]
1633,66694,[1023510.0]
1634,66695,[1023510.0]
1635,66717,[37613.0]
1636,66797,[656983.0]
1637,66902,[13608.0]
1638,66993,[13608.0]
1639,67513,[38066.0]
1640,67805,[20513.0]
1641,67939,"[656983.0, 25523.0]"
1642,67948,[346732.0]
1643,67954,"[8454.0, 8455.0, 346732.0]"
1644,67955,"[346732.0, 185359.0, 4659292.0, 150432.0, 70454.0, 725899.0, 74608.0, 2924742.0]"
1645,67956,[346732.0]
1646,67957,"[346732.0, 38313.0]"
1647,67961,[346732.0]
1648,68005,[1221698.0]
1649,68010,[14032.0]
1650,68020,[874602.0]
1651,68021,[874602.0]
1652,68022,[874602.0]
1653,68034,"[874602.0, 43001.0]"
1654,68041,[874602.0]
1655,68378,"[869.0, 868.0]"
1656,68380,"[869.0, 868.0]"
1657,68396,[1023510.0]
1658,68400,[38531.0]
1659,68418,[1023510.0]
1660,68423,[4105961.0]
1661,68427,[38550.0]
1662,68428,[38550.0]
1663,68429,[38550.0]
1664,68483,[16094.0]
1665,68485,[11889.0]
1666,68487,[25307.0]
1667,68488,[25307.0]
1668,68493,[25307.0]
1669,68494,[33918.0]
1670,68495,[33918.0]
1671,68496,[33918.0]
1672,68497,[33918.0]
1673,68498,[33918.0]
1674,68513,[38598.0]
1675,68582,[5376.0]
1676,68765,"[27.0, 272055.0]"
1677,68806,[8732.0]
1678,68833,"[9494.0, 406026.0]"
1679,68842,"[9494.0, 20598.0]"
1680,68843,[9494.0]
1681,68890,[38820.0]
1682,69136,[38951.0]
1683,69169,[38968.0]
1684,69173,[38968.0]
1685,69449,"[4699102.0, 39100.0]"
1686,69451,"[4699102.0, 6890841.0]"
1687,69456,"[4699102.0, 1510193.0, 21187.0, 2946202.0]"
1688,69833,[39301.0]
1689,70453,"[8164.0, 78071.0, 433174.0]"
1690,70533,[656983.0]
1691,70581,[22548.0]
1692,70582,[22548.0]
1693,70583,[22548.0]
1694,70585,[22548.0]
1695,70587,[22548.0]
1696,70746,"[566.0, 24758.0]"
1697,70825,"[696805.0, 78071.0, 433174.0]"
1698,70946,"[15619.0, 38449.0, 262689.0]"
1699,70947,[3618.0]
1700,70949,[3618.0]
1701,70956,[40119.0]
1702,70985,"[6988.0, 2868705.0]"
1703,70988,[7577.0]
1704,71054,[40173.0]
1705,71214,[40118.0]
1706,71303,[33918.0]
1707,71304,[33918.0]
1708,71321,[40330.0]
1709,71365,"[15873.0, 25355.0]"
1710,71366,"[15873.0, 25355.0]"
1711,71370,"[15873.0, 25355.0]"
1712,71409,[27528.0]
1713,71413,[27528.0]
1714,71419,[40397.0]
1715,71629,[3780.0]
1716,71643,"[1077326.0, 2927.0]"
1717,71811,[40563.0]
1718,71840,[40577.0]
1719,71894,"[40593.0, 6261.0]"
1720,71896,[39852.0]
1721,72192,"[1077326.0, 2927.0]"
1722,72193,[1077326.0]
1723,72230,[40823.0]
1724,72286,[40881.0]
1725,72473,[10082.0]
1726,72485,"[6988.0, 288119.0]"
1727,72544,[41032.0]
1728,72625,"[4430.0, 17064.0, 2514.0, 11858.0]"
1729,72878,[19558.0]
1730,73574,"[41661.0, 1221698.0, 1582.0]"
1731,73906,[28083.0]
1732,73928,[28083.0]
1733,73930,[28083.0]
1734,73931,[28083.0]
1735,73932,[28083.0]
1736,73934,[28083.0]
1737,74010,[41942.0]
1738,74043,[7742.0]
1739,74045,[7742.0]
1740,74046,[7742.0]
1741,74107,[9320.0]
1742,74270,[42110.0]
1743,74271,[42110.0]
1744,74273,[42110.0]
1745,74274,[42110.0]
1746,74275,[42110.0]
1747,74291,[65471.0]
1748,74297,[65471.0]
1749,74377,[656983.0]
1750,74455,[22369.0]
1751,74586,[1630.0]
1752,74731,[16218.0]
1753,74952,"[42508.0, 7376837.0]"
1754,74998,[10657.0]
1755,75013,[42540.0]
1756,76079,[4594585.0]
1757,76566,"[89977.0, 282609.0, 20559.0]"
1758,76620,[7717.0]
1759,76658,[8516.0]
1760,76659,[8516.0]
1761,76660,[8516.0]
1762,76661,[8516.0]
1763,76664,[8516.0]
1764,76667,[8516.0]
1765,76668,[8516.0]
1766,76684,[16667.0]
1767,76718,[1067608.0]
1768,76783,[1630.0]
1769,76827,[589.0]
1770,76852,"[8842.0, 43668.0]"
1771,76862,[10896.0]
1772,76863,[10896.0]
1773,76920,"[13663.0, 121656.0]"
1774,77020,[4432.0]
1775,77021,[4432.0]
1776,77022,[4432.0]
1777,77115,[12521.0]
1778,77138,"[874602.0, 123300.0]"
1779,77139,[874602.0]
1780,77160,[43784.0]
1781,77161,[43784.0]
1782,77197,[25307.0]
1783,77198,[25307.0]
1784,77206,[9465.0]
1785,77207,[9465.0]
1786,77232,"[4338.0, 3389.0, 6252.0, 3441.0, 26.0, 8588.0, 346732.0, 1654.0, 589.0, 874602.0, 6587.0]"
1787,77275,"[106.0, 8658.0]"
1788,77276,[106.0]
1789,77289,[874602.0]
1790,77307,[3231.0]
1791,77353,[25.0]
1792,77355,[25.0]
1793,77362,[25.0]
1794,77364,[25.0]
1795,77366,[5339.0]
1796,77367,[5339.0]
1797,77368,[5339.0]
1798,77472,"[3618.0, 9629.0]"
1799,77522,"[1077326.0, 2927.0]"
1800,77523,"[1077326.0, 2927.0]"
1801,77563,"[4338.0, 9629.0, 3617.0, 1221698.0, 346732.0, 26.0, 57461.0, 25307.0, 589.0, 6587.0, 8588.0]"
1802,77566,[2687.0]
1803,77673,"[656983.0, 9533.0]"
1804,77678,"[656983.0, 9533.0]"
1805,77683,[656983.0]
1806,77684,[656983.0]
1807,77685,[656983.0]
1808,77721,[2978119.0]
1809,77887,[19169.0]
1810,77999,"[18791.0, 29954.0]"
1811,78070,[38598.0]
1812,78071,[38598.0]
1813,78208,[28574.0]
1814,78753,"[696805.0, 16667.0, 34429.0]"
1815,78876,[1654.0]
1816,78878,"[1654.0, 19440.0]"
1817,79088,[5286.0]
1818,79259,[4.0]
1819,79307,[5244478.0]
1820,79549,"[45230.0, 45231.0]"
1821,80238,"[4764.0, 44554.0]"
1822,80246,"[11654.0, 17054.0, 941441.0, 268304.0, 157676.0]"
1823,80689,[6376.0]
1824,80754,[42540.0]
1825,81012,[27.0]
1826,81021,"[27500.0, 550770.0]"
1827,81026,[27500.0]
1828,81034,[27500.0]
1829,81037,"[46138.0, 46137.0]"
1830,81038,"[46138.0, 46137.0, 84604.0, 22545.0, 135733.0, 8185168.0, 341189.0, 4584187.0, 3524.0, 4584188.0, 144814.0, 483704.0, 8694.0, 113942.0, 8842.0, 24.0, 33502.0, 81165.0, 1221698.0, 47721.0, 5989.0, 4584189.0]"
1831,81039,"[46138.0, 46137.0, 69469.0, 2918057.0, 2904155.0, 1182450.0, 26897.0, 1231590.0, 66268.0, 22545.0, 147966.0, 207823.0, 8694.0, 1221698.0, 5339.0, 25.0, 24.0, 40563.0, 4798562.0, 329320.0, 21158.0, 27528.0, 2902336.0]"
1832,81042,"[46138.0, 46137.0, 25422.0, 144814.0, 12991.0, 25.0, 7025.0, 87495.0, 2765760.0, 1221698.0, 508808.0, 10763.0, 19305.0, 22548.0, 662546.0, 8185168.0, 24.0, 8694.0, 194172.0, 24902.0, 224189.0, 2998967.0, 2998968.0]"
1833,81058,[4798562.0]
1834,81059,"[4798562.0, 105776.0]"
1835,81060,[4798562.0]
1836,81062,[4798562.0]
1837,81068,[25.0]
1838,81069,[25.0]
1839,81070,[25.0]
1840,81072,[25.0]
1841,81073,[25.0]
1842,81078,[36122.0]
1843,81121,[8694.0]
1844,81122,[8694.0]
1845,81130,[18684.0]
1846,81148,[5989.0]
1847,81516,[344618.0]
1848,81524,[46474.0]
1849,81612,[46540.0]
1850,81617,[46540.0]
1851,81644,[4.0]
1852,82192,[15590.0]
1853,82637,"[4698899.0, 1945379.0]"
1854,82648,[47232.0]
1855,82765,[47287.0]
1856,83061,[36175.0]
1857,83345,"[8164.0, 180439.0, 220245.0]"
1858,83346,"[8164.0, 180439.0, 220245.0]"
1859,83506,"[15016.0, 220245.0]"
1860,83565,"[15619.0, 38449.0, 262689.0]"
1861,83829,[47991.0]
1862,84073,[19954.0]
1863,84119,[1069006.0]
1864,84132,[4430.0]
1865,84133,[4430.0]
1866,84134,[4430.0]
1867,84135,[4430.0]
1868,84136,[4430.0]
1869,84139,[4430.0]
1870,84140,[4430.0]
1871,84142,[4430.0]
1872,84144,[4430.0]
1873,84145,[4430.0]
1874,84146,[4430.0]
1875,84147,[4430.0]
1876,84149,"[4430.0, 48190.0, 1356336.0, 17060.0]"
1877,84150,[4430.0]
1878,84151,[4430.0]
1879,84154,[4430.0]
1880,84156,"[723801.0, 4430.0, 17061.0, 10746.0, 1356336.0, 15292.0, 17060.0, 17063.0, 33502.0]"
1881,84158,"[48190.0, 17064.0, 4430.0, 21665.0]"
1882,84176,"[10359.0, 37814.0, 48206.0, 4430.0]"
1883,84183,"[34820.0, 4430.0]"
1884,84246,[6376.0]
1885,84367,[1069006.0]
1886,84405,"[13387.0, 1630.0]"
1887,84463,[48348.0]
1888,84527,[4841825.0]
1889,84536,"[4841825.0, 48386.0]"
1890,84537,"[34850.0, 4841825.0]"
1891,84539,[4841825.0]
1892,84544,[4841825.0]
1893,84552,"[4841825.0, 34850.0]"
1894,84559,[4841825.0]
1895,84644,[48433.0]
1896,84950,[47792.0]
1897,84977,[9355.0]
1898,85253,"[48828.0, 69376.0]"
1899,85434,[16667.0]
1900,85744,[8202779.0]
1901,85855,[11859.0]
1902,85866,[49111.0]
1903,85990,[49177.0]
1904,86238,[36122.0]
1905,86451,[15292.0]
1906,86666,[5791.0]
1907,86736,[28135.0]
1908,86737,[23138.0]
1909,86889,[1169504.0]
1910,86890,[1169504.0]
1911,86895,[1169504.0]
1912,87234,[50041.0]
1913,87986,"[8146.0, 9685.0]"
1914,88009,[24183.0]
1915,88071,[4763.0]
1916,88179,"[6378.0, 25914.0, 163203.0, 94673.0]"
1917,88495,[50873.0]
1918,88496,[50873.0]
1919,88504,[26738.0]
1920,88551,[15590.0]
1921,88770,"[10900.0, 41868.0]"
1922,89018,[51118.0]
1923,89128,"[51170.0, 818916.0, 3886304.0, 4676237.0]"
1924,89528,[51411.0]
1925,89552,[44003.0]
1926,89553,[17739.0]
1927,89581,[20560.0]
1928,89582,[20560.0]
1929,89583,[20560.0]
1930,89585,[20560.0]
1931,89588,[20560.0]
1932,89589,[20560.0]
1933,89626,[2998.0]
1934,89628,[1967.0]
1935,89698,[51507.0]
1936,90188,[17064.0]
1937,90618,[52074.0]
1938,90619,[52074.0]
1939,90622,[52074.0]
1940,91474,[10746.0]
1941,91475,[10746.0]
1942,91476,[10746.0]
1943,91477,[10746.0]
1944,91478,[10746.0]
1945,91479,[10746.0]
1946,91540,[35238.0]
1947,91813,[52794.0]
1948,91836,[7540.0]
1949,91884,[1630.0]
1950,91885,[1630.0]
1951,91929,"[6988.0, 52850.0]"
1952,91964,"[12949.0, 3524830.0]"
1953,91965,"[12949.0, 3524830.0]"
1954,91971,"[12949.0, 3524830.0]"
1955,91973,[346732.0]
1956,91981,[6587.0]
1957,91989,[8730.0]
1958,92003,[11590.0]
1959,92005,"[656983.0, 9533.0]"
1960,92034,"[656983.0, 9533.0]"
1961,92060,"[1221698.0, 23069.0]"
1962,92065,[1221698.0]
1963,92121,[3619.0]
1964,92126,[9233.0]
1965,92127,[9233.0]
1966,92138,"[34408.0, 34410.0]"
1967,92141,[7025.0]
1968,92143,[5951.0]
1969,92201,[28699.0]
1970,92204,"[28699.0, 3887533.0]"
1971,92377,"[1221698.0, 5621921.0, 122629.0, 43734.0, 205075.0, 645128.0, 10333.0, 39852.0, 76471.0, 4798562.0, 52181.0, 6587.0, 157655.0, 62156.0, 130014.0, 24.0, 48397.0, 23069.0, 27704.0, 8842.0, 779.0, 43292.0]"
1972,92408,[7717.0]
1973,92544,[7415.0]
1974,92581,[9465.0]
1975,92600,[874602.0]
1976,92602,"[874602.0, 3887675.0]"
1977,92610,[874602.0]
1978,92623,[874602.0]
1979,92625,[874602.0]
1980,92637,"[656983.0, 9498.0, 9497.0]"
1981,92717,[22543.0]
1982,92718,[22543.0]
1983,92719,[22543.0]
1984,92740,[1067608.0]
1985,92755,[25.0]
1986,92762,[25.0]
1987,92769,[25.0]
1988,92796,[10082.0]
1989,92845,[9629.0]
1990,92846,[9629.0]
1991,92855,[9629.0]
1992,92895,"[53292.0, 53291.0]"
1993,92904,[32354.0]
1994,92909,"[869.0, 868.0]"
1995,92918,[8588.0]
1996,92923,[589.0]
1997,92956,[589.0]
1998,92961,[589.0]
1999,92974,[589.0]
2000,93000,[53348.0]
2001,93003,[1069006.0]
2002,93101,"[5158478.0, 4197526.0, 1169504.0]"
2003,93109,"[8105.0, 5975632.0, 11613.0]"
2004,93124,[1077326.0]
2005,93220,"[38840.0, 406026.0]"
2006,93251,[1630.0]
2007,93273,"[13867.0, 279919.0]"
2008,93275,"[53350.0, 1870745.0]"
2009,93276,"[53519.0, 4041274.0]"
2010,93282,[585.0]
2011,93297,"[53519.0, 3887959.0]"
2012,93383,[4738.0]
2013,93436,[53597.0]
2014,93478,[35022.0]
2015,93479,[35022.0]
2016,93480,[35022.0]
2017,93481,[35022.0]
2018,93483,[35022.0]
2019,93489,[35022.0]
2020,93724,[11654.0]
2021,93768,"[869.0, 868.0]"
2022,94666,[51589.0]
2023,94669,[51589.0]
2024,94729,[4766.0]
2025,94757,[10330.0]
2026,94764,[3389.0]
2027,94767,"[3389.0, 7431.0]"
2028,94813,[6268.0]
2029,95573,[589.0]
2030,95910,[7540.0]
2031,95913,"[7540.0, 644567.0]"
2032,95914,[7540.0]
2033,96131,[48192.0]
2034,96278,[10518.0]
2035,96281,[10518.0]
2036,96458,[26.0]
2037,96460,[26.0]
2038,96463,[26.0]
2039,96487,[23.0]
2040,96725,[55646.0]
2041,96962,[8516.0]
2042,96963,[8516.0]
2043,96977,[8516.0]
2044,96979,[8516.0]
2045,96980,[8516.0]
2046,96981,[8516.0]
2047,96984,[8516.0]
2048,97085,[7935185.0]
2049,97087,"[7935185.0, 55825.0, 3889643.0]"
2050,97089,"[7935185.0, 55825.0]"
2051,97090,"[7935185.0, 55825.0]"
2052,97126,"[3389.0, 6941.0]"
2053,97505,[56019.0]
2054,97526,[20602.0]
2055,97960,[28544.0]
2056,97961,[28544.0]
2057,97962,[28544.0]
2058,97963,[28544.0]
2059,97964,[28544.0]
2060,97965,[28544.0]
2061,97966,[28544.0]
2062,97967,[28544.0]
2063,97968,[28544.0]
2064,97969,[28544.0]
2065,97992,[20513.0]
2066,98019,"[56328.0, 56327.0, 56329.0]"
2067,98042,"[56352.0, 1221698.0, 119830.0, 8835.0, 1226977.0, 50408.0, 234088.0, 27276.0, 126765.0, 57814.0, 24902.0, 40983.0, 1067608.0, 14032.0, 162927.0, 23069.0, 25376.0, 12581.0, 24901.0, 277536.0, 48960.0, 19305.0, 773064.0, 4690580.0]"
2068,98780,"[56835.0, 56834.0]"
2069,99085,[5329.0]
2070,99218,"[56.0, 4845.0]"
2071,99298,"[1077326.0, 2927.0]"
2072,99383,[10746.0]
2073,99386,[10746.0]
2074,99441,[5339.0]
2075,99449,[8516.0]
2076,99450,[8516.0]
2077,99452,[8516.0]
2078,99461,[8516.0]
2079,99714,"[57461.0, 44524.0]"
2080,99715,[2613.0]
2081,99794,"[43219.0, 299134.0]"
2082,100085,"[9494.0, 20598.0]"
2083,100364,"[12534.0, 39099.0, 126502.0]"
2084,100368,"[12534.0, 39099.0]"
2085,100369,"[12534.0, 39099.0]"
2086,100394,"[4777916.0, 5665404.0]"
2087,100397,"[4777916.0, 5169211.0]"
2088,100427,[5369.0]
2089,100437,"[57983.0, 1077326.0]"
2090,100448,"[8347.0, 563656.0]"
2091,100464,[15873.0]
2092,100475,[8185168.0]
2093,100476,[8360.0]
2094,100485,"[58013.0, 623602.0]"
2095,100489,"[5989.0, 58017.0]"
2096,100491,[58011.0]
2097,100623,"[10313.0, 816814.0, 58067.0]"
2098,100721,[58124.0]
2099,100745,[22018.0]
2100,100915,[1069006.0]
2101,100924,[1069006.0]
2102,100933,[1069006.0]
2103,101038,[8238.0]
2104,101041,[13026.0]
2105,101483,[16155.0]
2106,101518,[29479.0]
2107,101555,[29479.0]
2108,101591,[29479.0]
2109,101672,"[88639.0, 9536.0, 88951.0, 1069006.0]"
2110,101701,"[14765007.0, 1069006.0, 1916020.0, 711535.0, 11353.0]"
2111,101711,"[1069006.0, 25523.0]"
2112,101869,[8794.0]
2113,101893,[14078.0]
2114,101914,[58846.0]
2115,101991,[58889.0]
2116,102083,"[57720.0, 63218.0, 3891634.0]"
2117,102136,[58971.0]
2118,102143,[9558.0]
2119,102241,[23001.0]
2120,102248,[23001.0]
2121,102259,[48192.0]
2122,102266,[23001.0]
2123,102267,[23001.0]
2124,102287,"[16939.0, 11492.0]"
2125,102328,[59061.0]
2126,102549,[1069006.0]
2127,102550,[1069006.0]
2128,102554,[1069006.0]
2129,102565,"[1244.0, 195174.0, 299221.0]"
2130,102575,"[9494.0, 406026.0, 4551013.0, 4562177.0, 1141781.0, 552627.0]"
2131,102853,[21198.0]
2132,102878,[40983.0]
2133,102883,[40983.0]
2134,102885,[40983.0]
2135,102887,[40983.0]
2136,102888,[40983.0]
2137,103035,[10366.0]
2138,103386,"[25422.0, 25421.0]"
2139,104069,[60172.0]
2140,104078,[60177.0]
2141,104080,[60177.0]
2142,104085,[60177.0]
2143,104086,[60177.0]
2144,104087,[60177.0]
2145,104088,[60177.0]
2146,104089,[60177.0]
2147,104091,[60177.0]
2148,104097,[60177.0]
2149,104100,[60177.0]
2150,104101,[60177.0]
2151,104159,"[32637.0, 56968.0]"
2152,104160,"[32637.0, 56968.0]"
2153,104342,[20560.0]
2154,104344,[20560.0]
2155,104348,[20560.0]
2156,104349,[20560.0]
2157,104350,[20560.0]
2158,104351,[20560.0]
2159,104362,[20560.0]
2160,104571,[60478.0]
2161,104594,"[24901.0, 1221698.0]"
2162,104599,[1221698.0]
2163,104765,[41942.0]
2164,104766,[41942.0]
2165,104901,[11078.0]
2166,104902,[11078.0]
2167,104903,[11078.0]
2168,104917,[5989.0]
2169,105571,[61115.0]
2170,105657,"[24830.0, 59749.0]"
2171,105660,"[17126.0, 571819.0, 5766244.0]"
2172,105732,[1221698.0]
2173,106081,[21911.0]
2174,106085,[21911.0]
2175,106129,[6206.0]
2176,106131,[6206.0]
2177,106489,[61659.0]
2178,106552,"[61693.0, 4601681.0]"
2179,106554,"[61693.0, 12275.0]"
2180,106582,"[61693.0, 12275.0]"
2181,106584,"[61693.0, 4601681.0]"
2182,106588,"[61693.0, 12275.0]"
2183,106589,[61707.0]
2184,106666,[24274.0]
2185,106924,[23419.0]
2186,106925,[23419.0]
2187,107375,[4432.0]
2188,107378,[4432.0]
2189,107379,[4432.0]
2190,107390,[4432.0]
2191,107664,[32590.0]
2192,107669,[32590.0]
2193,107670,[32590.0]
2194,108039,[236.0]
2195,108051,[10366.0]
2196,108052,[10366.0]
2197,108064,[10366.0]
2198,108166,"[947.0, 6460726.0]"
2199,108224,[62586.0]
2200,108385,[6268.0]
2201,108532,[62840.0]
2202,108566,[2998.0]
2203,108569,[2998.0]
2204,108571,[2998.0]
2205,108860,[63032.0]
2206,108888,[6461009.0]
2207,109417,[35335.0]
2208,109986,[63669.0]
2209,110051,[2465550.0]
2210,110494,[17061.0]
2211,110688,"[8732.0, 11358.0]"
2212,110689,[8732.0]
2213,110692,"[8732.0, 11358.0]"
2214,110694,[8732.0]
2215,110744,"[2938140.0, 2938141.0, 716332.0, 5790296.0]"
2216,110778,[64109.0]
2217,110931,[1077326.0]
2218,110932,[1077326.0]
2219,110933,[1077326.0]
2220,111012,[64216.0]
2221,111017,[64216.0]
2222,111020,[64216.0]
2223,111021,[27498.0]
2224,111022,"[64216.0, 17054.0]"
2225,111023,[1023510.0]
2226,111195,[61958.0]
2227,111306,[64364.0]
2228,111332,[27498.0]
2229,111450,"[57990.0, 1077326.0]"
2230,111626,[8924.0]
2231,111782,"[656983.0, 13290.0]"
2232,112537,[7779.0]
2233,112538,[7779.0]
2234,112539,[65137.0]
2235,112749,[48206.0]
2236,112750,[48206.0]
2237,112751,[48206.0]
2238,112752,[48206.0]
2239,112753,[48206.0]
2240,112754,[48206.0]
2241,112755,[48206.0]
2242,112879,"[65335.0, 65334.0]"
2243,112968,[65391.0]
2244,112969,[65391.0]
2245,113113,[58325.0]
2246,113264,"[15872.0, 465708.0]"
2247,113304,[15873.0]
2248,113435,[6252.0]
2249,113436,[8349.0]
2250,113540,[13026.0]
2251,114122,[625.0]
2252,114149,[625.0]
2253,114163,[625.0]
2254,114190,"[625.0, 66128.0, 2912746.0, 66129.0]"
2255,114206,[625.0]
2256,114215,[625.0]
2257,114218,"[625.0, 66128.0, 66129.0, 2912746.0]"
2258,114280,[3618.0]
2259,114510,[4260.0]
2260,114520,[4260.0]
2261,114521,[4260.0]
2262,114544,[2594.0]
2263,114936,[38631.0]
2264,114955,[10896.0]
2265,114956,[10896.0]
2266,116254,[29535.0]
2267,116256,[29535.0]
2268,116295,"[19439.0, 1654.0]"
2269,116296,[1654.0]
2270,116343,[15590.0]
2271,116349,"[7308.0, 697300.0]"
2272,116367,[67424.0]
2273,116378,[1023510.0]
2274,116398,[8476.0]
2275,116434,[8924.0]
2276,116435,[8924.0]
2277,116441,[8924.0]
2278,116444,[14002.0]
2279,116445,[14002.0]
2280,116449,[14002.0]
2281,116470,[3995.0]
2282,116471,[3995.0]
2283,116473,[3995.0]
2284,116475,[3995.0]
2285,116483,[67481.0]
2286,116504,[53414.0]
2287,116560,[11761.0]
2288,116561,[11761.0]
2289,116562,[11761.0]
2290,116563,[11761.0]
2291,116564,[11761.0]
2292,116566,[11761.0]
2293,116567,[11761.0]
2294,116591,"[14765007.0, 3242.0]"
2295,116982,[3619.0]
2296,117684,"[1221698.0, 12537.0, 601095.0]"
2297,117693,[1221698.0]
2298,117888,"[1630.0, 4654216.0]"
2299,117899,[58.0]
2300,117902,[58.0]
2301,117980,[106.0]
2302,117991,"[5791.0, 43587.0, 73423.0, 44736.0, 4423545.0, 4370909.0, 432320.0, 12718.0, 563121.0, 4423546.0, 4423547.0, 144334.0, 2976694.0, 393249.0, 140042.0, 3039826.0, 4423549.0, 2782636.0, 4423550.0, 4423551.0]"
2303,118017,[874602.0]
2304,118028,[874602.0]
2305,118062,[1831.0]
2306,118074,"[6988.0, 6941.0, 3898055.0]"
2307,118229,[12521.0]
2308,118353,"[24425.0, 21347.0]"
2309,118579,[68750.0]
2310,118755,[68871.0]
2311,118756,[68871.0]
2312,118769,[68871.0]
2313,118812,[68750.0]
2314,119086,[1067608.0]
2315,119089,[7577.0]
2316,119090,[7577.0]
2317,119091,"[7577.0, 258912.0]"
2318,119092,[7577.0]
2319,119227,[10517.0]
2320,119322,[3618.0]
2321,119489,[3995.0]
2322,119490,[3995.0]
2323,119491,[3995.0]
2324,119492,[3995.0]
2325,119493,[3995.0]
2326,119494,[3995.0]
2327,119495,[3995.0]
2328,119835,[28544.0]
2329,120240,"[3583.0, 3361829.0, 1437209.0, 11139.0, 50319.0, 101080.0, 8694.0, 35238.0, 26930.0, 589.0, 443218.0, 14444.0, 6988.0, 4624490.0, 67370.0, 8726.0, 364195.0, 2577844.0, 16667.0, 4030720.0, 1571733.0, 16022666.0, 41339.0, 12531.0, 57189.0, 161908.0, 24953.0, 941329.0, 6587839.0, 1240.0, 1438.0, 19879.0, 14403.0, 6076026.0, 410680.0, 5622.0, 7751.0, 13943.0, 4652063.0, 13638502.0, 6587842.0, 18791.0, 36998.0, 7799.0, 12540.0, 7622.0, 3243461.0, 285217.0, 854076.0, 30384.0, 698250.0]"
2330,120253,"[9345.0, 4687563.0]"
2331,120273,[205.0]
2332,120526,[5116.0]
2333,120552,[1630.0]
2334,120566,[1630.0]
2335,121121,"[1077326.0, 2927.0]"
2336,121127,[3441.0]
2337,121586,[205.0]
2338,121749,[1069006.0]
2339,121763,[1069006.0]
2340,121801,[74046.0]
2341,121927,[9550.0]
2342,122096,"[5989.0, 285208.0]"
2343,122097,[5989.0]
2344,122104,"[5989.0, 58017.0]"
2345,122126,[5989.0]
2346,122885,[10105.0]
2347,122901,"[10105.0, 3319298.0]"
2348,122943,[13353.0]
2349,122947,[70853.0]
2350,122999,"[15620.0, 4955836.0, 341985.0, 35760.0, 184741.0, 5442755.0, 6378.0, 2938140.0, 2938141.0, 5442756.0, 273501.0]"
2351,123070,"[3618.0, 362816.0]"
2352,123408,[40563.0]
2353,123512,[8661.0]
2354,123557,"[71081.0, 8537.0]"
2355,123578,[71147.0]
2356,123668,[43625.0]
2357,124094,[19823.0]
2358,124119,[12275.0]
2359,124838,[174708.0]
2360,124976,"[23599.0, 23598.0]"
2361,125344,[1036736.0]
2362,125408,"[72237.0, 170751.0]"
2363,125409,[72237.0]
2364,125411,"[72237.0, 270252.0]"
2365,125755,"[12537.0, 36245.0, 1221698.0, 108173.0, 6262.0, 162368.0, 102143.0, 84604.0, 9558.0, 329869.0, 10333.0, 548923.0, 59165.0, 4798562.0, 3186998.0, 10088.0, 436639.0, 128019.0, 2904619.0, 36501.0]"
2366,125925,[7581.0]
2367,125926,[7581.0]
2368,125955,[1441.0]
2369,125956,[1441.0]
2370,125965,[72451.0]
2371,126018,"[6245.0, 6244.0, 337207.0]"
2372,126192,[72538.0]
2373,126348,[2585828.0]
2374,126431,[8347.0]
2375,126437,"[142717.0, 12052.0, 1221698.0, 8347.0, 241236.0, 53193.0, 10896.0, 5989.0, 6587.0, 25.0, 40983.0, 331704.0, 1067608.0, 21158.0, 19305.0, 8694.0, 73422.0, 22993.0, 23069.0, 589.0]"
2376,126503,[11735.0]
2377,126747,[13026.0]
2378,127122,[27.0]
2379,127262,[73084.0]
2380,127455,[73149.0]
2381,127459,[2526.0]
2382,127564,"[15873.0, 25355.0]"
2383,127566,[26.0]
2384,127567,[26.0]
2385,127583,"[45613.0, 26.0]"
2386,127584,[26.0]
2387,127586,[26.0]
2388,127645,[8659.0]
2389,127647,"[8659.0, 4654216.0]"
2390,127663,[19954.0]
2391,127823,[34049.0]
2392,128495,[73789.0]
2393,128506,[48397.0]
2394,128946,"[1221698.0, 10763.0]"
2395,129020,[34861.0]
2396,129125,[6632.0]
2397,129308,[57461.0]
2398,129311,[57461.0]
2399,129312,[57461.0]
2400,129313,"[57461.0, 1287267.0]"
2401,129327,[9494.0]
2402,129510,[8730.0]
2403,129533,[74488.0]
2404,129534,[74488.0]
2405,129537,[74488.0]
2406,129798,"[57739.0, 147253.0]"
2407,129984,[15393.0]
2408,130352,[5329.0]
2409,131161,"[6245.0, 6244.0, 337207.0]"
2410,131267,[75603.0]
2411,131268,[75603.0]
2412,131621,"[75821.0, 75819.0, 59619.0]"
2413,131633,[16939.0]
2414,131936,[5339.0]
2415,132210,[27704.0]
2416,132380,"[76243.0, 156893.0, 1206297.0, 3386956.0, 2932951.0]"
2417,132384,[76243.0]
2418,132385,[76243.0]
2419,132541,[57462.0]
2420,133450,[27704.0]
2421,133451,[27704.0]
2422,133452,"[27704.0, 1221698.0]"
2423,133453,[27704.0]
2424,133455,[27704.0]
2425,133456,[27704.0]
2426,133458,[27704.0]
2427,133460,[27704.0]
2428,133462,[27704.0]
2429,133464,[27704.0]
2430,133465,[27704.0]
2431,133664,[10746.0]
2432,133771,[8360.0]
2433,133772,[8360.0]
2434,135284,"[3242.0, 5044885.0]"
2435,135288,[3242.0]
2436,135433,[5989.0]
2437,135879,"[54201.0, 103724.0]"
2438,136251,"[1077326.0, 2927.0]"
2439,136508,[166852.0]
2440,137071,[6373.0]
2441,137627,[41202.0]
2442,137664,[874602.0]
2443,137896,"[6244.0, 505236.0]"
2444,137970,[19954.0]
2445,137972,[19954.0]
2446,137997,[19954.0]
2447,138020,[19954.0]
2448,138350,[23561.0]
2449,138452,"[8476.0, 362098.0]"
2450,138480,"[80100.0, 343553.0]"
2451,138507,[8164.0]
2452,138516,"[5000251.0, 8164.0, 505236.0]"
2453,139344,[58856.0]
2454,139417,[9550.0]
2455,139418,[5833.0]
2456,139849,[80880.0]
2457,139981,[32279.0]
2458,139986,[32279.0]
2459,139987,"[6378.0, 3118434.0]"
2460,139994,[32279.0]
2461,140006,"[80981.0, 508622.0]"
2462,140075,[17061.0]
2463,140077,[17061.0]
2464,140078,[17061.0]
2465,140079,[17061.0]
2466,140081,[17061.0]
2467,140082,[17061.0]
2468,140086,[17061.0]
2469,140097,[17061.0]
2470,140098,"[17061.0, 81016.0, 4522.0, 28656.0, 7581.0, 10746.0, 723801.0, 15292.0, 329391.0, 1967.0, 242185.0, 379444.0, 262084.0]"
2471,140099,[81017.0]
2472,140127,[28083.0]
2473,140128,[28083.0]
2474,140138,[5329.0]
2475,140143,[27704.0]
2476,140146,[27704.0]
2477,140149,"[27704.0, 22548.0]"
2478,140151,[27704.0]
2479,140212,"[1069006.0, 25523.0]"
2480,140217,[1069006.0]
2481,140258,"[81095.0, 210154.0, 422445.0, 3125144.0, 3906497.0]"
2482,140260,[81096.0]
2483,140667,[13026.0]
2484,140669,[13026.0]
2485,140671,[13026.0]
2486,140673,[13026.0]
2487,140974,[6252.0]
2488,140975,[6252.0]
2489,140997,[81309.0]
2490,141024,"[46138.0, 46137.0, 13218.0, 329320.0, 490342.0, 207823.0, 36175.0, 4584067.0, 1221698.0, 4584068.0, 33502.0, 142717.0, 1182450.0, 5989.0, 25.0, 205075.0, 8185168.0, 27075.0, 21158.0, 8694.0, 147966.0, 8125999.0, 194172.0]"
2491,141036,[81338.0]
2492,141042,[81338.0]
2493,141183,"[6988.0, 288119.0]"
2494,141305,[81466.0]
2495,141444,[20560.0]
2496,141454,[1967.0]
2497,141745,"[13677.0, 363780.0]"
2498,141757,"[4099.0, 9640.0]"
2499,141834,"[6815.0, 85149.0]"
2500,142023,[70853.0]
2501,142296,[8835.0]
2502,142652,[8730.0]
2503,142776,[82467.0]
2504,142778,"[51513.0, 3510823.0]"
2505,142884,[82540.0]
2506,143126,"[16839.0, 34161.0]"
2507,143180,[8685.0]
2508,143223,[36289.0]
2509,143224,[36289.0]
2510,143225,[36289.0]
2511,143226,[36289.0]
2512,143728,[23894.0]
2513,144006,[83267.0]
2514,144007,[83267.0]
2515,144012,[83267.0]
2516,144013,[7144810.0]
2517,144015,[83267.0]
2518,144109,[83308.0]
2519,144110,[83308.0]
2520,144112,[83308.0]
2521,144113,[83308.0]
2522,144116,[83308.0]
2523,144127,[83308.0]
2524,144258,"[83378.0, 126120.0]"
2525,144349,[34049.0]
2526,145134,"[10517.0, 34430.0]"
2527,145172,[26930.0]
2528,145386,"[9720.0, 426503.0, 426504.0]"
2529,146690,[84803.0]
2530,146744,[48192.0]
2531,146842,[19317.0]
2532,147646,[5194.0]
2533,147801,[74046.0]
2534,147842,[85545.0]
2535,147843,[85545.0]
2536,147844,[85545.0]
2537,147908,"[346732.0, 48960.0, 725899.0, 150432.0, 4601681.0, 15018.0, 4659292.0, 70454.0, 55409.0, 61914.0, 113942.0, 3619.0, 2924742.0]"
2538,147915,[346732.0]
2539,147917,[346732.0]
2540,148026,[44103.0]
2541,148205,[65471.0]
2542,148206,[65471.0]
2543,148213,[41942.0]
2544,148324,[85813.0]
2545,148809,[4432.0]
2546,149047,"[68331.0, 7779.0]"
2547,149055,[7779.0]
2548,149169,[2238.0]
2549,149267,"[3389.0, 133241.0]"
2550,149302,[8588.0]
2551,149338,[5339.0]
2552,149348,[61934.0]
2553,149839,[1654.0]
2554,149847,"[1654.0, 19439.0]"
2555,149863,"[1654.0, 4654216.0]"
2556,149864,"[1654.0, 19439.0]"
2557,149865,[1654.0]
2558,150739,"[36122.0, 268524.0]"
2559,150864,"[8795.0, 8164.0, 7245.0]"
2560,150932,[34828.0]
2561,151242,[22018.0]
2562,151370,[106.0]
2563,151723,[45309.0]
2564,152182,[59165.0]
2565,152185,[59165.0]
2566,152328,[45596.0]
2567,152427,[11889.0]
2568,153007,[9237.0]
2569,153008,[9237.0]
2570,153058,[40386.0]
2571,153175,[8588.0]
2572,153193,[1429808.0]
2573,153218,[6461009.0]
2574,153219,[6256.0]
2575,153220,[6461009.0]
2576,153779,[8596.0]
2577,153780,[8596.0]
2578,153781,[8596.0]
2579,153782,[8596.0]
2580,153783,[8596.0]
2581,153784,[8596.0]
2582,153785,[8596.0]
2583,153789,[8596.0]
2584,153792,[8596.0]
2585,153795,[8596.0]
2586,153797,[8596.0]
2587,153800,[8596.0]
2588,153838,"[88922.0, 59844.0, 1583937.0]"
2589,153849,"[5255014.0, 123344.0]"
2590,153850,"[5255014.0, 7308.0]"
2591,154105,[41942.0]
2592,155104,[1077326.0]
2593,155238,[3995.0]
2594,155291,[41942.0]
2595,155421,[41942.0]
2596,155459,[41942.0]
2597,156172,[5816.0]
2598,156199,[16086.0]
2599,156258,"[83308.0, 3912640.0]"
2600,156295,"[6268.0, 35022.0]"
2601,156299,[2594.0]
2602,156492,[1967.0]
2603,156766,"[1069006.0, 25523.0]"
2604,157055,[86265.0]
2605,157088,"[61693.0, 4601681.0]"
2606,157387,[91085.0]
2607,157526,[15292.0]
2608,157568,[15292.0]
2609,157569,[15292.0]
2610,157572,[15292.0]
2611,157799,"[95013.0, 570317.0]"
2612,157821,[23704.0]
2613,157876,[91382.0]
2614,158395,"[7025.0, 6543253.0]"
2615,158615,"[24830.0, 59749.0]"
2616,158785,"[92018.0, 416085.0]"
2617,158788,"[92018.0, 92019.0]"
2618,158992,"[92150.0, 126120.0]"
2619,159069,"[106.0, 3500.0]"
2620,159205,[7577.0]
2621,159206,[7577.0]
2622,159339,[7577.0]
2623,159424,[7577.0]
2624,159429,[7577.0]
2625,159436,[7577.0]
2626,159451,[7577.0]
2627,159501,[7577.0]
2628,159543,[7577.0]
2629,159575,[7577.0]
2630,159579,[7577.0]
2631,159750,[7577.0]
2632,159764,"[34408.0, 34409.0, 34410.0]"
2633,159816,"[92667.0, 5140429.0]"
2634,160149,"[9494.0, 406026.0]"
2635,160256,[12014.0]
2636,160414,[28375.0]
2637,160416,[93029.0]
2638,160859,"[15091.0, 3231.0]"
2639,160964,[25027.0]
2640,161037,"[14870.0, 262549.0]"
2641,161493,[4.0]
2642,161653,"[93726.0, 526807.0]"
2643,161657,"[93726.0, 526807.0]"
2644,161768,"[93791.0, 81433.0, 93790.0, 16024.0]"
2645,161887,[93858.0]
2646,162719,[14617.0]
2647,162898,[1244.0]
2648,163294,[6268.0]
2649,163716,[3565.0]
2650,163919,[19564.0]
2651,164312,"[9494.0, 20598.0]"
2652,164695,"[500718.0, 543628.0, 1110642.0]"
2653,164718,[5816.0]
2654,164719,[5816.0]
2655,164720,[5816.0]
2656,164721,[5816.0]
2657,164722,[5816.0]
2658,164726,[5816.0]
2659,165405,[13677.0]
2660,165414,[10746.0]
2661,165955,[42540.0]
2662,165964,"[39302.0, 10952.0, 138207.0]"
2663,166794,[46130.0]
2664,166797,[97045.0]
2665,167038,"[4788867.0, 4107044.0]"
2666,167061,[43784.0]
2667,168323,[2614.0]
2668,168441,"[10885.0, 120056.0]"
2669,168525,[16142.0]
2670,168540,[20560.0]
2671,169826,[73699.0]
2672,169867,[36122.0]
2673,169870,[36122.0]
2674,169871,"[36122.0, 268524.0]"
2675,169872,"[36122.0, 36175.0]"
2676,169873,"[36122.0, 855385.0]"
2677,169875,"[36122.0, 268524.0]"
2678,169878,"[36122.0, 36175.0]"
2679,169879,"[36122.0, 268524.0]"
2680,169880,[36122.0]
2681,169881,[36122.0]
2682,169885,[36122.0]
2683,169959,[8588.0]
2684,170136,[99117.0]
2685,170210,[17061.0]
2686,170293,[25477.0]
2687,170303,[25477.0]
2688,170453,[811.0]
2689,170604,"[1069006.0, 25523.0, 9685.0]"
2690,170605,"[1069006.0, 25523.0, 16461.0]"
2691,170608,"[1069006.0, 25523.0, 16461.0]"
2692,170609,"[1069006.0, 25523.0]"
2693,170758,[3387850.0]
2694,170762,[3387850.0]
2695,170970,[19564.0]
2696,170972,[589.0]
2697,171066,"[10089.0, 185899.0]"
2698,171125,"[40381.0, 3918323.0, 589.0]"
2699,171203,[99776.0]
2700,171471,[1023510.0]
2701,172257,[5816.0]
2702,172258,[5816.0]
2703,172262,[5816.0]
2704,172734,[100752.0]
2705,172740,[16024.0]
2706,172764,[7742.0]
2707,172773,[7742.0]
2708,172775,[7742.0]
2709,174948,[2413.0]
2710,175203,[656983.0]
2711,175248,[38951.0]
2712,175312,[1967.0]
2713,175348,[99650.0]
2714,175671,[8685.0]
2715,175983,[31232.0]
2716,176250,[10333.0]
2717,176252,[10333.0]
2718,176261,[10333.0]
2719,176267,[10333.0]
2720,176268,[10333.0]
2721,176274,[10333.0]
2722,176277,[10333.0]
2723,176304,[10333.0]
2724,176306,[10333.0]
2725,176308,[10333.0]
2726,176326,"[65335.0, 65334.0]"
2727,176327,"[65335.0, 65334.0]"
2728,176332,[25027.0]
2729,176334,[25027.0]
2730,176336,[25027.0]
2731,176402,[13730.0]
2732,176403,[13730.0]
2733,176405,[1967.0]
2734,176406,[1967.0]
2735,176408,[1967.0]
2736,176494,[11761.0]
2737,176506,[11761.0]
2738,176519,[11761.0]
2739,176520,[11761.0]
2740,176521,"[11761.0, 3920344.0]"
2741,176534,[11761.0]
2742,176543,[11761.0]
2743,176591,[7132534.0]
2744,176711,[45816.0]
2745,176754,[103028.0]
2746,176788,[8685.0]
2747,176789,"[8685.0, 8686.0]"
2748,176790,"[8685.0, 8690.0]"
2749,176796,[8685.0]
2750,176797,[8685.0]
2751,176802,[8685.0]
2752,176803,[8685.0]
2753,176804,"[8685.0, 8690.0]"
2754,176827,[8685.0]
2755,176843,"[8685.0, 8686.0]"
2756,176845,"[8685.0, 8690.0]"
2757,176846,"[8685.0, 19673.0, 34854.0]"
2758,176850,"[26.0, 8685.0]"
2759,176860,[8685.0]
2760,176867,"[4766.0, 8685.0]"
2761,176868,"[8685.0, 8688.0, 1917064.0]"
2762,176874,[8685.0]
2763,176876,[8685.0]
2764,176881,[8685.0]
2765,176891,[8685.0]
2766,176892,"[4766.0, 8685.0]"
2767,176896,"[8516.0, 8685.0]"
2768,176967,[103133.0]
2769,176972,"[8164.0, 7105.0, 180439.0]"
2770,177001,"[26.0, 16036.0]"
2771,177112,"[1069006.0, 25523.0]"
2772,177191,[8588.0]
2773,177250,[12980.0]
2774,177358,[106.0]
2775,177363,[106.0]
2776,177406,[103308.0]
2777,177434,[44003.0]
2778,177805,"[15873.0, 325203.0, 7848985.0]"
2779,177911,[26.0]
2780,177927,[26.0]
2781,177928,"[26.0, 34859.0, 832609.0]"
2782,177938,[26.0]
2783,177945,[26.0]
2784,177978,"[1654.0, 1221698.0]"
2785,178476,[71688.0]
2786,179033,[12980.0]
2787,179064,[49177.0]
2788,179182,"[51518.0, 104391.0]"
2789,179397,[104518.0]
2790,179406,"[63509.0, 170508.0]"
2791,179565,"[3242.0, 58401.0]"
2792,179576,[2413.0]
2793,179579,"[2413.0, 3292400.0]"
2794,179639,[3242.0]
2795,179668,[3242.0]
2796,179715,[27072.0]
2797,180411,[22543.0]
2798,180412,[22543.0]
2799,180426,[6268.0]
2800,180455,[105220.0]
2801,181010,[1654.0]
2802,181036,[1654.0]
2803,181087,"[410653.0, 190377.0, 230701.0]"
2804,181423,[33461.0]
2805,181424,[33461.0]
2806,181425,"[33461.0, 26291.0]"
2807,181426,[33461.0]
2808,181427,[33461.0]
2809,181431,[33461.0]
2810,181432,[33461.0]
2811,181437,[33461.0]
2812,181439,[33461.0]
2813,181494,[8660.0]
2814,181886,"[34850.0, 4841825.0]"
2815,182332,[8185168.0]
2816,182342,[8185168.0]
2817,182538,[12531.0]
2818,182547,[7415.0]
2819,183272,[31688.0]
2820,183274,[31688.0]
2821,183652,[13677.0]
2822,183656,[13677.0]
2823,183657,"[13677.0, 7877.0]"
2824,183658,"[13677.0, 7877.0]"
2825,183659,"[13677.0, 7877.0]"
2826,183660,[13677.0]
2827,183661,"[13677.0, 7877.0]"
2828,184003,[22631.0]
2829,184324,[6268.0]
2830,184962,[7742.0]
2831,184963,[7742.0]
2832,185117,[107891.0]
2833,185176,[1301649.0]
2834,185192,[1301649.0]
2835,185197,[1301649.0]
2836,185200,[1301649.0]
2837,185224,[1301649.0]
2838,185230,[1301649.0]
2839,185251,[1301649.0]
2840,185253,[1301649.0]
2841,185287,[8661.0]
2842,185289,[8661.0]
2843,185290,[8661.0]
2844,185292,[8661.0]
2845,185293,[8661.0]
2846,185294,[8661.0]
2847,185636,[108173.0]
2848,185637,[108173.0]
2849,185639,[108173.0]
2850,185695,[108197.0]
2851,186074,[108424.0]
2852,186103,[13957.0]
2853,186182,"[66700.0, 68412.0, 1996705.0]"
2854,186187,"[66700.0, 3460561.0, 3460562.0]"
2855,186337,[27341.0]
2856,186417,[8185168.0]
2857,186418,[8185168.0]
2858,186419,[8185168.0]
2859,186420,[8185168.0]
2860,186421,[8185168.0]
2861,186423,[8185168.0]
2862,186425,[8185168.0]
2863,186426,[8185168.0]
2864,186427,[8185168.0]
2865,186433,"[8185168.0, 10763.0]"
2866,186437,[8185168.0]
2867,186438,[8185168.0]
2868,186439,[8185168.0]
2869,186440,"[8185168.0, 10763.0]"
2870,186442,[8185168.0]
2871,186443,[8185168.0]
2872,186444,[8185168.0]
2873,186445,[8185168.0]
2874,186446,"[8185168.0, 46137.0]"
2875,186447,"[8185168.0, 13472458.0]"
2876,186448,"[8185168.0, 10763.0]"
2877,186457,[83378.0]
2878,186569,[108693.0]
2879,186668,[43784.0]
2880,186669,[43784.0]
2881,186672,[43784.0]
2882,186689,[58124.0]
2883,186793,"[918948.0, 2387.0]"
2884,186859,[2387.0]
2885,186870,"[8840.0, 17597.0, 43501.0, 2387.0, 46540.0]"
2886,186885,[101078.0]
2887,186973,[108905.0]
2888,187049,[6252.0]
2889,187065,[6252.0]
2890,187124,[9629.0]
2891,187315,[3155347.0]
2892,187809,"[167932.0, 11654.0]"
2893,187811,[11654.0]
2894,187812,[11654.0]
2895,188267,[7941.0]
2896,188275,"[17064.0, 7941.0, 71688.0, 2465550.0]"
2897,188276,[7941.0]
2898,189015,[110153.0]
2899,189022,[110153.0]
2900,189147,[10089.0]
2901,189161,[110249.0]
2902,189166,[110249.0]
2903,189288,[16961.0]
2904,189357,[7742.0]
2905,189358,[7742.0]
2906,189359,[7742.0]
2907,189360,[7742.0]
2908,189361,[7742.0]
2909,189362,[7742.0]
2910,189363,[7742.0]
2911,189378,[110365.0]
2912,189509,"[11890.0, 46137.0]"
2913,189745,"[8127.0, 11782.0]"
2914,189783,[9629.0]
2915,189802,"[8732.0, 11358.0]"
2916,189811,[8732.0]
2917,189835,[8732.0]
2918,189852,"[8732.0, 11358.0]"
2919,190360,[9550.0]
2920,190361,[9550.0]
2921,190378,[9550.0]
2922,190388,"[17618.0, 546590.0]"
2923,190554,[8835.0]
2924,192204,[28375.0]
2925,192205,[28375.0]
2926,192977,[1387927.0]
2927,193770,[12350.0]
2928,194003,[6259.0]
2929,194091,[113153.0]
2930,194204,[29963.0]
2931,194685,[28135.0]
2932,194738,[81338.0]
2933,194739,"[113561.0, 324549.0]"
2934,195381,"[113844.0, 165551.0]"
2935,195672,[3502.0]
2936,195816,[106.0]
2937,195931,[481146.0]
2938,196923,"[10034.0, 16461.0]"
2939,197397,[36501.0]
2940,197457,[27498.0]
2941,197459,[27498.0]
2942,198483,[27500.0]
2943,198487,[27500.0]
2944,198514,[25477.0]
2945,198581,[26878.0]
2946,199212,"[116148.0, 3170993.0, 57333.0]"
2947,199781,"[167932.0, 11654.0]"
2948,199783,"[167932.0, 11654.0]"
2949,199785,[11654.0]
2950,199786,[11654.0]
2951,199929,"[17054.0, 17059.0, 35022.0, 137386.0]"
2952,200335,[4988270.0]
2953,200538,[49103.0]
2954,200544,[49103.0]
2955,200545,"[49103.0, 4245727.0]"
2956,200711,[1654.0]
2957,200734,"[70854.0, 11495.0]"
2958,200780,"[9494.0, 406026.0]"
2959,201054,[5989.0]
2960,201341,[5329.0]
2961,201342,[5329.0]
2962,201345,[5329.0]
2963,201354,"[10181.0, 5329.0, 134098.0, 93215.0]"
2964,201381,[5217055.0]
2965,201546,[18454.0]
2966,201547,[18454.0]
2967,201548,[18454.0]
2968,201819,[117698.0]
2969,201889,[874602.0]
2970,201991,[23069.0]
2971,202029,[105839.0]
2972,202038,[28083.0]
2973,202039,[8660.0]
2974,202061,[8660.0]
2975,202087,[8660.0]
2976,202544,[240708.0]
2977,202588,"[1077326.0, 45583.0]"
2978,202632,[33461.0]
2979,202769,[338705.0]
2980,203288,[26.0]
2981,203659,"[118848.0, 118847.0]"
2982,203867,[2001324.0]
2983,204279,[36343.0]
2984,204792,[2001324.0]
2985,205034,[119830.0]
2986,205999,[656983.0]
2987,206161,"[8164.0, 180439.0]"
2988,206855,[79885.0]
2989,206856,[79885.0]
2990,206857,[79885.0]
2991,206961,[1069006.0]
2992,207114,"[2938140.0, 2938141.0, 41878.0]"
2993,207158,[96909.0]
2994,207365,[38066.0]
2995,207461,"[18684.0, 78407.0, 2938140.0]"
2996,207682,"[167932.0, 11654.0]"
2997,207684,[11654.0]
2998,208159,[110234.0]
2999,208174,[121825.0]
3000,208493,[122001.0]
3001,208738,[38530.0]
3002,208740,[81698.0]
3003,209215,"[12351.0, 2676580.0, 3510823.0]"
3004,209496,[82540.0]
3005,209497,[82540.0]
3006,209594,"[2938140.0, 2938141.0, 79861.0, 586023.0]"
3007,209645,[122735.0]
3008,209688,[8835.0]
3009,209690,[8835.0]
3010,209691,[8835.0]
3011,209693,[8835.0]
3012,209694,[8835.0]
3013,209700,[8835.0]
3014,210196,[8660.0]
3015,210197,[8660.0]
3016,210201,[8660.0]
3017,210250,[123087.0]
3018,210329,[7308.0]
3019,210331,[7308.0]
3020,210482,[589.0]
3021,211728,[124006.0]
3022,211973,[9346.0]
3023,212347,[39467.0]
3024,212671,"[3995.0, 571556.0]"
3025,212672,"[3995.0, 571556.0]"
3026,212679,[3995.0]
3027,212682,"[3995.0, 571556.0]"
3028,212828,[23704.0]
3029,213105,[26897.0]
3030,213647,[125308.0]
3031,213652,[13014.0]
3032,214573,"[1077326.0, 123344.0]"
3033,215342,[656983.0]
3034,215463,"[13867.0, 466437.0]"
3035,215539,[74046.0]
3036,215540,[74046.0]
3037,215541,[74046.0]
3038,215542,[74046.0]
3039,215543,[74046.0]
3040,215606,[72451.0]
3041,215643,[71688.0]
3042,215950,[10885.0]
3043,215954,[10885.0]
3044,216211,[52050.0]
3045,216252,[58997.0]
3046,216253,[58997.0]
3047,216368,[4764.0]
3048,216369,"[4764.0, 2219389.0, 3619.0]"
3049,216445,[12479.0]
3050,216455,[12479.0]
3051,216638,[126955.0]
3052,216698,[126996.0]
3053,216849,[127082.0]
3054,217518,[6878.0]
3055,218467,"[12534.0, 39099.0]"
3056,218572,[22631.0]
3057,218574,[22631.0]
3058,218635,[18253.0]
3059,218637,[18253.0]
3060,218670,[19317.0]
3061,218671,[19317.0]
3062,218676,[19317.0]
3063,218677,[19317.0]
3064,218681,[19317.0]
3065,218683,[19317.0]
3066,218684,[19317.0]
3067,218696,[19317.0]
3068,218716,[23001.0]
3069,218756,[36521.0]
3070,219069,[1077326.0]
3071,219107,[4338.0]
3072,219110,[27379.0]
3073,219159,"[1831.0, 162299.0]"
3074,219181,[51589.0]
3075,219182,"[5255014.0, 2046.0]"
3076,219205,[12980.0]
3077,219222,[12980.0]
3078,219284,[40173.0]
3079,219293,[40173.0]
3080,219376,[7415.0]
3081,219402,[20561.0]
3082,219403,[20561.0]
3083,219405,[20561.0]
3084,219407,[20561.0]
3085,219412,[20561.0]
3086,219416,[20561.0]
3087,219417,[20561.0]
3088,219418,[20561.0]
3089,219499,"[854076.0, 350820.0]"
3090,219584,"[4699102.0, 29574.0]"
3091,219589,[8125999.0]
3092,219677,[18684.0]
3093,219760,[2526.0]
3094,219811,[128570.0]
3095,219812,[128570.0]
3096,219813,[128570.0]
3097,219942,[6268.0]
3098,220753,[90090.0]
3099,220937,[51422.0]
3100,220940,[129262.0]
3101,220944,"[46137.0, 24.0, 8185168.0, 27704.0, 25.0, 11889.0]"
3102,222063,[1221698.0]
3103,222304,"[118848.0, 118847.0]"
3104,222338,[1023510.0]
3105,222366,[4766.0]
3106,222387,"[130129.0, 967474.0]"
3107,222575,[7308.0]
3108,222576,[7308.0]
3109,222577,[7308.0]
3110,222656,"[5339.0, 3936678.0]"
3111,222659,[5339.0]
3112,222660,[5339.0]
3113,222669,[5339.0]
3114,222672,[5339.0]
3115,222818,[21770.0]
3116,222837,[12350.0]
3117,222838,[12350.0]
3118,222908,[8185168.0]
3119,222909,[656983.0]
3120,222910,[656983.0]
3121,222912,[656983.0]
3122,222915,[8185168.0]
3123,223153,"[10992.0, 1221698.0]"
3124,223379,[130698.0]
3125,223822,[8596.0]
3126,224220,[131208.0]
3127,224529,[9766.0]
3128,224530,[9766.0]
3129,224534,[9766.0]
3130,224535,[9766.0]
3131,224536,[9766.0]
3132,224912,[1077326.0]
3133,225038,"[131683.0, 385574.0]"
3134,225092,"[72237.0, 15122.0, 3937518.0]"
3135,225142,[19729.0]
3136,225594,[17060.0]
3137,225605,[63669.0]
3138,225606,[63669.0]
3139,225668,[2357.0]
3140,225669,[2357.0]
3141,225683,[132091.0]
3142,225691,[34872.0]
3143,225699,[34872.0]
3144,225781,[108693.0]
3145,226151,[132369.0]
3146,226486,[4764.0]
3147,227220,"[656983.0, 13290.0]"
3148,227222,"[28709.0, 656983.0, 42156.0, 150123.0, 171408.0]"
3149,227283,[21198.0]
3150,227331,[31869.0]
3151,227409,"[4699102.0, 4798562.0, 1221698.0, 168777.0]"
3152,227416,[9766.0]
3153,227454,[1023510.0]
3154,227529,[29998.0]
3155,227532,[13014.0]
3156,227570,"[209.0, 9345.0]"
3157,227778,[6206.0]
3158,227779,[6206.0]
3159,227865,[10896.0]
3160,227903,"[133364.0, 173658.0]"
3161,227904,[133364.0]
3162,228062,"[8476.0, 362098.0]"
3163,228063,"[8476.0, 362098.0]"
3164,228064,"[8476.0, 362098.0]"
3165,228065,"[8476.0, 362098.0]"
3166,228066,"[8476.0, 362098.0]"
3167,228067,"[8476.0, 362098.0]"
3168,228069,"[8476.0, 362098.0]"
3169,228191,[3389.0]
3170,228202,[3389.0]
3171,228337,[8660.0]
3172,228391,[5989.0]
3173,228564,[6259.0]
3174,228647,"[1023510.0, 22781.0]"
3175,228665,[6252.0]
3176,228916,[133838.0]
3177,228990,[12980.0]
3178,228992,[12980.0]
3179,229033,[133908.0]
3180,229132,[81338.0]
3181,229147,"[8476.0, 1892274.0]"
3182,229148,"[8476.0, 278879.0]"
3183,229149,"[8476.0, 299142.0]"
3184,229154,"[8476.0, 299142.0]"
3185,229156,"[8476.0, 299142.0]"
3186,229157,"[8476.0, 299142.0]"
3187,229280,[6268.0]
3188,229318,"[1654.0, 1221698.0]"
3189,229489,"[17618.0, 546590.0]"
3190,229496,[122001.0]
3191,229724,"[5158478.0, 503641.0]"
3192,230852,"[33919.0, 16939.0]"
3193,230853,[33919.0]
3194,230855,[33919.0]
3195,231012,"[26.0, 34827.0]"
3196,231183,[37060.0]
3197,231784,"[696805.0, 11078.0]"
3198,231915,[75603.0]
3199,231916,[75603.0]
3200,231917,[75603.0]
3201,231989,[82540.0]
3202,231990,[82540.0]
3203,232021,[82540.0]
3204,232022,[82540.0]
3205,232031,[82540.0]
3206,232033,[82540.0]
3207,232035,[82540.0]
3208,232102,[135829.0]
3209,232270,"[46097.0, 3926350.0]"
3210,232300,"[854076.0, 678109.0]"
3211,232647,[4735.0]
3212,232648,[136127.0]
3213,233649,[6252.0]
3214,233664,"[1654.0, 19439.0]"
3215,233669,[1654.0]
3216,233674,"[1654.0, 10336.0, 19441.0]"
3217,233679,[1654.0]
3218,234184,[3441.0]
3219,234225,[58.0]
3220,234329,[39301.0]
3221,234489,[14078.0]
3222,234553,[10746.0]
3223,234842,[137386.0]
3224,234893,[11654.0]
3225,234906,[11654.0]
3226,234907,[11654.0]
3227,234908,"[11654.0, 167932.0]"
3228,234946,[32590.0]
3229,235111,[137386.0]
3230,235417,[48190.0]
3231,235577,[32279.0]
3232,235718,[137902.0]
3233,235749,"[38822.0, 460917.0, 7593767.0, 17013943.0, 298413.0, 17013944.0, 4152004.0, 163021.0]"
3234,236703,[138434.0]
3235,237012,"[133688.0, 43989.0]"
3236,237032,[138702.0]
3237,237117,[10006.0]
3238,237721,[445303.0]
3239,237764,"[13450.0, 341111.0]"
3240,237939,[8842.0]
3241,238458,[119933.0]
3242,238524,[139575.0]
3243,238959,"[26.0, 11906.0]"
3244,238961,[26.0]
3245,238968,[100752.0]
3246,239066,[1023510.0]
3247,239069,[1023510.0]
3248,239102,[1023510.0]
3249,239103,[1023510.0]
3250,239105,[1023510.0]
3251,239107,[1023510.0]
3252,239109,[1023510.0]
3253,239239,[23419.0]
3254,239248,[3995.0]
3255,239252,"[10089.0, 146952.0, 54475.0]"
3256,239402,"[62586.0, 9678.0]"
3257,239413,[50211.0]
3258,239917,[3619.0]
3259,239922,"[3619.0, 8489.0]"
3260,239924,[3619.0]
3261,240420,"[1630.0, 3942743.0]"
3262,240815,[16215.0]
3263,241060,"[1917064.0, 8688.0]"
3264,241798,[4.0]
3265,241973,"[141587.0, 2073019.0]"
3266,241976,[28544.0]
3267,242793,"[6252.0, 9631.0]"
3268,242827,"[7935185.0, 738091.0]"
3269,243272,[38550.0]
3270,243298,[8732.0]
3271,244475,[6259.0]
3272,244491,[55474.0]
3273,244496,[48190.0]
3274,244572,[4260.0]
3275,244887,"[143178.0, 18882.0]"
3276,245462,[3995.0]
3277,245700,"[88916.0, 8185168.0]"
3278,245727,[36122.0]
3279,246262,"[17618.0, 546590.0]"
3280,246305,[144024.0]
3281,247178,[144405.0]
3282,248290,[61659.0]
3283,248309,[145092.0]
3284,248375,[145129.0]
3285,248376,[145129.0]
3286,248377,[145129.0]
3287,248378,[145129.0]
3288,248380,[145129.0]
3289,248382,[145129.0]
3290,248470,[49177.0]
3291,248482,[49177.0]
3292,248484,"[49177.0, 3849945.0]"
3293,248531,[13014.0]
3294,248532,[13014.0]
3295,248533,[13014.0]
3296,248534,[13014.0]
3297,248537,"[13014.0, 6603.0]"
3298,248538,[13014.0]
3299,248539,[13014.0]
3300,248583,[145294.0]
3301,248584,[4099.0]
3302,248596,[1630.0]
3303,248603,"[145305.0, 25355.0]"
3304,248622,"[145307.0, 16304.0]"
3305,248682,[625.0]
3306,248760,[145370.0]
3307,248869,"[145435.0, 42506.0]"
3308,248870,"[145435.0, 42506.0]"
3309,248871,"[145435.0, 241687.0]"
3310,248872,"[145435.0, 42506.0]"
3311,248873,"[145435.0, 241687.0]"
3312,248874,"[145435.0, 241687.0]"
3313,248876,"[145435.0, 42506.0]"
3314,248878,"[145435.0, 42506.0]"
3315,248879,"[145435.0, 42506.0]"
3316,248881,"[145435.0, 42506.0]"
3317,248882,"[145435.0, 42506.0]"
3318,248883,"[145435.0, 42506.0]"
3319,248884,"[145435.0, 42506.0]"
3320,249633,[31247.0]
3321,249747,[10896.0]
3322,249832,[60577.0]
3323,249855,"[46137.0, 46138.0, 10763.0, 19305.0, 8185168.0, 8694.0, 5989.0, 330853.0, 25.0, 12991.0, 54462.0, 53256.0, 7025.0, 22548.0, 325368.0, 8125999.0, 1221698.0, 108828.0, 24.0, 611015.0, 22545.0]"
3324,249867,"[3389.0, 19365.0]"
3325,249992,[3389.0]
3326,250026,[23138.0]
3327,250260,"[874602.0, 242296.0]"
3328,250296,"[33919.0, 19305.0, 163891.0, 34828.0, 1221698.0, 16939.0, 53193.0, 84604.0, 820990.0, 12581.0, 33918.0, 122631.0, 207866.0]"
3329,250317,"[6459715.0, 40237.0]"
3330,250457,[146374.0]
3331,250612,"[13014.0, 238503.0]"
3332,251862,"[17618.0, 546590.0]"
3333,252205,"[4821.0, 1887931.0]"
3334,252589,[19472.0]
3335,252838,[4338.0]
3336,252938,[27498.0]
3337,252969,[4338.0]
3338,252999,[6268.0]
3339,253046,[3441.0]
3340,253058,"[3441.0, 238243.0]"
3341,253153,"[147857.0, 3165318.0]"
3342,253155,[147857.0]
3343,253540,[102143.0]
3344,254450,"[2938140.0, 2938141.0]"
3345,254752,[78303.0]
3346,255371,"[2995925.0, 39412.0]"
3347,255879,[17739.0]
3348,256598,"[146374.0, 660076.0]"
3349,256683,[150038.0]
3350,256890,[29535.0]
3351,257173,"[150344.0, 3948281.0, 185018.0]"
3352,257321,[8661.0]
3353,257333,"[8661.0, 8659.0, 8660.0]"
3354,257971,[346732.0]
3355,258099,[50408.0]
3356,258108,"[11145.0, 190760.0, 722157.0, 2739592.0, 3948603.0]"
3357,258178,[8588.0]
3358,258313,[25.0]
3359,258323,"[8164.0, 607082.0]"
3360,258335,[1067608.0]
3361,258336,[1067608.0]
3362,258340,[11586.0]
3363,258345,[11586.0]
3364,258392,[22018.0]
3365,258415,[22018.0]
3366,258433,[22018.0]
3367,258468,[50873.0]
3368,258474,[8185168.0]
3369,258475,[8185168.0]
3370,258569,[151109.0]
3371,258657,[151155.0]
3372,258658,[151155.0]
3373,258664,[151155.0]
3374,258666,[151155.0]
3375,258872,[11586.0]
3376,259035,[8842.0]
3377,259052,[7014283.0]
3378,259055,"[656983.0, 9533.0]"
3379,259127,[44103.0]
3380,259583,[151717.0]
3381,259585,[151717.0]
3382,259586,[151717.0]
3383,259598,"[72237.0, 2834339.0]"
3384,259836,"[869.0, 868.0]"
3385,259841,"[868.0, 151890.0]"
3386,259858,"[869.0, 868.0]"
3387,259866,[868.0]
3388,259897,"[869.0, 868.0]"
3389,260025,"[869.0, 868.0]"
3390,260220,"[869.0, 868.0]"
3391,260454,[99776.0]
3392,260985,"[10517.0, 34430.0]"
3393,261122,[15292.0]
3394,261123,[15292.0]
3395,261124,[15292.0]
3396,261604,[57461.0]
3397,262401,[49111.0]
3398,262430,[153394.0]
3399,262431,"[153394.0, 1357326.0]"
3400,262742,[12075.0]
3401,263021,[23503.0]
3402,263023,"[23503.0, 3950341.0]"
3403,263082,[153703.0]
3404,263145,"[153732.0, 1411091.0]"
3405,263146,[153733.0]
3406,263147,[153734.0]
3407,263148,[153734.0]
3408,263149,[17059.0]
3409,263170,[153738.0]
3410,263171,[153734.0]
3411,263172,[153734.0]
3412,263173,"[153732.0, 1411091.0]"
3413,263176,[153741.0]
3414,263178,[19971.0]
3415,263179,[2357.0]
3416,263180,[51461.0]
3417,263208,[8589.0]
3418,263407,[8516.0]
3419,263549,[24827.0]
3420,263550,[24827.0]
3421,263731,[64216.0]
3422,264001,[1040250.0]
3423,264007,[28083.0]
3424,264064,[16143.0]
3425,264065,[16143.0]
3426,264066,[16143.0]
3427,264067,[16143.0]
3428,264068,[16143.0]
3429,264069,[16143.0]
3430,264147,[64216.0]
3431,264225,[14002.0]
3432,264446,[34854.0]
3433,264499,[45596.0]
3434,264765,[58654.0]
3435,266586,[48192.0]
3436,266607,[25422.0]
3437,267404,[336767.0]
3438,267768,"[589.0, 1156431.0]"
3439,268186,[131208.0]
3440,268187,[2413.0]
3441,268437,[43734.0]
3442,268439,[43734.0]
3443,268442,[43734.0]
3444,268917,"[21616.0, 14474.0, 38120.0]"
3445,269713,"[2413.0, 244754.0]"
3446,270166,"[4699102.0, 29574.0]"
3447,270641,[5989.0]
3448,270977,[158033.0]
3449,271060,[5989.0]
3450,271248,[1977.0]
3451,271258,[1977.0]
3452,271261,[1977.0]
3453,271262,[1977.0]
3454,271263,[1977.0]
3455,271264,[1977.0]
3456,271265,[1977.0]
3457,271266,[1977.0]
3458,271356,[103321.0]
3459,271359,[103321.0]
3460,271362,[103321.0]
3461,271587,[23069.0]
3462,272791,[158947.0]
3463,272825,[3441.0]
3464,273437,"[656983.0, 995080.0]"
3465,273438,[656983.0]
3466,273501,[41942.0]
3467,273511,[27498.0]
3468,273512,[27498.0]
3469,273769,[159586.0]
3470,273921,"[5158478.0, 53411.0, 115530.0]"
3471,274135,[116617.0]
3472,274139,"[63783.0, 63522.0]"
3473,274146,[116617.0]
3474,274149,"[31869.0, 63522.0]"
3475,274397,[1023510.0]
3476,274416,[31247.0]
3477,274868,"[160195.0, 506873.0]"
3478,274948,"[27813.0, 609973.0]"
3479,275470,"[21578.0, 16073.0, 3497426.0]"
3480,275779,[880695.0]
3481,276485,[161096.0]
3482,276750,"[27500.0, 55708.0]"
3483,277187,"[25422.0, 25421.0]"
3484,277189,"[25422.0, 25421.0]"
3485,277190,"[25422.0, 25421.0]"
3486,277191,"[25422.0, 25421.0]"
3487,277897,[131208.0]
3488,278462,"[162220.0, 162219.0]"
3489,279501,[7710.0]
3490,279502,[43697.0]
3491,279508,[18851.0]
3492,279522,[162678.0]
3493,279524,[162678.0]
3494,279525,[162678.0]
3495,279545,[5369.0]
3496,279562,[5369.0]
3497,279583,[5369.0]
3498,279588,"[5369.0, 162703.0]"
3499,279664,[1036736.0]
3500,279665,[1036736.0]
3501,279666,[1036736.0]
3502,279668,[1036736.0]
3503,279669,[1036736.0]
3504,279670,[1036736.0]
3505,279671,[1036736.0]
3506,279672,[1036736.0]
3507,279673,[1036736.0]
3508,279679,[1036736.0]
3509,279969,"[68082.0, 23001.0, 8726.0, 12540.0, 45896.0, 26932.0, 140778.0, 20598.0, 1031911.0, 102920.0, 717781.0, 57720.0, 36998.0, 6988.0, 7317085.0, 490342.0, 2995925.0, 246684.0, 13479797.0, 2768688.0, 52005.0, 38840.0, 40173.0, 6478378.0, 18253.0, 952333.0, 5209023.0, 52468.0, 44407.0, 26930.0, 8694.0, 5481957.0]"
3510,280125,[1023510.0]
3511,280705,[72538.0]
3512,280716,[72538.0]
3513,281573,[4841825.0]
3514,281825,[56140.0]
3515,281831,[2614.0]
3516,281912,[5329.0]
3517,281913,[5329.0]
3518,281921,"[5329.0, 158961.0]"
3519,281954,[5329.0]
3520,282201,"[629885.0, 5989.0]"
3521,282283,[103321.0]
3522,282284,[103321.0]
3523,282286,[103321.0]
3524,282294,"[164132.0, 153625.0]"
3525,282438,[164187.0]
3526,282439,[164187.0]
3527,282440,[164187.0]
3528,282783,[6268.0]
3529,282864,[7717.0]
3530,282952,"[8596.0, 321855.0]"
3531,283022,[108693.0]
3532,283494,[25422.0]
3533,283495,"[25422.0, 3957274.0]"
3534,283498,[25422.0]
3535,283866,[15291.0]
3536,283867,[7710.0]
3537,283870,[3618.0]
3538,284056,"[8924.0, 584737.0]"
3539,284138,[78303.0]
3540,284139,[78303.0]
3541,284440,"[165168.0, 2161876.0]"
3542,284441,[165168.0]
3543,284695,[5339.0]
3544,284946,[165466.0]
3545,285064,"[165549.0, 2129572.0]"
3546,285098,"[8732.0, 11358.0]"
3547,285105,[1429808.0]
3548,285205,[40563.0]
3549,285206,[40563.0]
3550,285207,[40563.0]
3551,285208,[40563.0]
3552,285209,[40563.0]
3553,285210,[40563.0]
3554,285211,[40563.0]
3555,285212,"[40563.0, 46540.0, 38066.0, 11859.0]"
3556,285224,[40563.0]
3557,285438,[67038.0]
3558,285746,[165898.0]
3559,285985,[4.0]
3560,286041,[4.0]
3561,286338,[166104.0]
3562,286507,[8732.0]
3563,287630,[6268.0]
3564,287631,[6268.0]
3565,287632,[6268.0]
3566,287633,[6268.0]
3567,287634,[6268.0]
3568,287635,[6268.0]
3569,287861,[27379.0]
3570,287873,"[166884.0, 3145879.0]"
3571,287886,[65783.0]
3572,287892,"[27379.0, 70032.0]"
3573,288132,[23069.0]
3574,288600,[5255014.0]
3575,288680,[1654.0]
3576,288756,"[57980.0, 5829.0]"
3577,288759,"[57980.0, 5829.0]"
3578,289011,[1077326.0]
3579,289066,[20561.0]
3580,289149,[8349.0]
3581,289150,"[4766.0, 8685.0]"
3582,289453,"[949947.0, 3193580.0]"
3583,289590,"[5345.0, 2872983.0]"
3584,289601,[87534.0]
3585,289695,[24818.0]
3586,289740,[24818.0]
3587,289870,[656983.0]
3588,289915,[656983.0]
3589,290131,[5255014.0]
3590,290255,[103133.0]
3591,290436,[723801.0]
3592,290437,"[723801.0, 3959577.0]"
3593,290452,[53255.0]
3594,290574,[5807106.0]
3595,290628,[60177.0]
3596,290645,[60177.0]
3597,290725,"[133364.0, 173658.0]"
3598,290732,[13677.0]
3599,290992,[168353.0]
3600,291249,"[16032.0, 997755.0]"
3601,291252,[168524.0]
3602,291260,[8732.0]
3603,291354,[8732.0]
3604,291356,[8732.0]
3605,291513,[1023510.0]
3606,291514,[31.0]
3607,291548,[32912.0]
3608,291551,[1023510.0]
3609,291588,[56977.0]
3610,291628,[23895.0]
3611,291693,[31.0]
3612,291729,[20513.0]
3613,291735,"[168710.0, 15291.0]"
3614,291912,"[8185168.0, 10763.0]"
3615,291950,[10366.0]
3616,292046,[136127.0]
3617,292654,[47991.0]
3618,293363,"[65735.0, 18015.0]"
3619,293389,"[4522.0, 27206.0]"
3620,293395,[8694.0]
3621,293412,[8694.0]
3622,293413,"[56125.0, 18015.0]"
3623,293414,[26399.0]
3624,293426,"[157663.0, 178972.0]"
3625,293442,[8694.0]
3626,293446,"[13733.0, 18015.0]"
3627,293476,"[4522.0, 27206.0]"
3628,293479,"[127492.0, 7710.0, 35010.0, 27206.0, 18327.0, 12275.0, 18015.0]"
3629,293616,[76423.0]
3630,293972,[50873.0]
3631,293973,[50873.0]
3632,293974,[50873.0]
3633,293979,[50873.0]
3634,293981,[50873.0]
3635,293982,[50873.0]
3636,293983,[50873.0]
3637,293984,[50873.0]
3638,294140,[93434.0]
3639,294158,[625.0]
3640,294233,[8596.0]
3641,294936,[93858.0]
3642,294937,[93858.0]
3643,294967,[93858.0]
3644,295086,[27498.0]
3645,295107,[23138.0]
3646,295169,"[46130.0, 8658.0]"
3647,295184,[46130.0]
3648,295198,[46130.0]
3649,295265,"[170443.0, 63608.0]"
3650,295493,[8924.0]
3651,295801,"[101070.0, 21578.0]"
3652,295803,[101070.0]
3653,295809,"[131683.0, 385574.0]"
3654,295832,"[65335.0, 65334.0]"
3655,295834,"[65335.0, 65334.0]"
3656,295956,"[57983.0, 1077326.0]"
3657,296211,"[170985.0, 191975.0, 220345.0]"
3658,296524,[65783.0]
3659,296942,[27498.0]
3660,297387,[23001.0]
3661,297566,[1077326.0]
3662,297815,[53193.0]
3663,297823,[6988.0]
3664,297866,[28550.0]
3665,297868,[28550.0]
3666,297876,[48190.0]
3667,297891,[171845.0]
3668,297898,[81017.0]
3669,297929,[8695.0]
3670,298419,[48397.0]
3671,298463,[172130.0]
3672,298464,[50873.0]
3673,298504,[15684352.0]
3674,298567,"[146374.0, 660076.0]"
3675,298568,"[146374.0, 660076.0]"
3676,299069,"[17618.0, 546590.0]"
3677,299081,[172487.0]
3678,299084,[172490.0]
3679,299085,"[10087.0, 423163.0]"
3680,299237,[88608.0]
3681,299758,[23069.0]
3682,300985,[8588.0]
3683,300986,[8588.0]
3684,301001,[24183.0]
3685,301053,[90037.0]
3686,301082,[17061.0]
3687,301538,[8587.0]
3688,301727,[173906.0]
3689,302032,[65335.0]
3690,302176,[8694.0]
3691,302179,[8694.0]
3692,302457,[7710.0]
3693,302641,[61659.0]
3694,303192,"[27206.0, 174708.0]"
3695,303197,[27206.0]
3696,303200,"[27206.0, 174708.0]"
3697,303251,"[6268.0, 50886.0, 4708.0, 23892.0]"
3698,303496,"[32265.0, 5457646.0, 474878.0]"
3699,304025,"[10318.0, 33876.0, 175137.0, 175138.0]"
3700,304026,[4430.0]
3701,304027,[20248.0]
3702,304028,"[6268.0, 76459.0, 175139.0, 46540.0]"
3703,304111,[53062.0]
3704,304123,[1567394.0]
3705,304217,"[10765.0, 1221698.0]"
3706,304253,[10765.0]
3707,304295,[17060.0]
3708,304306,[2526.0]
3709,304459,"[133804.0, 43989.0]"
3710,304687,"[27704.0, 3619.0]"
3711,304922,[38313.0]
3712,304940,[99776.0]
3713,305036,"[38840.0, 406026.0]"
3714,305088,"[9355.0, 925.0]"
3715,305234,[175855.0]
3716,305262,[9494.0]
3717,305307,[3618.0]
3718,305417,[48190.0]
3719,305486,[43784.0]
3720,305666,"[874602.0, 389991.0]"
3721,306426,[4327517.0]
3722,307072,"[312453.0, 122662.0]"
3723,307220,[47991.0]
3724,307354,[177049.0]
3725,307403,[12531.0]
3726,308449,[2594.0]
3727,308450,[2594.0]
3728,308452,[2594.0]
3729,308453,[2594.0]
3730,308732,[10087.0]
3731,308744,"[10087.0, 79319.0]"
3732,309480,[30654.0]
3733,310516,[178924.0]
3734,310717,[26417.0]
3735,310737,[8593.0]
3736,311502,[8349.0]
3737,311512,[8349.0]
3738,311864,[1567394.0]
3739,312043,[179712.0]
3740,312050,[179712.0]
3741,312077,[131683.0]
3742,312080,"[131683.0, 385574.0]"
3743,312081,"[131683.0, 385574.0]"
3744,312083,"[131683.0, 385574.0]"
3745,312250,[179805.0]
3746,312399,[3618.0]
3747,312407,[3618.0]
3748,313256,[6268.0]
3749,313259,[6268.0]
3750,313260,[6268.0]
3751,313261,[41032.0]
3752,313262,[6268.0]
3753,313263,[6268.0]
3754,313264,[41032.0]
3755,313265,[6268.0]
3756,313266,[6268.0]
3757,313267,[6268.0]
3758,313268,"[6268.0, 17064.0, 4708.0, 23.0]"
3759,313269,[6268.0]
3760,313378,[12521.0]
3761,314254,"[4841825.0, 23503.0, 855385.0]"
3762,315736,"[15348037.0, 9266.0, 551095.0]"
3763,315939,[4764.0]
3764,316113,[3242.0]
3765,316876,[3619.0]
3766,317121,[1967.0]
3767,317372,[182452.0]
3768,317377,[182452.0]
3769,317378,[182452.0]
3770,317385,"[34878.0, 285212.0]"
3771,317449,[6587.0]
3772,317450,[6587.0]
3773,317474,[20331.0]
3774,317484,[870.0]
3775,317497,[20331.0]
3776,317500,"[1069006.0, 25523.0]"
3777,317501,"[1069006.0, 25523.0]"
3778,317503,[8588.0]
3779,317504,"[8588.0, 8591.0]"
3780,317517,"[1069006.0, 25523.0]"
3781,317518,"[1069006.0, 25523.0]"
3782,317519,[1069006.0]
3783,317521,[106.0]
3784,317522,[106.0]
3785,317523,[106.0]
3786,317539,[21071.0]
3787,317540,[21071.0]
3788,317547,"[1023510.0, 38546.0]"
3789,317616,[139575.0]
3790,317621,[723256.0]
3791,317788,[182649.0]
3792,317818,[811.0]
3793,318831,[19971.0]
3794,319012,[2925230.0]
3795,319260,[23704.0]
3796,319639,[2614.0]
3797,319644,[153394.0]
3798,320216,[20331.0]
3799,320357,[17739.0]
3800,320377,[3948.0]
3801,320697,[9494.0]
3802,320700,"[6943.0, 9494.0, 18879.0, 455071.0, 20435.0, 19443.0, 12339.0, 20602.0, 1221698.0, 38689.0, 314962.0, 317159.0, 33463.0, 1945504.0, 18253.0, 60522.0, 16291.0]"
3803,321353,[1637418.0]
3804,321357,[87305.0]
3805,321645,[53574.0]
3806,321646,[53574.0]
3807,321647,[53574.0]
3808,322067,[23069.0]
3809,322920,[2041.0]
3810,323152,"[124153.0, 1184486.0]"
3811,323883,[55474.0]
3812,323885,[55474.0]
3813,323944,[186144.0]
3814,325151,"[186767.0, 168720.0, 3971038.0]"
3815,325365,[1654.0]
3816,325379,[1654.0]
3817,325398,[13026.0]
3818,326128,[36344.0]
3819,326911,[27498.0]
3820,326917,[162927.0]
3821,327156,[38820.0]
3822,327336,[51535.0]
3823,327685,[9629.0]
3824,327778,[8842.0]
3825,327945,[22547.0]
3826,328787,[5542.0]
3827,329108,"[3389.0, 40573.0]"
3828,329661,[36122.0]
3829,330110,[10885.0]
3830,330744,[12948.0]
3831,330745,[12948.0]
3832,330746,[12948.0]
3833,330747,"[12948.0, 198168.0, 16515.0]"
3834,330748,[12948.0]
3835,330751,[12948.0]
3836,330785,[1077326.0]
3837,330786,[1077326.0]
3838,331005,"[8840.0, 2387.0]"
3839,331010,[48397.0]
3840,331212,[11078.0]
3841,331478,[7135042.0]
3842,331562,[1077326.0]
3843,331830,[190403.0]
3844,332032,[5376.0]
3845,332210,[6252.0]
3846,332420,[153741.0]
3847,332572,"[941441.0, 511951.0]"
3848,332626,[141587.0]
3849,332753,[190887.0]
3850,332754,[190887.0]
3851,332756,[190887.0]
3852,332775,[190887.0]
3853,332853,"[122302.0, 190954.0]"
3854,332854,[122302.0]
3855,333115,[3502.0]
3856,333118,[3502.0]
3857,333356,"[128570.0, 108173.0]"
3858,333423,"[191220.0, 285212.0]"
3859,333664,"[1077326.0, 123344.0]"
3860,333670,[50873.0]
3861,333676,"[1077326.0, 123344.0]"
3862,333707,[7577.0]
3863,333709,[7577.0]
3864,333714,[7577.0]
3865,333715,[7577.0]
3866,333716,[7577.0]
3867,333719,[7577.0]
3868,333722,[7577.0]
3869,333727,[7577.0]
3870,333867,"[10992.0, 1221698.0]"
3871,333920,[191456.0]
3872,333938,[191456.0]
3873,333939,[191456.0]
3874,333942,[191456.0]
3875,333946,[191456.0]
3876,333947,[191456.0]
3877,333953,[46474.0]
3878,333970,"[191475.0, 3973521.0, 3973802.0]"
3879,334012,"[24830.0, 59749.0]"
3880,334038,[46474.0]
3881,334042,[191475.0]
3882,334092,[478745.0]
3883,334123,[33467.0]
3884,334484,[101070.0]
3885,334620,"[8347.0, 258912.0]"
3886,334643,[8347.0]
3887,335958,"[192663.0, 232241.0, 4137634.0, 6378.0, 2938140.0, 2938141.0, 35760.0, 4955836.0, 4706567.0]"
3888,336245,[27498.0]
3889,336410,[15590.0]
3890,337017,[28544.0]
3891,337100,[12980.0]
3892,337130,[1221698.0]
3893,337138,"[193296.0, 70397.0, 2735363.0]"
3894,337943,"[8840.0, 2387.0]"
3895,338117,[1967.0]
3896,338118,[1967.0]
3897,338119,[1967.0]
3898,338121,[1967.0]
3899,338122,[1967.0]
3900,338131,[1967.0]
3901,338132,[1967.0]
3902,338139,[1967.0]
3903,338329,[32278.0]
3904,338404,[240708.0]
3905,338580,[10885.0]
3906,338593,[10885.0]
3907,338723,[1654.0]
3908,339026,[3155347.0]
3909,339448,[20560.0]
3910,340104,"[18111.0, 2964772.0, 1624847.0]"
3911,340108,"[18111.0, 337207.0]"
3912,340381,"[656983.0, 9545.0]"
3913,341027,[65137.0]
3914,341272,"[880695.0, 3472.0, 5809539.0, 68764.0]"
3915,341723,[26906.0]
3916,341735,[19651.0]
3917,342095,[196212.0]
3918,342445,"[13681.0, 3470.0, 12738.0, 156274.0, 3389.0]"
3919,342659,[129262.0]
3920,343285,[48192.0]
3921,343566,[87305.0]
3922,344262,[48206.0]
3923,344623,[107170.0]
3924,344935,[23069.0]
3925,345299,[31232.0]
3926,345563,[51422.0]
3927,345627,[137902.0]
3928,345660,[28544.0]
3929,345966,[164102.0]
3930,346039,[196212.0]
3931,346087,[10746.0]
3932,346088,[10746.0]
3933,346089,[10746.0]
3934,346091,[10746.0]
3935,346222,[31247.0]
3936,346266,[198623.0]
3937,346267,[198623.0]
3938,346268,[198623.0]
3939,346272,[198623.0]
3940,346282,"[140686.0, 65391.0, 741116.0, 81096.0, 110234.0, 2526.0, 31688.0, 25422.0, 24902.0, 5833.0]"
3941,348660,[2614.0]
3942,348730,[59445.0]
3943,349090,[40119.0]
3944,349320,[9629.0]
3945,349347,[1221698.0]
3946,349470,[13026.0]
3947,349560,"[2413.0, 77297.0]"
3948,349573,[16155.0]
3949,349596,[119830.0]
3950,350500,[7025.0]
3951,350788,[81096.0]
3952,350790,[81096.0]
3953,350866,[196212.0]
3954,351015,[139575.0]
3955,351017,"[6573790.0, 27205.0, 3193580.0]"
3956,351018,[57462.0]
3957,351021,[116981.0]
3958,351023,[18451.0]
3959,351451,[201555.0]
3960,351461,[26875.0]
3961,351640,[171921.0]
3962,351964,[40983.0]
3963,352262,[23894.0]
3964,352270,[37060.0]
3965,352298,"[6986.0, 504535.0]"
3966,352299,"[6986.0, 504535.0, 255288.0]"
3967,352381,"[10986.0, 3979976.0]"
3968,352700,"[125984.0, 3980090.0]"
3969,352701,"[24830.0, 59749.0]"
3970,352778,[73812.0]
3971,352828,[202312.0]
3972,353016,[202438.0]
3973,353695,[12521.0]
3974,355089,[16094.0]
3975,355916,"[157663.0, 619712.0]"
3976,355917,"[157663.0, 619712.0]"
3977,356280,[6878.0]
3978,357027,[19564.0]
3979,357091,[91085.0]
3980,357092,[91085.0]
3981,357727,[36998.0]
3982,357788,[17064.0]
3983,357794,[17064.0]
3984,357968,[4841825.0]
3985,358355,[3155347.0]
3986,358488,[3242.0]
3987,358615,[8835.0]
3988,358674,[10896.0]
3989,358978,"[58971.0, 205615.0]"
3990,359323,[205812.0]
3991,359375,"[32637.0, 56968.0]"
3992,359410,[40593.0]
3993,359495,[205915.0]
3994,359581,[3619.0]
3995,359820,[6252.0]
3996,360274,[8591.0]
3997,360973,"[656983.0, 9545.0]"
3998,361119,[4841825.0]
3999,361120,[4841825.0]
4000,361121,"[4841825.0, 48386.0]"
4001,361271,[128570.0]
4002,361943,[207235.0]
4003,362021,[207286.0]
4004,362053,[32914.0]
4005,362055,"[32915.0, 1023510.0]"
4006,362205,[96909.0]
4007,362496,"[16094.0, 8283771.0]"
4008,362592,"[8694.0, 46137.0]"
4009,362636,[3651.0]
4010,362705,"[207642.0, 2901338.0, 767641.0]"
4011,362787,"[869.0, 868.0]"
4012,362824,[207695.0]
4013,362875,[870.0]
4014,362877,[870.0]
4015,362888,[870.0]
4016,362917,[17060.0]
4017,362919,[17060.0]
4018,362921,[17060.0]
4019,362922,[17060.0]
4020,362923,[17060.0]
4021,362926,"[88608.0, 17064.0, 17060.0, 2944621.0]"
4022,362956,[207746.0]
4023,362981,[151973.0]
4024,362982,[151973.0]
4025,363026,[1141781.0]
4026,363077,[100403.0]
4027,363187,[36344.0]
4028,363350,[1036736.0]
4029,363404,[1036736.0]
4030,363416,"[10087.0, 1072805.0, 133838.0, 22547.0, 4389824.0, 237175.0, 8596.0, 416511.0, 7025.0, 5989.0, 4102731.0]"
4031,363425,"[10087.0, 1179548.0]"
4032,363431,"[10087.0, 423163.0]"
4033,363683,[178924.0]
4034,363711,"[66700.0, 1627.0, 3187780.0, 9494.0, 409751.0]"
4035,363777,[26897.0]
4036,363783,[26897.0]
4037,363789,[26897.0]
4038,363835,[128411.0]
4039,363852,[99650.0]
4040,364472,[126955.0]
4041,364662,"[145307.0, 16304.0, 65334.0]"
4042,364949,[208650.0]
4043,364950,[208650.0]
4044,364951,[208650.0]
4045,364953,[208650.0]
4046,364958,[208650.0]
4047,364959,[208650.0]
4048,364960,[208650.0]
4049,364961,[208650.0]
4050,365089,[41942.0]
4051,365522,[8516.0]
4052,366032,[13681.0]
4053,366033,[13681.0]
4054,366086,[23704.0]
4055,366977,"[17618.0, 546590.0]"
4056,367158,[4260.0]
4057,367162,[4260.0]
4058,367332,[87305.0]
4059,367333,[87305.0]
4060,367334,[87305.0]
4061,367335,[87305.0]
4062,367336,[87305.0]
4063,367349,[61659.0]
4064,367367,[65471.0]
4065,367390,[65471.0]
4066,367638,[3389.0]
4067,369540,[1630.0]
4068,369645,[99776.0]
4069,370073,[33502.0]
4070,370118,[211269.0]
4071,370308,[75603.0]
4072,370897,[10089.0]
4073,370899,[10089.0]
4074,371030,[9766.0]
4075,371638,"[46138.0, 46137.0, 205075.0, 23113.0, 48397.0, 23069.0, 78024.0, 513709.0, 27075.0, 26897.0, 8125999.0, 144814.0, 1182450.0, 1221698.0, 5989.0, 24.0, 8694.0, 69469.0, 21158.0, 4583731.0, 3524.0, 20432.0, 22545.0]"
4076,371698,"[1429808.0, 36730.0, 212024.0, 177049.0]"
4077,371787,[8732.0]
4078,371998,[101078.0]
4079,372007,[43989.0]
4080,372091,[127082.0]
4081,372092,[127082.0]
4082,372299,[4.0]
4083,372306,[6252.0]
4084,372490,[45309.0]
4085,372491,[45309.0]
4086,372493,[45309.0]
4087,372807,[13014.0]
4088,372808,[13014.0]
4089,372986,[16222914.0]
4090,373009,[8694.0]
4091,373051,"[8685.0, 8686.0]"
4092,373915,"[88506.0, 4522.0]"
4093,373951,[1221698.0]
4094,374003,"[8842.0, 10763.0]"
4095,374343,[213510.0]
4096,374855,[346732.0]
4097,375815,[1831.0]
4098,375980,"[214334.0, 6603.0]"
4099,375985,"[6604.0, 6603.0]"
4100,376663,[4845.0]
4101,376976,"[696805.0, 245812.0, 3038637.0]"
4102,377291,"[8694.0, 613663.0]"
4103,377592,[37060.0]
4104,377661,[82937.0]
4105,377663,"[82937.0, 69163.0]"
4106,377889,"[2012967.0, 718134.0, 44524.0]"
4107,378346,[32590.0]
4108,378356,[32590.0]
4109,378366,[23284.0]
4110,378414,[23284.0]
4111,378606,[11663.0]
4112,378619,[11663.0]
4113,378639,[23284.0]
4114,379197,[150432.0]
4115,380203,[216539.0]
4116,381072,"[217051.0, 44524.0]"
4117,381228,[10087.0]
4118,381624,"[217279.0, 7157391.0]"
4119,382450,[346732.0]
4120,382859,[217944.0]
4121,382870,[36175.0]
4122,383106,[13143.0]
4123,383108,[13143.0]
4124,383129,"[171139.0, 40574.0]"
4125,383143,[41874.0]
4126,383618,[2978119.0]
4127,383950,[63659.0]
4128,384352,[31247.0]
4129,384353,[31247.0]
4130,384354,[31247.0]
4131,384355,[31247.0]
4132,384356,[31247.0]
4133,384478,"[41194.0, 29479.0]"
4134,384565,[3377941.0]
4135,384688,[8688.0]
4136,384962,[11586.0]
4137,385001,[346732.0]
4138,385136,[8605.0]
4139,385483,[15661.0]
4140,385487,[219264.0]
4141,385488,[219264.0]
4142,385706,[153394.0]
4143,385742,[153394.0]
4144,386029,"[8164.0, 180439.0, 13867.0]"
4145,386162,[4.0]
4146,386282,"[1654.0, 1221698.0]"
4147,386298,[8146.0]
4148,386366,[1654.0]
4149,386368,[1654.0]
4150,386371,[1654.0]
4151,386372,[1654.0]
4152,386373,[1654.0]
4153,386374,[1654.0]
4154,386375,[1654.0]
4155,386376,[7577.0]
4156,386765,"[7935185.0, 55825.0, 236076.0]"
4157,387061,[17059.0]
4158,387339,[20560.0]
4159,388793,[221073.0]
4160,389098,"[221253.0, 2760606.0]"
4161,389099,[221253.0]
4162,389104,[221253.0]
4163,389519,"[10182.0, 4522.0]"
4164,389903,"[202355.0, 221703.0]"
4165,391618,[8110.0]
4166,391931,"[10087.0, 423163.0]"
4167,391993,[14115493.0]
4168,393145,[32401.0]
4169,393146,[32401.0]
4170,393147,[32401.0]
4171,394237,"[223894.0, 1368268.0]"
4172,394363,[3618.0]
4173,394365,[3618.0]
4174,394373,[1429808.0]
4175,394406,[656983.0]
4176,394470,[224004.0]
4177,394724,[61659.0]
4178,394726,[61659.0]
4179,394734,[106823.0]
4180,394745,[1630.0]
4181,394748,"[27206.0, 174708.0]"
4182,394749,"[27206.0, 174708.0]"
4183,394856,[27813.0]
4184,394878,[224189.0]
4185,395420,[224439.0]
4186,395551,[224518.0]
4187,395568,[13026.0]
4188,395727,[153703.0]
4189,395850,[50873.0]
4190,395851,[50873.0]
4191,395871,[50873.0]
4192,395873,[50873.0]
4193,395875,[50873.0]
4194,395921,[50873.0]
4195,395922,[50873.0]
4196,395945,[25307.0]
4197,395946,[25307.0]
4198,395947,[33918.0]
4199,395949,[1654.0]
4200,395953,[25307.0]
4201,395962,[9237.0]
4202,395963,[9237.0]
4203,395967,[16094.0]
4204,396239,"[106969.0, 2676580.0]"
4205,396312,[43784.0]
4206,396356,[7577.0]
4207,396929,[35023.0]
4208,397400,"[46138.0, 46137.0, 2858449.0, 44889.0, 53256.0, 5989.0, 3619.0, 113942.0, 6941.0, 144814.0, 45816.0, 1182450.0, 21158.0, 36122.0, 5814050.0, 10330.0, 4584080.0, 410354.0, 22545.0, 157655.0]"
4209,397666,[24645.0]
4210,397756,"[225692.0, 837792.0]"
4211,397859,[80984.0]
4212,397862,[80984.0]
4213,397864,[80984.0]
4214,397868,[80984.0]
4215,398129,[4708.0]
4216,398198,"[53519.0, 66004.0]"
4217,398218,"[5255014.0, 7610927.0, 26.0]"
4218,398331,[197121.0]
4219,398332,[12935.0]
4220,398479,[7132534.0]
4221,399352,[165105.0]
4222,399373,[16939.0]
4223,399376,[16939.0]
4224,399415,[1654.0]
4225,399916,[145129.0]
4226,400345,[1654.0]
4227,400354,[1654.0]
4228,400356,[1654.0]
4229,400688,[1023510.0]
4230,400878,[13026.0]
4231,400881,[13026.0]
4232,400892,[13026.0]
4233,400897,[13026.0]
4234,400899,[13026.0]
4235,400900,[13026.0]
4236,400906,[13026.0]
4237,400909,[13026.0]
4238,400911,[13026.0]
4239,400914,[13026.0]
4240,400924,[13026.0]
4241,401427,[53255.0]
4242,401454,[130654.0]
4243,402023,[4260.0]
4244,402045,[4841825.0]
4245,403277,"[10885.0, 2731071.0, 54475.0]"
4246,403355,"[10885.0, 2731071.0, 73812.0, 3866857.0]"
4247,404223,[12980.0]
4248,404857,[229443.0]
4249,405586,[28083.0]
4250,406404,[230218.0]
4251,406459,[143699.0]
4252,407224,[20035.0]
4253,407234,[625.0]
4254,407813,[5339.0]
4255,408853,"[3389.0, 4045.0]"
4256,408854,"[3389.0, 7430.0]"
4257,408855,"[3389.0, 10365.0]"
4258,409124,[16309509.0]
4259,409207,[346732.0]
4260,409583,[106.0]
4261,409594,"[66700.0, 1627.0]"
4262,409717,"[119933.0, 1411821.0]"
4263,409796,"[66700.0, 58971.0, 3997970.0]"
4264,410304,"[157663.0, 178972.0]"
4265,410306,"[157663.0, 178972.0]"
4266,410307,"[157663.0, 178972.0]"
4267,410615,[3502.0]
4268,410910,[3441.0]
4269,410927,"[26.0, 34859.0]"
4270,411199,[20559.0]
4271,412816,[26.0]
4272,412820,"[26.0, 9615.0]"
4273,413492,"[11663.0, 5845.0, 132468.0]"
4274,413814,"[28946.0, 1310149.0]"
4275,413896,"[28946.0, 1310149.0]"
4276,413963,"[28946.0, 1310149.0]"
4277,414139,[234115.0]
4278,414146,[234118.0]
4279,414895,"[3400721.0, 954360.0]"
4280,415463,"[41008.0, 12537.0]"
4281,415807,[65471.0]
4282,416059,[7415.0]
4283,417656,[8835.0]
4284,417729,[346732.0]
4285,417730,[346732.0]
4286,418158,[46130.0]
4287,418173,[53255.0]
4288,418273,[589.0]
4289,418785,[12980.0]
4290,419363,[8794.0]
4291,419954,"[24818.0, 150814.0, 6440732.0, 6440733.0, 6440734.0]"
4292,420180,[50786.0]
4293,420388,[213980.0]
4294,420415,[237194.0]
4295,420416,[237195.0]
4296,420430,[51167.0]
4297,420496,[9629.0]
4298,421007,[121825.0]
4299,421036,[86475.0]
4300,421129,[1429808.0]
4301,421130,[86475.0]
4302,421157,[66700.0]
4303,421905,"[11633.0, 576681.0]"
4304,423092,"[656983.0, 9533.0, 3998152.0]"
4305,423098,"[5329.0, 277359.0]"
4306,423120,"[7308.0, 16461.0]"
4307,423194,[1654.0]
4308,423303,"[171139.0, 40574.0]"
4309,424019,"[57990.0, 1077326.0]"
4310,424609,"[73418.0, 73421.0, 1448.0, 19305.0, 773064.0, 2715.0, 11890.0, 113942.0, 126765.0, 54462.0, 34429.0, 5285.0, 24902.0, 6404.0, 8885.0, 33919.0, 130698.0]"
4311,424975,"[696805.0, 1630.0, 223300.0]"
4312,425187,[142894.0]
4313,426550,[168090.0]
4314,426792,"[8164.0, 180439.0, 368402.0]"
4315,426803,"[8164.0, 180439.0]"
4316,427062,[240708.0]
4317,427066,[240708.0]
4318,427252,[3619.0]
4319,427257,[60177.0]
4320,428039,[88922.0]
4321,428041,"[88922.0, 202254.0]"
4322,428042,[88922.0]
4323,428050,"[7308.0, 571819.0]"
4324,428108,[241301.0]
4325,428263,[941441.0]
4326,428300,[82467.0]
4327,428428,[45816.0]
4328,428854,[22547.0]
4329,429142,"[2925619.0, 3626.0, 461520.0]"
4330,429145,[4094986.0]
4331,429497,[8546859.0]
4332,429618,"[13677.0, 7877.0]"
4333,429621,"[13677.0, 363780.0]"
4334,429883,[8732.0]
4335,429890,[34828.0]
4336,429983,[874602.0]
4337,430388,[45954.0]
4338,430480,"[3242.0, 5044885.0]"
4339,430787,[7025.0]
4340,430871,[86475.0]
4341,430961,[23001.0]
4342,432020,[243395.0]
4343,432058,[2614.0]
4344,432522,[48192.0]
4345,432561,[110234.0]
4346,432808,"[52527.0, 75497.0, 97088.0]"
4347,432879,"[16939.0, 175259.0]"
4348,432884,"[16032.0, 258322.0, 299283.0]"
4349,434442,[123087.0]
4350,434880,[135829.0]
4351,435045,[4428.0]
4352,435239,[103321.0]
4353,435415,[43835.0]
4354,435440,[12991.0]
4355,435957,[16218.0]
4356,436044,"[7577.0, 4007550.0]"
4357,436629,[245963.0]
4358,437049,[656983.0]
4359,437133,[3389.0]
4360,437289,[47792.0]
4361,437638,[1301649.0]
4362,437639,[1301649.0]
4363,437662,[246526.0]
4364,437663,[246526.0]
4365,437782,[246590.0]
4366,437786,[246590.0]
4367,437787,[246590.0]
4368,437788,[246590.0]
4369,437790,[246590.0]
4370,437802,"[28544.0, 8110.0, 246590.0, 2465550.0]"
4371,437804,[28544.0]
4372,437806,[28544.0]
4373,437932,[131208.0]
4374,438134,[10333.0]
4375,438190,[44003.0]
4376,438311,[22546.0]
4377,438353,[12521.0]
4378,438925,[131208.0]
4379,439100,[13677.0]
4380,440223,"[10087.0, 3050603.0]"
4381,440496,[6412.0]
4382,441732,"[8110.0, 781.0]"
4383,442554,[108693.0]
4384,442556,[108693.0]
4385,442807,[35023.0]
4386,442819,[33461.0]
4387,443765,"[66700.0, 3305.0, 4947.0]"
4388,444100,[26.0]
4389,444304,"[25422.0, 25421.0]"
4390,444309,[10896.0]
4391,444313,[4260.0]
4392,444314,[4260.0]
4393,444315,[4260.0]
4394,444316,[4260.0]
4395,444318,"[249843.0, 478703.0]"
4396,444321,[14617.0]
4397,444322,[49177.0]
4398,444323,[49177.0]
4399,444327,[1077326.0]
4400,444328,"[13677.0, 7877.0]"
4401,444331,"[15873.0, 25355.0]"
4402,444332,[8596.0]
4403,444338,[14199.0]
4404,444339,[8924.0]
4405,444348,[8347.0]
4406,444349,[8347.0]
4407,444357,[119357.0]
4408,444380,"[2413.0, 823721.0]"
4409,444381,"[2413.0, 244754.0]"
4410,444382,"[2413.0, 4489.0]"
4411,444462,[6206.0]
4412,445023,[58654.0]
4413,445623,[250553.0]
4414,445654,[32278.0]
4415,445761,[32912.0]
4416,446279,[190887.0]
4417,446698,[79885.0]
4418,446945,[28544.0]
4419,446946,[28544.0]
4420,447937,"[41878.0, 5989.0, 8694.0, 27500.0, 15062939.0]"
4421,448872,[22542.0]
4422,448873,[22542.0]
4423,449261,[4338.0]
4424,450225,"[5329.0, 158961.0]"
4425,450371,[5684225.0]
4426,450449,[19552.0]
4427,450692,[47792.0]
4428,450694,[47792.0]
4429,450695,[47792.0]
4430,450696,[47792.0]
4431,452141,[237195.0]
4432,452157,[3469.0]
4433,452244,[9558.0]
4434,452304,"[6988.0, 24041.0]"
4435,452318,"[3389.0, 7430.0]"
4436,452406,[106.0]
4437,452409,[106.0]
4438,452570,[32401.0]
4439,453916,"[9355.0, 18252.0]"
4440,454575,[19564.0]
4441,454600,[23894.0]
4442,455218,[7577.0]
4443,455412,"[12694.0, 10359.0, 28544.0, 128570.0]"
4444,455669,[39792.0]
4445,455933,[145946.0]
4446,456028,[1441.0]
4447,456920,[7717.0]
4448,457310,[12177.0]
4449,457350,[27206.0]
4450,458034,[71688.0]
4451,458268,[34854.0]
4452,458314,[6259.0]
4453,458322,[6259.0]
4454,458394,[3020656.0]
4455,458450,[3389.0]
4456,458960,"[45948.0, 45949.0]"
4457,459064,[31232.0]
4458,459700,[225455.0]
4459,459820,[80984.0]
4460,459822,[80984.0]
4461,459900,[46474.0]
4462,459901,[46474.0]
4463,460327,[38531.0]
4464,460328,[38531.0]
4465,460334,[15890.0]
4466,460337,[15890.0]
4467,461627,[65471.0]
4468,461658,[732829.0]
4469,461978,[48192.0]
4470,461979,[69803.0]
4471,462169,[4260.0]
4472,462182,[28525.0]
4473,462379,[4766.0]
4474,462389,[4766.0]
4475,462448,[4766.0]
4476,462451,[4766.0]
4477,462658,[5244478.0]
4478,463024,[46137.0]
4479,463033,"[46138.0, 46137.0, 10763.0, 15188.0, 325368.0, 224189.0, 12991.0, 396931.0, 24.0, 107744.0, 24901.0, 25.0, 11890.0, 8185168.0, 330853.0, 36175.0, 53256.0, 22545.0, 11889.0, 52320.0, 380896.0, 39852.0, 24902.0, 25422.0, 54462.0, 1753875.0, 19305.0, 5989.0, 110153.0]"
4480,463063,[8924.0]
4481,463064,[8924.0]
4482,463078,"[33502.0, 3619.0, 10518.0, 127600.0, 29479.0, 870.0, 34859.0, 2794104.0, 11906.0, 9615.0, 108260.0, 2794098.0, 237175.0, 1282301.0, 22547.0, 20331.0, 1223.0, 2794097.0, 721481.0, 76471.0, 22781.0]"
4483,463090,[4841825.0]
4484,463376,[23069.0]
4485,463378,[23069.0]
4486,463421,[8685.0]
4487,463593,[28083.0]
4488,464164,[1077326.0]
4489,464262,"[4630662.0, 4777916.0]"
4490,464672,[26771.0]
4491,464678,[26771.0]
4492,464682,[26771.0]
4493,464685,[26771.0]
4494,464690,[26771.0]
4495,465904,[26.0]
4496,466141,"[13625.0, 255288.0]"
4497,467157,"[1069006.0, 25523.0]"
4498,467457,[261937.0]
4499,468144,[5376.0]
4500,469208,[4145.0]
4501,469261,[74469.0]
4502,469491,"[233554.0, 16933.0]"
4503,469732,[62586.0]
4504,469954,[41542.0]
4505,469964,[41542.0]
4506,470916,[4430.0]
4507,471406,[259969.0]
4508,471560,[26.0]
4509,471562,[26.0]
4510,471920,[7308.0]
4511,471966,[3299.0]
4512,472224,[4841825.0]
4513,472392,[180392.0]
4514,472778,[4841825.0]
4515,472966,[26932.0]
4516,473720,[41032.0]
4517,473867,[12991.0]
4518,473868,[12991.0]
4519,473869,[12991.0]
4520,473870,[12991.0]
4521,473923,[2465550.0]
4522,473926,[17064.0]
4523,474037,[1221698.0]
4524,474059,"[1654.0, 1221698.0]"
4525,474072,[1221698.0]
4526,474073,"[1221698.0, 10365.0]"
4527,474111,[10885.0]
4528,474211,[9720.0]
4529,474740,[1067608.0]
4530,474750,[1067608.0]
4531,474752,"[1067608.0, 28947.0]"
4532,475151,[4260.0]
4533,475442,[20561.0]
4534,475444,[132369.0]
4535,476206,[266368.0]
4536,476492,[48192.0]
4537,476494,[48192.0]
4538,476496,[48192.0]
4539,476542,[48192.0]
4540,476543,[48192.0]
4541,476692,[4430.0]
4542,476733,[26115.0]
4543,477078,[53988.0]
4544,477338,[58846.0]
4545,477725,[811.0]
4546,477732,[10746.0]
4547,477733,[10746.0]
4548,478123,[1077326.0]
4549,478276,[5217055.0]
4550,478587,"[33467.0, 405334.0]"
4551,478600,[33467.0]
4552,478628,[267677.0]
4553,478657,[1429808.0]
4554,478658,[1429808.0]
4555,478659,[1429808.0]
4556,478846,[4841825.0]
4557,478894,[9629.0]
4558,478918,"[1077326.0, 123344.0]"
4559,478927,[31232.0]
4560,478951,[31232.0]
4561,478996,[83937.0]
4562,479304,[72852.0]
4563,479326,[9059.0]
4564,479507,[11586.0]
4565,479525,[161908.0]
4566,479658,"[57462.0, 472036.0]"
4567,479798,[1069006.0]
4568,480081,[203916.0]
4569,480384,[8649.0]
4570,480449,"[53519.0, 10900.0, 231497.0]"
4571,480478,[1077326.0]
4572,480569,[26.0]
4573,480575,[199919.0]
4574,480811,[268722.0]
4575,481462,[248431.0]
4576,481499,[93149.0]
4577,481509,"[1069006.0, 25523.0]"
4578,481550,[22543.0]
4579,481559,[7577.0]
4580,481739,[269225.0]
4581,481774,"[656983.0, 16191.0]"
4582,481779,"[656983.0, 16191.0]"
4583,481866,[6587.0]
4584,483007,[269884.0]
4585,483445,[9516.0]
4586,484167,[144405.0]
4587,485084,[3056773.0]
4588,485165,"[270939.0, 748030.0, 6327.0]"
4589,485867,[1069006.0]
4590,485873,[1069006.0]
4591,487953,[57462.0]
4592,488214,[6268.0]
4593,488447,[272813.0]
4594,488450,[272814.0]
4595,488581,"[15016.0, 2439908.0]"
4596,488718,[2526.0]
4597,489434,[226816.0]
4598,489454,[17054.0]
4599,489456,"[3399330.0, 185594.0]"
4600,489608,[273399.0]
4601,489612,[273399.0]
4602,489718,[1967.0]
4603,489994,[26875.0]
4604,490130,[6268.0]
4605,490196,[6268.0]
4606,490211,"[6268.0, 90455.0, 164485.0]"
4607,490216,"[48190.0, 6268.0, 21665.0]"
4608,490276,"[4430.0, 173493.0]"
4609,490292,[273705.0]
4610,490358,"[12949.0, 3524830.0]"
4611,490403,[4430.0]
4612,490966,[143699.0]
4613,491075,"[6436872.0, 5989.0, 29479.0, 4766.0, 8185168.0, 52794.0, 22548.0, 130014.0, 1067608.0, 54475.0, 76288.0, 22645.0, 12980.0, 41194.0, 1654.0, 4338.0, 11906.0, 6580822.0, 32278.0, 23113.0, 25.0]"
4614,491076,"[26.0, 11906.0]"
4615,491087,"[26.0, 11906.0]"
4616,491093,[11906.0]
4617,491178,[8516.0]
4618,491435,[83291.0]
4619,491887,[193296.0]
4620,491889,[193296.0]
4621,491972,"[16461.0, 274554.0]"
4622,492069,[128570.0]
4623,492486,[8596.0]
4624,492490,[8596.0]
4625,492773,[4471254.0]
4626,493121,[58846.0]
4627,493123,[58846.0]
4628,493124,[58846.0]
4629,493383,[275252.0]
4630,493491,[83085.0]
4631,493536,[12935.0]
4632,493553,[27813.0]
4633,493790,[13733.0]
4634,493808,[3389.0]
4635,493809,"[3389.0, 2777560.0]"
4636,494602,"[99326.0, 71097.0]"
4637,494610,[38951.0]
4638,495473,[145092.0]
4639,496131,[276748.0]
4640,496139,[48190.0]
4641,496141,[48190.0]
4642,496144,[48190.0]
4643,496146,[48190.0]
4644,496147,[48190.0]
4645,497114,[1069006.0]
4646,497118,"[214.0, 5116.0, 4489.0]"
4647,497317,[8154.0]
4648,497347,"[656983.0, 34748.0]"
4649,497819,[277536.0]
4650,498116,[9172.0]
4651,498139,[20331.0]
4652,498192,[65471.0]
4653,498214,[44003.0]
4654,498508,[41942.0]
4655,498561,[8694.0]
4656,499118,[24818.0]
4657,499122,[13026.0]
4658,499181,"[19838.0, 47011.0]"
4659,499214,"[2253157.0, 8185168.0, 2916952.0, 23069.0, 1221698.0, 155759.0, 4659292.0, 18253.0, 126752.0, 345026.0, 11270.0, 12991.0, 7610.0, 207823.0, 287923.0, 27142.0, 7415.0, 102886.0, 2843991.0]"
4660,499252,"[66394.0, 278194.0]"
4661,499269,"[5989.0, 68042.0]"
4662,499415,[33918.0]
4663,499485,"[18684.0, 256641.0]"
4664,500657,[82467.0]
4665,500660,[82467.0]
4666,500743,[125308.0]
4667,501433,[1429808.0]
4668,501442,"[1429808.0, 17060.0, 26738.0, 41032.0]"
4669,501909,[4431689.0]
4670,501910,[4431689.0]
4671,502015,[10317.0]
4672,502101,"[14828.0, 4698899.0, 8537.0]"
4673,502556,[153733.0]
4674,503385,[86889.0]
4675,503536,[26738.0]
4676,504118,[53256.0]
4677,504430,[10746.0]
4678,504698,[8202779.0]
4679,504699,[8202779.0]
4680,505064,[65471.0]
4681,505352,[11586.0]
4682,506128,"[7267068.0, 4785.0, 41878.0, 10749.0]"
4683,506202,[15337.0]
4684,506583,[1077326.0]
4685,507688,[275125.0]
4686,507689,[275125.0]
4687,507690,[275125.0]
4688,507871,[17064.0]
4689,507872,[17064.0]
4690,508499,[4845.0]
4691,508517,"[3087.0, 353585.0]"
4692,509094,[28525.0]
4693,509283,[9550.0]
4694,509284,[9550.0]
4695,509285,[9550.0]
4696,509797,"[1069006.0, 25523.0]"
4697,509858,[4633123.0]
4698,509983,[8347.0]
4699,510342,"[3385008.0, 10710.0, 162231.0, 49111.0, 27528.0, 1589549.0, 57827.0, 29535.0, 1048131.0, 715521.0, 806782.0, 20058.0, 109823.0, 39426.0, 92999.0, 851632.0, 103764.0, 45973.0, 6939630.0, 150741.0, 20850.0, 372819.0, 497402.0, 695783.0, 353845.0, 23417.0, 2788408.0]"
4700,511150,"[10746.0, 169487.0]"
4701,511206,[8685.0]
4702,511210,[136127.0]
4703,511356,[284473.0]
4704,511390,"[49177.0, 2747350.0]"
4705,511492,[13677.0]
4706,512385,[284897.0]
4707,512386,[284897.0]
4708,512387,[284897.0]
4709,512444,"[57462.0, 472036.0]"
4710,512447,"[57462.0, 472036.0]"
4711,513253,[8659.0]
4712,513254,[8659.0]
4713,513260,[8659.0]
4714,513267,[8659.0]
4715,513269,[8659.0]
4716,513533,[1654.0]
4717,513534,[1654.0]
4718,514150,[3565.0]
4719,514778,[1429808.0]
4720,515121,[136127.0]
4721,515382,[105839.0]
4722,515384,[167568.0]
4723,515394,[17064.0]
4724,515587,[57461.0]
4725,515619,[1654.0]
4726,515814,[25307.0]
4727,516036,[4764.0]
4728,517115,[15489.0]
4729,518845,[8516.0]
4730,518848,[8347.0]
4731,519048,"[25422.0, 25421.0]"
4732,519148,[288211.0]
4733,519546,[19954.0]
4734,519548,[19954.0]
4735,519655,"[23.0, 4708.0, 2614.0, 11853.0]"
4736,519663,"[4708.0, 2614.0, 96909.0, 24009.0]"
4737,519827,[32279.0]
4738,519828,[32279.0]
4739,519829,[32279.0]
4740,519933,[4260.0]
4741,520448,[127492.0]
4742,523424,[27140.0]
4743,524758,[291002.0]
4744,525293,[10885.0]
4745,525371,"[291382.0, 10116.0]"
4746,525440,[121651.0]
4747,525751,"[6245.0, 6244.0, 123344.0]"
4748,525752,"[6245.0, 6244.0, 337207.0]"
4749,526014,[26738.0]
4750,526067,[11586.0]
4751,526071,[11586.0]
4752,526423,"[656983.0, 16191.0]"
4753,526652,"[158844.0, 235.0]"
4754,526672,"[4698899.0, 1945379.0]"
4755,526722,[17061.0]
4756,526764,[291916.0]
4757,526797,[81338.0]
4758,527923,[3502.0]
4759,528021,[426944.0]
4760,528360,[14219.0]
4761,528364,[14219.0]
4762,528997,[9237.0]
4763,529015,[656983.0]
4764,529581,[32911.0]
4765,529582,[1023510.0]
4766,529612,[1023510.0]
4767,530174,[10105.0]
4768,530190,"[941441.0, 511951.0]"
4769,530758,[874602.0]
4770,530759,[874602.0]
4771,530848,[293603.0]
4772,530872,[9550.0]
4773,531127,[1221698.0]
4774,531468,[293829.0]
4775,531782,[16094.0]
4776,531792,[16094.0]
4777,531944,[294057.0]
4778,532266,[4260.0]
4779,532373,"[9355.0, 4807796.0]"
4780,532837,[1077326.0]
4781,532846,[1077326.0]
4782,533052,[1388082.0]
4783,533609,[1654.0]
4784,533613,[1654.0]
4785,533625,"[1654.0, 19439.0]"
4786,533690,[3242.0]
4787,533809,[10896.0]
4788,533819,[60177.0]
4789,534415,"[869.0, 868.0]"
4790,534420,"[869.0, 868.0]"
4791,534595,"[111214.0, 874602.0]"
4792,534676,"[3389.0, 40573.0]"
4793,534678,[3389.0]
4794,535144,[8347.0]
4795,535174,"[4432.0, 329957.0]"
4796,535197,[8347.0]
4797,535525,[1301649.0]
4798,535570,[295668.0]
4799,535757,[346732.0]
4800,535758,[346732.0]
4801,536504,[19823.0]
4802,536520,[4522.0]
4803,536653,[1244.0]
4804,536790,[3619.0]
4805,536982,[74046.0]
4806,537050,[1654.0]
4807,537052,[153394.0]
4808,537068,[153394.0]
4809,537070,[153394.0]
4810,537107,[19475.0]
4811,537124,[19475.0]
4812,537771,[9550.0]
4813,538253,[16218.0]
4814,538294,[17061.0]
4815,538379,[1356336.0]
4816,538381,[1356336.0]
4817,539112,[272814.0]
4818,539127,"[3389.0, 6941.0]"
4819,539392,[6252.0]
4820,539428,[28083.0]
4821,539519,[4708573.0]
4822,539911,"[8730.0, 5602.0]"
4823,540489,[4099.0]
4824,540998,[10885.0]
4825,541513,[10006.0]
4826,541859,[16024.0]
4827,541867,[31232.0]
4828,541923,"[2413.0, 1069006.0]"
4829,541931,"[66700.0, 3305.0, 4947.0]"
4830,541932,[16391.0]
4831,541934,[16391.0]
4832,542284,[7012498.0]
4833,542312,[13733.0]
4834,542357,[45816.0]
4835,542605,"[8516.0, 135029.0]"
4836,542608,[23894.0]
4837,542820,[3389.0]
4838,542906,[8924.0]
4839,543164,"[18393.0, 3486237.0, 7450112.0, 7363007.0]"
4840,543300,[6988.0]
4841,543343,[8185168.0]
4842,543814,[116617.0]
4843,544236,[26546.0]
4844,544237,[26546.0]
4845,544238,[26546.0]
4846,544239,[26546.0]
4847,544240,[26546.0]
4848,544242,[26546.0]
4849,544257,[15292.0]
4850,544313,[31265.0]
4851,544315,[31265.0]
4852,544331,[1977.0]
4853,544381,"[226035.0, 269065.0]"
4854,544482,"[299364.0, 589.0, 299363.0]"
4855,544891,[79589.0]
4856,545017,[8185168.0]
4857,545061,[18451.0]
4858,545121,"[1077326.0, 10917.0]"
4859,545435,[38120.0]
4860,545761,[70853.0]
4861,546113,[8596.0]
4862,546114,[8596.0]
4863,546783,[8355.0]
4864,547094,[8726.0]
4865,547448,[338705.0]
4866,547847,[301032.0]
4867,548260,"[3242.0, 5044885.0]"
4868,551454,"[7267068.0, 302895.0, 5775621.0, 47586.0]"
4869,551536,[179712.0]
4870,552344,[65471.0]
4871,552347,[65471.0]
4872,552349,[65471.0]
4873,552351,"[65471.0, 85761.0]"
4874,552357,"[65471.0, 32252.0, 23113.0, 32278.0, 11065.0, 12476.0, 4841825.0, 2115024.0]"
4875,552886,[3780.0]
4876,552889,[3780.0]
4877,553247,[303833.0]
4878,553250,[303838.0]
4879,553808,[15873.0]
4880,554168,[4798562.0]
4881,554202,[194172.0]
4882,554286,"[656983.0, 8658.0]"
4883,554771,[52794.0]
4884,554772,[52794.0]
4885,554773,[52794.0]
4886,554774,[52794.0]
4887,554777,[52794.0]
4888,555184,[127191.0]
4889,555500,"[6245.0, 6244.0, 337207.0]"
4890,555853,[106463.0]
4891,556570,[1069006.0]
4892,556610,[1067608.0]
4893,557332,"[11654.0, 17054.0, 268304.0, 941441.0, 157676.0]"
4894,558681,[44003.0]
4895,558833,[13681.0]
4896,559475,[8659.0]
4897,559528,[13958.0]
4898,559747,[4432.0]
4899,560635,"[3242.0, 5044885.0]"
4900,560637,"[3242.0, 5044885.0]"
4901,560721,[4432.0]
4902,561166,"[2938140.0, 2938141.0, 68038.0]"
4903,561311,[23001.0]
4904,561456,[15872.0]
4905,561458,[15872.0]
4906,561867,"[6558469.0, 4055248.0]"
4907,562253,[16939.0]
4908,562794,[13014.0]
4909,562795,[13014.0]
4910,562849,"[8164.0, 180439.0]"
4911,563012,[941441.0]
4912,563308,[94868.0]
4913,563309,[94868.0]
4914,563310,[94868.0]
4915,563315,"[10885.0, 5657.0]"
4916,563657,[308894.0]
4917,563659,[308894.0]
4918,564204,[5288510.0]
4919,564309,"[2938140.0, 2938141.0]"
4920,564315,"[9494.0, 3890839.0]"
4921,564317,[9494.0]
4922,564318,"[9494.0, 406026.0]"
4923,564427,[33467.0]
4924,565335,[214232.0]
4925,565593,[60478.0]
4926,565595,[60478.0]
4927,566752,[1023510.0]
4928,566781,[22546.0]
4929,566784,[22546.0]
4930,567223,[193861.0]
4931,567224,[193861.0]
4932,567586,[7025.0]
4933,567653,[1654.0]
4934,567656,[1654.0]
4935,567657,[1654.0]
4936,567665,[3618.0]
4937,567670,[1654.0]
4938,567675,[20560.0]
4939,567704,[10366.0]
4940,567707,[880695.0]
4941,567708,[8694.0]
4942,567724,[1221698.0]
4943,568092,[11586.0]
4944,568093,[11586.0]
4945,568094,[11586.0]
4946,568095,[11586.0]
4947,568099,[11586.0]
4948,568102,[11586.0]
4949,568104,[11586.0]
4950,568116,[11586.0]
4951,568213,[124153.0]
4952,568454,"[311098.0, 2855546.0]"
4953,568473,[6252.0]
4954,568592,"[732829.0, 8486.0]"
4955,569109,"[311365.0, 1411091.0]"
4956,569120,"[311365.0, 1411091.0]"
4957,569201,[8546859.0]
4958,569346,"[311365.0, 1411091.0]"
4959,569361,"[311365.0, 1411091.0]"
4960,569413,[311468.0]
4961,569430,"[311098.0, 2855546.0]"
4962,569431,[311098.0]
4963,569432,[311098.0]
4964,569433,[311098.0]
4965,569434,[311098.0]
4966,569435,[311098.0]
4967,569465,[656983.0]
4968,569674,[133438.0]
4969,569712,[656983.0]
4970,569978,[1221698.0]
4971,569979,[1221698.0]
4972,570383,[19512.0]
4973,570550,[150810.0]
4974,571197,"[6989.0, 69163.0]"
4975,572381,"[133804.0, 43989.0]"
4976,572519,[17739.0]
4977,572522,[17739.0]
4978,573205,"[50040.0, 50043.0, 490602.0]"
4979,573592,[26457.0]
4980,573657,[313399.0]
4981,573699,[13014.0]
4982,573909,[81096.0]
4983,573918,"[3995.0, 571556.0]"
4984,574676,"[26.0, 10518.0]"
4985,574871,[1429808.0]
4986,574955,[74488.0]
4987,574963,[74488.0]
4988,575004,[30819.0]
4989,575101,[245756.0]
4990,575112,[625.0]
4991,575131,[30819.0]
4992,575523,[200504.0]
4993,575754,[1221698.0]
4994,575840,"[38822.0, 460917.0, 7593767.0]"
4995,577177,[3389.0]
4996,577271,[16967.0]
4997,577302,"[24902.0, 26414.0]"
4998,577555,"[2413.0, 38386.0]"
4999,578200,"[6986.0, 2804058.0]"
5000,579138,[2778055.0]
5001,579527,"[19475.0, 117837.0]"
5002,579553,[4432.0]
5003,579562,[165466.0]
5004,579563,[165466.0]
5005,580002,[15872.0]
5006,580446,[242006.0]
5007,580828,[101624.0]
5008,580898,[33461.0]
5009,581125,[4764.0]
5010,581126,[8726.0]
5011,581275,[8349.0]
5012,581668,[103170.0]
5013,581720,[27500.0]
5014,582402,"[26738.0, 4552367.0]"
5015,582569,[1221698.0]
5016,582663,[4429.0]
5017,582812,[2614.0]
5018,582876,[15291.0]
5019,583677,[82540.0]
5020,583924,[1429808.0]
5021,583984,[9550.0]
5022,584371,[127191.0]
5023,584792,[2465550.0]
5024,584975,[319026.0]
5025,585261,[27379.0]
5026,585265,[211036.0]
5027,585576,"[65471.0, 32252.0, 10089.0, 19472.0, 1293688.0, 121072.0, 11065.0]"
5028,585667,"[1069006.0, 115040.0]"
5029,586124,[78305.0]
5030,587293,"[5255014.0, 6377.0, 680177.0]"
5031,587311,[7308.0]
5032,587312,[7308.0]
5033,587313,[7308.0]
5034,587314,[7308.0]
5035,587315,"[1069006.0, 25523.0]"
5036,587316,"[1069006.0, 25523.0]"
5037,587317,"[1069006.0, 25523.0]"
5038,587582,[8732.0]
5039,587977,[160870.0]
5040,588369,[7116.0]
5041,588495,"[6988.0, 41003.0, 52850.0]"
5042,588670,[5816.0]
5043,588704,[5816.0]
5044,588809,[320741.0]
5045,589428,[15299.0]
5046,589446,[10746.0]
5047,589767,[13014.0]
5048,589771,[13014.0]
5049,589836,"[1221698.0, 10365.0]"
5050,589897,[10885.0]
5051,589898,"[10885.0, 2731071.0]"
5052,589977,[8588.0]
5053,589979,"[8588.0, 8591.0]"
5054,590036,[4764.0]
5055,590128,[13957.0]
5056,590197,[19475.0]
5057,590205,[19475.0]
5058,590323,[3116926.0]
5059,590324,[3116926.0]
5060,590325,[3116926.0]
5061,590327,[3116926.0]
5062,590349,[27704.0]
5063,591402,[1112441.0]
5064,591805,[258818.0]
5065,591821,"[28946.0, 1310149.0]"
5066,592158,[3625.0]
5067,592314,[8794.0]
5068,592806,[2614.0]
5069,592807,"[170985.0, 191975.0, 5614141.0]"
5070,592949,[17082.0]
5071,593789,[15188.0]
5072,593791,[15188.0]
5073,593792,[15188.0]
5074,594452,[6223.0]
5075,594574,[16939.0]
5076,594625,[1221698.0]
5077,595341,[25893.0]
5078,595896,[8110.0]
5079,596307,[12350.0]
5080,596308,[12350.0]
5081,596340,[145129.0]
5082,596878,[1654.0]
5083,596884,[1654.0]
5084,596896,[1654.0]
5085,596897,"[1654.0, 19440.0]"
5086,596930,[1654.0]
5087,596963,[324620.0]
5088,597033,[1654.0]
5089,597040,[1654.0]
5090,597432,[13733.0]
5091,597623,[1221698.0]
5092,597644,[1221698.0]
5093,597790,"[656983.0, 9533.0, 9545.0]"
5094,597852,[324975.0]
5095,598099,[34854.0]
5096,598661,[13957.0]
5097,599090,"[11735.0, 3231.0]"
5098,599957,[6259.0]
5099,599960,[16939.0]
5100,600567,[326338.0]
5101,601134,[656983.0]
5102,601135,[656983.0]
5103,601238,[1654.0]
5104,601239,[1654.0]
5105,601369,[21701.0]
5106,601379,[5025620.0]
5107,601462,[73699.0]
5108,601632,[25422.0]
5109,601719,[2526.0]
5110,602467,[13143.0]
5111,602699,[3912.0]
5112,603189,[50873.0]
5113,603211,[9629.0]
5114,603260,[166104.0]
5115,603268,"[869.0, 868.0]"
5116,603397,[326338.0]
5117,603398,[326338.0]
5118,603500,[253282.0]
5119,603511,[22547.0]
5120,603515,[1100089.0]
5121,604516,"[656983.0, 9545.0]"
5122,604803,[3441.0]
5123,605015,[9355.0]
5124,605562,[106.0]
5125,606488,"[5158478.0, 4197526.0, 41878.0]"
5126,606935,[22547.0]
5127,606969,[22547.0]
5128,607014,[13677.0]
5129,607075,"[156084.0, 196036.0]"
5130,607090,[49066.0]
5131,607437,"[24830.0, 59749.0]"
5132,607445,"[24830.0, 59749.0]"
5133,607458,"[24830.0, 59749.0]"
5134,607466,"[24830.0, 59749.0]"
5135,607559,[329391.0]
5136,607584,[15393.0]
5137,607704,[4260.0]
5138,608906,[27498.0]
5139,609057,"[10885.0, 22653.0]"
5140,610370,[330649.0]
5141,610762,[1429808.0]
5142,611346,[103080.0]
5143,611787,[28083.0]
5144,612422,"[226035.0, 269065.0]"
5145,612460,[1069006.0]
5146,612963,[4764.0]
5147,613099,[4.0]
5148,613268,[332067.0]
5149,613313,[156522.0]
5150,613358,[307629.0]
5151,613687,[2413.0]
5152,613744,[52074.0]
5153,613866,[15873.0]
5154,613876,[34049.0]
5155,613898,[10896.0]
5156,613939,[19733.0]
5157,613964,[164485.0]
5158,613991,[11586.0]
5159,613994,[11586.0]
5160,614558,"[26.0, 1948907.0]"
5161,614712,[33876.0]
5162,614738,[17064.0]
5163,614780,[46540.0]
5164,614866,"[8840.0, 2387.0]"
5165,615203,[1077326.0]
5166,615204,[1077326.0]
5167,615207,[1077326.0]
5168,615919,[1429808.0]
5169,615939,"[1429808.0, 333247.0]"
5170,615940,[1429808.0]
5171,615941,"[17064.0, 1429808.0, 23.0, 240519.0]"
5172,615943,"[1429808.0, 333247.0]"
5173,615945,"[23.0, 333248.0, 212024.0, 1429808.0]"
5174,615947,"[1429808.0, 333247.0]"
5175,616046,[212514.0]
5176,616469,[12935.0]
5177,616678,[8732.0]
5178,616694,[100752.0]
5179,616966,[1069006.0]
5180,617046,[42110.0]
5181,617359,[10087.0]
5182,617539,[7577.0]
5183,617810,[237194.0]
5184,617811,[237194.0]
5185,618145,[1654.0]
5186,618158,[6252.0]
5187,618162,[6252.0]
5188,618166,[6252.0]
5189,618171,[6252.0]
5190,618174,[8185168.0]
5191,618177,[11586.0]
5192,618178,[60960.0]
5193,618180,[126955.0]
5194,618181,[1221698.0]
5195,618194,[41942.0]
5196,618195,[41942.0]
5197,618196,[246590.0]
5198,618197,[246590.0]
5199,618198,[246590.0]
5200,618203,[7581.0]
5201,618207,[1654.0]
5202,618211,[25307.0]
5203,618221,[1654.0]
5204,618230,[1301649.0]
5205,618241,[3441.0]
5206,618243,[1301649.0]
5207,618245,[1301649.0]
5208,618250,[1276004.0]
5209,618260,[23069.0]
5210,618303,"[10746.0, 169487.0]"
5211,618938,[153703.0]
5212,619299,[7581.0]
5213,619889,[33461.0]
5214,619891,[33461.0]
5215,620125,"[1077326.0, 123344.0]"
5216,620486,"[57728.0, 27075.0, 34429.0, 1141781.0, 33502.0, 128466.0, 86475.0, 23069.0, 18253.0, 7415.0, 3619.0, 20561.0, 20331.0, 38689.0, 9558.0, 60697.0, 58856.0, 18879.0, 52310.0]"
5217,620750,[202312.0]
5218,620982,[17064.0]
5219,621490,[335956.0]
5220,621616,[6268.0]
5221,621660,[336040.0]
5222,621697,[336058.0]
5223,623976,[38550.0]
5224,624716,[337831.0]
5225,625603,[33262.0]
5226,625648,[327057.0]
5227,625858,[101078.0]
5228,626096,[165105.0]
5229,626681,[4430.0]
5230,626686,[4430.0]
5231,626688,[4430.0]
5232,626698,[338705.0]
5233,626709,[64222.0]
5234,626721,[2615.0]
5235,627144,[8924.0]
5236,627203,[58017.0]
5237,627204,[184516.0]
5238,627682,[212514.0]
5239,627720,[6259.0]
5240,628445,[1630.0]
5241,629068,[41942.0]
5242,629071,[41942.0]
5243,629638,[8146.0]
5244,630023,[656983.0]
5245,631233,[230692.0]
5246,631329,[9550.0]
5247,631828,[341189.0]
5248,632579,[103321.0]
5249,632752,[58124.0]
5250,632800,[11889.0]
5251,633425,[8924.0]
5252,633446,[9432.0]
5253,633628,[8110.0]
5254,634099,[53988.0]
5255,634771,[2526.0]
5256,636417,"[8164.0, 180439.0]"
5257,636650,[1069006.0]
5258,636742,[20602.0]
5259,637926,[344067.0]
5260,638073,"[36122.0, 36175.0]"
5261,638157,[344160.0]
5262,638211,"[1069006.0, 25523.0]"
5263,638254,"[1069006.0, 25523.0]"
5264,638559,"[33936.0, 3242.0]"
5265,638610,[344352.0]
5266,638786,[135396.0]
5267,639095,[26.0]
5268,639197,[344618.0]
5269,639846,[1630.0]
5270,639894,[344352.0]
5271,639944,[32916.0]
5272,640136,[43697.0]
5273,640181,[38605.0]
5274,640233,[267677.0]
5275,640234,[267677.0]
5276,641511,"[332731.0, 375626.0]"
5277,641637,[6223.0]
5278,641719,[308775.0]
5279,641910,[7031278.0]
5280,642071,[345914.0]
5281,642327,[22549.0]
5282,642449,[4260.0]
5283,642952,[2917021.0]
5284,642956,[346387.0]
5285,643750,[73149.0]
5286,643792,[1293688.0]
5287,644171,"[3389.0, 2777560.0]"
5288,644197,[1346213.0]
5289,644283,[3389.0]
5290,644335,[122995.0]
5291,644336,[122995.0]
5292,644341,[122995.0]
5293,645020,[8732.0]
5294,645022,[8732.0]
5295,645023,[8732.0]
5296,645180,[71155.0]
5297,645954,[1003655.0]
5298,646951,[74488.0]
5299,647505,"[92991.0, 348412.0]"
5300,648514,[348878.0]
5301,650125,[96375.0]
5302,650579,"[7144810.0, 7144814.0, 102143.0]"
5303,650583,"[7144814.0, 8154.0]"
5304,650584,"[7144810.0, 7144814.0]"
5305,650775,[2995925.0]
5306,650883,[65391.0]
5307,651240,[8732.0]
5308,651260,[8732.0]
5309,651440,"[1606.0, 1902980.0]"
5310,651901,[237195.0]
5311,652783,[87506.0]
5312,653242,"[600374.0, 6984160.0]"
5313,653651,[27500.0]
5314,653711,[26.0]
5315,654972,[3953.0]
5316,655707,"[3389.0, 748899.0]"
5317,656420,"[3389.0, 133241.0]"
5318,656939,[18454.0]
5319,658242,[4145.0]
5320,659399,"[354307.0, 349971.0]"
5321,659469,"[28709.0, 656983.0, 42156.0, 150123.0]"
5322,659855,"[158170.0, 17061.0, 6331.0, 28544.0, 114746.0, 67644.0, 38680.0, 168090.0, 60646.0, 41942.0, 189204.0, 26897.0]"
5323,661318,[215177.0]
5324,662162,"[17618.0, 546590.0]"
5325,662286,[4766.0]
5326,662639,[8659.0]
5327,662641,[14219.0]
5328,662702,[19472.0]
5329,662985,[208650.0]
5330,662986,[208650.0]
5331,663098,[9018.0]
5332,663720,[12980.0]
5333,663871,[24902.0]
5334,664553,"[26.0, 14002.0]"
5335,666601,[23069.0]
5336,667488,[120035.0]
5337,667776,"[24830.0, 59749.0]"
5338,667837,[8596.0]
5339,668693,[58.0]
5340,668709,"[65335.0, 65334.0]"
5341,668710,"[65335.0, 65334.0]"
5342,668714,[23012.0]
5343,668830,"[160870.0, 53307.0]"
5344,668851,"[10885.0, 721019.0]"
5345,668860,"[869.0, 868.0]"
5346,669027,[8694.0]
5347,669570,[359109.0]
5348,670339,[3377941.0]
5349,670394,[15890.0]
5350,670810,"[2413.0, 262692.0, 303657.0]"
5351,671560,[42110.0]
5352,671719,[13878.0]
5353,671727,"[57990.0, 1077326.0]"
5354,672828,[67434.0]
5355,672843,[117339.0]
5356,672875,"[53519.0, 1885084.0, 3012988.0]"
5357,673025,[4005.0]
5358,673158,[4841825.0]
5359,673206,[10366.0]
5360,673211,[10366.0]
5361,673252,"[34863.0, 412273.0, 261933.0, 26.0]"
5362,673657,[8732.0]
5363,673658,[8732.0]
5364,673946,"[170520.0, 28550.0]"
5365,674749,[1040250.0]
5366,674963,[121364.0]
5367,675314,"[3626.0, 190713.0]"
5368,675614,[191456.0]
5369,675615,[191456.0]
5370,676679,[17015.0]
5371,676737,[481146.0]
5372,676817,[4432.0]
5373,676885,[66280.0]
5374,676904,[168090.0]
5375,676905,[168090.0]
5376,676924,"[17015.0, 17010.0]"
5377,679364,"[1244.0, 25385.0]"
5378,679465,[290125.0]
5379,680326,[12030.0]
5380,680370,"[26359.0, 68992.0]"
5381,680476,[30315.0]
5382,680906,[486777.0]
5383,680938,"[811.0, 430626.0]"
5384,682137,[625.0]
5385,682681,[4633123.0]
5386,682736,"[3389.0, 133241.0]"
5387,682742,"[2413.0, 4489.0]"
5388,682933,[365496.0]
5389,684780,[15016.0]
5390,685370,[9550.0]
5391,685371,[9550.0]
5392,685372,[9550.0]
5393,685373,[9550.0]
5394,685379,[625.0]
5395,685383,[63669.0]
5396,685384,[17061.0]
5397,685385,[17061.0]
5398,685386,[17061.0]
5399,685387,[17061.0]
5400,685455,[4430.0]
5401,685529,"[7338.0, 42156.0]"
5402,685655,[10896.0]
5403,687215,[12980.0]
5404,688191,[19564.0]
5405,688560,[17064.0]
5406,688770,[426944.0]
5407,689225,[2695.0]
5408,689486,[2387.0]
5409,689952,[43538.0]
5410,690450,[11654.0]
5411,690926,[941441.0]
5412,690949,"[57720.0, 8471749.0, 23069.0]"
5413,691582,[48348.0]
5414,691915,[48348.0]
5415,691985,[61659.0]
5416,691995,[22543.0]
5417,692227,[1267442.0]
5418,692384,"[6988.0, 322375.0]"
5419,692389,[6988.0]
5420,692755,[370361.0]
5421,692946,[33876.0]
5422,694074,[2613.0]
5423,694942,[47991.0]
5424,694997,[47991.0]
5425,696820,[1202850.0]
5426,698179,[36343.0]
5427,699198,"[6223.0, 146987.0, 65137.0]"
5428,699564,[9237.0]
5429,699857,[373569.0]
5430,700382,[23503.0]
5431,700620,"[6378.0, 504876.0]"
5432,700769,[6252.0]
5433,700817,[5255014.0]
5434,701795,[7581.0]
5435,702051,[64364.0]
5436,702525,[93552.0]
5437,703026,[23069.0]
5438,703323,[119933.0]
5439,703870,[172490.0]
5440,704043,[375626.0]
5441,704626,[95026.0]
5442,704731,"[18105.0, 2738043.0]"
5443,706047,[7935185.0]
5444,706376,[326310.0]
5445,706457,[656983.0]
5446,706553,[237638.0]
5447,706832,"[7025.0, 14759829.0]"
5448,708549,[1046844.0]
5449,710178,[32590.0]
5450,710437,[119830.0]
5451,710595,[133710.0]
5452,710830,"[16147.0, 511697.0]"
5453,711003,[58935.0]
5454,712052,[376347.0]
5455,712216,[379444.0]
5456,712731,[33508.0]
5457,713214,[1077326.0]
5458,713687,[8596.0]
5459,713798,"[82453.0, 692794.0]"
5460,714059,"[656983.0, 16191.0]"
5461,714568,"[57462.0, 472036.0]"
5462,714603,"[214.0, 5116.0]"
5463,714612,[14219.0]
5464,714629,[49381.0]
5465,715058,[3242.0]
5466,715276,[88014.0]
5467,715277,[88014.0]
5468,715287,[32278.0]
5469,715791,[375626.0]
5470,716329,[8516.0]
5471,717201,[381629.0]
5472,717977,[382081.0]
5473,718951,[28569.0]
5474,719180,"[696805.0, 10087.0]"
5475,720977,[145294.0]
5476,722086,[9766.0]
5477,722192,"[1983147.0, 140894.0]"
5478,722251,[23001.0]
5479,722667,"[9494.0, 380649.0]"
5480,723155,[8127.0]
5481,723801,[337831.0]
5482,724283,[589.0]
5483,725806,[99836.0]
5484,725944,"[6986.0, 2804058.0]"
5485,727166,"[10896.0, 73234.0]"
5486,727167,"[10896.0, 73234.0]"
5487,727169,"[10896.0, 73234.0]"
5488,727798,[656983.0]
5489,727800,[656983.0]
5490,727810,[656983.0]
5491,727915,[139575.0]
5492,728047,"[386969.0, 6479863.0]"
5493,728118,[153732.0]
5494,729033,[7132534.0]
5495,729234,[38822.0]
5496,729576,[57434.0]
5497,729578,[387612.0]
5498,729757,[108629.0]
5499,729760,[130698.0]
5500,729876,[51118.0]
5501,730596,"[2938140.0, 2938141.0, 6603.0, 81323.0]"
5502,730978,[27140.0]
5503,731580,[101078.0]
5504,731809,[30819.0]
5505,731810,[30819.0]
5506,731821,"[5345.0, 179383.0]"
5507,732242,[241301.0]
5508,732363,[11912.0]
5509,732897,[79593.0]
5510,733809,[153734.0]
5511,733949,[389486.0]
5512,733952,[389486.0]
5513,734115,[33508.0]
5514,734199,[191456.0]
5515,734747,[138702.0]
5516,735609,"[83272.0, 83273.0, 11735.0]"
5517,736350,[390481.0]
5518,736391,[70853.0]
5519,736392,[70853.0]
5520,737453,"[3619.0, 27075.0]"
5521,738228,[26.0]
5522,738547,[81309.0]
5523,738754,[5816.0]
5524,739447,[1069006.0]
5525,739886,"[92064.0, 4107336.0]"
5526,739891,"[46138.0, 46137.0, 26897.0, 194172.0, 4584097.0, 53256.0, 329320.0, 7601.0, 2998967.0, 15188.0, 52074.0, 12991.0, 22545.0, 8842.0, 21158.0, 5989.0, 1448.0, 762807.0, 27528.0, 33502.0, 3524.0, 490342.0, 69469.0]"
5527,740030,[392174.0]
5528,740037,[29535.0]
5529,740038,[25.0]
5530,740042,[1967.0]
5531,740506,[4841825.0]
5532,740744,[367043.0]
5533,741226,[13450.0]
5534,741480,[732829.0]
5535,741481,[732829.0]
5536,741482,[732829.0]
5537,741624,[8164.0]
5538,741951,[10763.0]
5539,742576,[1077326.0]
5540,743599,[48206.0]
5541,744320,[1332.0]
5542,744321,[1332.0]
5543,744322,[1332.0]
5544,744461,[8924.0]
5545,746007,[854076.0]
5546,746056,[162678.0]
5547,748024,[129092.0]
5548,748061,[8605.0]
5549,748610,[9355.0]
5550,749827,[396931.0]
5551,750129,[397047.0]
5552,750130,"[397047.0, 1099588.0]"
5553,750134,[397047.0]
5554,750609,[37060.0]
5555,753141,[38313.0]
5556,754004,"[6928.0, 45294.0, 469286.0, 5790737.0]"
5557,754333,[277536.0]
5558,755011,[1831.0]
5559,755023,[23069.0]
5560,755277,[234115.0]
5561,755806,[16967.0]
5562,756109,[332185.0]
5563,756410,[1429808.0]
5564,756980,[3619.0]
5565,757041,[346732.0]
5566,757479,[1141781.0]
5567,757712,[36112.0]
5568,758546,[234115.0]
5569,759600,"[97228.0, 17059.0]"
5570,759718,[6928.0]
5571,759837,[1654.0]
5572,759893,"[5158478.0, 737432.0, 6940159.0, 766447.0]"
5573,760263,[1141209.0]
5574,760573,"[9355.0, 4845.0]"
5575,760690,[8842.0]
5576,760754,[8661.0]
5577,760920,[1630.0]
5578,760984,"[1221698.0, 10365.0]"
5579,761023,[10366.0]
5580,761146,[15393.0]
5581,761235,[589.0]
5582,761346,[155517.0]
5583,761381,[1630.0]
5584,761732,[3441.0]
5585,762011,[625.0]
5586,762053,[625.0]
5587,762156,[1967.0]
5588,762342,[4708.0]
5589,762504,[13731.0]
5590,762677,"[13834.0, 3242.0]"
5591,762713,"[15873.0, 25355.0]"
5592,762743,[941441.0]
5593,762783,[1435.0]
5594,763471,"[27500.0, 3299.0]"
5595,763473,[49177.0]
5596,763481,[5339.0]
5597,763489,[7935185.0]
5598,763504,[1654.0]
5599,763510,"[85858.0, 170442.0]"
5600,763538,[4106.0]
5601,763539,[402804.0]
5602,763581,[217944.0]
5603,763583,[217944.0]
5604,764167,"[17618.0, 546590.0]"
5605,764354,[10746.0]
5606,764484,"[3389.0, 10365.0]"
5607,764640,[9339.0]
5608,764647,[29535.0]
5609,764704,[11859.0]
5610,764840,"[179733.0, 571819.0]"
5611,764861,[179733.0]
5612,765296,"[3242.0, 5044885.0]"
5613,765300,"[3242.0, 5044885.0]"
5614,765301,"[3242.0, 5044885.0]"
5615,765430,[179908.0]
5616,766869,"[4624490.0, 231699.0]"
5617,767326,"[8347.0, 5790694.0]"
5618,767358,[13335.0]
5619,767547,[2614.0]
5620,767580,[8596.0]
5621,767719,"[38840.0, 147253.0]"
5622,768119,[78024.0]
5623,768121,[78024.0]
5624,768287,[404733.0]
5625,768424,[58011.0]
5626,768528,[28569.0]
5627,768878,[10366.0]
5628,768879,[10366.0]
5629,768889,[346732.0]
5630,768929,[158033.0]
5631,768950,[6779.0]
5632,769060,[3242.0]
5633,769255,[64364.0]
5634,769483,[157663.0]
5635,769902,[346732.0]
5636,770614,[10087.0]
5637,770794,"[607.0, 58846.0, 19954.0, 3524.0, 30819.0, 2998.0, 27798.0, 4688154.0, 17082.0, 411977.0, 21981.0, 1141781.0, 117582.0, 21911.0, 2916952.0, 158947.0, 153734.0, 14554680.0]"
5638,770876,[29963.0]
5639,771204,"[406026.0, 128466.0, 23001.0, 3243461.0, 8726.0, 246684.0, 28525.0, 14403.0, 159.0, 7802906.0, 4624490.0, 12540.0, 44806.0, 88014.0, 3524.0, 4798562.0, 56162.0, 327493.0, 3389.0, 9494.0, 13388.0, 1630.0, 7799.0, 57720.0, 1141781.0, 66700.0, 57739.0]"
5640,771225,[21665.0]
5641,771527,[22548.0]
5642,771620,[641268.0]
5643,771710,[19954.0]
5644,771712,[19954.0]
5645,771713,[25307.0]
5646,772780,[7779.0]
5647,773523,[8732.0]
5648,773622,"[57462.0, 350325.0]"
5649,773681,"[8588.0, 8591.0]"
5650,773686,[8596.0]
5651,773688,[8596.0]
5652,773690,[8924.0]
5653,773693,[8924.0]
5654,773989,[10333.0]
5655,774175,[70772.0]
5656,774368,"[5158478.0, 365385.0, 15743202.0]"
5657,774449,"[7267068.0, 4489.0, 38449.0]"
5658,774544,"[18393.0, 7363007.0]"
5659,774557,"[18393.0, 7363007.0, 3486237.0]"
5660,774571,"[18393.0, 7363007.0]"
5661,774626,[13677.0]
5662,774806,[16218.0]
5663,774846,[33546.0]
5664,774855,[8685.0]
5665,774928,[7779.0]
5666,775436,[108693.0]
5667,775440,[108693.0]
5668,775971,[191456.0]
5669,775972,[191456.0]
5670,775973,[191456.0]
5671,775974,[191456.0]
5672,775975,[191456.0]
5673,775976,[191456.0]
5674,775977,[191456.0]
5675,775980,[191456.0]
5676,775981,[191456.0]
5677,775983,[191456.0]
5678,775986,[191456.0]
5679,775987,[191456.0]
5680,776212,[346732.0]
5681,776283,[1630.0]
5682,776420,[23012.0]
5683,776572,[874602.0]
5684,776910,[5345.0]
5685,777396,[4874418.0]
5686,777418,[408864.0]
5687,777419,[408864.0]
5688,777420,[408864.0]
5689,777421,[408864.0]
5690,777422,[408864.0]
5691,777423,[408864.0]
5692,777424,[408864.0]
5693,777425,"[408864.0, 5725459.0]"
5694,777575,[7577.0]
5695,779002,"[3565.0, 34636.0]"
5696,780866,[57461.0]
5697,780868,[82540.0]
5698,780878,[241301.0]
5699,780894,[58.0]
5700,780905,[38550.0]
5701,780906,[82540.0]
5702,780917,[410348.0]
5703,781124,[25.0]
5704,781989,[1388082.0]
5705,784086,[19475.0]
5706,784222,"[153732.0, 1411091.0]"
5707,784398,[9345.0]
5708,784911,[25052.0]
5709,784916,[25052.0]
5710,785371,"[10380.0, 821970.0]"
5711,785947,[53574.0]
5712,786255,"[15873.0, 25355.0]"
5713,786621,[6781.0]
5714,787282,[10885.0]
5715,788331,[31845.0]
5716,788572,[413783.0]
5717,790260,[20936.0]
5718,790426,[168524.0]
5719,791872,"[5158478.0, 365385.0, 15743202.0]"
5720,792152,[19729.0]
5721,792775,[415731.0]
5722,793109,[116581.0]
5723,793296,[415934.0]
5724,793297,[415934.0]
5725,793298,[101078.0]
5726,793299,[101078.0]
5727,793399,[415967.0]
5728,793401,"[1077326.0, 10917.0]"
5729,794424,[13014.0]
5730,794615,[13014.0]
5731,795034,[6587.0]
5732,797074,[26.0]
5733,797077,[26.0]
5734,797079,[26.0]
5735,797088,[26.0]
5736,797113,"[656983.0, 4938.0]"
5737,797151,"[170520.0, 28550.0]"
5738,797189,[1654.0]
5739,797191,[1654.0]
5740,798518,[347316.0]
5741,798527,"[49177.0, 663796.0]"
5742,799072,[371202.0]
5743,799073,[371202.0]
5744,799075,[371202.0]
5745,799793,"[111260.0, 778182.0]"
5746,800388,[12521.0]
5747,802594,[5339.0]
5748,802929,[1654.0]
5749,802968,[154081.0]
5750,803599,[2844917.0]
5751,804148,[275252.0]
5752,804414,[67481.0]
5753,805052,[421350.0]
5754,805425,[239579.0]
5755,806009,[15890.0]
5756,806040,[15890.0]
5757,806314,"[1221698.0, 10365.0]"
5758,807968,[371202.0]
5759,808670,[58654.0]
5760,808828,[408864.0]
5761,808957,[31882.0]
5762,809835,[205075.0]
5763,810838,[19564.0]
5764,810881,[41942.0]
5765,811161,[13557729.0]
5766,811191,[174526.0]
5767,811335,"[3995.0, 3142052.0]"
5768,815150,[48206.0]
5769,815163,[48206.0]
5770,815434,[3389.0]
5771,815435,"[3389.0, 133241.0]"
5772,815436,[3389.0]
5773,815645,[10896.0]
5774,816199,[76423.0]
5775,816201,[11853.0]
5776,816203,[76423.0]
5777,816207,[153734.0]
5778,816297,[3502.0]
5779,816440,"[439723.0, 65276.0]"
5780,816828,[9550.0]
5781,816991,[25.0]
5782,817019,[389792.0]
5783,817196,[8516.0]
5784,817216,[8516.0]
5785,817357,[27704.0]
5786,817358,[27704.0]
5787,817829,"[66700.0, 2401.0]"
5788,818056,[1077326.0]
5789,818068,[1077326.0]
5790,818111,"[3354.0, 323598.0]"
5791,818360,"[4432.0, 3132865.0]"
5792,818431,[9629.0]
5793,818472,[4.0]
5794,818478,[1221698.0]
5795,818540,"[3231.0, 11735.0]"
5796,818801,[57462.0]
5797,818867,[356164.0]
5798,819058,[9629.0]
5799,819060,[136127.0]
5800,819218,"[8349.0, 12434.0]"
5801,819219,"[8349.0, 12434.0]"
5802,819680,[874602.0]
5803,819920,[8347.0]
5804,819930,"[46138.0, 46137.0]"
5805,820241,[13677.0]
5806,820343,[1077326.0]
5807,820344,[1077326.0]
5808,820589,[8164.0]
5809,820599,[811.0]
5810,820602,"[811.0, 528191.0, 586284.0]"
5811,820672,[10896.0]
5812,821126,[4522.0]
5813,821583,[11889.0]
5814,821597,[128041.0]
5815,821787,[1077326.0]
5816,822147,[1077326.0]
5817,822200,[242473.0]
5818,822603,"[1069006.0, 25523.0]"
5819,822613,[656983.0]
5820,822630,[8924.0]
5821,822912,"[11139.0, 6988.0, 854076.0, 3389.0]"
5822,822991,[346732.0]
5823,822993,[346732.0]
5824,822995,[346732.0]
5825,823127,[429197.0]
5826,823502,[26875.0]
5827,823528,[4.0]
5828,823564,[7132534.0]
5829,823660,[4.0]
5830,823762,[8842.0]
5831,823763,"[8842.0, 43668.0]"
5832,823766,"[8842.0, 329957.0]"
5833,823769,[8842.0]
5834,824444,[7025.0]
5835,824729,[34049.0]
5836,824791,[53793.0]
5837,825334,"[18111.0, 1624847.0]"
5838,825822,[28375.0]
5839,825830,"[97228.0, 17059.0]"
5840,826078,[17061.0]
5841,826373,[811.0]
5842,827238,[31232.0]
5843,827276,[129487.0]
5844,827373,[431012.0]
5845,827394,[22018.0]
5846,827611,[135829.0]
5847,827612,[135829.0]
5848,827763,[656983.0]
5849,827902,[281552.0]
5850,827968,[3618.0]
5851,827970,[3618.0]
5852,828352,[1654.0]
5853,828364,[4432.0]
5854,828388,[3618.0]
5855,828395,[4432.0]
5856,828398,[656983.0]
5857,828400,[656983.0]
5858,828401,[656983.0]
5859,828409,[4432.0]
5860,828418,[7025.0]
5861,828440,[38605.0]
5862,828627,[3780.0]
5863,828775,[162929.0]
5864,828878,"[66700.0, 6943.0, 11210.0]"
5865,828879,[4260.0]
5866,829421,[431825.0]
5867,830497,[3389.0]
5868,830942,[22490.0]
5869,830981,"[6252.0, 8435196.0, 494654.0]"
5870,831186,[42540.0]
5871,831189,[42540.0]
5872,831194,[27498.0]
5873,831329,[1023510.0]
5874,831874,[874602.0]
5875,831880,[874602.0]
5876,831979,"[146374.0, 660076.0]"
5877,832116,[3618.0]
5878,832143,[3618.0]
5879,832982,[146449.0]
5880,833111,[10366.0]
5881,833135,"[3242.0, 220245.0, 5044885.0]"
5882,833205,[48348.0]
5883,833332,[336049.0]
5884,833418,[1654.0]
5885,833419,[1654.0]
5886,833420,[1654.0]
5887,833422,[1654.0]
5888,833423,[1654.0]
5889,833424,[1654.0]
5890,833425,[1654.0]
5891,833426,[1654.0]
5892,833427,[1654.0]
5893,833428,[1654.0]
5894,833429,[1654.0]
5895,833430,[1654.0]
5896,833436,[1654.0]
5897,833438,[1654.0]
5898,833444,[1654.0]
5899,833445,[1654.0]
5900,833447,[1654.0]
5901,833468,[1654.0]
5902,833493,"[1654.0, 19439.0]"
5903,833496,"[1654.0, 1221698.0]"
5904,833499,[1654.0]
5905,833709,[74046.0]
5906,833710,[74046.0]
5907,834015,[9550.0]
5908,834333,[696805.0]
5909,834479,[9266.0]
5910,834518,[989968.0]
5911,834538,[989968.0]
5912,835106,[33467.0]
5913,836176,"[27206.0, 18015.0]"
5914,836267,[4260.0]
5915,836592,"[75822.0, 434927.0]"
5916,836593,"[75822.0, 434927.0]"
5917,836700,[39852.0]
5918,836888,[1069006.0]
5919,836898,[1069006.0]
5920,836924,"[435026.0, 290375.0]"
5921,837039,[70574.0]
5922,837063,[224518.0]
5923,837144,[16667.0]
5924,837197,[435114.0]
5925,837611,[656983.0]
5926,837910,"[27209.0, 4522.0]"
5927,838150,[4432.0]
5928,838626,[656983.0]
5929,838638,"[656983.0, 70032.0]"
5930,838640,"[656983.0, 42155.0]"
5931,838791,[1069006.0]
5932,838844,[1069006.0]
5933,838865,"[3618.0, 470769.0]"
5934,839223,[8349.0]
5935,839741,[106.0]
5936,839776,[106.0]
5937,839967,[3618.0]
5938,840699,[1077326.0]
5939,841381,[196212.0]
5940,841394,[51590.0]
5941,841817,[7581.0]
5942,841973,[10885.0]
5943,841974,[10885.0]
5944,842471,[3502.0]
5945,842927,"[1221698.0, 10365.0]"
5946,843099,[37060.0]
5947,843240,"[9720.0, 126120.0]"
5948,843588,[59060.0]
5949,843633,[17054.0]
5950,844449,[33467.0]
5951,845078,"[33297.0, 35620.0]"
5952,845501,[23069.0]
5953,845576,"[13663.0, 121656.0]"
5954,845651,[7610.0]
5955,846092,[1654.0]
5956,846341,[184741.0]
5957,846613,[12695.0]
5958,846616,[12695.0]
5959,847048,"[4070895.0, 21578.0, 159.0, 13479797.0, 5832736.0, 51422.0, 880695.0, 237153.0, 36998.0, 42249.0, 20598.0, 9494.0, 12540.0, 52005.0, 2448.0, 2995925.0, 14266369.0, 13387.0]"
5960,847071,"[16208.0, 16209.0, 16207.0]"
5961,847409,"[27528.0, 505828.0, 107732.0, 441765.0, 588356.0, 132923.0, 221705.0, 4189054.0, 784104.0, 656192.0, 4189055.0, 1067844.0, 294057.0, 49111.0, 806782.0, 182686.0, 377417.0, 3385008.0, 1957584.0, 891806.0, 895750.0, 107891.0]"
5962,847735,"[255165.0, 14569264.0]"
5963,847751,[8685.0]
5964,848162,"[3389.0, 748899.0]"
5965,848654,[1077326.0]
5966,849113,"[98411.0, 4845.0]"
5967,849126,[3299.0]
5968,849768,[11586.0]
5969,850432,[43697.0]
5970,850960,[31232.0]
5971,850962,[31232.0]
5972,850963,[31232.0]
5973,851339,[32590.0]
5974,851340,[32590.0]
5975,853577,[57462.0]
5976,853629,"[696805.0, 913247.0]"
5977,853631,[696805.0]
5978,853871,"[214.0, 4260.0]"
5979,854854,[874602.0]
5980,855638,[16218.0]
5981,856030,[426944.0]
5982,857291,[4344760.0]
5983,857639,"[15873.0, 3203.0, 325203.0]"
5984,857695,"[8842.0, 329957.0]"
5985,857920,"[88922.0, 505236.0]"
5986,857926,[88922.0]
5987,858078,"[13663.0, 443790.0]"
5988,858352,[1077326.0]
5989,858361,[13677.0]
5990,858665,[8596.0]
5991,858668,[8596.0]
5992,858669,[8596.0]
5993,859561,"[2413.0, 1069006.0]"
5994,859694,[26656.0]
5995,860520,"[4260.0, 70032.0]"
5996,861167,"[6245.0, 6244.0, 123344.0]"
5997,861388,[1077326.0]
5998,861482,"[13663.0, 121656.0]"
5999,861539,[5816.0]
6000,861540,[5816.0]
6001,861541,[5816.0]
6002,862041,[1077326.0]
6003,862136,"[2526.0, 148430.0]"
6004,862137,"[2526.0, 148430.0]"
6005,862267,"[1077326.0, 123344.0]"
6006,862350,[7581.0]
6007,862356,[6206.0]
6008,862631,[1077326.0]
6009,862712,[1077326.0]
6010,862714,[1077326.0]
6011,862814,[1221698.0]
6012,862815,[1221698.0]
6013,862816,[1221698.0]
6014,862856,[4.0]
6015,863521,[8185168.0]
6016,863689,[16022666.0]
6017,864798,[5816.0]
6018,864821,[88608.0]
6019,864835,[5816.0]
6020,864890,[1077326.0]
6021,865029,[732829.0]
6022,865293,[73149.0]
6023,865324,[6252.0]
6024,865698,[338705.0]
6025,865963,[106.0]
6026,865964,[106.0]
6027,866502,"[3389.0, 641791.0, 2930846.0, 599923.0, 434904.0, 432320.0]"
6028,867383,[33918.0]
6029,867544,[6252.0]
6030,869068,[2614.0]
6031,869314,[9016.0]
6032,869914,[10746.0]
6033,869924,[4430.0]
6034,870589,[15393.0]
6035,870667,"[17126.0, 571819.0, 5766244.0]"
6036,870807,"[11586.0, 449135.0]"
6037,870808,[11586.0]
6038,870821,[119755.0]
6039,870824,[146374.0]
6040,871158,[76248.0]
6041,871224,[941441.0]
6042,871431,[3299.0]
6043,871575,[33467.0]
6044,871657,"[346732.0, 5774051.0]"
6045,872109,[99776.0]
6046,872333,[21911.0]
6047,872761,[374504.0]
6048,872789,"[145307.0, 16304.0]"
6049,872816,[5376.0]
6050,873613,[32401.0]
6051,873615,[32401.0]
6052,873632,[7025.0]
6053,873746,[6209.0]
6054,873783,[8597.0]
6055,873920,"[27500.0, 25334.0]"
6056,873922,[27500.0]
6057,874977,[427315.0]
6058,875064,[153394.0]
6059,875065,[153394.0]
6060,876013,[8649.0]
6061,876208,[1630.0]
6062,876315,[451384.0]
6063,876537,[19651.0]
6064,876637,"[5775185.0, 313018.0]"
6065,878037,[20299.0]
6066,878307,[35007.0]
6067,878879,[8161.0]
6068,879215,[50873.0]
6069,879525,[233667.0]
6070,880062,[330393.0]
6071,880461,[5169382.0]
6072,881466,[20561.0]
6073,881851,[1417529.0]
6074,882028,[8726.0]
6075,882258,[8694.0]
6076,882557,[58971.0]
6077,883287,[8596.0]
6078,883314,[36122.0]
6079,883315,[36122.0]
6080,883316,[36122.0]
6081,883458,[11735.0]
6082,884006,[165466.0]
6083,884288,[1654.0]
6084,884583,[238631.0]
6085,885862,[13663.0]
6086,886131,[48960.0]
6087,886955,[276660.0]
6088,887201,"[9345.0, 9545.0]"
6089,887858,[10518.0]
6090,887877,[73149.0]
6091,887895,[7577.0]
6092,889503,[145946.0]
6093,890167,[87106.0]
6094,890361,[26771.0]
6095,891044,[379444.0]
6096,891586,[213980.0]
6097,891591,[8730.0]
6098,891592,[8730.0]
6099,891593,[8730.0]
6100,891674,[6252.0]
6101,891775,[9629.0]
6102,891987,[12935.0]
6103,891997,[12935.0]
6104,892317,[25307.0]
6105,892971,[10087.0]
6106,893158,[9072.0]
6107,893172,[15872.0]
6108,893174,[15872.0]
6109,893396,"[26171.0, 158961.0]"
6110,893759,[6252.0]
6111,893760,[6252.0]
6112,893761,[6252.0]
6113,893762,[6252.0]
6114,893763,[6252.0]
6115,893791,"[6988.0, 14197239.0]"
6116,894352,[4764.0]
6117,895072,[3780.0]
6118,895953,[106.0]
6119,896455,[7308.0]
6120,896889,"[1069006.0, 25523.0]"
6121,897461,[329782.0]
6122,897717,[175282.0]
6123,898664,[460870.0]
6124,898671,[35064.0]
6125,899079,[461063.0]
6126,899109,[28517.0]
6127,899200,[3502.0]
6128,899758,"[656983.0, 3998152.0]"
6129,899759,[656983.0]
6130,899773,[656983.0]
6131,899777,[656983.0]
6132,899781,[656983.0]
6133,900668,[161908.0]
6134,901687,[7717.0]
6135,901690,[7717.0]
6136,902715,[276660.0]
6137,903653,[367043.0]
6138,903879,[9629.0]
6139,904896,[10896.0]
6140,905404,[13677.0]
6141,905559,[38951.0]
6142,905656,"[463850.0, 43745.0, 463849.0]"
6143,905756,"[463875.0, 362098.0]"
6144,905757,"[463875.0, 362098.0]"
6145,906015,[81096.0]
6146,906899,[9355.0]
6147,906901,[9355.0]
6148,907102,"[656983.0, 9545.0, 9533.0, 4709058.0]"
6149,907581,[423578.0]
6150,907630,[8715.0]
6151,908296,[22648.0]
6152,908330,[9266.0]
6153,909270,[7611199.0]
6154,909351,[2745.0]
6155,910102,[1077326.0]
6156,910143,[1077326.0]
6157,910153,[7581.0]
6158,910154,[7581.0]
6159,910155,[7581.0]
6160,910676,[5833.0]
6161,911867,[32641.0]
6162,911954,[466494.0]
6163,912224,[1077326.0]
6164,912625,"[9494.0, 2773553.0]"
6165,912911,[466971.0]
6166,913848,[306733.0]
6167,914886,[3441.0]
6168,915341,"[4841825.0, 23284.0, 4766.0]"
6169,915554,[27704.0]
6170,915664,[824163.0]
6171,916375,"[36122.0, 36175.0]"
6172,916384,[15890.0]
6173,917220,[1067608.0]
6174,918682,[257520.0]
6175,920342,[16218.0]
6176,920395,[12339.0]
6177,920541,[433804.0]
6178,920795,"[410598.0, 33919.0, 234088.0, 19305.0, 128570.0, 162927.0, 16939.0, 33918.0, 143699.0, 217735.0, 1042536.0, 124792.0, 10765.0, 10366.0, 672375.0, 7144790.0]"
6179,921537,[10087.0]
6180,921553,[470587.0]
6181,922114,[7742.0]
6182,923985,[8604.0]
6183,924046,[471620.0]
6184,924059,[165168.0]
6185,924061,[165168.0]
6186,924062,[165168.0]
6187,924073,"[95132.0, 471627.0]"
6188,924351,"[165168.0, 1149240.0]"
6189,924680,[7577.0]
6190,924762,"[3389.0, 540202.0]"
6191,924765,[3389.0]
6192,925726,[7308.0]
6193,925748,[47991.0]
6194,925959,[472456.0]
6195,926908,"[53530.0, 58024.0]"
6196,927979,[10746.0]
6197,929373,[54201.0]
6198,929587,[500.0]
6199,929864,[8726.0]
6200,930056,[6878.0]
6201,932782,"[656983.0, 9533.0]"
6202,932854,[191475.0]
6203,933547,[10518.0]
6204,936434,[10896.0]
6205,936732,[16625.0]
6206,936776,[76423.0]
6207,936906,[8476.0]
6208,937003,[54201.0]
6209,937105,"[32349.0, 2046.0]"
6210,937122,[477469.0]
6211,937133,[54201.0]
6212,937706,[3618.0]
6213,937727,[1223.0]
6214,938424,[1654.0]
6215,938425,"[1654.0, 582735.0]"
6216,938534,[31232.0]
6217,938544,[31232.0]
6218,939334,[25.0]
6219,939478,[52005.0]
6220,939643,[11735.0]
6221,939645,[3619.0]
6222,940127,[273399.0]
6223,941226,[5209023.0]
6224,941467,[43835.0]
6225,941468,[43835.0]
6226,942573,"[3389.0, 40573.0]"
6227,943253,[1077326.0]
6228,943361,"[479779.0, 39043.0]"
6229,943402,[479779.0]
6230,944073,[276660.0]
6231,944076,[276660.0]
6232,944078,[276660.0]
6233,944334,[413783.0]
6234,944555,[217735.0]
6235,944600,[457300.0]
6236,945176,[184918.0]
6237,946054,[240708.0]
6238,946836,"[145307.0, 16304.0, 2086916.0]"
6239,947126,[51589.0]
6240,947965,[4841825.0]
6241,948090,"[21970.0, 14554680.0]"
6242,950866,[30819.0]
6243,951290,[1293688.0]
6244,951454,[81096.0]
6245,951749,[5376.0]
6246,952462,[8835.0]
6247,952769,[3780.0]
6248,953143,[8732.0]
6249,953260,"[6244.0, 505236.0]"
6250,953271,[3618.0]
6251,953403,"[656983.0, 9533.0]"
6252,954208,[4432.0]
6253,954248,"[483910.0, 3014566.0, 2988217.0]"
6254,954838,[1077326.0]
6255,955157,[3780.0]
6256,957648,[10366.0]
6257,957654,[10366.0]
6258,957931,[17729.0]
6259,959230,[30819.0]
6260,959245,[30819.0]
6261,959308,[13957.0]
6262,959320,[13957.0]
6263,959334,[13957.0]
6264,959336,[13957.0]
6265,959433,"[13677.0, 7877.0]"
6266,960493,[36289.0]
6267,960658,"[1221698.0, 1654.0]"
6268,960659,"[1654.0, 1221698.0]"
6269,960764,[4429.0]
6270,961743,[486777.0]
6271,962452,[8596.0]
6272,962781,[16215.0]
6273,962821,[52320.0]
6274,963346,[470587.0]
6275,963508,[8649.0]
6276,963683,[4432.0]
6277,964211,"[4699102.0, 305055.0]"
6278,965878,[874602.0]
6279,966087,"[106464.0, 14067221.0]"
6280,967050,[182648.0]
6281,967634,[88608.0]
6282,968848,[29535.0]
6283,968868,[23069.0]
6284,969430,[11654.0]
6285,970547,[5244478.0]
6286,970602,[51422.0]
6287,971239,[23894.0]
6288,972188,[3624.0]
6289,972801,[7116.0]
6290,973242,[491442.0]
6291,973565,[12980.0]
6292,973598,"[14870.0, 8170.0]"
6293,974192,[8694.0]
6294,974209,[29479.0]
6295,974764,"[14756463.0, 13350.0, 13351.0]"
6296,974778,[76360.0]
6297,975076,[99836.0]
6298,975331,[221019.0]
6299,975461,[732829.0]
6300,975638,[492365.0]
6301,975885,[52468.0]
6302,976422,[33918.0]
6303,977841,[27100.0]
6304,978173,[213510.0]
6305,978391,[493439.0]
6306,978999,[32913.0]
6307,979597,[1069006.0]
6308,979598,[1069006.0]
6309,979682,[874602.0]
6310,980884,"[1069006.0, 25523.0]"
6311,981170,[93858.0]
6312,981674,[494856.0]
6313,981782,[127191.0]
6314,981834,[230692.0]
6315,982184,[124153.0]
6316,982630,"[8164.0, 7105.0, 180439.0]"
6317,983097,[1221698.0]
6318,983100,[1221698.0]
6319,983203,"[157663.0, 619712.0]"
6320,984792,"[346732.0, 70454.0, 4601681.0, 725899.0, 111819.0, 15018.0, 4659292.0, 74608.0, 215971.0, 2924742.0, 2924773.0]"
6321,985159,[4.0]
6322,985502,[174708.0]
6323,985594,[178734.0]
6324,985870,[346732.0]
6325,985873,[346732.0]
6326,987217,[26.0]
6327,987507,[497291.0]
6328,987508,[497291.0]
6329,987825,"[88523.0, 210154.0, 422445.0]"
6330,989030,[1654.0]
6331,989036,[1654.0]
6332,989072,[78024.0]
6333,989088,"[6988.0, 288119.0]"
6334,991722,[415934.0]
6335,991723,[415934.0]
6336,991724,[415934.0]
6337,991909,"[58.0, 5602.0, 44554.0, 524200.0, 15154184.0]"
6338,995103,"[3389.0, 7430.0]"
6339,995116,[3389.0]
6340,995123,[3389.0]
6341,995127,"[3389.0, 7431.0]"
6342,997846,[26897.0]
6343,999140,[9629.0]
6344,1000014,[3299.0]
6345,1000049,[58.0]
6346,1001544,[6252.0]
6347,1001563,[5339.0]
6348,1001564,"[1654.0, 1221698.0]"
6349,1001995,[15873.0]
6350,1001997,[15873.0]
6351,1002736,[12534.0]
6352,1003866,[8185168.0]
6353,1003985,[456850.0]
6354,1004057,"[273618.0, 4100862.0]"
6355,1004097,[9550.0]
6356,1004234,[1069006.0]
6357,1004335,[18451.0]
6358,1004354,[9072.0]
6359,1006502,[12521.0]
6360,1006821,"[3618.0, 478703.0]"
6361,1007276,[367043.0]
6362,1007458,[41542.0]
6363,1008042,"[3389.0, 19365.0]"
6364,1008820,[56019.0]
6365,1010890,[12948.0]
6366,1011086,[40593.0]
6367,1011193,"[257591.0, 3389.0]"
6368,1011632,[10366.0]
6369,1012276,"[5255014.0, 3121241.0]"
6370,1012301,[507494.0]
6371,1012343,[432899.0]
6372,1012351,[206522.0]
6373,1012371,[13014.0]
6374,1013210,[348878.0]
6375,1013214,[348878.0]
6376,1013269,"[15619.0, 38449.0]"
6377,1013389,[507943.0]
6378,1015766,[40387.0]
6379,1016314,[11921.0]
6380,1017299,[88608.0]
6381,1017300,"[6268.0, 88608.0]"
6382,1017306,[88608.0]
6383,1017307,[88608.0]
6384,1017309,[88608.0]
6385,1017777,"[4260.0, 222204.0]"
6386,1018215,[4260.0]
6387,1018241,[4260.0]
6388,1018243,[4260.0]
6389,1018538,[23284.0]
6390,1018832,"[16218.0, 431771.0]"
6391,1018925,[4429.0]
6392,1019686,[7717.0]
6393,1019873,[5816.0]
6394,1020102,[111002.0]
6395,1020421,[33461.0]
6396,1020767,[175006.0]
6397,1021251,[8694.0]
6398,1021395,[9355.0]
6399,1021837,"[1221698.0, 860368.0]"
6400,1022209,[138702.0]
6401,1022657,[41542.0]
6402,1022658,[10333.0]
6403,1022756,[14219.0]
6404,1022787,[107170.0]
6405,1022825,[58.0]
6406,1022883,[3618.0]
6407,1025149,[3619.0]
6408,1026168,[12275.0]
6409,1026508,[16939.0]
6410,1027640,[9320.0]
6411,1029770,"[32637.0, 56968.0]"
6412,1030384,[11586.0]
6413,1032701,"[40130.0, 60513.0, 6988.0]"
6414,1032913,[34878.0]
6415,1033528,[515686.0]
6416,1033662,"[6245.0, 6244.0, 337207.0]"
6417,1034167,[9766.0]
6418,1034168,[9766.0]
6419,1034516,[60478.0]
6420,1035647,"[516467.0, 516466.0]"
6421,1035886,[941441.0]
6422,1035887,[941441.0]
6423,1035888,[941441.0]
6424,1035910,"[27100.0, 3026615.0]"
6425,1037242,[13026.0]
6426,1037476,[10366.0]
6427,1037549,[58325.0]
6428,1039041,[5158478.0]
6429,1039182,[17082.0]
6430,1039264,[1654.0]
6431,1041041,[10885.0]
6432,1041257,[36175.0]
6433,1041706,[67481.0]
6434,1042319,[145294.0]
6435,1042367,[18451.0]
6436,1042542,[8347.0]
6437,1042546,[8347.0]
6438,1044058,"[12949.0, 3524830.0]"
6439,1045090,"[1069006.0, 25523.0]"
6440,1045145,"[1069006.0, 25523.0]"
6441,1045154,"[1069006.0, 25523.0]"
6442,1045206,[1077326.0]
6443,1046363,[5329.0]
6444,1046382,[34997.0]
6445,1046558,[8659.0]
6446,1048623,[345572.0]
6447,1050676,[28083.0]
6448,1051620,[87306.0]
6449,1052311,[33262.0]
6450,1053569,[83937.0]
6451,1053996,"[4841825.0, 8685.0]"
6452,1054357,"[16939.0, 1007623.0]"
6453,1054581,[4429.0]
6454,1055081,[330393.0]
6455,1057502,[75750.0]
6456,1059682,[1630.0]
6457,1060562,[81096.0]
6458,1060850,[8157173.0]
6459,1060958,"[36122.0, 6603.0]"
6460,1061252,[1221698.0]
6461,1061262,[4861.0]
6462,1061388,"[18111.0, 1624847.0]"
6463,1061925,[205.0]
6464,1061927,[205.0]
6465,1062113,[225692.0]
6466,1062774,[8185168.0]
6467,1062958,[11761.0]
6468,1062960,[11761.0]
6469,1063142,[109823.0]
6470,1063376,[20602.0]
6471,1063378,[20602.0]
6472,1064084,"[29974.0, 16910.0, 56782.0]"
6473,1064154,[7941.0]
6474,1065971,[5816.0]
6475,1066078,[5816.0]
6476,1066081,[5816.0]
6477,1066445,[24009.0]
6478,1066608,[27379.0]
6479,1066654,[19729.0]
6480,1067325,[3618.0]
6481,1067950,[1077326.0]
6482,1068841,[106.0]
6483,1068972,[116897.0]
6484,1069345,[33918.0]
6485,1069434,[41942.0]
6486,1070554,[131208.0]
6487,1070555,[376347.0]
6488,1071257,[13014.0]
6489,1071955,"[481045.0, 648360.0]"
6490,1072177,[25307.0]
6491,1073524,"[8164.0, 72144.0]"
6492,1079424,[656983.0]
6493,1079782,[23419.0]
6494,1080270,[89622.0]
6495,1081372,"[3389.0, 10365.0]"
6496,1081560,"[42158.0, 656983.0]"
6497,1082246,"[869.0, 868.0]"
6498,1082252,"[869.0, 868.0]"
6499,1082721,"[13677.0, 443858.0]"
6500,1082753,[22542.0]
6501,1082754,[22542.0]
6502,1083382,[337831.0]
6503,1085480,[15873.0]
6504,1085761,[125308.0]
6505,1085806,[15299.0]
6506,1086456,[4841825.0]
6507,1087154,"[8476.0, 362098.0]"
6508,1087196,[270939.0]
6509,1088892,[477469.0]
6510,1091582,"[1630.0, 6297.0]"
6511,1094741,"[15619.0, 38449.0, 262689.0]"
6512,1094933,[249843.0]
6513,1095395,[1977.0]
6514,1095560,[1831.0]
6515,1095949,[90460.0]
6516,1098714,"[5255014.0, 3121241.0, 7610927.0]"
6517,1099262,[228898.0]
6518,1099466,[18451.0]
6519,1099757,[9320.0]
6520,1100400,[18454.0]
6521,1100941,[53256.0]
6522,1101166,[144024.0]
6523,1102162,[3780.0]
6524,1103385,[34049.0]
6525,1103543,[108693.0]
6526,1103961,[17063.0]
6527,1103965,[17063.0]
6528,1104759,[14454.0]
6529,1105380,"[3995.0, 3142052.0]"
6530,1105505,[110234.0]
6531,1106545,[5339.0]
6532,1106633,"[4841825.0, 955671.0]"
6533,1107543,"[8840.0, 2387.0]"
6534,1107545,"[8840.0, 2387.0]"
6535,1107632,[546427.0]
6536,1108497,"[32637.0, 56968.0]"
6537,1108884,[546979.0]
6538,1110034,[167980.0]
6539,1110224,"[16466.0, 1086478.0, 2931977.0]"
6540,1110282,[625.0]
6541,1110566,[8924.0]
6542,1110887,[92665.0]
6543,1111086,[507943.0]
6544,1111600,[6252.0]
6545,1111608,[6252.0]
6546,1111615,[6252.0]
6547,1111756,[963811.0]
6548,1111757,[10746.0]
6549,1111891,[32590.0]
6550,1112383,[122001.0]
6551,1112665,"[279224.0, 1886686.0]"
6552,1113545,[25052.0]
6553,1116393,[87306.0]
6554,1116497,[1069006.0]
6555,1116627,"[550367.0, 5759417.0]"
6556,1116806,[1221698.0]
6557,1117637,[3619.0]
6558,1118396,[130698.0]
6559,1121393,"[24830.0, 59749.0]"
6560,1121430,"[24830.0, 59749.0]"
6561,1121717,[552338.0]
6562,1122004,[36501.0]
6563,1122023,[552457.0]
6564,1122026,"[88506.0, 4522.0, 781561.0]"
6565,1123741,"[656983.0, 9533.0]"
6566,1124833,[9615.0]
6567,1124884,[5339.0]
6568,1124895,[3619.0]
6569,1127444,[128041.0]
6570,1128164,[1040250.0]
6571,1128434,"[38569.0, 591108.0]"
6572,1128579,[359910.0]
6573,1128964,[9018.0]
6574,1130444,"[49177.0, 5481957.0]"
6575,1131133,[10727.0]
6576,1132283,[1221698.0]
6577,1132457,"[1077326.0, 10917.0]"
6578,1133398,[202312.0]
6579,1133980,[7581.0]
6580,1134023,[65391.0]
6581,1134843,[8924.0]
6582,1134849,[8924.0]
6583,1135078,[359431.0]
6584,1135281,[15590.0]
6585,1135426,[15619.0]
6586,1135851,[8596.0]
6587,1136569,[259946.0]
6588,1136916,[22542.0]
6589,1136932,[73149.0]
6590,1137215,[221253.0]
6591,1137217,[221253.0]
6592,1137221,[221253.0]
6593,1137327,"[941441.0, 511951.0]"
6594,1137702,[38840.0]
6595,1137703,[38840.0]
6596,1138121,[1221698.0]
6597,1138475,[61958.0]
6598,1138654,[9172.0]
6599,1138943,"[1077326.0, 2927.0]"
6600,1139389,[559290.0]
6601,1140216,[246590.0]
6602,1140608,"[9550.0, 2950834.0, 4154297.0, 8621.0]"
6603,1140635,[360816.0]
6604,1140713,[8596.0]
6605,1140906,[7717.0]
6606,1142011,[16094.0]
6607,1142756,[131208.0]
6608,1142757,[131208.0]
6609,1142789,[75818.0]
6610,1143944,[68750.0]
6611,1143957,[560990.0]
6612,1144523,[110234.0]
6613,1144907,[166943.0]
6614,1145177,"[28946.0, 1310149.0]"
6615,1145427,[659178.0]
6616,1146475,[349971.0]
6617,1146613,"[157663.0, 551119.0]"
6618,1146743,[228898.0]
6619,1146744,[228898.0]
6620,1147723,[43784.0]
6621,1148457,[3502.0]
6622,1148721,[60177.0]
6623,1148896,[106.0]
6624,1150189,[178924.0]
6625,1150191,[178924.0]
6626,1151335,[31265.0]
6627,1154164,[1221698.0]
6628,1154166,"[874602.0, 7415.0]"
6629,1155227,[16466.0]
6630,1156047,"[284204.0, 63522.0]"
6631,1156053,"[565747.0, 63522.0]"
6632,1157452,[153732.0]
6633,1157539,[566314.0]
6634,1158967,[566874.0]
6635,1159679,[567167.0]
6636,1160083,"[9355.0, 925.0]"
6637,1160416,[21184.0]
6638,1160921,[68871.0]
6639,1161439,[32665.0]
6640,1162543,[941441.0]
6641,1162544,[941441.0]
6642,1164284,[13652.0]
6643,1164671,[8596.0]
6644,1166599,"[6252.0, 38550.0]"
6645,1166994,[9550.0]
6646,1167144,[190887.0]
6647,1167876,"[1077326.0, 10917.0]"
6648,1168091,"[7935185.0, 64039.0, 220245.0]"
6649,1169073,[32265.0]
6650,1169354,[4497.0]
6651,1169361,[49177.0]
6652,1169553,[128517.0]
6653,1169808,[50873.0]
6654,1169859,[23284.0]
6655,1170158,[874602.0]
6656,1171783,[6886129.0]
6657,1172383,[5816.0]
6658,1173006,[874602.0]
6659,1175893,"[573850.0, 26170.0]"
6660,1176248,"[38951.0, 358889.0]"
6661,1177330,[99776.0]
6662,1177331,[99776.0]
6663,1178842,[7577.0]
6664,1178862,[50873.0]
6665,1179967,[346732.0]
6666,1180618,[494916.0]
6667,1182136,"[37107.0, 54993.0, 219618.0]"
6668,1182350,[484018.0]
6669,1183025,[5814050.0]
6670,1183270,[145129.0]
6671,1183379,[27498.0]
6672,1183696,[7577.0]
6673,1184366,[23894.0]
6674,1186103,[329391.0]
6675,1187138,[346732.0]
6676,1188297,"[8476.0, 362098.0]"
6677,1189399,[100752.0]
6678,1189906,[3618.0]
6679,1190036,[6252.0]
6680,1190042,[485981.0]
6681,1190374,"[36122.0, 344400.0, 423163.0, 10087.0, 1371163.0, 458701.0, 3392001.0, 3392002.0, 3392003.0, 3392004.0, 3392005.0, 3392006.0, 3392007.0, 3392008.0, 3392009.0]"
6682,1190638,[552338.0]
6683,1190695,[136759.0]
6684,1190811,"[12521.0, 393249.0]"
6685,1190896,[40563.0]
6686,1191411,[20559.0]
6687,1191449,[88922.0]
6688,1191527,"[1654.0, 19439.0]"
6689,1191652,[1654.0]
6690,1192363,[445303.0]
6691,1192365,[445303.0]
6692,1192701,[723801.0]
6693,1192756,[580315.0]
6694,1195044,[581186.0]
6695,1196299,[8588.0]
6696,1197449,[11654.0]
6697,1199972,[5816.0]
6698,1200626,[186776.0]
6699,1201724,[56162.0]
6700,1203543,[12433.0]
6701,1203856,[65471.0]
6702,1204341,[16159.0]
6703,1205572,"[5329.0, 158961.0]"
6704,1206089,[17064.0]
6705,1206544,[8924.0]
6706,1209527,[327010.0]
6707,1210754,[359109.0]
6708,1211171,[16667.0]
6709,1211904,[125984.0]
6710,1212627,[588356.0]
6711,1214422,[25307.0]
6712,1215032,[108424.0]
6713,1215918,[28375.0]
6714,1216128,"[4699102.0, 8994.0]"
6715,1216145,[50873.0]
6716,1220830,"[15337.0, 32048.0]"
6717,1222807,"[24830.0, 59749.0]"
6718,1222808,"[24830.0, 59749.0]"
6719,1222809,"[24830.0, 59749.0]"
6720,1222817,"[24830.0, 59749.0]"
6721,1225621,[17054.0]
6722,1225741,[317079.0]
6723,1226315,[20248.0]
6724,1226316,[20248.0]
6725,1226317,[20248.0]
6726,1226318,[20248.0]
6727,1228406,[594898.0]
6728,1228628,[32278.0]
6729,1228841,[224004.0]
6730,1228894,[83378.0]
6731,1229977,[4429.0]
6732,1231511,[27498.0]
6733,1231807,[6252.0]
6734,1231900,[5614141.0]
6735,1232960,[36289.0]
6736,1233478,[38066.0]
6737,1234727,[16939.0]
6738,1234765,[8355.0]
6739,1236298,[172490.0]
6740,1237435,[1069006.0]
6741,1237461,[6268.0]
6742,1239219,[470176.0]
6743,1239560,"[2968098.0, 10333.0]"
6744,1239933,[137902.0]
6745,1240131,[8695.0]
6746,1240662,[20248.0]
6747,1242833,[88609.0]
6748,1243009,[1069006.0]
6749,1243420,[14403.0]
6750,1244287,[136127.0]
6751,1244288,[136127.0]
6752,1244289,[136127.0]
6753,1244290,[136127.0]
6754,1245993,[601937.0]
6755,1247695,[36203.0]
6756,1250251,[1429808.0]
6757,1250316,[80984.0]
6758,1250770,"[1244.0, 411332.0]"
6759,1251032,[37048.0]
6760,1251979,[387612.0]
6761,1253331,[13023.0]
6762,1253424,[10038.0]
6763,1254247,[103359.0]
6764,1256157,[13652.0]
6765,1257271,[10359.0]
6766,1257586,[588356.0]
6767,1257796,[60177.0]
6768,1258928,[106.0]
6769,1260721,[87086.0]
6770,1260933,"[7717.0, 377138.0]"
6771,1261704,[112838.0]
6772,1262341,[42540.0]
6773,1263398,"[15453706.0, 28550.0]"
6774,1264695,[241301.0]
6775,1264696,[241301.0]
6776,1264916,[329391.0]
6777,1265593,[202312.0]
6778,1265703,[445303.0]
6779,1266051,[10746.0]
6780,1267905,"[5369.0, 7710.0, 15291.0, 119158.0]"
6781,1268916,[611149.0]
6782,1270247,"[224189.0, 25422.0, 146783.0, 150038.0, 237545.0, 12991.0, 194172.0, 5187772.0, 5763118.0, 162810.0, 361629.0, 345572.0, 1634882.0, 1394555.0, 172490.0, 3015290.0]"
6783,1270841,[22548.0]
6784,1273911,[40593.0]
6785,1274345,[11859.0]
6786,1275409,[51422.0]
6787,1276886,"[15873.0, 614479.0]"
6788,1277456,[8360.0]
6789,1277613,[31232.0]
6790,1281165,[23284.0]
6791,1281393,[3502.0]
6792,1281575,[27704.0]
6793,1282266,"[346732.0, 12052.0, 13557729.0]"
6794,1284050,[74488.0]
6795,1285240,[305720.0]
6796,1285413,[50894.0]
6797,1285704,[103359.0]
6798,1286971,"[15873.0, 405334.0, 325203.0]"
6799,1289644,[9494.0]
6800,1290383,[619755.0]
6801,1290386,[10746.0]
6802,1290387,"[10746.0, 169487.0]"
6803,1292327,[145092.0]
6804,1292496,[73789.0]
6805,1293450,[2357.0]
6806,1293881,[12014.0]
6807,1294624,"[1077326.0, 2927.0]"
6808,1294946,[172130.0]
6809,1295004,[621283.0]
6810,1295059,[13733.0]
6811,1295093,[13733.0]
6812,1295202,[41942.0]
6813,1296444,[234088.0]
6814,1297352,[42530.0]
6815,1301154,[5369.0]
6816,1303749,[1077326.0]
6817,1308762,[26906.0]
6818,1309217,[1221698.0]
6819,1309367,[106.0]
6820,1311496,[627571.0]
6821,1311727,[65471.0]
6822,1312183,"[16218.0, 5296442.0]"
6823,1312502,[78763.0]
6824,1316617,[137902.0]
6825,1317181,[1077326.0]
6826,1318894,[630285.0]
6827,1319412,[630482.0]
6828,1320105,[3857639.0]
6829,1326258,"[17015.0, 17010.0]"
6830,1327767,[3155347.0]
6831,1331644,[5816.0]
6832,1332162,"[7780181.0, 3619.0]"
6833,1332982,[49177.0]
6834,1332983,[49177.0]
6835,1334340,[656983.0]
6836,1334860,[580315.0]
6837,1335010,[12521.0]
6838,1335019,"[9494.0, 11210.0, 6943.0]"
6839,1335568,[52074.0]
6840,1335601,[38840.0]
6841,1338404,"[573850.0, 26170.0]"
6842,1338872,[22760.0]
6843,1339851,"[4430.0, 8110.0, 136127.0]"
6844,1341147,[13652.0]
6845,1343718,[1429808.0]
6846,1344000,"[8538.0, 6456544.0, 8536.0, 1041777.0, 8537.0, 3855865.0]"
6847,1346584,[41874.0]
6848,1346586,[41874.0]
6849,1347061,[361736.0]
6850,1348468,"[27498.0, 73351.0, 1871685.0]"
6851,1348596,[103028.0]
6852,1348886,[66700.0]
6853,1350187,[17061.0]
6854,1354323,[644349.0]
6855,1354730,[234088.0]
6856,1355946,"[12981.0, 496121.0]"
6857,1358538,[1221698.0]
6858,1359900,[408864.0]
6859,1360681,[3389.0]
6860,1362112,"[656983.0, 10269.0, 1582.0]"
6861,1364113,[8342728.0]
6862,1365739,[648882.0]
6863,1366744,[3502.0]
6864,1367809,[35595.0]
6865,1369202,[27379.0]
6866,1373315,[82969.0]
6867,1373490,[9018.0]
6868,1373491,[9018.0]
6869,1374429,[652133.0]
6870,1375607,[15987.0]
6871,1375896,"[157663.0, 619712.0]"
6872,1375898,"[157663.0, 619712.0]"
6873,1378683,"[15872.0, 465708.0]"
6874,1381691,"[393138.0, 732517.0]"
6875,1382251,"[555805.0, 555804.0]"
6876,1382868,[4106.0]
6877,1383797,"[673750.0, 85928.0]"
6878,1385783,[6461009.0]
6879,1386012,[124792.0]
6880,1386549,[8476.0]
6881,1387252,"[15873.0, 614479.0, 25355.0]"
6882,1387600,[1069006.0]
6883,1388813,[375626.0]
6884,1390326,[48308.0]
6885,1391321,[107170.0]
6886,1391483,[19169.0]
6887,1393280,[8349.0]
6888,1395209,"[146374.0, 660076.0]"
6889,1396008,[426944.0]
6890,1396528,[16667.0]
6891,1396684,[237195.0]
6892,1397217,[10885.0]
6893,1397224,[10885.0]
6894,1397874,[94892.0]
6895,1397889,[108007.0]
6896,1399268,[661579.0]
6897,1400307,"[4333.0, 4335.0]"
6898,1400424,[3624.0]
6899,1401766,"[552958.0, 97839.0]"
6900,1404465,[153732.0]
6901,1404466,[153732.0]
6902,1405053,[17064.0]
6903,1405310,[15987.0]
6904,1406126,[16391.0]
6905,1406197,"[9550.0, 675363.0]"
6906,1408114,[4338.0]
6907,1408586,[27500.0]
6908,1410206,[27704.0]
6909,1411563,[10366.0]
6910,1411713,[15590.0]
6911,1412138,[40563.0]
6912,1412852,"[2413.0, 341998.0]"
6913,1416784,[4260.0]
6914,1416797,[127191.0]
6915,1416845,[54475.0]
6916,1416852,[276615.0]
6917,1418830,[668710.0]
6918,1421978,[121825.0]
6919,1421990,[669810.0]
6920,1422250,[17059.0]
6921,1422252,[17059.0]
6922,1422253,[17059.0]
6923,1423073,"[4955836.0, 4470450.0, 371919.0]"
6924,1425469,[8185168.0]
6925,1425672,[88609.0]
6926,1428609,"[672375.0, 683741.0]"
6927,1431689,[338354.0]
6928,1432618,[656983.0]
6929,1433355,[12339.0]
6930,1433530,[5209023.0]
6931,1433826,[150338.0]
6932,1436393,[322402.0]
6933,1437283,[58.0]
6934,1438096,[46130.0]
6935,1438315,[874602.0]
6936,1440148,[128647.0]
6937,1440965,[18454.0]
6938,1441266,[380289.0]
6939,1441722,[24827.0]
6940,1443570,[237194.0]
6941,1444912,[78763.0]
6942,1445345,[1276004.0]
6943,1448631,"[142717.0, 12052.0, 1221698.0, 8347.0, 241236.0, 53193.0, 40983.0, 10896.0, 5989.0, 6587.0, 25.0, 331704.0, 1067608.0, 21158.0, 19305.0, 8694.0, 73422.0, 22993.0, 23069.0, 589.0]"
6944,1450407,[240708.0]
6945,1450967,[8924.0]
6946,1451694,[48206.0]
6947,1454116,[3389.0]
6948,1454118,[3389.0]
6949,1455332,[200504.0]
6950,1455439,[23069.0]
6951,1456034,"[11654.0, 1400210.0]"
6952,1456604,[683580.0]
6953,1458868,[218749.0]
6954,1459209,[12350.0]
6955,1462020,[685776.0]
6956,1462970,[10522.0]
6957,1468077,"[5255014.0, 3346002.0]"
6958,1468912,[550450.0]
6959,1471425,[150038.0]
6960,1473780,[73149.0]
6961,1474608,[580315.0]
6962,1475239,[353686.0]
6963,1475288,"[16218.0, 31505.0]"
6964,1476260,"[9172.0, 4947.0]"
6965,1476344,[1637418.0]
6966,1477274,"[880695.0, 821389.0]"
6967,1479413,[692437.0]
6968,1479426,[7622049.0]
6969,1480078,[15873.0]
6970,1486069,[418784.0]
6971,1488204,[696372.0]
6972,1488663,[238787.0]
6973,1490237,[49177.0]
6974,1490430,"[656983.0, 42156.0, 28709.0, 150123.0]"
6975,1490436,[656983.0]
6976,1492132,[870.0]
6977,1493253,"[243395.0, 6154058.0]"
6978,1493618,[230218.0]
6979,1498424,"[97228.0, 211530.0, 322781.0]"
6980,1499469,[5255014.0]
6981,1501665,[9629.0]
6982,1505922,[703538.0]
6983,1506152,[703660.0]
6984,1507013,[427753.0]
6985,1507805,[27498.0]
6986,1508685,"[378702.0, 570548.0]"
6987,1509992,[330393.0]
6988,1517507,[345287.0]
6989,1518666,[341266.0]
6990,1522942,"[1077326.0, 123344.0]"
6991,1522943,"[1077326.0, 123344.0]"
6992,1524173,[34049.0]
6993,1524269,[497291.0]
6994,1525091,[693782.0]
6995,1525768,[711760.0]
6996,1535273,"[715521.0, 8185168.0]"
6997,1536818,[14617.0]
6998,1537134,"[656983.0, 20255.0]"
6999,1537540,[58654.0]
7000,1537678,"[490342.0, 207823.0]"
7001,1540890,[116617.0]
7002,1541223,[625.0]
7003,1541884,[7581.0]
7004,1542837,[1040250.0]
7005,1543965,[24009.0]
7006,1548325,"[4094986.0, 3231.0]"
7007,1548482,"[103243.0, 2286514.0]"
7008,1550100,[275125.0]
7009,1551102,[1069006.0]
7010,1553844,[8646.0]
7011,1553885,[4735.0]
7012,1555398,[103359.0]
7013,1558414,[15726385.0]
7014,1559895,[528122.0]
7015,1561766,[4708.0]
7016,1562090,[8649.0]
7017,1568376,[8649.0]
7018,1569097,[22543.0]
7019,1569105,[87306.0]
7020,1569110,[87306.0]
7021,1575243,[15873.0]
7022,1579790,[540845.0]
7023,1581365,[15872.0]
7024,1582996,[150038.0]
7025,1583121,[11761.0]
7026,1583470,[6268.0]
7027,1584974,[1310735.0]
7028,1586111,[4841825.0]
7029,1586424,[8146.0]
7030,1587065,[43835.0]
7031,1589581,"[3389.0, 6941.0]"
7032,1589604,[3389.0]
7033,1593270,[7581.0]
7034,1593623,[25307.0]
7035,1598068,[4522.0]
7036,1598309,"[606108.0, 734522.0, 734521.0]"
7037,1598837,[26.0]
7038,1599297,[40881.0]
7039,1599302,[552457.0]
7040,1603125,[21198.0]
7041,1603393,[743343.0]
7042,1604437,[10986.0]
7043,1607595,[2465550.0]
7044,1610998,"[4698899.0, 1945379.0]"
7045,1611656,[4428.0]
7046,1611657,[746724.0]
7047,1612302,[31425.0]
7048,1612671,"[10180.0, 15086.0, 35400.0, 18313.0, 159492.0, 4111263.0, 16582578.0, 38860.0, 131396.0, 706288.0]"
7049,1620912,[1441.0]
7050,1620913,[1441.0]
7051,1620977,[33508.0]
7052,1624920,[8988.0]
7053,1627906,[80127.0]
7054,1628260,[5255014.0]
7055,1636228,[756861.0]
7056,1637454,[146374.0]
7057,1642591,"[656983.0, 9533.0, 9545.0]"
7058,1644692,[760392.0]
7059,1650178,"[3400721.0, 954360.0]"
7060,1651313,[1310735.0]
7061,1651392,[762973.0]
7062,1652863,[10325.0]
7063,1654726,"[124055.0, 359532.0]"
7064,1656001,[941441.0]
7065,1658759,"[3261705.0, 3261706.0]"
7066,1661390,[505695.0]
7067,1662589,[221073.0]
7068,1666226,[146374.0]
7069,1666365,[13726.0]
7070,1668764,[1077326.0]
7071,1669906,[43538.0]
7072,1677750,[773948.0]
7073,1678247,[10038.0]
7074,1678741,[2614.0]
7075,1685350,"[24830.0, 59749.0]"
7076,1685986,[777375.0]
7077,1685995,[58.0]
7078,1687350,[777907.0]
7079,1691307,"[23419.0, 5602.0]"
7080,1691409,"[18111.0, 2964772.0, 1624847.0]"
7081,1691582,"[25052.0, 2086916.0]"
7082,1692372,[762973.0]
7083,1695820,[27379.0]
7084,1696917,[16.0]
7085,1698713,[237638.0]
7086,1702668,"[97228.0, 17059.0]"
7087,1703097,[784176.0]
7088,1704159,[101078.0]
7089,1705748,[7779.0]
7090,1707240,[2614.0]
7091,1707287,[4794.0]
7092,1707509,"[34878.0, 285212.0]"
7093,1708120,[46540.0]
7094,1708122,[786250.0]
7095,1708127,"[23.0, 2614.0, 35023.0, 11858.0]"
7096,1711470,[53597.0]
7097,1712569,[5816.0]
7098,1717889,[2901559.0]
7099,1717891,[2901559.0]
7100,1717909,[294057.0]
7101,1718577,"[118848.0, 118847.0]"
7102,1721146,[337831.0]
7103,1723246,[492365.0]
7104,1723927,[2387.0]
7105,1724365,[391385.0]
7106,1729146,[74046.0]
7107,1729643,[794667.0]
7108,1731486,[116581.0]
7109,1731752,[32665.0]
7110,1734463,[88922.0]
7111,1740356,[2860058.0]
7112,1741089,[11586.0]
7113,1743390,[800019.0]
7114,1743870,[257412.0]
7115,1746470,[4430.0]
7116,1752611,[7025.0]
7117,1756830,[17064.0]
7118,1762364,[8726.0]
7119,1764154,[7742.0]
7120,1766590,[75603.0]
7121,1768957,[191456.0]
7122,1771764,[760392.0]
7123,1773616,"[723801.0, 35022.0, 28550.0, 131208.0, 21665.0, 7581.0, 10746.0, 15292.0, 823146.0]"
7124,1777231,[6981617.0]
7125,1777371,[14454.0]
7126,1778691,[814354.0]
7127,1778692,[814354.0]
7128,1778693,[814354.0]
7129,1778908,[1221698.0]
7130,1780124,[20936.0]
7131,1781673,[5542.0]
7132,1788148,[19305.0]
7133,1788166,[86265.0]
7134,1790150,"[819392.0, 467065.0]"
7135,1792183,"[941441.0, 511951.0]"
7136,1795542,[821504.0]
7137,1797057,[1069006.0]
7138,1797901,[16094.0]
7139,1799011,"[9550.0, 1992760.0, 242006.0, 8621.0, 822927.0]"
7140,1799478,[823146.0]
7141,1800290,[16218.0]
7142,1801939,[5621.0]
7143,1801997,[1221698.0]
7144,1802710,[105220.0]
7145,1802711,[105220.0]
7146,1807649,[7244324.0]
7147,1809175,"[827236.0, 2541147.0]"
7148,1810286,[38598.0]
7149,1811543,[21748.0]
7150,1813172,"[142758.0, 142759.0]"
7151,1814387,[9432.0]
7152,1814843,[34049.0]
7153,1814961,"[829488.0, 417798.0]"
7154,1818287,[418403.0]
7155,1819013,[5791.0]
7156,1820174,[477469.0]
7157,1821816,[376347.0]
7158,1822316,[408864.0]
7159,1822612,"[15872.0, 465708.0]"
7160,1823237,[833164.0]
7161,1824432,[833687.0]
7162,1826195,[208650.0]
7163,1828067,[835348.0]
7164,1829655,[836009.0]
7165,1829709,[3780.0]
7166,1830755,[71688.0]
7167,1831563,[259548.0]
7168,1832894,[59401.0]
7169,1832933,[199919.0]
7170,1835584,[10275.0]
7171,1839075,"[4431689.0, 4431689.0]"
7172,1840934,[110234.0]
7173,1841361,[567167.0]
7174,1843531,"[6988.0, 24041.0, 6853.0]"
7175,1844851,[172487.0]
7176,1847000,[9766.0]
7177,1851166,[63116.0]
7178,1851687,"[1630.0, 25682.0]"
7179,1851937,"[1022975.0, 4522.0, 26811.0, 7241543.0, 169509.0, 66497.0, 11881861.0, 101873.0, 101874.0]"
7180,1852521,[10518.0]
7181,1856301,[589.0]
7182,1857440,[225033.0]
7183,1858349,[108905.0]
7184,1859553,[3857639.0]
7185,1861938,[33918.0]
7186,1865653,"[32637.0, 56968.0]"
7187,1866232,[49177.0]
7188,1866352,[127492.0]
7189,1871863,[123087.0]
7190,1879966,[856819.0]
7191,1885731,[1077326.0]
7192,1886019,[869.0]
7193,1888214,[2990613.0]
7194,1890387,"[16939.0, 102886.0, 3961.0]"
7195,1891120,[16939.0]
7196,1891296,[179712.0]
7197,1893392,[521676.0]
7198,1895792,[50873.0]
7199,1896805,[194172.0]
7200,1898443,[8164.0]
7201,1898882,[227382.0]
7202,1898916,"[153732.0, 1411091.0]"
7203,1902381,[8660.0]
7204,1904217,[17060.0]
7205,1906381,"[165675.0, 20010.0, 50802.0, 5251086.0, 26798.0]"
7206,1911138,[35017.0]
7207,1911378,"[13867.0, 13652.0, 279919.0]"
7208,1913178,"[6986.0, 2804058.0]"
7209,1913193,"[170985.0, 5614141.0]"
7210,1914018,"[18851.0, 7710.0]"
7211,1918062,[1023510.0]
7212,1918320,[85623.0]
7213,1918955,[17061.0]
7214,1920642,[874049.0]
7215,1921383,[156522.0]
7216,1921871,[16218.0]
7217,1925821,[20248.0]
7218,1926061,[156522.0]
7219,1928597,"[206960.0, 239385.0]"
7220,1928873,[375626.0]
7221,1930326,[1630.0]
7222,1931351,[35022.0]
7223,1931915,[19564.0]
7224,1932042,[99836.0]
7225,1933444,"[656983.0, 9545.0]"
7226,1937288,"[6464383.0, 121364.0]"
7227,1938303,[486777.0]
7228,1938308,"[1654.0, 19440.0]"
7229,1939794,[58997.0]
7230,1942596,[874602.0]
7231,1947017,[254291.0]
7232,1947527,[885302.0]
7233,1950067,[23894.0]
7234,1952259,[9320.0]
7235,1953865,[76423.0]
7236,1953965,[202312.0]
7237,1955063,[888413.0]
7238,1956954,[326338.0]
7239,1961314,[26878.0]
7240,1961402,[26878.0]
7241,1961495,[396497.0]
7242,1961496,[8591.0]
7243,1961516,[48192.0]
7244,1965996,[76549.0]
7245,1966969,[445303.0]
7246,1973857,"[10885.0, 35815.0]"
7247,1974134,[1654.0]
7248,1975302,[821504.0]
7249,1980737,[581186.0]
7250,1981412,[32530.0]
7251,1986297,"[8164.0, 123344.0]"
7252,1986356,"[8685.0, 902398.0, 2742751.0, 31255.0, 832426.0, 1091600.0, 2742752.0]"
7253,1989153,[26738.0]
7254,1991184,[1346588.0]
7255,1993860,[5791.0]
7256,1994990,"[9494.0, 3524.0, 10182.0]"
7257,1995100,[32590.0]
7258,1996409,[26.0]
7259,1997428,[784067.0]
7260,1999627,[2614.0]
7261,1999849,[908571.0]
7262,2003625,[4428.0]
7263,2003738,"[6464383.0, 121364.0]"
7264,2006756,[507943.0]
7265,2006757,[507943.0]
7266,2009052,[127492.0]
7267,2011175,[913909.0]
7268,2011835,[24818.0]
7269,2011848,[50976.0]
7270,2012171,[38820.0]
7271,2015492,[87306.0]
7272,2016005,[2103666.0]
7273,2019191,[917546.0]
7274,2020473,[8649.0]
7275,2021006,[33918.0]
7276,2022976,[1221698.0]
7277,2029361,"[8454.0, 8455.0, 346732.0]"
7278,2029736,"[869.0, 868.0]"
7279,2029927,[9355.0]
7280,2033584,[1067608.0]
7281,2037808,"[8476.0, 362098.0]"
7282,2038010,"[23894.0, 4022439.0]"
7283,2038020,"[26773.0, 237985.0, 413367.0]"
7284,2038677,[266391.0]
7285,2038926,[31247.0]
7286,2039283,"[165168.0, 2161876.0]"
7287,2041545,[8588.0]
7288,2042248,[52050.0]
7289,2042956,"[15412.0, 5351.0]"
7290,2042968,[25182.0]
7291,2043256,[3377941.0]
7292,2043599,"[32637.0, 56968.0]"
7293,2049298,[6206.0]
7294,2049427,[71808.0]
7295,2049823,[8347.0]
7296,2049893,[40563.0]
7297,2050179,[723652.0]
7298,2051840,[153734.0]
7299,2061351,[122735.0]
7300,2062538,[8347.0]
7301,2065091,[42110.0]
7302,2068667,[71155.0]
7303,2069495,"[17618.0, 546590.0]"
7304,2070346,[29624.0]
7305,2071683,[17061.0]
7306,2072153,[7742.0]
7307,2072511,[2967731.0]
7308,2073480,[8730.0]
7309,2073629,"[10087.0, 1179548.0]"
7310,2073686,"[65335.0, 65334.0]"
7311,2075601,[16143.0]
7312,2075778,"[656983.0, 9545.0]"
7313,2078017,[78303.0]
7314,2079686,[9072.0]
7315,2080863,[760392.0]
7316,2081569,[944594.0]
7317,2083991,"[27498.0, 73351.0, 469607.0]"
7318,2086389,[106.0]
7319,2090640,[953371.0]
7320,2091315,[953612.0]
7321,2093204,[65783.0]
7322,2093969,"[16839.0, 34161.0, 1221698.0]"
7323,2098158,[3618.0]
7324,2102600,[4763.0]
7325,2106193,[138742.0]
7326,2107142,[89622.0]
7327,2108198,"[1221698.0, 55811.0]"
7328,2111520,[276660.0]
7329,2111634,[20295.0]
7330,2112904,[16094.0]
7331,2113260,[4432.0]
7332,2113261,"[4432.0, 5774051.0]"
7333,2113443,[31869.0]
7334,2113972,[104514.0]
7335,2115046,[38550.0]
7336,2116412,[426944.0]
7337,2118702,[44724.0]
7338,2120358,"[10896.0, 2743539.0]"
7339,2120932,[15872.0]
7340,2124106,"[25052.0, 2973944.0]"
7341,2124206,[1025280.0]
7342,2124830,"[941441.0, 494654.0]"
7343,2127283,[396497.0]
7344,2132220,"[1077326.0, 5446186.0]"
7345,2132254,[10089.0]
7346,2132280,[6988.0]
7347,2132429,[25205.0]
7348,2133795,[970554.0]
7349,2133969,[15872.0]
7350,2135181,[75750.0]
7351,2136943,[1221698.0]
7352,2137538,"[180392.0, 2878198.0]"
7353,2138584,[81017.0]
7354,2139956,[11663.0]
7355,2140775,[34997.0]
7356,2141877,[4260.0]
7357,2142543,[974022.0]
7358,2144899,[415731.0]
7359,2146957,[25052.0]
7360,2149535,[9550.0]
7361,2150466,"[17061.0, 2729427.0]"
7362,2151356,[656983.0]
7363,2151424,[656983.0]
7364,2152871,[9237.0]
7365,2153427,[361963.0]
7366,2153792,[53597.0]
7367,2157243,[165168.0]
7368,2158376,"[589.0, 122652.0]"
7369,2161614,[240708.0]
7370,2162714,[33918.0]
7371,2163737,"[65335.0, 65334.0]"
7372,2164409,[5816.0]
7373,2167829,[15872.0]
7374,2168860,[669810.0]
7375,2168861,"[17064.0, 669810.0, 431825.0, 41874.0]"
7376,2169223,[685776.0]
7377,2169313,[5816.0]
7378,2170094,"[656983.0, 3191623.0]"
7379,2170903,[100752.0]
7380,2171498,[73149.0]
7381,2173611,[4260.0]
7382,2174950,"[8726.0, 567407.0, 87584.0]"
7383,2175461,[207695.0]
7384,2177356,[9237.0]
7385,2179276,[10896.0]
7386,2181092,[344067.0]
7387,2181371,[725899.0]
7388,2183571,[589.0]
7389,2184632,[692437.0]
7390,2185113,[41942.0]
7391,2185147,[41942.0]
7392,2187324,[315657.0]
7393,2187538,[82540.0]
7394,2189157,[17054.0]
7395,2190742,"[3843.0, 57085.0]"
7396,2191733,[16218.0]
7397,2192092,"[32637.0, 56968.0]"
7398,2192340,[36276.0]
7399,2194051,"[27498.0, 73351.0, 1871685.0]"
7400,2194861,[656983.0]
7401,2195178,[105839.0]
7402,2195309,[625.0]
7403,2196178,[995186.0]
7404,2199996,[175855.0]
7405,2200913,[8685.0]
7406,2201246,[172977.0]
7407,2202052,[621058.0]
7408,2203819,[485981.0]
7409,2204464,[13677.0]
7410,2208744,[359109.0]
7411,2208767,[14617.0]
7412,2210151,[1000381.0]
7413,2213661,"[1221698.0, 10365.0]"
7414,2214059,[167737.0]
7415,2215406,[1023510.0]
7416,2216132,[773064.0]
7417,2216760,[3619.0]
7418,2219694,[348878.0]
7419,2220889,[137386.0]
7420,2223324,[616.0]
7421,2223967,[83308.0]
7422,2224451,[1005984.0]
7423,2224813,[276133.0]
7424,2225238,"[3618.0, 377138.0]"
7425,2225495,[477469.0]
7426,2226187,[12350.0]
7427,2227031,[4430.0]
7428,2232994,[41032.0]
7429,2233407,[17061.0]
7430,2234033,[1441.0]
7431,2234034,[1441.0]
7432,2235235,[215710.0]
7433,2237117,[27498.0]
7434,2238093,"[25422.0, 25421.0]"
7435,2239941,[1077326.0]
7436,2240429,"[17054.0, 6436872.0, 1967.0, 35022.0, 26738.0, 1356336.0, 17063.0, 7742.0, 50.0, 131208.0, 16033.0, 88608.0, 8988.0, 139575.0]"
7437,2242097,[19733.0]
7438,2243541,[941441.0]
7439,2246092,"[33919.0, 410598.0, 58971.0, 347821.0, 130698.0, 162927.0, 6984757.0, 146286.0, 545.0, 61920.0, 713340.0, 93457.0, 16939.0, 58654.0, 234088.0, 2715.0, 207286.0, 86475.0]"
7440,2246937,[4432.0]
7441,2246941,"[97228.0, 17059.0, 213510.0, 137902.0]"
7442,2248164,[1015012.0]
7443,2248573,[8349.0]
7444,2251041,[23157.0]
7445,2251777,"[48535.0, 2050238.0]"
7446,2253471,[20513.0]
7447,2254009,[8347.0]
7448,2254392,[22543.0]
7449,2255114,[1429808.0]
7450,2255638,[31232.0]
7451,2255639,[3020656.0]
7452,2255792,[27704.0]
7453,2257948,"[27498.0, 610353.0]"
7454,2257949,[27498.0]
7455,2258216,[379444.0]
7456,2260675,[18880.0]
7457,2261213,"[150038.0, 2616914.0]"
7458,2261214,[150038.0]
7459,2261459,[848968.0]
7460,2262319,"[159787.0, 63522.0]"
7461,2264142,[346732.0]
7462,2266021,"[941441.0, 511951.0, 2567014.0]"
7463,2266884,[26.0]
7464,2269324,"[5174290.0, 239128.0, 821504.0]"
7465,2272510,[48190.0]
7466,2272515,[1024403.0]
7467,2272641,[3995.0]
7468,2272813,[293603.0]
7469,2273246,[270479.0]
7470,2274683,[1025280.0]
7471,2276553,[97284.0]
7472,2278298,[65137.0]
7473,2278833,[10275.0]
7474,2281052,[153394.0]
7475,2281814,[35022.0]
7476,2282133,[137902.0]
7477,2282320,"[218826.0, 22475.0, 242350.0, 54584.0, 120948.0, 58023.0, 28185.0, 7709913.0, 9768.0, 277865.0, 121703.0, 22425.0, 7709895.0, 686961.0, 98215.0, 25027.0, 83852.0, 21550.0, 149688.0, 70026.0, 6296.0, 9212.0, 455201.0]"
7478,2287223,"[656983.0, 9545.0]"
7479,2287468,"[38569.0, 591108.0]"
7480,2287499,[567167.0]
7481,2288232,[273705.0]
7482,2291458,[4432.0]
7483,2292060,"[1031911.0, 2742900.0]"
7484,2292175,[1301649.0]
7485,2294528,[4260.0]
7486,2294535,[4260.0]
7487,2295534,[6244.0]
7488,2295829,[15292.0]
7489,2295830,[15292.0]
7490,2298136,[3565.0]
7491,2299110,[4430.0]
7492,2299685,[40881.0]
7493,2300898,[1035116.0]
7494,2301796,"[48206.0, 564470.0]"
7495,2302159,[1035609.0]
7496,2302479,[19564.0]
7497,2302537,[1035739.0]
7498,2304317,[57461.0]
7499,2305862,"[1036925.0, 1036924.0]"
7500,2310633,[484480.0]
7501,2310956,[336058.0]
7502,2311681,[941441.0]
7503,2311682,[941441.0]
7504,2314130,[72451.0]
7505,2314165,[567138.0]
7506,2314315,[415967.0]
7507,2315892,[276660.0]
7508,2316940,[1441.0]
7509,2316941,"[2285270.0, 589.0, 83308.0, 121364.0, 20936.0, 225692.0, 1362876.0, 2851724.0, 55830.0, 2851721.0, 2851722.0, 2851723.0, 2851725.0, 2851726.0, 2851727.0]"
7510,2318136,[821504.0]
7511,2319370,[28550.0]
7512,2319381,[1042536.0]
7513,2319385,[194172.0]
7514,2321296,[175855.0]
7515,2321839,[784176.0]
7516,2321974,[652938.0]
7517,2323295,[1977.0]
7518,2323296,[1977.0]
7519,2324416,[950140.0]
7520,2324902,"[153732.0, 1411091.0]"
7521,2325009,[656983.0]
7522,2325248,"[1044773.0, 1044772.0, 4530961.0]"
7523,2325636,[431825.0]
7524,2326730,[941441.0]
7525,2327608,[1045593.0]
7526,2327958,[64364.0]
7527,2330041,[4874418.0]
7528,2330222,[1046722.0]
7529,2330339,[6988.0]
7530,2330383,[790918.0]
7531,2330661,[46130.0]
7532,2330711,[146374.0]
7533,2330877,[230226.0]
7534,2332145,[1047356.0]
7535,2332154,[1047356.0]
7536,2332157,[1047356.0]
7537,2332389,[69469.0]
7538,2333041,[251279.0]
7539,2336321,"[88608.0, 7941.0, 335956.0, 24009.0]"
7540,2336322,[7941.0]
7541,2337147,[7025.0]
7542,2337263,"[1221698.0, 188344.0]"
7543,2337265,[1221698.0]
7544,2337379,[1077326.0]
7545,2337583,[9550.0]
7546,2340561,[335956.0]
7547,2342943,[1051591.0]
7548,2344214,[17015.0]
7549,2344218,"[1429808.0, 90455.0, 48192.0, 17015.0]"
7550,2344297,[30819.0]
7551,2345603,[2465550.0]
7552,2346649,[8516.0]
7553,2346891,[73084.0]
7554,2348157,[37060.0]
7555,2348318,[42508.0]
7556,2348338,[311098.0]
7557,2348596,[1967.0]
7558,2349065,[794667.0]
7559,2352137,[1077326.0]
7560,2352457,[10885.0]
7561,2353644,[108173.0]
7562,2354522,[504484.0]
7563,2354843,[19158.0]
7564,2355575,[40563.0]
7565,2356304,[334443.0]
7566,2357073,[418403.0]
7567,2357378,[1069006.0]
7568,2358870,[10896.0]
7569,2362764,[1077326.0]
7570,2363092,[1005984.0]
7571,2365730,[13026.0]
7572,2365897,[567167.0]
7573,2368381,"[1749.0, 1411821.0]"
7574,2369498,[169523.0]
7575,2370696,[8726.0]
7576,2371124,[272814.0]
7577,2371491,"[1061934.0, 380242.0]"
7578,2378312,[8349.0]
7579,2381041,[196212.0]
7580,2382052,"[437669.0, 7577.0]"
7581,2382362,[208650.0]
7582,2385397,"[88506.0, 4522.0]"
7583,2386345,[26.0]
7584,2386455,[16391.0]
7585,2387722,[1067608.0]
7586,2388005,[803937.0]
7587,2388730,[179712.0]
7588,2391371,[23417.0]
7589,2392459,[47792.0]
7590,2394187,[1067608.0]
7591,2395279,[732646.0]
7592,2398197,[51118.0]
7593,2399403,"[869.0, 868.0]"
7594,2401681,[870.0]
7595,2401818,[8695.0]
7596,2402971,[27100.0]
7597,2403889,[6268.0]
7598,2404597,[1073598.0]
7599,2406857,[48397.0]
7600,2408602,[2845500.0]
7601,2409564,[20559.0]
7602,2411128,[8202779.0]
7603,2411569,[941441.0]
7604,2411828,[93726.0]
7605,2412493,[18738.0]
7606,2412562,[668710.0]
7607,2412563,"[668710.0, 146768.0, 143699.0, 510191.0, 1014253.0, 234088.0, 1957584.0, 1011829.0, 224189.0, 1890154.0, 1884632.0, 560014.0, 285812.0, 1207458.0, 560012.0, 401492.0, 338705.0, 1957587.0, 2915792.0, 2915794.0, 1346588.0]"
7608,2414039,"[5376.0, 2918113.0]"
7609,2414516,[452671.0]
7610,2414574,[234088.0]
7611,2415887,[941441.0]
7612,2419450,[344618.0]
7613,2420112,[101078.0]
7614,2422033,[344352.0]
7615,2423981,[35023.0]
7616,2424001,[2493.0]
7617,2424593,"[1654.0, 2608381.0]"
7618,2425696,[411853.0]
7619,2429032,"[1654.0, 13869.0]"
7620,2429217,[40330.0]
7621,2429973,[25027.0]
7622,2430310,[28083.0]
7623,2430564,[376347.0]
7624,2430620,[108173.0]
7625,2430731,[17064.0]
7626,2430999,[86265.0]
7627,2431123,"[65137.0, 153738.0]"
7628,2432504,[13652.0]
7629,2433779,[241301.0]
7630,2433893,[328151.0]
7631,2435853,[552457.0]
7632,2436617,[108173.0]
7633,2436899,[53249.0]
7634,2439336,[1086430.0]
7635,2439888,[87306.0]
7636,2440645,[12695.0]
7637,2440646,[12695.0]
7638,2443516,[13557729.0]
7639,2443783,[356164.0]
7640,2444135,[6268.0]
7641,2444163,[9432.0]
7642,2444203,[7581.0]
7643,2444340,"[167737.0, 33262.0]"
7644,2445045,[162678.0]
7645,2451090,[32157.0]
7646,2452326,[23.0]
7647,2454986,"[150810.0, 362098.0]"
7648,2454990,"[150810.0, 362098.0]"
7649,2455482,[165210.0]
7650,2456529,[293603.0]
7651,2456909,[26897.0]
7652,2457253,[4757071.0]
7653,2457867,[119830.0]
7654,2460633,[3504.0]
7655,2464757,[13026.0]
7656,2464778,[275252.0]
7657,2464878,[188719.0]
7658,2465823,[270447.0]
7659,2468596,[38531.0]
7660,2470390,[31247.0]
7661,2470411,[31247.0]
7662,2472565,[421434.0]
7663,2475768,[1100089.0]
7664,2477117,[1100593.0]
7665,2479827,[8349.0]
7666,2482930,[41874.0]
7667,2483902,[334465.0]
7668,2485836,[3020656.0]
7669,2487695,[826097.0]
7670,2487696,[826097.0]
7671,2488435,[5816.0]
7672,2490519,[230226.0]
7673,2491569,[25205.0]
7674,2495561,[108424.0]
7675,2495562,[108424.0]
7676,2495563,[108424.0]
7677,2495564,[108424.0]
7678,2495567,[108424.0]
7679,2496546,"[8347.0, 258912.0]"
7680,2497690,"[24830.0, 59749.0]"
7681,2498202,[470453.0]
7682,2498983,[48192.0]
7683,2499315,[49381.0]
7684,2502066,[656983.0]
7685,2504935,[27.0]
7686,2505609,[1111303.0]
7687,2506250,[1111511.0]
7688,2507284,[630285.0]
7689,2508164,[1112218.0]
7690,2516188,[242473.0]
7691,2516238,[153741.0]
7692,2520921,[9018.0]
7693,2529838,"[566874.0, 717304.0]"
7694,2530555,[239579.0]
7695,2530600,[96909.0]
7696,2535732,"[828002.0, 2472310.0]"
7697,2539487,[102987.0]
7698,2539501,[102987.0]
7699,2539502,[102987.0]
7700,2539696,[78305.0]
7701,2547481,[223343.0]
7702,2549937,[202312.0]
7703,2550219,[32401.0]
7704,2568513,"[8164.0, 59749.0]"
7705,2570856,[1136158.0]
7706,2571305,[5032196.0]
7707,2572997,[131208.0]
7708,2573116,[8596.0]
7709,2573876,[8730.0]
7710,2574397,[177048.0]
7711,2575034,"[4522.0, 59165.0]"
7712,2575572,"[10746.0, 10182.0]"
7713,2578940,[128231.0]
7714,2580514,[41542.0]
7715,2580579,[41874.0]
7716,2582799,[1141052.0]
7717,2584352,[2803575.0]
7718,2584424,[1141756.0]
7719,2585258,[27813.0]
7720,2590200,[221253.0]
7721,2590477,[24827.0]
7722,2591661,[4.0]
7723,2592190,[67481.0]
7724,2598001,[184516.0]
7725,2599651,[566874.0]
7726,2599653,[566874.0]
7727,2599655,[566874.0]
7728,2603681,[1149276.0]
7729,2606517,[40570.0]
7730,2610426,[145092.0]
7731,2612238,[1152342.0]
7732,2619996,[1155055.0]
7733,2621176,[8835.0]
7734,2621383,[31232.0]
7735,2637138,"[10746.0, 1186079.0]"
7736,2638810,"[150038.0, 2616914.0]"
7737,2639437,[1754585.0]
7738,2641208,[2901559.0]
7739,2642445,[823146.0]
7740,2643052,"[5255014.0, 69163.0]"
7741,2647293,"[8164.0, 180439.0]"
7742,2650712,[941441.0]
7743,2653173,[1069006.0]
7744,2653412,[245099.0]
7745,2653584,[165168.0]
7746,2654980,[435114.0]
7747,2658545,[245963.0]
7748,2658950,[1169391.0]
7749,2662169,[277536.0]
7750,2662886,"[13677.0, 7877.0]"
7751,2664597,[26878.0]
7752,2669405,[56019.0]
7753,2675261,[9629.0]
7754,2678758,[13681.0]
7755,2679633,[375143.0]
7756,2687149,[153733.0]
7757,2689742,[1180263.0]
7758,2689941,"[49177.0, 663796.0]"
7759,2693142,[1058653.0]
7760,2696305,[4522.0]
7761,2697119,[1036943.0]
7762,2700825,"[27206.0, 174708.0]"
7763,2702704,[48206.0]
7764,2702948,"[31253.0, 203791.0]"
7765,2703450,"[9355.0, 925.0]"
7766,2704776,[55474.0]
7767,2705034,[38550.0]
7768,2705590,[48206.0]
7769,2705629,[11571.0]
7770,2706235,"[799707.0, 799706.0]"
7771,2712887,[35022.0]
7772,2712967,[48192.0]
7773,2721211,[2594.0]
7774,2721947,[270312.0]
7775,2722413,[1192311.0]
7776,2725169,[11858.0]
7777,2725180,[11858.0]
7778,2725419,[1023510.0]
7779,2728900,"[1654.0, 391236.0]"
7780,2729396,[32912.0]
7781,2730022,[3780.0]
7782,2731336,"[184504.0, 571819.0]"
7783,2737931,[131208.0]
7784,2741850,[7581.0]
7785,2744959,[2748537.0]
7786,2747288,[1948907.0]
7787,2748241,"[6573790.0, 27205.0]"
7788,2751329,[9550.0]
7789,2752371,[1101077.0]
7790,2753843,[21911.0]
7791,2754510,[137902.0]
7792,2754526,[153738.0]
7793,2761829,"[175855.0, 13957.0, 30033.0, 40593.0, 58846.0]"
7794,2762488,"[27498.0, 73351.0, 157004.0]"
7795,2763660,[9355.0]
7796,2764437,[941441.0]
7797,2766898,[7116.0]
7798,2767793,[38550.0]
7799,2770316,[20983.0]
7800,2771426,[13014.0]
7801,2774803,[227719.0]
7802,2775759,[125984.0]
7803,2776789,[45315.0]
7804,2781816,[105839.0]
7805,2781819,[105839.0]
7806,2783748,[18253.0]
7807,2788968,[1182729.0]
7808,2790537,[567167.0]
7809,2793511,[34854.0]
7810,2794395,[12521.0]
7811,2794955,[2357.0]
7812,2797251,[1219247.0]
7813,2798094,[9550.0]
7814,2798159,"[157663.0, 178972.0]"
7815,2800881,[17054.0]
7816,2800905,[7581.0]
7817,2801440,"[883425.0, 2988527.0]"
7818,2801573,[27498.0]
7819,2801577,[27498.0]
7820,2801635,[24818.0]
7821,2801914,"[6464383.0, 121364.0]"
7822,2802316,[137902.0]
7823,2808554,[9018.0]
7824,2808945,"[1221698.0, 10365.0]"
7825,2808946,[1221698.0]
7826,2813124,[7581.0]
7827,2819137,"[1221698.0, 44524.0]"
7828,2820533,[58846.0]
7829,2822861,[270887.0]
7830,2824941,[10366.0]
7831,2828180,[1275451.0]
7832,2828595,[5339.0]
7833,2830421,[1654.0]
7834,2833308,[32401.0]
7835,2834095,[55474.0]
7836,2836109,[34049.0]
7837,2837560,[145294.0]
7838,2842796,[274667.0]
7839,2850734,[1238111.0]
7840,2854878,[28946.0]
7841,2854962,[6206.0]
7842,2855034,[1654.0]
7843,2855165,"[4698899.0, 1945379.0]"
7844,2855252,"[1239645.0, 38066.0, 131208.0, 67481.0, 226035.0, 336040.0, 4798562.0, 137386.0, 51118.0, 96909.0, 415967.0, 8110.0, 245963.0, 308894.0, 38530.0, 27206.0, 78303.0, 162678.0, 269065.0, 7742.0, 88608.0, 48190.0, 2792373.0, 2792375.0, 288167.0]"
7845,2856130,[5329.0]
7846,2865228,[34049.0]
7847,2865290,"[1112988.0, 211269.0, 184918.0, 12350.0, 52320.0, 22546.0, 22547.0, 5989.0, 22549.0, 12991.0, 67272.0, 58017.0, 281552.0, 8360.0, 396931.0, 162936.0, 24901.0, 101996.0, 277536.0, 107170.0, 54462.0, 7271.0]"
7848,2866413,[125308.0]
7849,2866718,"[17015.0, 17010.0]"
7850,2868146,[116617.0]
7851,2868646,[5339.0]
7852,2868888,[10746.0]
7853,2870651,[32590.0]
7854,2871250,"[17061.0, 81016.0, 60646.0, 41942.0, 2358.0, 81017.0, 165198.0, 8988.0, 158170.0, 7742.0, 137270.0, 40563.0, 49538.0, 38066.0, 121825.0]"
7855,2871256,"[4845.0, 4430.0, 26935.0, 207708.0, 353528.0, 17061.0, 317.0, 133460.0, 10746.0, 137270.0, 20561.0, 773420.0, 48542.0, 7581.0, 54475.0, 58971.0, 53306.0, 1241378.0, 859609.0, 27206.0, 2851726.0, 2904744.0, 2904745.0]"
7856,2871526,[41032.0]
7857,2871839,"[573850.0, 26170.0]"
7858,2873356,"[179733.0, 3068958.0]"
7859,2873691,[953612.0]
7860,2876228,[49177.0]
7861,2878668,[1248068.0]
7862,2878713,[86475.0]
7863,2880573,[28544.0]
7864,2880715,[20248.0]
7865,2887211,"[1251054.0, 1086478.0]"
7866,2887647,[359109.0]
7867,2888213,[941441.0]
7868,2888317,"[2614.0, 7941.0, 71688.0, 139575.0]"
7869,2888973,[944594.0]
7870,2889099,"[21616.0, 14474.0, 38120.0]"
7871,2890090,[73149.0]
7872,2890981,[8146.0]
7873,2892113,[32915.0]
7874,2892159,"[38569.0, 591108.0]"
7875,2893217,[31232.0]
7876,2896122,[103359.0]
7877,2899121,"[146374.0, 660076.0]"
7878,2903049,[1332.0]
7879,2903595,[1257234.0]
7880,2903736,[10746.0]
7881,2903799,"[8685.0, 8686.0]"
7882,2904213,[1257463.0]
7883,2907430,[11047.0]
7884,2909017,"[346732.0, 579648.0]"
7885,2909731,[3441.0]
7886,2913377,[108424.0]
7887,2915837,[27140.0]
7888,2916266,[38840.0]
7889,2917251,[21198.0]
7890,2917367,[25.0]
7891,2917816,[8649.0]
7892,2918324,[52050.0]
7893,2920825,"[150810.0, 362098.0]"
7894,2921431,[137553.0]
7895,2922849,[14002.0]
7896,2923570,"[829488.0, 417798.0]"
7897,2924152,[34997.0]
7898,2924344,[236020.0]
7899,2924362,[7577.0]
7900,2927126,[30033.0]
7901,2929794,"[25422.0, 105776.0]"
7902,2930018,[2845500.0]
7903,2930157,[30819.0]
7904,2930220,"[8349.0, 12434.0]"
7905,2930659,[30819.0]
7906,2933082,[941441.0]
7907,2933268,[4653775.0]
7908,2933271,[659178.0]
7909,2933286,[4861.0]
7910,2935819,[2103666.0]
7911,2939570,"[24902.0, 38954.0]"
7912,2941259,[17729.0]
7913,2941976,"[46474.0, 98992.0]"
7914,2942523,[1567394.0]
7915,2944083,[492365.0]
7916,2946056,[1977.0]
7917,2946896,[88608.0]
7918,2946948,[136127.0]
7919,2951365,[692437.0]
7920,2951911,[585244.0]
7921,2952941,[1275225.0]
7922,2953103,[83291.0]
7923,2956822,[83308.0]
7924,2958520,[752898.0]
7925,2958524,[752898.0]
7926,2959009,"[911081.0, 255288.0]"
7927,2961879,[28569.0]
7928,2963899,[6777.0]
7929,2964700,[8596.0]
7930,2969219,[27168.0]
7931,2969455,[1630.0]
7932,2969684,[1630.0]
7933,2969785,"[656983.0, 9533.0]"
7934,2971026,[435114.0]
7935,2972472,[17059.0]
7936,2973754,[8596.0]
7937,2974804,[2387.0]
7938,2974811,[61659.0]
7939,2977480,"[65137.0, 153738.0, 107838.0]"
7940,2977487,[137902.0]
7941,2977498,[2465550.0]
7942,2978188,[1221698.0]
7943,2979469,[248431.0]
7944,2979594,[786250.0]
7945,2980439,[1284339.0]
7946,2981685,[93726.0]
7947,2981786,[1284806.0]
7948,2981807,[2614.0]
7949,2982126,[4431689.0]
7950,2984004,"[153394.0, 1357326.0]"
7951,2985500,[50873.0]
7952,2986865,[88685.0]
7953,2986869,[49177.0]
7954,2986876,[1356336.0]
7955,2987912,[1286845.0]
7956,2989344,[966321.0]
7957,2992061,[4430.0]
7958,2992065,[4430.0]
7959,2992069,[4430.0]
7960,2992247,[43697.0]
7961,2997253,[23704.0]
7962,2998611,"[23438.0, 1221310.0]"
7963,2998814,[1290625.0]
7964,3002302,[19733.0]
7965,3002310,"[145129.0, 2874870.0]"
7966,3002366,"[53062.0, 74046.0]"
7967,3003617,[826097.0]
7968,3007625,"[12534.0, 39099.0]"
7969,3007704,[1100593.0]
7970,3017234,"[203839.0, 1297029.0]"
7971,3018469,[941441.0]
7972,3018470,[941441.0]
7973,3019990,[26906.0]
7974,3023520,[94892.0]
7975,3026012,[133908.0]
7976,3027439,[239579.0]
7977,3029853,[63669.0]
7978,3029879,[5816.0]
7979,3030080,[34997.0]
7980,3030779,"[589.0, 34827.0]"
7981,3040004,"[1304819.0, 5816.0]"
7982,3040605,[96909.0]
7983,3040953,[16667.0]
7984,3042114,[145129.0]
7985,3042227,[2526.0]
7986,3046001,[20561.0]
7987,3051686,[175855.0]
7988,3051741,[1308530.0]
7989,3052408,[153394.0]
7990,3053342,"[9550.0, 93095.0, 8621.0, 4154297.0]"
7991,3054684,[1192311.0]
7992,3056460,"[543323.0, 465626.0]"
7993,3056691,"[393138.0, 732517.0]"
7994,3061457,[1311806.0]
7995,3063247,[8596.0]
7996,3064985,[1312879.0]
7997,3066582,[33508.0]
7998,3066856,[17061.0]
7999,3067189,[330649.0]
8000,3067577,"[10746.0, 494654.0]"
8001,3071808,[329391.0]
8002,3072254,[38066.0]
8003,3073173,[28550.0]
8004,3073174,[28550.0]
8005,3073975,[54970.0]
8006,3077004,[4763.0]
8007,3079691,"[1831.0, 1004753.0, 236040.0]"
8008,3080279,[5339.0]
8009,3080647,[9756.0]
8010,3081438,[119755.0]
8011,3086203,[46474.0]
8012,3087901,[2465550.0]
8013,3090465,"[941441.0, 511951.0, 2567014.0]"
8014,3091315,[8685.0]
8015,3093361,[1069006.0]
8016,3093686,[1323236.0]
8017,3094593,[625.0]
8018,3096914,[8349.0]
8019,3097657,[48190.0]
8020,3097745,"[73154.0, 3015195.0]"
8021,3099780,[50873.0]
8022,3099787,[50873.0]
8023,3100159,[3995.0]
8024,3101550,[814354.0]
8025,3101640,"[1023510.0, 162980.0]"
8026,3102821,[1077326.0]
8027,3103806,"[8685.0, 237175.0, 34861.0, 32916.0, 1967.0, 38234.0, 32262.0, 28045.0, 8691.0, 69803.0, 41194.0, 8690.0, 186776.0, 2772185.0, 2779169.0, 2799345.0]"
8028,3109566,[4636.0]
8029,3112330,[4.0]
8030,3112824,[1330287.0]
8031,3112850,[1330292.0]
8032,3113386,[8695.0]
8033,3114281,[103321.0]
8034,3115070,[71688.0]
8035,3115950,[24827.0]
8036,3116026,"[1654.0, 4588624.0]"
8037,3119223,[1332605.0]
8038,3120541,"[8840.0, 2387.0]"
8039,3121124,[108007.0]
8040,3122173,[4430.0]
8041,3123162,[51118.0]
8042,3124249,"[7025.0, 6543253.0]"
8043,3124932,[116581.0]
8044,3124975,[17060.0]
8045,3125137,[769868.0]
8046,3128398,[17061.0]
8047,3128406,[17061.0]
8048,3128411,[40563.0]
8049,3128413,[137902.0]
8050,3128414,[137902.0]
8051,3130618,[8355.0]
8052,3136191,[108173.0]
8053,3137561,[5369.0]
8054,3142429,"[10746.0, 169487.0]"
8055,3143259,[74488.0]
8056,3145228,[291002.0]
8057,3148116,[11078.0]
8058,3150900,[8516.0]
8059,3151079,[93029.0]
8060,3157718,[13677.0]
8061,3157877,[93220.0]
8062,3157903,[1346062.0]
8063,3157940,[142894.0]
8064,3165162,[15872.0]
8065,3166686,[1429808.0]
8066,3168038,[5370775.0]
8067,3168234,"[1221698.0, 10365.0]"
8068,3168250,[27100.0]
8069,3169710,[23138.0]
8070,3170225,[87306.0]
8071,3171815,[1350949.0]
8072,3171884,[1180263.0]
8073,3173559,[3780.0]
8074,3173564,[8587.0]
8075,3174695,[588356.0]
8076,3175530,"[6943.0, 1221698.0]"
8077,3176532,[55474.0]
8078,3182557,"[34878.0, 285212.0]"
8079,3186057,[942248.0]
8080,3187965,[49028.0]
8081,3188580,[63983.0]
8082,3189901,[17082.0]
8083,3190888,[8835.0]
8084,3191189,[1343790.0]
8085,3193795,[13450.0]
8086,3195533,[66700.0]
8087,3196330,[777907.0]
8088,3196364,"[15872.0, 465708.0]"
8089,3198692,[31869.0]
8090,3202026,"[1654.0, 19439.0]"
8091,3208948,[22018.0]
8092,3210670,[108905.0]
8093,3212912,"[4594585.0, 56968.0]"
8094,3213520,[53193.0]
8095,3218173,"[8127.0, 4947.0]"
8096,3218719,[34049.0]
8097,3219391,"[854076.0, 39598.0]"
8098,3223890,[1369219.0]
8099,3224378,[192549.0]
8100,3225007,[38531.0]
8101,3227063,[1370283.0]
8102,3229327,[44744.0]
8103,3229372,"[150038.0, 2667240.0]"
8104,3229373,[150038.0]
8105,3230873,"[201504.0, 1732212.0]"
8106,3233381,[771.0]
8107,3233802,[26878.0]
8108,3233803,[26878.0]
8109,3234424,"[393138.0, 732517.0]"
8110,3235477,[276660.0]
8111,3236307,[1373880.0]
8112,3237247,[53597.0]
8113,3240083,[180392.0]
8114,3241366,[1375697.0]
8115,3242353,[205.0]
8116,3244112,[40563.0]
8117,3244125,[418784.0]
8118,3244135,[445303.0]
8119,3244140,[477469.0]
8120,3246035,"[6245.0, 6244.0]"
8121,3246224,[4430.0]
8122,3246910,[1139632.0]
8123,3247292,"[48206.0, 521640.0]"
8124,3247548,[1164105.0]
8125,3249541,[3624.0]
8126,3252975,[234088.0]
8127,3259001,[380770.0]
8128,3259963,"[162932.0, 98903.0, 162931.0, 23023.0, 33919.0, 67272.0, 53193.0, 277536.0, 19305.0, 234088.0, 207286.0, 22631.0, 57814.0]"
8129,3261010,[27379.0]
8130,3261627,[284897.0]
8131,3262139,"[4430.0, 20248.0, 164485.0, 1383797.0]"
8132,3263607,[656983.0]
8133,3264918,"[589.0, 44767.0, 55831.0]"
8134,3267466,[4260.0]
8135,3267488,[4260.0]
8136,3268846,[317079.0]
8137,3273884,[1301649.0]
8138,3276653,[8661.0]
8139,3280988,[327057.0]
8140,3284028,[17729.0]
8141,3284192,"[1391437.0, 3179973.0]"
8142,3287236,[224518.0]
8143,3287692,[7025.0]
8144,3290542,"[397100.0, 3987525.0]"
8145,3291205,"[4699102.0, 8994.0, 823902.0]"
8146,3292046,[1394555.0]
8147,3292087,[941441.0]
8148,3292280,[1394639.0]
8149,3294483,[17064.0]
8150,3294485,[783760.0]
8151,3294488,[156522.0]
8152,3294489,[153738.0]
8153,3295695,[1395810.0]
8154,3295696,[1395810.0]
8155,3300863,[91714.0]
8156,3301564,[65137.0]
8157,3301645,[4735.0]
8158,3301978,[166113.0]
8159,3302568,"[1161372.0, 88506.0, 346732.0, 10366.0, 1221698.0, 9550.0, 58971.0, 9558.0, 7415.0, 24902.0, 3389.0, 18351.0, 2283303.0, 2687.0, 91717.0, 4174.0, 327493.0, 12991.0, 14454.0, 12728.0, 19305.0, 78024.0, 2127171.0, 56162.0, 48355.0, 4213907.0, 3095884.0, 345026.0, 26935.0, 215044.0, 331704.0, 2938554.0, 4338.0, 27206.0, 23144.0, 7083555.0, 4264401.0]"
8160,3303559,"[15872.0, 22636.0, 8473953.0, 50901.0, 5765088.0, 206531.0, 144814.0, 52320.0, 6997957.0, 4819080.0, 7527675.0, 224004.0, 61659.0, 29011.0, 99117.0, 151371.0, 374429.0, 270487.0, 3408212.0, 4112549.0]"
8161,3304393,[53574.0]
8162,3306187,[656983.0]
8163,3306190,[656983.0]
8164,3306877,[270463.0]
8165,3307144,[1310735.0]
8166,3307816,[14617.0]
8167,3308839,[1149276.0]
8168,3308840,[1149276.0]
8169,3309615,[7031278.0]
8170,3312182,[58325.0]
8171,3312298,"[5158478.0, 53411.0, 115530.0]"
8172,3314369,[16496.0]
8173,3315928,[108424.0]
8174,3318765,[3441.0]
8175,3325931,[224004.0]
8176,3326895,"[6988.0, 43322.0, 1221698.0]"
8177,3326897,[50873.0]
8178,3328392,"[1221698.0, 12537.0]"
8179,3328803,[1407193.0]
8180,3329289,[125984.0]
8181,3331431,[64364.0]
8182,3334563,[15873.0]
8183,3337171,[1410339.0]
8184,3339422,[1630.0]
8185,3342493,[27498.0]
8186,3342764,[15890.0]
8187,3345417,[36521.0]
8188,3345529,[941441.0]
8189,3349087,[25205.0]
8190,3349088,[25205.0]
8191,3350218,"[17126.0, 571819.0, 5766244.0]"
8192,3351354,[1415543.0]
8193,3354025,[1310735.0]
8194,3356979,[36344.0]
8195,3358608,[941441.0]
8196,3359098,[7779.0]
8197,3360369,"[12075.0, 8347.0, 63143.0]"
8198,3362870,[38550.0]
8199,3363719,[12694.0]
8200,3365119,"[3389.0, 183421.0]"
8201,3369511,"[410598.0, 33919.0, 61378.0, 8347.0, 8688.0, 53193.0, 108173.0, 16939.0, 817578.0, 1917064.0, 128570.0, 122631.0, 945430.0, 8988.0, 51420.0, 1653312.0, 8730.0, 113942.0, 820990.0, 2919602.0, 2919603.0, 2919604.0, 2919605.0, 2919606.0]"
8202,3371584,[237195.0]
8203,3372431,[815.0]
8204,3373198,[375626.0]
8205,3373828,[19305.0]
8206,3374819,[1423732.0]
8207,3375320,"[16036.0, 27100.0]"
8208,3379051,[237175.0]
8209,3381197,[1425940.0]
8210,3381968,[48190.0]
8211,3386492,[1427650.0]
8212,3388855,"[97228.0, 322781.0, 417798.0]"
8213,3389200,"[1431671.0, 35237.0]"
8214,3389671,[1428675.0]
8215,3391271,[387612.0]
8216,3391672,[58997.0]
8217,3392285,[270479.0]
8218,3392692,[6076026.0]
8219,3392898,[505695.0]
8220,3393124,[3780.0]
8221,3395318,"[158170.0, 17061.0, 9756.0, 17739.0, 28544.0, 114746.0, 60646.0, 67644.0, 189204.0, 168090.0, 6760.0, 41942.0]"
8222,3396458,[315657.0]
8223,3397728,[177047.0]
8224,3400577,[26033.0]
8225,3402344,[1103981.0]
8226,3405958,[1434236.0]
8227,3410278,[17061.0]
8228,3411292,[941441.0]
8229,3412806,[107761.0]
8230,3413662,[40563.0]
8231,3416337,[272814.0]
8232,3418156,[25421.0]
8233,3420360,[79589.0]
8234,3420361,[89622.0]
8235,3422075,[7581.0]
8236,3422160,[27944.0]
8237,3422254,[1440114.0]
8238,3422799,[91085.0]
8239,3423025,[168844.0]
8240,3423435,[16094.0]
8241,3426092,[116581.0]
8242,3427378,[27498.0]
8243,3428935,[1405152.0]
8244,3430119,[156522.0]
8245,3430165,[103359.0]
8246,3430166,[103359.0]
8247,3430269,[46540.0]
8248,3430737,"[150810.0, 362098.0]"
8249,3430775,[208650.0]
8250,3430907,"[150810.0, 362098.0]"
8251,3432478,[1443712.0]
8252,3437309,[1445909.0]
8253,3437310,[1445909.0]
8254,3437354,[128570.0]
8255,3439778,[1202850.0]
8256,3451948,[323656.0]
8257,3451949,[323656.0]
8258,3452981,[24009.0]
8259,3453791,[33467.0]
8260,3456058,[1455233.0]
8261,3456594,[10746.0]
8262,3457753,"[95132.0, 471627.0]"
8263,3462638,[445303.0]
8264,3462639,[445303.0]
8265,3463179,[694013.0]
8266,3465309,[435114.0]
8267,3465594,[1067608.0]
8268,3471403,[6988.0]
8269,3472820,[1463436.0]
8270,3474898,[241301.0]
8271,3474905,[11859.0]
8272,3474906,[74488.0]
8273,3474915,[431825.0]
8274,3475012,[101078.0]
8275,3475043,[196212.0]
8276,3475047,[196212.0]
8277,3475054,[128231.0]
8278,3475145,"[10746.0, 41942.0, 81017.0, 27140.0]"
8279,3475161,[10746.0]
8280,3475268,[17054.0]
8281,3477242,[806782.0]
8282,3485562,[38550.0]
8283,3487348,"[28946.0, 1310149.0]"
8284,3487420,"[1221698.0, 59749.0]"
8285,3487878,[16496.0]
8286,3488375,[153741.0]
8287,3493019,[22018.0]
8288,3496266,[119830.0]
8289,3503263,[10746.0]
8290,3503318,[10746.0]
8291,3519921,[44540.0]
8292,3531469,[1325446.0]
8293,3535944,"[108693.0, 214134.0]"
8294,3537527,[38550.0]
8295,3539006,[9494.0]
8296,3546602,[4404946.0]
8297,3546735,"[1500144.0, 966332.0, 18879.0, 237154.0, 3048060.0, 2005035.0, 4024955.0, 157914.0, 243017.0, 3166448.0, 10333.0, 3936246.0, 1212570.0, 1403046.0, 162936.0]"
8298,3553722,[6268.0]
8299,3554429,[164187.0]
8300,3556419,[38066.0]
8301,3558003,[15292.0]
8302,3559788,[153733.0]
8303,3564414,[1508385.0]
8304,3564777,[1508570.0]
8305,3566345,[15292.0]
8306,3567035,"[4522.0, 59165.0]"
8307,3567200,[99642.0]
8308,3570231,"[669810.0, 1013883.0]"
8309,3575676,[50873.0]
8310,3576176,"[27498.0, 73351.0, 157004.0]"
8311,3577266,[1276004.0]
8312,3585344,[4428.0]
8313,3586934,[81338.0]
8314,3587238,[3381686.0]
8315,3588137,[835348.0]
8316,3589590,"[1221698.0, 10365.0]"
8317,3596225,[15292.0]
8318,3597667,[673750.0]
8319,3598195,[172490.0]
8320,3598830,[26897.0]
8321,3599870,[240708.0]
8322,3607393,[110234.0]
8323,3607394,[110234.0]
8324,3607543,[61659.0]
8325,3607590,"[10885.0, 14239619.0, 5657.0]"
8326,3609756,[2678.0]
8327,3609760,[61939.0]
8328,3609763,[941441.0]
8329,3610689,[1530555.0]
8330,3621648,"[12534.0, 39099.0, 4837568.0]"
8331,3622537,[22074.0]
8332,3629286,[1221698.0]
8333,3630790,[23138.0]
8334,3630983,[6259.0]
8335,3631122,[78305.0]
8336,3636515,[5158478.0]
8337,3643502,[30819.0]
8338,3649147,[1330287.0]
8339,3657138,[767547.0]
8340,3665811,[50873.0]
8341,3671415,[2614.0]
8342,3671826,[833164.0]
8343,3675093,[7581.0]
8344,3675644,[125308.0]
8345,3677902,[271908.0]
8346,3678443,[1562881.0]
8347,3678651,[1562974.0]
8348,3678729,[875054.0]
8349,3689171,"[346732.0, 14045235.0, 12052.0, 34827.0, 40983.0, 193057.0, 8694.0, 10518.0, 54475.0, 26767.0, 33919.0, 261937.0, 113942.0, 34828.0, 48960.0, 6587.0, 58124.0, 2687.0, 1221698.0, 4338.0, 53193.0, 22993.0, 2745.0, 13026.0, 9355.0, 5376.0, 1578313.0]"
8350,3691870,[1569320.0]
8351,3692209,[65471.0]
8352,3697357,[41942.0]
8353,3697358,[221073.0]
8354,3697553,[137902.0]
8355,3697927,[359109.0]
8356,3701237,[1573874.0]
8357,3713038,[108007.0]
8358,3713102,[1005984.0]
8359,3717544,[1069006.0]
8360,3720514,[7577.0]
8361,3720980,[10359.0]
8362,3741525,[38845.0]
8363,3744599,[1594651.0]
8364,3754016,[1370283.0]
8365,3754026,[1370283.0]
8366,3754898,[8202779.0]
8367,3755301,[257093.0]
8368,3767279,[3155347.0]
8369,3768830,"[8476.0, 362098.0]"
8370,3768860,[1606112.0]
8371,3770158,[293603.0]
8372,3772535,"[656983.0, 9545.0, 5288510.0]"
8373,3777732,[150038.0]
8374,3781901,[40563.0]
8375,3788482,[67481.0]
8376,3793942,[178924.0]
8377,3796415,[3399330.0]
8378,3798711,[1312879.0]
8379,3798897,"[4431689.0, 4431689.0]"
8380,3801649,"[275125.0, 108424.0]"
8381,3817859,[1628012.0]
8382,3819326,[71688.0]
8383,3819453,[1628658.0]
8384,3831023,[121825.0]
8385,3838563,[38598.0]
8386,3839996,[429197.0]
8387,3840040,[1637418.0]
8388,3843654,[1638953.0]
8389,3845819,[50709.0]
8390,3856277,[30819.0]
8391,3858072,[974022.0]
8392,3858076,[217944.0]
8393,3860528,[567167.0]
8394,3865030,[7742.0]
8395,3868437,"[19005.0, 13635.0, 250172.0]"
8396,3871801,"[6464383.0, 121364.0]"
8397,3873328,[1651879.0]
8398,3873345,[777375.0]
8399,3875037,[656983.0]
8400,3876030,[12350.0]
8401,3876546,[1204165.0]
8402,3878183,[226816.0]
8403,3891951,[276660.0]
8404,3904885,"[1201844.0, 7741814.0, 290553.0]"
8405,3906116,[8726.0]
8406,3908591,"[179712.0, 122651.0]"
8407,3912602,[8794.0]
8408,3919080,[498980.0]
8409,3922904,[1139632.0]
8410,3928253,[24978.0]
8411,3933078,[3780.0]
8412,3933510,[833687.0]
8413,3934321,[50873.0]
8414,3936403,"[1221698.0, 10365.0]"
8415,3940051,"[5255014.0, 25421.0]"
8416,3940508,[1077326.0]
8417,3942410,[25422.0]
8418,3942622,[17059.0]
8419,3944358,[363090.0]
8420,3944693,[162678.0]
8421,3944722,[15987.0]
8422,3944732,[2465550.0]
8423,3945300,[431092.0]
8424,3949458,[1684296.0]
8425,3950967,[1077326.0]
8426,3961451,[87306.0]
8427,3962329,[150338.0]
8428,3965854,[1691206.0]
8429,3967980,[21911.0]
8430,3973532,[338705.0]
8431,3975774,[200317.0]
8432,3975775,[35007.0]
8433,3985660,[625.0]
8434,3992020,[4430.0]
8435,3992598,[15872.0]
8436,4003436,[8588.0]
8437,4006156,[272813.0]
8438,4007054,[202438.0]
8439,4016992,[3441.0]
8440,4020390,"[1077326.0, 1079451.0, 15625388.0, 14877156.0]"
8441,4020526,"[27100.0, 753611.0]"
8442,4020601,[1713558.0]
8443,4028900,"[17015.0, 15292.0, 17010.0, 1192311.0, 27206.0, 8694.0, 137902.0, 202438.0, 415967.0]"
8444,4039512,[8660.0]
8445,4042928,[470176.0]
8446,4045691,"[573850.0, 26170.0]"
8447,4051623,"[23894.0, 4022439.0]"
8448,4052982,[28375.0]
8449,4056634,[172194.0]
8450,4062214,[150038.0]
8451,4068663,[324975.0]
8452,4070493,[345630.0]
8453,4071860,[64364.0]
8454,4073514,"[229221.0, 229220.0]"
8455,4095589,[656983.0]
8456,4097025,"[585.0, 5775502.0, 8349.0]"
8457,4107256,[7581.0]
8458,4117865,[8587.0]
8459,4134071,"[17015.0, 17010.0]"
8460,4135826,[641508.0]
8461,4138306,"[14169604.0, 1754585.0]"
8462,4147055,[1757246.0]
8463,4159015,[16304.0]
8464,4192586,[1772224.0]
8465,4193454,[373985.0]
8466,4210483,[1257463.0]
8467,4224458,"[13867.0, 15872.0, 466437.0]"
8468,4241738,[83291.0]
8469,4254923,[25027.0]
8470,4259869,[49177.0]
8471,4259871,[49177.0]
8472,4268272,[1267027.0]
8473,4268273,[1267027.0]
8474,4278916,[1292596.0]
8475,4286100,[1802330.0]
8476,4286737,[28083.0]
8477,4306973,[941441.0]
8478,4308348,[10896.0]
8479,4311773,[2357.0]
8480,4325405,[566874.0]
8481,4328472,[479779.0]
8482,4341085,"[4698899.0, 1945379.0]"
8483,4345290,[2063919.0]
8484,4345498,[21748.0]
8485,4346365,"[184987.0, 4396040.0]"
8486,4352708,[4430.0]
8487,4360147,[56019.0]
8488,4361989,[3441.0]
8489,4371533,[415731.0]
8490,4379197,[66700.0]
8491,4389201,[756625.0]
8492,4389888,[1837593.0]
8493,4395088,[23069.0]
8494,4413273,[66700.0]
8495,4415692,[74046.0]
8496,4417012,[40823.0]
8497,4436849,[37048.0]
8498,4436895,[230226.0]
8499,4443319,"[88506.0, 4522.0]"
8500,4446826,[214232.0]
8501,4447622,[1857564.0]
8502,4453371,[8988.0]
8503,4457727,[1356336.0]
8504,4457816,[1356336.0]
8505,4476999,[1868743.0]
8506,4477758,"[200504.0, 2086916.0]"
8507,4479186,[122302.0]
8508,4482753,[136127.0]
8509,4491658,[1874279.0]
8510,4495481,[18111.0]
8511,4495482,[18111.0]
8512,4495772,"[429863.0, 583113.0]"
8513,4495776,[37060.0]
8514,4497753,[828855.0]
8515,4497830,[245963.0]
8516,4497883,[823146.0]
8517,4497978,[375143.0]
8518,4497980,[27140.0]
8519,4498128,[270312.0]
8520,4498953,[1259835.0]
8521,4499214,[190887.0]
8522,4502507,[15872.0]
8523,4504345,"[153732.0, 1411091.0]"
8524,4505719,[17061.0]
8525,4507203,[1880316.0]
8526,4544390,[74488.0]
8527,4548601,"[142270.0, 15011468.0]"
8528,4556058,[15872.0]
8529,4558004,[61277.0]
8530,4569906,"[947.0, 299961.0]"
8531,4582108,[941441.0]
8532,4583489,[27209.0]
8533,4583888,[415967.0]
8534,4588949,[27100.0]
8535,4600167,[1915619.0]
8536,4602032,[17061.0]
8537,4617371,"[146374.0, 601095.0]"
8538,4618801,[1923475.0]
8539,4618860,[8661.0]
8540,4619331,[345275.0]
8541,4624955,[26796.0]
8542,4628647,[328151.0]
8543,4633273,"[4522.0, 1929531.0]"
8544,4635582,[1405152.0]
8545,4640134,[108173.0]
8546,4643301,[1301649.0]
8547,4685971,[1405152.0]
8548,4687635,[941441.0]
8549,4700482,"[579649.0, 15730468.0]"
8550,4701550,[375143.0]
8551,4702664,[1957584.0]
8552,4703427,[31232.0]
8553,4703450,[25307.0]
8554,4703553,[16496.0]
8555,4703581,[33918.0]
8556,4703905,[1958136.0]
8557,4716065,[1370283.0]
8558,4717491,[396931.0]
8559,4719232,[114504.0]
8560,4719340,"[24830.0, 59749.0]"
8561,4723066,[1042536.0]
8562,4728684,[1968553.0]
8563,4738393,"[46138.0, 46137.0, 5989.0, 8360.0, 22545.0, 338705.0, 53256.0, 1221698.0, 24902.0, 24.0, 8347.0, 58065.0, 12991.0, 1067608.0, 11889.0, 185554.0, 25422.0]"
8564,4748221,"[813982.0, 8622.0]"
8565,4749700,[1977441.0]
8566,4769247,[375626.0]
8567,4769651,"[65335.0, 65334.0]"
8568,4779599,[48192.0]
8569,4779934,[146374.0]
8570,4781772,[1990801.0]
8571,4787911,[953612.0]
8572,4789801,[1441.0]
8573,4791054,[17060.0]
8574,4792273,[1977.0]
8575,4799482,[1998294.0]
8576,4807975,[1641228.0]
8577,4823586,"[903.0, 72703.0]"
8578,4825980,[27813.0]
8579,4827840,[8605.0]
8580,4835871,"[697710.0, 3929150.0]"
8581,4836030,[86508.0]
8582,4836041,[1006075.0]
8583,4837112,[15872.0]
8584,4837553,[2013872.0]
8585,4862337,[2023476.0]
8586,4863441,[4035.0]
8587,4872347,[93220.0]
8588,4885189,[323656.0]
8589,4885190,[323656.0]
8590,4893390,[165168.0]
8591,4894646,[8988.0]
8592,4895622,"[273501.0, 341985.0, 287459.0]"
8593,4902793,[17061.0]
8594,4904977,"[1171746.0, 2871392.0]"
8595,4907587,"[479779.0, 39043.0]"
8596,4908464,"[3389.0, 19365.0]"
8597,4914044,[47792.0]
8598,4916680,"[1239645.0, 226035.0, 21748.0, 7581.0, 116581.0, 24009.0, 15292.0, 269065.0, 35023.0, 521916.0, 669810.0, 794667.0, 156522.0, 2465550.0, 4430.0, 870.0, 26738.0, 67431.0, 113986.0, 33876.0, 38531.0, 417798.0, 445303.0, 8988.0, 1149276.0]"
8599,4916989,[1292596.0]
8600,4923484,[408864.0]
8601,4926996,[72545.0]
8602,4927019,[2048710.0]
8603,4928007,[41032.0]
8604,4932435,[47104.0]
8605,4935682,[157663.0]
8606,4936618,[202438.0]
8607,4945081,[6268.0]
8608,4947316,[8730.0]
8609,4950376,[146374.0]
8610,4953254,[821504.0]
8611,4955479,[380770.0]
8612,4955576,[27498.0]
8613,4957406,[10896.0]
8614,4961957,[10746.0]
8615,4961959,"[10746.0, 203762.0, 1186079.0]"
8616,4971790,[8164.0]
8617,4979435,[1077326.0]
8618,4987801,[48192.0]
8619,5003516,[137386.0]
8620,5014860,[692437.0]
8621,5022352,[58.0]
8622,5024135,"[9494.0, 7405468.0]"
8623,5027092,[4124325.0]
8624,5028912,[25052.0]
8625,5037673,[2089928.0]
8626,5040403,[1080585.0]
8627,5040588,"[157663.0, 619712.0]"
8628,5040719,[8695.0]
8629,5055481,[7581.0]
8630,5056084,[2096360.0]
8631,5058029,[2599416.0]
8632,5069522,"[9494.0, 406026.0]"
8633,5069868,"[175855.0, 4008668.0]"
8634,5071433,[208650.0]
8635,5071490,"[150810.0, 362098.0]"
8636,5071514,"[2101598.0, 2101660.0]"
8637,5072077,"[27498.0, 73351.0, 157004.0]"
8638,5072533,"[1221698.0, 10365.0]"
8639,5075964,[40881.0]
8640,5080018,"[1441.0, 2749342.0, 2321798.0]"
8641,5081991,"[13143.0, 201504.0, 1732212.0]"
8642,5083281,[17054.0]
8643,5086402,"[20575.0, 196012.0]"
8644,5088467,[15292.0]
8645,5098079,[20248.0]
8646,5099597,[1373880.0]
8647,5099602,[1373880.0]
8648,5111039,[153734.0]
8649,5111133,[2115739.0]
8650,5111147,[201369.0]
8651,5116480,[23894.0]
8652,5126859,[566874.0]
8653,5132915,[28550.0]
8654,5132931,[78303.0]
8655,5134555,"[48913.0, 2124253.0]"
8656,5136179,[2124883.0]
8657,5138488,[2125760.0]
8658,5148720,[137902.0]
8659,5149517,[2129854.0]
8660,5151405,[17015.0]
8661,5151422,[186144.0]
8662,5152561,[175855.0]
8663,5155532,[3995.0]
8664,5161066,[17061.0]
8665,5163746,"[146374.0, 660076.0]"
8666,5168977,"[2526.0, 150038.0, 1192311.0, 10317.0, 771.0]"
8667,5169728,[15872.0]
8668,5170684,[349153.0]
8669,5171018,[1025280.0]
8670,5178537,[33958.0]
8671,5181655,"[479779.0, 39043.0]"
8672,5198413,"[165168.0, 2161876.0]"
8673,5200548,[92149.0]
8674,5201089,[34049.0]
8675,5201659,[336058.0]
8676,5205697,[2168689.0]
8677,5212771,[15292.0]
8678,5213503,[213980.0]
8679,5215879,[9550.0]
8680,5217282,[25052.0]
8681,5220121,[21770.0]
8682,5221577,[421434.0]
8683,5228806,[24978.0]
8684,5264557,[1375697.0]
8685,5264847,[48192.0]
8686,5265856,[12350.0]
8687,5266279,[132091.0]
8688,5266655,[145926.0]
8689,5266667,[79589.0]
8690,5266733,[72678.0]
8691,5269236,"[10746.0, 169487.0]"
8692,5269697,[27498.0]
8693,5271066,[2232265.0]
8694,5278010,[38809.0]
8695,5280062,"[10896.0, 39414.0, 901999.0, 1197766.0]"
8696,5280597,[21911.0]
8697,5282692,[291002.0]
8698,5282798,[17059.0]
8699,5287473,[2261547.0]
8700,5292853,[40563.0]
8701,5301005,[31232.0]
8702,5311113,[941441.0]
8703,5312123,[2282707.0]
8704,5312124,[2282707.0]
8705,5312125,[2282707.0]
8706,5313289,"[3565.0, 41878.0, 210683.0]"
8707,5321479,[304060.0]
8708,5321699,"[8538.0, 6456544.0, 8536.0, 1041777.0, 8537.0, 3855865.0]"
8709,5322135,[724724.0]
8710,5322151,"[6587.0, 2286513.0, 2286514.0]"
8711,5323390,[2287512.0]
8712,5325456,[17015.0]
8713,5356476,[4798562.0]
8714,5364009,[2310121.0]
8715,5370708,[1188608.0]
8716,5391115,[7581.0]
8717,5416415,"[67037.0, 88584.0, 669810.0, 240488.0, 259488.0]"
8718,5422179,"[2339572.0, 17406.0, 1313638.0]"
8719,5422304,[1380435.0]
8720,5424730,[497356.0]
8721,5427171,[116617.0]
8722,5427288,"[34049.0, 623693.0]"
8723,5432871,[2348022.0]
8724,5453478,"[2354819.0, 5847409.0]"
8725,5455873,[237195.0]
8726,5463394,[11047.0]
8727,5465066,[1429808.0]
8728,5465115,[234115.0]
8729,5470195,[82540.0]
8730,5473470,"[2372536.0, 7581.0, 8660.0, 25307.0, 8695.0]"
8731,5489683,[153734.0]
8732,5489684,[153734.0]
8733,5495234,[104514.0]
8734,5495243,[119848.0]
8735,5498077,"[27498.0, 610353.0]"
8736,5499874,"[1221698.0, 59749.0]"
8737,5505328,[1015012.0]
8738,5509920,[48192.0]
8739,5519449,[270312.0]
8740,5519759,[35023.0]
8741,5519768,[116581.0]
8742,5520449,[26306.0]
8743,5531637,[35022.0]
8744,5537014,[12991.0]
8745,5537992,"[93149.0, 1653312.0]"
8746,5547594,[4708.0]
8747,5550882,[133908.0]
8748,5552232,[1967.0]
8749,5552542,[2614.0]
8750,5557651,[348878.0]
8751,5562484,[270479.0]
8752,5575916,[53574.0]
8753,5576130,[48192.0]
8754,5576634,[26875.0]
8755,5577077,[2357.0]
8756,5577995,[2471183.0]
8757,5578628,"[828002.0, 54545.0, 2472310.0]"
8758,5582295,"[40563.0, 10604071.0, 2045223.0, 4083207.0]"
8759,5585180,"[57980.0, 5829.0]"
8760,5585181,"[19823.0, 2477220.0]"
8761,5585300,[4430.0]
8762,5585788,[234115.0]
8763,5586134,[2478287.0]
8764,5597552,[7581.0]
8765,5597588,"[10746.0, 169487.0]"
8766,5598960,[21912.0]
8767,5601088,[3780.0]
8768,5602828,[82453.0]
8769,5603148,[6268.0]
8770,5604848,[669810.0]
8771,5604862,[284897.0]
8772,5607787,[150038.0]
8773,5618698,[2503028.0]
8774,5628446,[685776.0]
8775,5628753,[71688.0]
8776,5633958,[1112218.0]
8777,5646082,"[1251054.0, 1086478.0, 3957285.0]"
8778,5648871,[790918.0]
8779,5650600,[1284339.0]
8780,5659537,[9237.0]
8781,5660023,[11047.0]
8782,5660026,[11047.0]
8783,5660852,[73149.0]
8784,5660854,[73149.0]
8785,5660855,[73149.0]
8786,5661021,[81678.0]
8787,5661151,"[656983.0, 3853096.0]"
8788,5661348,[90825.0]
8789,5664051,[153741.0]
8790,5667325,[1370283.0]
8791,5702282,[2548426.0]
8792,5714874,[8355.0]
8793,5723653,[81017.0]
8794,5739075,"[5816.0, 3067498.0]"
8795,5739076,"[5816.0, 3067498.0]"
8796,5739760,"[4845.0, 26935.0, 773420.0, 48542.0, 7581.0, 4430.0, 54475.0, 58971.0, 53306.0, 1241378.0, 859609.0, 207708.0, 2851726.0, 2904744.0, 2904745.0, 6447223.0, 17061.0, 317.0, 133460.0, 10746.0, 137270.0, 20561.0, 27206.0]"
8797,5750628,[1488908.0]
8798,5769675,[588246.0]
8799,5776788,[37557.0]
8800,5778773,[412433.0]
8801,5781321,"[323486.0, 2602221.0]"
8802,5790991,"[409775.0, 83342.0, 215772.0, 2608381.0]"
8803,5797595,[36122.0]
8804,5801741,"[827236.0, 2541147.0]"
8805,5820190,[26738.0]
8806,5825270,[16667.0]
8807,5830325,[41874.0]
8808,5842021,[100752.0]
8809,5843145,[927454.0]
8810,5863446,[1440203.0]
8811,5863627,[184516.0]
8812,5863651,[2669754.0]
8813,5864527,[1073598.0]
8814,5877213,"[35855.0, 2682658.0]"
8815,5878388,[31232.0]
8816,5881635,"[36122.0, 46137.0]"
8817,5886011,[942248.0]
8818,5886131,"[1036925.0, 1036924.0]"
8819,5886162,[435114.0]
8820,5886744,[1192311.0]
8821,5892240,[344618.0]
8822,5895933,[2699594.0]
8823,5898482,[58325.0]
8824,5899779,"[169377.0, 1265.0]"
8825,5927462,[1051591.0]
8826,5928023,[51118.0]
8827,5929664,[2103666.0]
8828,5930637,[30819.0]
8829,5931169,[9237.0]
8830,5931576,[63669.0]
8831,5932984,[116981.0]
8832,5933646,[359109.0]
8833,5937597,[2725468.0]
8834,5941143,[9072.0]
8835,5941233,[19954.0]
8836,5941431,"[1024403.0, 1148126.0]"
8837,5944682,[31247.0]
8838,5948697,[46269.0]
8839,5953211,[46474.0]
8840,5955666,"[4431689.0, 4431689.0]"
8841,5957044,[114283.0]
8842,5957312,[175855.0]
8843,5957313,[175855.0]
8844,5961140,[276660.0]
8845,5961342,[2594.0]
8846,5961418,[361963.0]
8847,5962744,[230226.0]
8848,5968007,[1294984.0]
8849,5971883,[3345455.0]
8850,5973073,[89622.0]
8851,5973711,"[12444.0, 55811.0, 14304.0, 148765.0, 57285.0, 21708.0]"
8852,5974150,[101078.0]
8853,5978613,[2739688.0]
8854,5978834,[2739770.0]
8855,5978909,[9494.0]
8856,5980747,[17063.0]
8857,5980748,[102987.0]
8858,5980975,[38550.0]
8859,5981076,[102987.0]
8860,5981496,[2740765.0]
8861,5981700,[33502.0]
8862,5983694,[59390.0]
8863,5985499,"[4260.0, 222204.0]"
8864,5985683,[2742416.0]
8865,5986637,[42540.0]
8866,5986856,[941441.0]
8867,5988375,"[41032.0, 35022.0, 823146.0, 245963.0]"
8868,5989059,"[27206.0, 174708.0]"
8869,5989515,"[25422.0, 25421.0]"
8870,5989616,[823146.0]
8871,5989671,[175009.0]
8872,5995419,[23.0]
8873,5996153,[137902.0]
8874,5996209,[137902.0]
8875,5996723,[94892.0]
8876,5996791,[1077326.0]
8877,5997734,"[17597.0, 786250.0, 7941.0]"
8878,5999242,[2503028.0]
8879,5999949,[128231.0]
8880,5999961,[941441.0]
8881,6000096,[153738.0]
8882,6000352,[26878.0]
8883,6001758,[1373880.0]
8884,6002109,[8715.0]
8885,6002364,[2748537.0]
8886,6002391,[1005381.0]
8887,6004710,"[213510.0, 823146.0]"
8888,6006373,[137902.0]
8889,6006518,"[3408349.0, 131208.0]"
8890,6007336,[1136158.0]
8891,6011147,[48397.0]
8892,6011268,"[2736291.0, 3058940.0, 242237.0, 21259.0]"
8893,6011758,[1159584.0]
8894,6012462,[2752146.0]
8895,6013342,[15292.0]
8896,6014190,[4845.0]
8897,6014861,[26.0]
8898,6015060,[887961.0]
8899,6018080,"[155517.0, 54159.0, 41773.0, 6921.0]"
8900,6018598,[1180263.0]
8901,6019882,[752898.0]
8902,6020071,[2620393.0]
8903,6022056,[25205.0]
8904,6022863,[167737.0]
8905,6027716,[5489.0]
8906,6028266,[275252.0]
8907,6033247,[2759174.0]
8908,6033249,[2759175.0]
8909,6033257,[267687.0]
8910,6033372,[1718040.0]
8911,6034660,"[12052.0, 56352.0, 56353.0, 8347.0, 31321.0, 34429.0, 12444.0, 427315.0, 10518.0, 6587.0, 224518.0, 4763.0, 54475.0, 58124.0, 27276.0, 27167.0, 73421.0, 12581.0, 45596.0, 43989.0, 234088.0]"
8912,6041009,"[1429808.0, 117339.0, 282917.0, 49268.0]"
8913,6041689,[346732.0]
8914,6043022,"[8794.0, 108281.0]"
8915,6043781,[38569.0]
8916,6045974,[379444.0]
8917,6048518,[852078.0]
8918,6049158,[108905.0]
8919,6050298,[48206.0]
8920,6050363,[58997.0]
8921,6051255,[33918.0]
8922,6051589,[2765438.0]
8923,6052140,"[1441.0, 2749342.0]"
8924,6052249,[552457.0]
8925,6052385,[12695.0]
8926,6052502,"[9550.0, 93095.0, 4154297.0]"
8927,6052510,[169523.0]
8928,6052600,[1332605.0]
8929,6053172,[4763.0]
8930,6055694,[61659.0]
8931,6056287,[1248068.0]
8932,6056509,[108007.0]
8933,6056510,[196212.0]
8934,6056519,[64364.0]
8935,6056520,[1938234.0]
8936,6056806,[848968.0]
8937,6057020,"[398110.0, 415225.0, 33262.0, 167737.0, 158809.0, 32643.0, 46269.0, 17729.0, 333832.0]"
8938,6058042,[4430.0]
8939,6058062,[54989.0]
8940,6058533,"[1654.0, 1221698.0]"
8941,6058551,[99642.0]
8942,6061728,[2768953.0]
8943,6062002,[1463193.0]
8944,6062032,[2769067.0]
8945,6063110,[2120001.0]
8946,6064006,"[7025.0, 6543253.0]"
8947,6064622,[237194.0]
8948,6064635,[165105.0]
8949,6064646,[224004.0]
8950,6065215,"[167605.0, 202311.0]"
8951,6065429,"[4698899.0, 1945379.0]"
8952,6065889,"[13557729.0, 4837372.0]"
8953,6066181,[54989.0]
8954,6068551,[1330292.0]
8955,6069739,[17061.0]
8956,6069946,[37048.0]
8957,6069956,[10746.0]
8958,6069970,[234088.0]
8959,6070065,[2772067.0]
8960,6070896,[34049.0]
8961,6070992,[11859.0]
8962,6073584,[80808.0]
8963,6076379,[7742.0]
8964,6076380,[7742.0]
8965,6076413,[1330292.0]
8966,6076675,"[1435883.0, 812957.0, 5392955.0]"
8967,6077427,[214232.0]
8968,6080136,[28544.0]
8969,6080889,[445303.0]
8970,6080980,[2776448.0]
8971,6081612,[17061.0]
8972,6081980,[505695.0]
8973,6082128,[630285.0]
8974,6082282,[270624.0]
8975,6082415,[17064.0]
8976,6083210,[1654.0]
8977,6083211,[1654.0]
8978,6084409,[1023510.0]
8979,6087491,[2778890.0]
8980,6087756,[25422.0]
8981,6087903,[177047.0]
8982,6089263,[34049.0]
8983,6089604,[2103666.0]
8984,6090433,[213980.0]
8985,6090919,[10896.0]
8986,6091035,[167394.0]
8987,6091497,[2780417.0]
8988,6093019,[784067.0]
8989,6093294,"[811.0, 528191.0, 586284.0]"
8990,6093337,[137902.0]
8991,6096231,[129092.0]
8992,6096675,[7577.0]
8993,6097180,[146374.0]
8994,6098684,[9550.0]
8995,6098687,[9550.0]
8996,6098691,[9550.0]
8997,6099737,[1149276.0]
8998,6100204,[17054.0]
8999,6100790,[24827.0]
9000,6101718,[142270.0]
9001,6105402,[21071.0]
9002,6106143,[105839.0]
9003,6106486,"[2786247.0, 2962463.0]"
9004,6106714,[1023510.0]
9005,6110731,[1177779.0]
9006,6113686,"[573850.0, 26170.0]"
9007,6114254,[42540.0]
9008,6114777,[1373880.0]
9009,6114921,[445303.0]
9010,6120544,[78763.0]
9011,6121287,[6461009.0]
9012,6122181,"[723801.0, 40563.0, 10746.0, 15292.0, 38066.0, 17061.0, 234115.0, 823146.0, 245963.0]"
9013,6122735,[1370283.0]
9014,6124224,[5989.0]
9015,6124802,[172512.0]
9016,6130616,[9629.0]
9017,6131164,[150038.0]
9018,6134776,[347385.0]
9019,6134783,[415967.0]
9020,6134826,[200317.0]
9021,6135576,[64364.0]
9022,6135854,[982805.0]
9023,6137154,[1373880.0]
9024,6137518,[2752627.0]
9025,6138594,[941441.0]
9026,6138606,[941441.0]
9027,6140185,[1045593.0]
9028,6146826,[17015.0]
9029,6147279,[521916.0]
9030,6147366,[5816.0]
9031,6147527,"[6268.0, 5205412.0]"
9032,6149219,[103359.0]
9033,6149939,[2803627.0]
9034,6149946,"[2803630.0, 82080.0]"
9035,6150364,[221073.0]
9036,6150453,[20559.0]
9037,6150473,"[153732.0, 1411091.0]"
9038,6150838,[492365.0]
9039,6158099,[1938680.0]
9040,6163754,"[1161372.0, 32637.0, 29479.0, 7577.0, 88506.0, 8694.0, 3389.0, 7581.0, 1356336.0, 1221698.0, 6587.0, 103081.0, 237154.0, 8347.0, 8988.0, 26935.0, 43989.0, 24827.0, 56162.0, 12339.0, 27206.0, 5989.0, 4798562.0, 84604.0, 4845.0, 108173.0, 131208.0, 39467.0, 10333.0, 463665.0, 108281.0, 25883.0, 20602.0, 338705.0, 2725468.0, 3005886.0, 3036291.0, 7083555.0]"
9041,6164018,"[279598.0, 2809379.0]"
9042,6167746,"[17015.0, 17010.0]"
9043,6171732,[758992.0]
9044,6172788,[2803969.0]
9045,6177411,[5329.0]
9046,6177424,[20983.0]
9047,6177425,[20983.0]
9048,6177426,[162678.0]
9049,6177429,[153738.0]
9050,6177493,[2614.0]
9051,6178065,[293603.0]
9052,6178354,[24818.0]
9053,6178574,[1127619.0]
9054,6184297,[28550.0]
9055,6184378,[107170.0]
9056,6185409,[1100089.0]
9057,6186198,[323656.0]
9058,6186199,[323656.0]
9059,6186355,[613805.0]
9060,6192165,[99642.0]
9061,6192722,[198623.0]
9062,6192961,"[167605.0, 202311.0, 2738525.0]"
9063,6193612,[752898.0]
9064,6193703,[2759174.0]
9065,6195236,[4636.0]
9066,6202318,[17061.0]
9067,6202342,[498072.0]
9068,6202861,[9629.0]
9069,6203049,[38066.0]
9070,6214309,"[217279.0, 6426782.0, 7157391.0]"
9071,6216679,"[17015.0, 17010.0]"
9072,6216680,"[17015.0, 17010.0]"
9073,6217361,[2830341.0]
9074,6218096,[15872.0]
9075,6223474,[58846.0]
9076,6224877,[20248.0]
9077,6227080,[2834177.0]
9078,6231453,[2835927.0]
9079,6233390,[20936.0]
9080,6234428,"[53193.0, 58223.0]"
9081,6234751,[23379.0]
9082,6234910,[823146.0]
9083,6236221,[2837821.0]
9084,6236660,"[150810.0, 362098.0]"
9085,6236809,"[155990.0, 7376837.0, 790145.0]"
9086,6237416,[263964.0]
9087,6237448,[81017.0]
9088,6237480,[87306.0]
9089,6237768,[276660.0]
9090,6237780,[12980.0]
9091,6238069,[15292.0]
9092,6238413,[269168.0]
9093,6238768,[8730.0]
9094,6239025,[17059.0]
9095,6240223,[2839407.0]
9096,6240539,[131208.0]
9097,6240758,[2839569.0]
9098,6240917,"[146374.0, 660076.0]"
9099,6241482,[9399.0]
9100,6241599,"[10366.0, 2767108.0]"
9101,6244315,"[17054.0, 175855.0, 669810.0, 137386.0, 1080585.0]"
9102,6245492,[165168.0]
9103,6249757,[27498.0]
9104,6249761,[58846.0]
9105,6249762,"[27498.0, 610353.0]"
9106,6249838,[9072.0]
9107,6250169,[1654.0]
9108,6250210,[1373880.0]
9109,6250211,[1373880.0]
9110,6250212,[1373880.0]
9111,6251725,[7025.0]
9112,6254610,"[6941.0, 4624490.0, 155811.0, 14403.0, 159.0, 16.0, 3190.0, 9494.0, 12540.0, 7799.0, 3243461.0, 10889.0, 28525.0, 14913365.0, 4652063.0, 35817.0, 19879.0, 26515.0, 77025.0, 512885.0, 1468240.0, 4489839.0, 82926.0, 422441.0, 4104142.0, 881203.0, 485215.0, 223294.0, 263531.0, 26926.0, 811234.0, 1624.0, 345967.0, 66700.0, 1665357.0, 20598.0, 57720.0, 29527.0, 57739.0, 5132.0, 35238.0, 6478378.0, 102922.0, 392933.0]"
9113,6255758,[7581.0]
9114,6255895,[1445909.0]
9115,6256512,"[2845655.0, 2845656.0]"
9116,6256729,[5833.0]
9117,6257480,[267687.0]
9118,6257484,[1046722.0]
9119,6257487,[823146.0]
9120,6257500,[2846074.0]
9121,6257523,[1654.0]
9122,6260701,[48190.0]
9123,6261011,[2847425.0]
9124,6261023,[48397.0]
9125,6261065,[5025620.0]
9126,6261081,[123719.0]
9127,6261097,[40823.0]
9128,6261122,[2902.0]
9129,6261170,[215620.0]
9130,6261182,"[4874418.0, 2847482.0]"
9131,6261189,[1045593.0]
9132,6261200,[870.0]
9133,6261242,[2789542.0]
9134,6261394,[353030.0]
9135,6261472,"[7536.0, 8658.0]"
9136,6261522,[2755160.0]
9137,6262281,[1831.0]
9138,6262365,"[17015.0, 17010.0]"
9139,6265292,[2849137.0]
9140,6265977,[1388626.0]
9141,6266006,"[21748.0, 2146135.0]"
9142,6266686,"[107170.0, 1112988.0]"
9143,6266872,[108424.0]
9144,6267237,[21911.0]
9145,6267775,"[1654.0, 1221698.0, 25251.0]"
9146,6270027,[30819.0]
9147,6271063,[175006.0]
9148,6274251,"[17015.0, 17010.0]"
9149,6275416,[8355.0]
9150,6275436,"[8840.0, 2387.0]"
9151,6275997,[6244.0]
9152,6276214,[96767.0]
9153,6276413,[105220.0]
9154,6276734,[1100593.0]
9155,6278019,[8649.0]
9156,6278121,[5244478.0]
9157,6279561,[1977.0]
9158,6280121,"[17015.0, 17010.0]"
9159,6280653,[9766.0]
9160,6282010,[28375.0]
9161,6282066,[505695.0]
9162,6282143,"[146374.0, 660076.0]"
9163,6282915,[7577.0]
9164,6283478,[2855899.0]
9165,6284391,[41032.0]
9166,6285099,[613805.0]
9167,6285236,"[17126.0, 571819.0, 5766244.0]"
9168,6285252,"[10746.0, 203762.0, 1186079.0, 8621.0]"
9169,6285818,[17061.0]
9170,6285903,[81096.0]
9171,6286042,"[17061.0, 71688.0, 21748.0, 24009.0]"
9172,6287482,[65137.0]
9173,6287972,[1267027.0]
9174,6288033,[326310.0]
9175,6288362,[17061.0]
9176,6288940,[1395810.0]
9177,6288945,[88608.0]
9178,6289268,"[73149.0, 13165.0]"
9179,6289428,[2858177.0]
9180,6289599,[87495.0]
9181,6289794,[38531.0]
9182,6289806,[27944.0]
9183,6289920,[20248.0]
9184,6289922,[431825.0]
9185,6289926,[1958136.0]
9186,6289933,[1880316.0]
9187,6289935,[1080585.0]
9188,6289938,[15292.0]
9189,6289939,"[9550.0, 101078.0, 35022.0, 28544.0]"
9190,6289940,[11663.0]
9191,6290240,[42110.0]
9192,6290270,[2858537.0]
9193,6290885,[7710.0]
9194,6293900,[119830.0]
9195,6294062,[121825.0]
9196,6294174,"[167605.0, 202311.0]"
9197,6294228,"[2614.0, 23.0, 116581.0, 156522.0]"
9198,6294300,[156522.0]
9199,6294549,[2860219.0]
9200,6294553,"[4428.0, 48192.0]"
9201,6295117,[498072.0]
9202,6295148,[1159584.0]
9203,6295173,"[182166.0, 63924.0]"
9204,6295267,[70532.0]
9205,6295541,[89973.0]
9206,6295913,[2860745.0]
9207,6296885,[2861133.0]
9208,6297248,[2861276.0]
9209,6298470,[25052.0]
9210,6300287,[63983.0]
9211,6301385,[14002.0]
9212,6302224,[104514.0]
9213,6303144,[28550.0]
9214,6303533,"[6245.0, 6244.0, 337207.0]"
9215,6303648,[10746.0]
9216,6303855,[82453.0]
9217,6303859,[1423732.0]
9218,6304329,[103359.0]
9219,6304332,[1005984.0]
9220,6304333,[20248.0]
9221,6304335,"[2895706.0, 2895707.0]"
9222,6304351,[7031278.0]
9223,6304756,[40330.0]
9224,6304918,[7025.0]
9225,6305025,[2387.0]
9226,6306686,[497291.0]
9227,6307037,"[8685.0, 8691.0, 2779169.0, 186776.0, 1967.0, 69803.0, 41194.0, 32262.0, 15188807.0, 15188808.0, 4080505.0, 34861.0, 721481.0, 2799345.0, 28045.0, 2772185.0, 38234.0]"
9228,6308141,[267687.0]
9229,6308153,[136127.0]
9230,6308379,[172487.0]
9231,6308590,"[8164.0, 180439.0, 354415.0]"
9232,6309140,[207746.0]
9233,6311064,"[2866422.0, 2866423.0]"
9234,6311614,[3441.0]
9235,6313326,[2754199.0]
9236,6313707,[329391.0]
9237,6313798,"[6941.0, 13387.0, 7659.0, 6944.0, 5152.0, 1630.0, 246684.0, 502042.0, 202192.0, 57736.0, 7415.0, 8726.0, 23001.0, 1141781.0, 14444.0, 60697.0, 52074.0, 23704.0, 3524.0, 128466.0, 33919.0, 3389.0, 8885.0, 7751.0, 4798562.0, 166779.0, 2715.0, 88506.0, 9558.0, 12589.0, 126765.0, 48355.0, 24902.0, 8835.0, 2912820.0, 23069.0, 215907.0, 2454.0, 431149.0, 101080.0, 7464.0, 13388.0]"
9238,6314019,[55820.0]
9239,6314293,[168090.0]
9240,6314295,[1069006.0]
9241,6314469,"[17064.0, 17061.0, 10333.0]"
9242,6314659,[9355.0]
9243,6314759,[1077326.0]
9244,6315566,"[4.0, 10896.0]"
9245,6315567,"[4.0, 64464.0]"
9246,6315602,[415967.0]
9247,6316125,[2868311.0]
9248,6316518,[34850.0]
9249,6316821,[10746.0]
9250,6318119,"[2828.0, 2927.0]"
9251,6318217,"[656983.0, 9533.0]"
9252,6318223,[1868743.0]
9253,6318238,[2869203.0]
9254,6319120,[2890288.0]
9255,6319176,[2869550.0]
9256,6319177,[2869550.0]
9257,6319978,[1857564.0]
9258,6320247,[2869923.0]
9259,6320397,[36344.0]
9260,6321718,[2870420.0]
9261,6321845,[99117.0]
9262,6321854,"[38569.0, 591108.0]"
9263,6322122,[2465550.0]
9264,6322323,[50873.0]
9265,6322517,[2995925.0]
9266,6322865,[2870843.0]
9267,6322885,[27379.0]
9268,6323514,[9018.0]
9269,6324492,[241301.0]
9270,6324645,[38840.0]
9271,6324672,[82453.0]
9272,6325690,[1876620.0]
9273,6327336,[644349.0]
9274,6328409,[4861.0]
9275,6328516,"[17015.0, 17010.0]"
9276,6329322,[2503028.0]
9277,6329335,[2937372.0]
9278,6329337,[2937372.0]
9279,6329342,[10746.0]
9280,6329354,[418784.0]
9281,6329547,[21748.0]
9282,6333003,[8476.0]
9283,6333584,[172490.0]
9284,6334518,[93726.0]
9285,6334523,[93726.0]
9286,6334590,[17061.0]
9287,6334780,"[150810.0, 362098.0]"
9288,6336078,"[1304819.0, 5816.0]"
9289,6337006,[4428.0]
9290,6338964,[31869.0]
9291,6339053,[19733.0]
9292,6339619,[477469.0]
9293,6339664,[2876763.0]
9294,6339989,[137902.0]
9295,6340340,[8685.0]
9296,6340422,"[12471.0, 18879.0, 1221698.0, 7577.0, 3389.0, 7415.0, 38313.0]"
9297,6340843,"[815.0, 221645.0]"
9298,6341533,[1654.0]
9299,6341582,[207694.0]
9300,6342483,[2063919.0]
9301,6342491,[125308.0]
9302,6342840,[17060.0]
9303,6342973,[26417.0]
9304,6343247,[131208.0]
9305,6343613,[322402.0]
9306,6344237,[17054.0]
9307,6344286,[950184.0]
9308,6344423,[48192.0]
9309,6344424,[35022.0]
9310,6344832,[17061.0]
9311,6345021,"[275126.0, 2984075.0, 4749003.0, 1259282.0, 1259281.0, 6444282.0, 1855575.0]"
9312,6345760,"[13663.0, 2878198.0]"
9313,6345977,[12695.0]
9314,6346305,"[479779.0, 39043.0]"
9315,6348045,[34049.0]
9316,6348338,[11663.0]
9317,6350211,[2310121.0]
9318,6350486,[8695.0]
9319,6350554,[317079.0]
9320,6351469,"[57983.0, 1077326.0]"
9321,6351939,[445303.0]
9322,6352078,[259413.0]
9323,6352248,"[656983.0, 9533.0]"
9324,6352393,[2880618.0]
9325,6352652,"[8685.0, 8686.0]"
9326,6352686,"[5339.0, 5345.0]"
9327,6353001,[6268.0]
9328,6353009,[4430.0]
9329,6353014,[71688.0]
9330,6353702,[1312879.0]
9331,6353999,[96909.0]
9332,6354310,[90820.0]
9333,6354496,"[1443712.0, 2881407.0]"
9334,6354623,"[8360.0, 331805.0]"
9335,6355118,"[150038.0, 2667240.0]"
9336,6356046,"[6378.0, 18064.0, 53354.0]"
9337,6356170,"[33508.0, 913909.0]"
9338,6356180,[74488.0]
9339,6356190,"[3389.0, 7430.0]"
9340,6357508,[21198.0]
9341,6357708,[2761947.0]
9342,6357771,[24009.0]
9343,6357881,[2901559.0]
9344,6357882,[2901559.0]
9345,6358401,"[4431689.0, 4431689.0]"
9346,6358975,[974195.0]
9347,6359599,[2883426.0]
9348,6361415,[17061.0]
9349,6361416,[17061.0]
9350,6361417,[17061.0]
9351,6361418,[17061.0]
9352,6362080,[2884350.0]
9353,6362689,[17061.0]
9354,6362785,[1418697.0]
9355,6363322,[2884780.0]
9356,6364017,[81096.0]
9357,6364657,[2885316.0]
9358,6364663,[2885318.0]
9359,6364718,[225033.0]
9360,6365102,"[137902.0, 2752476.0]"
9361,6365110,[150038.0]
9362,6365333,[1221698.0]
9363,6366110,[38550.0]
9364,6366271,"[1221698.0, 2885905.0]"
9365,6366368,[102987.0]
9366,6367131,[11858.0]
9367,6367234,[20561.0]
9368,6368610,[175855.0]
9369,6368611,[175855.0]
9370,6369113,"[324620.0, 441126.0]"
9371,6369517,"[1239645.0, 28569.0, 64216.0, 11853.0, 375143.0, 835348.0, 177046.0, 26033.0, 1045593.0, 86889.0, 1332605.0, 1005984.0, 94892.0, 823146.0, 634912.0, 61156.0, 4798562.0, 1001422.0, 9756.0, 1938234.0, 30036.0, 27206.0, 345572.0, 2792373.0, 329391.0, 1375697.0]"
9372,6370272,"[17015.0, 17010.0]"
9373,6370801,"[6988.0, 25422.0]"
9374,6371117,"[3408349.0, 131208.0]"
9375,6371243,[2888063.0]
9376,6371720,[6468949.0]
9377,6371893,"[200317.0, 3121878.0]"
9378,6372263,"[4430.0, 2987414.0]"
9379,6372499,[7581.0]
9380,6372501,[7581.0]
9381,6374361,"[6252.0, 38550.0, 8435196.0, 494654.0]"
9382,6374994,[20295.0]
9383,6375794,"[145129.0, 2874870.0]"
9384,6375862,"[142717.0, 12052.0, 61073.0, 8730.0, 33467.0, 53193.0, 5989.0, 58017.0, 34828.0, 1067608.0, 3252210.0, 3617.0, 8347.0, 31321.0, 6587.0, 29479.0, 4260.0, 7025.0, 10087.0, 8694.0, 8596.0, 241236.0, 331704.0]"
9385,6375914,[811.0]
9386,6376256,[230226.0]
9387,6376522,[201462.0]
9388,6376570,[270463.0]
9389,6376578,[1197847.0]
9390,6376772,[38531.0]
9391,6376776,[11663.0]
9392,6376794,[128231.0]
9393,6376816,[57434.0]
9394,6376904,[49177.0]
9395,6377125,[324620.0]
9396,6377326,[1428675.0]
9397,6377359,"[17015.0, 17010.0]"
9398,6377579,[1443712.0]
9399,6378455,"[17015.0, 17010.0]"
9400,6378458,"[17015.0, 22636.0, 202438.0, 17010.0, 15292.0, 8694.0, 137902.0, 27206.0, 1192311.0]"
9401,6378459,"[17015.0, 17010.0]"
9402,6379951,[8646.0]
9403,6380608,"[19005.0, 19006.0, 3093275.0]"
9404,6380822,[2891503.0]
9405,6381205,[2891665.0]
9406,6381988,[1375697.0]
9407,6382055,[346732.0]
9408,6382661,[4735.0]
9409,6382952,"[1239645.0, 15292.0, 146783.0, 150038.0, 21911.0, 2916205.0, 445303.0, 25422.0, 7581.0, 2526.0, 836009.0, 27206.0, 174708.0, 131208.0, 2792373.0]"
9410,6383472,"[620946.0, 6877116.0]"
9411,6383491,[324620.0]
9412,6383537,[944594.0]
9413,6383762,"[2892808.0, 3226899.0]"
9414,6383769,"[180392.0, 55869.0]"
9415,6383800,[272814.0]
9416,6384722,[165168.0]
9417,6385132,[2893344.0]
9418,6386479,[470587.0]
9419,6386678,[217944.0]
9420,6386834,[5376.0]
9421,6387496,"[25422.0, 105776.0]"
9422,6387565,"[3780.0, 13613.0]"
9423,6389303,[2894899.0]
9424,6389874,[2895111.0]
9425,6390127,[63669.0]
9426,6390162,[2759175.0]
9427,6390249,[2895271.0]
9428,6390428,[1356336.0]
9429,6390465,[19564.0]
9430,6391211,"[2895706.0, 2895707.0, 3031590.0]"
9431,6391467,[8649.0]
9432,6391683,[2895895.0]
9433,6391901,[6244.0]
9434,6392859,[515691.0]
9435,6393119,[374429.0]
9436,6393179,[141587.0]
9437,6393539,"[9550.0, 2959421.0]"
9438,6393644,[108173.0]
9439,6394157,[13652.0]
9440,6394410,[15292.0]
9441,6395291,[53574.0]
9442,6395698,"[1239645.0, 860538.0, 1342997.0, 1346721.0, 2465550.0, 177046.0, 269168.0, 870.0, 316778.0, 543507.0, 129540.0, 648874.0, 67431.0, 364069.0, 93029.0, 1508570.0, 275252.0, 102125.0, 3276305.0, 3276306.0]"
9443,6395937,[941441.0]
9444,6396822,[10366.0]
9445,6396829,[2897845.0]
9446,6397097,"[2897946.0, 2897947.0]"
9447,6398385,[2898479.0]
9448,6398824,"[57990.0, 1077326.0]"
9449,6399294,[1330287.0]
9450,6399672,[1374091.0]
9451,6399850,[13557729.0]
9452,6399851,[13557729.0]
9453,6400017,[355223.0]
9454,6400069,[426944.0]
9455,6400079,[426944.0]
9456,6400712,"[20248.0, 2870757.0]"
9457,6400720,"[40563.0, 334840.0]"
9458,6400940,[14199.0]
9459,6401002,[175855.0]
9460,6401209,[322402.0]
9461,6402375,[240708.0]
9462,6402666,[48206.0]
9463,6403882,[693782.0]
9464,6404356,[2900815.0]
9465,6404538,[498072.0]
9466,6405143,[106.0]
9467,6405972,"[2901559.0, 1411091.0]"
9468,6406015,[304060.0]
9469,6406018,[2018764.0]
9470,6406675,"[1475374.0, 2878198.0]"
9471,6407514,[49177.0]
9472,6407550,[1301649.0]
9473,6408523,[2397976.0]
9474,6408558,"[4698899.0, 1945379.0]"
9475,6409152,[108693.0]
9476,6409627,[1330292.0]
9477,6409700,[9355.0]
9478,6411440,[38951.0]
9479,6411554,[86346.0]
9480,6411849,[27206.0]
9481,6412768,"[437669.0, 7577.0]"
9482,6412809,[421434.0]
9483,6414013,"[25052.0, 2086916.0]"
9484,6416052,[50873.0]
9485,6416698,"[888413.0, 7023701.0]"
9486,6416702,[24827.0]
9487,6416903,[53574.0]
9488,6419093,"[11654.0, 941441.0, 17054.0, 268304.0, 157676.0]"
9489,6419136,"[498072.0, 6466294.0]"
9490,6419511,[724724.0]
9491,6419543,[1977.0]
9492,6419563,[155990.0]
9493,6419700,[37182.0]
9494,6420988,[15292.0]
9495,6421522,[43538.0]
9496,6421529,[43538.0]
9497,6421588,[1192311.0]
9498,6422595,[25422.0]
9499,6423185,[38809.0]
9500,6424184,[19954.0]
9501,6425505,"[17015.0, 17010.0]"
9502,6425725,"[735413.0, 1265.0]"
9503,6428035,[7577.0]
9504,6430718,[9018.0]
9505,6431790,[3780.0]
9506,6432786,"[38066.0, 46540.0, 35022.0, 101078.0]"
9507,6432984,[175855.0]
9508,6433834,[5951.0]
9509,6434104,[2772067.0]
9510,6434232,[4430.0]
9511,6435253,[1325446.0]
9512,6436154,[91085.0]
9513,6436602,[2917750.0]
9514,6437061,[2917917.0]
9515,6437740,[2918480.0]
9516,6437765,[25307.0]
9517,6437768,[25307.0]
9518,6437770,[25307.0]
9519,6438140,[28544.0]
9520,6438404,[3780.0]
9521,6438479,[2839569.0]
9522,6439449,[1035609.0]
9523,6439630,"[348878.0, 2979462.0]"
9524,6440512,[1423732.0]
9525,6440653,"[71081.0, 8537.0]"
9526,6440677,[2901559.0]
9527,6441303,[27100.0]
9528,6441509,[50873.0]
9529,6441527,[337831.0]
9530,6441528,[337831.0]
9531,6441539,"[1435883.0, 812957.0, 5392955.0]"
9532,6442616,[9072.0]
9533,6443645,[359109.0]
9534,6445359,[17061.0]
9535,6445700,[111012.0]
9536,6447037,[2921071.0]
9537,6447415,[746724.0]
9538,6448470,[89439.0]
9539,6448471,[89439.0]
9540,6448482,[2018764.0]
9541,6449378,[415967.0]
9542,6449448,[2921599.0]
9543,6449517,[91714.0]
9544,6449596,[2921661.0]
9545,6449920,[1332.0]
9546,6449922,[2921817.0]
9547,6450020,[211649.0]
9548,6450251,[2922003.0]
9549,6450262,[175009.0]
9550,6451603,[10746.0]
9551,6453240,"[65137.0, 153738.0, 514408.0]"
9552,6453270,"[6886129.0, 6430719.0]"
9553,6453293,[767547.0]
9554,6453307,[2923539.0]
9555,6453321,[421434.0]
9556,6453405,[1051591.0]
9557,6453485,[245963.0]
9558,6453488,[17015.0]
9559,6453847,[445303.0]
9560,6455061,[2924454.0]
9561,6455481,[14617.0]
9562,6456016,[2924930.0]
9563,6456850,[17061.0]
9564,6456851,[17061.0]
9565,6456934,"[2925451.0, 2925452.0, 2925453.0]"
9566,6457229,[3377941.0]
9567,6457334,[1238111.0]
9568,6458635,[5244478.0]
9569,6458788,"[9355.0, 4845.0]"
9570,6459561,[4757071.0]
9571,6460099,"[150810.0, 362098.0]"
9572,6460577,[153734.0]
9573,6460716,"[1149905.0, 573749.0, 1282611.0]"
9574,6461779,[3009541.0]
9575,6463595,"[12444.0, 74339.0]"
9576,6464141,[1141209.0]
9577,6464742,[83308.0]
9578,6465697,[613805.0]
9579,6466909,[61939.0]
9580,6467009,[54989.0]
9581,6468337,[8349.0]
9582,6468666,[7581.0]
9583,6468718,[1443712.0]
9584,6468742,[17061.0]
9585,6468744,[17061.0]
9586,6468812,[2930749.0]
9587,6469154,[150038.0]
9588,6470065,[644349.0]
9589,6470498,[4763.0]
9590,6470958,[1248068.0]
9591,6471230,"[1373880.0, 925.0, 5481957.0]"
9592,6471231,"[1373880.0, 925.0, 5481957.0]"
9593,6472148,[81096.0]
9594,6472451,[2884780.0]
9595,6473157,"[26.0, 11906.0]"
9596,6474771,[2096360.0]
9597,6476708,[323656.0]
9598,6477531,[803873.0]
9599,6477931,[273567.0]
9600,6477991,"[79006.0, 2738273.0]"
9601,6478502,[2594.0]
9602,6478602,[179712.0]
9603,6479198,"[34878.0, 285212.0]"
9604,6479259,[137902.0]
9605,6479419,[836009.0]
9606,6479550,[21748.0]
9607,6481245,[375626.0]
9608,6483210,"[108424.0, 2803557.0]"
9609,6483360,"[2936674.0, 6472670.0, 82526.0]"
9610,6483519,[17082.0]
9611,6483730,[2936805.0]
9612,6484173,[98903.0]
9613,6485421,[150038.0]
9614,6487308,[2905297.0]
9615,6487937,[1691206.0]
9616,6488043,"[12949.0, 3524830.0]"
9617,6488500,[25422.0]
9618,6490566,"[5793234.0, 39840.0, 2939598.0]"
9619,6490942,[8516.0]
9620,6492676,"[10604071.0, 435038.0, 40563.0, 4240402.0, 3086557.0]"
9621,6493405,[441453.0]
9622,6493406,[441453.0]
9623,6495082,[656983.0]
9624,6497526,[4260.0]
9625,6498925,[1141209.0]
9626,6499670,"[169377.0, 1265.0, 436308.0]"
9627,6500152,[948181.0]
9628,6503152,"[17059.0, 267687.0, 2168689.0]"
9629,6503154,[17059.0]
9630,6503156,[17059.0]
9631,6503161,[17059.0]
9632,6503486,[114283.0]
9633,6503535,[2944621.0]
9634,6503545,[2778890.0]
9635,6503718,[74046.0]
9636,6503780,"[12444.0, 92149.0, 3035546.0, 1624574.0, 55811.0, 148765.0]"
9637,6505011,"[46138.0, 91717.0, 107744.0, 329985.0, 48355.0, 2861133.0, 541552.0, 484109.0, 307629.0, 4798562.0, 378702.0, 7608.0, 2715.0, 572738.0, 3524.0, 3017135.0, 58856.0, 765702.0, 128570.0, 108173.0, 466494.0, 193861.0, 2957979.0]"
9638,6505069,[82453.0]
9639,6505358,[2945301.0]
9640,6505695,[1100593.0]
9641,6506079,"[4698899.0, 1945379.0]"
9642,6506477,[8185168.0]
9643,6506483,[2945688.0]
9644,6507754,[2855517.0]
9645,6507988,[4.0]
9646,6508005,[15872.0]
9647,6508352,[2946462.0]
9648,6508774,"[169377.0, 1265.0, 7785546.0]"
9649,6508952,[2923539.0]
9650,6509143,[17082.0]
9651,6509152,[324620.0]
9652,6512191,[375626.0]
9653,6513549,[2948436.0]
9654,6514476,[4902840.0]
9655,6515734,[1153072.0]
9656,6516513,[2884866.0]
9657,6517808,[13597.0]
9658,6518042,[1443712.0]
9659,6519728,"[9550.0, 8621.0, 93095.0, 2950834.0, 4154297.0]"
9660,6519787,[72678.0]
9661,6520263,[190848.0]
9662,6520659,"[25052.0, 2086916.0]"
9663,6521325,[51118.0]
9664,6522388,[2951796.0]
9665,6523876,[784067.0]
9666,6527739,[137902.0]
9667,6527740,[137902.0]
9668,6527741,[137902.0]
9669,6527841,[22542.0]
9670,6528333,[1330292.0]
9671,6528553,[436788.0]
9672,6528805,[2765760.0]
9673,6528962,"[481829.0, 98890.0, 12479.0, 96160.0, 32968.0, 13730.0, 304303.0, 2988.0, 6587.0, 6169.0, 60459.0, 18454.0, 7581.0, 95125.0, 48897.0, 6859638.0, 54475.0, 9756.0, 58971.0, 3154018.0, 2226.0]"
9674,6530472,[198623.0]
9675,6533485,[130698.0]
9676,6534874,[1241978.0]
9677,6535079,[4497.0]
9678,6537013,[8185168.0]
9679,6537058,[57434.0]
9680,6539039,"[46138.0, 1226866.0, 1268198.0, 177466.0, 58971.0, 277536.0, 107744.0, 1431510.0, 2830642.0, 376166.0, 307629.0, 207729.0, 20435.0, 2125760.0, 466494.0, 3036323.0, 3036324.0, 3036325.0, 3036326.0, 3036327.0, 3036328.0, 74416.0]"
9681,6539105,[7581.0]
9682,6539920,[2778890.0]
9683,6540270,[852078.0]
9684,6541058,"[2958986.0, 324055.0]"
9685,6541090,[7025.0]
9686,6543755,[1312879.0]
9687,6544020,[6259.0]
9688,6544193,[131208.0]
9689,6544353,[356164.0]
9690,6544486,[50873.0]
9691,6544598,[50873.0]
9692,6545487,[1441847.0]
9693,6545740,[2357.0]
9694,6547184,"[2961326.0, 67481.0]"
9695,6547185,[2961327.0]
9696,6547187,[669810.0]
9697,6547188,[17054.0]
9698,6547258,[38550.0]
9699,6547259,[38550.0]
9700,6547260,[38550.0]
9701,6547560,[50873.0]
9702,6549447,[145129.0]
9703,6549938,[40563.0]
9704,6550760,[25307.0]
9705,6550815,"[4431689.0, 4431689.0]"
9706,6553137,[8270.0]
9707,6553209,[1369219.0]
9708,6553352,[8988.0]
9709,6554666,[6206.0]
9710,6554735,[137902.0]
9711,6555008,[823146.0]
9712,6556261,[5816.0]
9713,6556422,[12091.0]
9714,6557156,[1045593.0]
9715,6557805,[1691206.0]
9716,6559316,[16218.0]
9717,6560220,[2901559.0]
9718,6561491,[178924.0]
9719,6561933,[7581.0]
9720,6561976,[7581.0]
9721,6564075,[1428675.0]
9722,6564342,[941441.0]
9723,6566955,[81338.0]
9724,6567284,[4430.0]
9725,6567484,[2998062.0]
9726,6567599,[133838.0]
9727,6567600,[133838.0]
9728,6569211,[40881.0]
9729,6569426,[2969634.0]
9730,6570052,"[119121.0, 2969875.0]"
9731,6570066,[30819.0]
9732,6570140,[56370.0]
9733,6571723,[15292.0]
9734,6571771,[1651952.0]
9735,6572844,[153738.0]
9736,6573555,[941441.0]
9737,6573775,[50873.0]
9738,6573776,[50873.0]
9739,6574115,[15540.0]
9740,6574915,[21701.0]
9741,6574928,[21701.0]
9742,6575656,[15890.0]
9743,6576403,[155762.0]
9744,6577773,[6268.0]
9745,6578055,"[1221698.0, 1233276.0]"
9746,6578725,[27168.0]
9747,6578909,[129092.0]
9748,6579183,[10518.0]
9749,6580510,[2973783.0]
9750,6580611,"[463850.0, 43745.0, 463849.0]"
9751,6580970,[125984.0]
9752,6581334,[1177779.0]
9753,6581511,[200317.0]
9754,6582080,"[6245.0, 6244.0, 123344.0]"
9755,6582496,[33919.0]
9756,6582625,[153733.0]
9757,6582630,[78305.0]
9758,6582635,[7941.0]
9759,6582636,[196212.0]
9760,6582637,[71688.0]
9761,6582640,[270312.0]
9762,6582703,[15292.0]
9763,6582957,"[9505.0, 15291.0]"
9764,6583205,[153741.0]
9765,6583234,[78305.0]
9766,6585201,[10746.0]
9767,6585955,[44003.0]
9768,6585977,[200317.0]
9769,6586336,[50873.0]
9770,6586415,[108007.0]
9771,6586433,[11663.0]
9772,6586456,[9237.0]
9773,6586599,[224004.0]
9774,6587387,[40563.0]
9775,6587879,[88506.0]
9776,6590520,[1305376.0]
9777,6590551,[52527.0]
9778,6590600,[101078.0]
9779,6590788,"[1330292.0, 655707.0, 781561.0]"
9780,6591459,[2184228.0]
9781,6592513,[2884988.0]
9782,6593383,[162678.0]
9783,6593385,[23.0]
9784,6593451,[48192.0]
9785,6594657,[836009.0]
9786,6595461,[277536.0]
9787,6595465,[1443712.0]
9788,6595466,[1443712.0]
9789,6596708,"[6464383.0, 121364.0]"
9790,6597080,"[153732.0, 1411091.0]"
9791,6597635,[752898.0]
9792,6598207,[99642.0]
9793,6598735,[6565477.0]
9794,6599011,[3389.0]
9795,6599113,[2980339.0]
9796,6599344,"[4430.0, 510877.0, 2987414.0, 2987413.0]"
9797,6599565,[1221698.0]
9798,6600137,[345630.0]
9799,6600527,[5369.0]
9800,6600732,[836009.0]
9801,6600807,"[3408349.0, 131208.0]"
9802,6601257,[104514.0]
9803,6601733,[8202779.0]
9804,6602575,[33918.0]
9805,6602818,[35023.0]
9806,6602822,[50873.0]
9807,6603364,[21748.0]
9808,6604209,[38550.0]
9809,6604644,[19564.0]
9810,6605730,[186776.0]
9811,6606305,[20248.0]
9812,6607799,[221073.0]
9813,6608663,"[48386.0, 4841825.0]"
9814,6609571,[174708.0]
9815,6609580,[4260.0]
9816,6609587,[71686.0]
9817,6609623,[108849.0]
9818,6609636,[1192311.0]
9819,6609694,[345739.0]
9820,6609704,[2983966.0]
9821,6609744,[2172337.0]
9822,6609758,[347385.0]
9823,6609769,[75334.0]
9824,6609848,"[2984032.0, 337207.0]"
9825,6610489,[1045593.0]
9826,6610562,[2964564.0]
9827,6611024,[1857564.0]
9828,6611038,[580315.0]
9829,6611059,[21697.0]
9830,6611074,[2984460.0]
9831,6612005,"[2789878.0, 4636983.0]"
9832,6612542,[2917917.0]
9833,6612741,[30819.0]
9834,6613576,"[150810.0, 362098.0]"
9835,6614238,[28550.0]
9836,6614242,[74488.0]
9837,6614271,"[90866.0, 38820.0]"
9838,6614277,[2961326.0]
9839,6614280,"[2961326.0, 67481.0]"
9840,6615018,[7581.0]
9841,6615021,[40563.0]
9842,6615618,[16496.0]
9843,6616382,[2465550.0]
9844,6616466,[240708.0]
9845,6616579,[31232.0]
9846,6616667,[27498.0]
9847,6616833,[650199.0]
9848,6618187,[65391.0]
9849,6618272,[2987125.0]
9850,6619499,[1192311.0]
9851,6619930,[17061.0]
9852,6620129,[8988.0]
9853,6620466,[2987888.0]
9854,6620473,[2987893.0]
9855,6621017,[9494.0]
9856,6621278,[2988174.0]
9857,6621880,"[28946.0, 1310149.0]"
9858,6622569,[165168.0]
9859,6623101,[2883426.0]
9860,6624379,[835348.0]
9861,6624577,[644349.0]
9862,6624702,[121825.0]
9863,6625002,[26897.0]
9864,6631944,[2687.0]
9865,6632166,[6244.0]
9866,6632182,"[1356509.0, 2991767.0, 504274.0]"
9867,6633102,"[1567394.0, 44034.0]"
9868,6636138,[3502.0]
9869,6636890,[2013272.0]
9870,6637795,"[656983.0, 16191.0]"
9871,6639491,"[8842.0, 1221698.0]"
9872,6640070,[10087.0]
9873,6640557,[27140.0]
9874,6640559,[22369.0]
9875,6640565,[2994705.0]
9876,6641635,[2830341.0]
9877,6641796,"[27498.0, 73351.0, 1871685.0]"
9878,6644109,"[415967.0, 2995869.0]"
9879,6644111,[13026.0]
9880,6644117,[2995873.0]
9881,6646849,"[38550.0, 5779081.0]"
9882,6647778,[61958.0]
9883,6647989,[10359.0]
9884,6648020,[56019.0]
9885,6648578,[833164.0]
9886,6648595,"[8538.0, 6456544.0, 8536.0, 1041777.0]"
9887,6650737,[46540.0]
9888,6651640,[2901559.0]
9889,6652673,[311365.0]
9890,6652893,[20248.0]
9891,6653693,[40563.0]
9892,6654104,"[3161109.0, 15872.0]"
9893,6654313,[1330292.0]
9894,6655491,"[291916.0, 3000181.0]"
9895,6656935,"[38550.0, 8435196.0]"
9896,6657006,[355223.0]
9897,6657468,[31232.0]
9898,6657648,[8347.0]
9899,6658097,[497788.0]
9900,6658573,[5009050.0]
9901,6658679,[3396368.0]
9902,6658685,[79632.0]
9903,6659254,[234115.0]
9904,6659411,[17015.0]
9905,6659480,[1307342.0]
9906,6659537,"[116504.0, 397577.0]"
9907,6659604,[40983.0]
9908,6659778,"[28550.0, 1332605.0, 16154.0, 21701.0]"
9909,6660747,[375143.0]
9910,6661027,[33918.0]
9911,6661062,[12948.0]
9912,6661321,"[285730.0, 1067608.0, 1221698.0, 13388.0, 11072.0, 3389.0, 48888.0, 874602.0, 126765.0, 12531.0, 14454.0, 44808.0, 10992.0, 9860453.0, 2778055.0, 73422.0, 1630.0, 130698.0, 4764.0, 7415.0, 19305.0, 6566350.0]"
9913,6661349,[1343790.0]
9914,6661489,[6587.0]
9915,6661635,[1301649.0]
9916,6662349,[25307.0]
9917,6662400,[25307.0]
9918,6662410,[3002543.0]
9919,6662414,[25307.0]
9920,6662436,[25307.0]
9921,6663701,[20936.0]
9922,6665849,[63669.0]
9923,6665903,[10089.0]
9924,6666394,[13026.0]
9925,6666645,[326992.0]
9926,6667612,[7581.0]
9927,6668868,[28569.0]
9928,6670348,[15292.0]
9929,6671535,[10746.0]
9930,6671653,[23138.0]
9931,6671933,"[199626.0, 2472310.0]"
9932,6672129,[41942.0]
9933,6673065,[3006397.0]
9934,6676603,[15872.0]
9935,6676742,[3127624.0]
9936,6676743,[3127624.0]
9937,6676744,[23023.0]
9938,6676768,[211729.0]
9939,6677021,[2096360.0]
9940,6677204,[650835.0]
9941,6678045,[88609.0]
9942,6678398,[445303.0]
9943,6678880,[284897.0]
9944,6678974,[27704.0]
9945,6678976,[246590.0]
9946,6679044,[237175.0]
9947,6680441,[64364.0]
9948,6681184,[17061.0]
9949,6681206,[13733.0]
9950,6681333,[293603.0]
9951,6681393,[3009541.0]
9952,6681585,[17059.0]
9953,6681614,[1330287.0]
9954,6682769,[2232265.0]
9955,6684306,[30033.0]
9956,6687158,[2056014.0]
9957,6687858,"[1221698.0, 10365.0]"
9958,6687860,"[1221698.0, 59749.0]"
9959,6690798,[45315.0]
9960,6690996,[2018764.0]
9961,6691056,[445303.0]
9962,6691426,[43393.0]
9963,6691674,[457300.0]
9964,6692673,[17061.0]
9965,6692896,[15872.0]
9966,6693332,[27100.0]
9967,6693472,[2876763.0]
9968,6693473,[2876763.0]
9969,6693729,"[19005.0, 19006.0]"
9970,6694531,[10366.0]
9971,6695157,"[11912.0, 171517.0]"
9972,6695665,[72451.0]
9973,6695785,[2905297.0]
9974,6695996,[76423.0]
9975,6696602,[4430.0]
9976,6696843,[6268.0]
9977,6696927,"[4764.0, 2962677.0]"
9978,6697866,[8588.0]
9979,6699311,[5816.0]
9980,6699637,[142270.0]
9981,6700360,[15292.0]
9982,6703145,[1916427.0]
9983,6703198,[1463436.0]
9984,6705489,"[22716.0, 2762793.0]"
9985,6706844,[8591.0]
9986,6707275,"[17015.0, 17010.0]"
9987,6707521,[8349.0]
9988,6707525,[8794.0]
9989,6707608,[2120001.0]
9990,6707693,[3020684.0]
9991,6708137,[3020684.0]
9992,6709663,"[38550.0, 8435196.0]"
9993,6710476,[1051591.0]
9994,6712343,[21748.0]
9995,6713076,[15888.0]
9996,6713166,"[199626.0, 2472310.0]"
9997,6713614,[1141422.0]
9998,6713798,[268722.0]
9999,6714177,"[346732.0, 12052.0, 61073.0, 12476.0, 25307.0, 17613.0, 6587.0, 58971.0, 1067608.0, 3617.0, 8730.0, 42919.0, 38809.0, 10517.0, 8988.0, 14002.0, 113942.0, 12535.0, 4338.0, 3388323.0]"
10000,6715235,[3023434.0]
10001,6715367,[3023507.0]
10002,6715729,"[1373880.0, 1012738.0]"
10003,6715752,[12948.0]
10004,6716319,[1802330.0]
10005,6716668,[27100.0]
10006,6718729,"[6252.0, 28709.0, 8455.0, 229813.0]"
10007,6719241,[33262.0]
10008,6719735,[34049.0]
10009,6719736,[47104.0]
10010,6720171,[48190.0]
10011,6720404,[534366.0]
10012,6721385,"[4522.0, 38951.0, 584827.0, 9018.0, 5791.0, 5285.0, 27142.0, 6587.0, 27148.0, 58971.0, 24827.0, 88506.0, 27874.0, 4340377.0, 59165.0, 7581.0, 4340378.0, 52050.0, 4340380.0, 72451.0]"
10013,6723348,"[167605.0, 202311.0]"
10014,6723628,"[3026715.0, 5300258.0]"
10015,6725785,[7581.0]
10016,6726099,"[668710.0, 8988.0, 376166.0, 105839.0, 19305.0, 1105690.0, 8695.0, 2172337.0, 168090.0, 54475.0, 157655.0, 2917917.0, 1454720.0, 232137.0, 2861133.0, 2917750.0, 103982.0, 78024.0, 445303.0, 2958713.0, 3400076.0, 3400079.0, 3400085.0]"
10017,6726353,[9806.0]
10018,6726595,[9550.0]
10019,6726734,[2772067.0]
10020,6727322,[190887.0]
10021,6728116,[3020684.0]
10022,6729268,[17015.0]
10023,6730372,[36175.0]
10024,6730664,[1923475.0]
10025,6734395,[2168689.0]
10026,6735147,[184987.0]
10027,6735471,[48192.0]
10028,6736704,[3031982.0]
10029,6736971,[1405152.0]
10030,6737172,[468339.0]
10031,6739768,"[48192.0, 17064.0, 17063.0]"
10032,6740409,"[3389.0, 473481.0]"
10033,6740756,[1312879.0]
10034,6740998,[33461.0]
10035,6740999,[276660.0]
10036,6744417,[1290625.0]
10037,6744949,[53574.0]
10038,6745760,"[73154.0, 3015195.0]"
10039,6746528,"[922699.0, 947.0, 5770353.0, 816347.0]"
10040,6746912,[683939.0]
10041,6747003,"[5816.0, 3067498.0]"
10042,6747545,[48192.0]
10043,6748062,[80808.0]
10044,6749996,[2922003.0]
10045,6750586,[2761947.0]
10046,6750738,[93220.0]
10047,6750765,[1292596.0]
10048,6752378,[150038.0]
10049,6752764,[613805.0]
10050,6753250,[2898479.0]
10051,6753329,[1923475.0]
10052,6753727,[1069006.0]
10053,6754536,[137902.0]
10054,6757426,[2918731.0]
10055,6757893,"[65335.0, 65334.0]"
10056,6758331,[48192.0]
10057,6758332,[3039800.0]
10058,6760380,[1441.0]
10059,6760760,[27206.0]
10060,6760761,[3040642.0]
10061,6760780,[321303.0]
10062,6761277,[74046.0]
10063,6762281,[38951.0]
10064,6762468,"[2989459.0, 6551671.0]"
10065,6762906,"[941441.0, 17054.0, 157676.0, 11654.0, 268304.0]"
10066,6763961,[415967.0]
10067,6764254,[418627.0]
10068,6764787,[180392.0]
10069,6764803,[431092.0]
10070,6764806,[3041984.0]
10071,6764886,[4260.0]
10072,6764888,[182166.0]
10073,6765788,[3857639.0]
10074,6766315,"[108424.0, 2803557.0]"
10075,6766638,[1713558.0]
10076,6767166,[5768539.0]
10077,6767573,[43697.0]
10078,6767583,[263547.0]
10079,6767883,[835348.0]
10080,6768411,[2915782.0]
10081,6768412,[2915782.0]
10082,6768413,[2915782.0]
10083,6769025,[1332605.0]
10084,6771442,"[1221698.0, 122651.0]"
10085,6771443,"[1221698.0, 10365.0]"
10086,6773540,[2714197.0]
10087,6773700,[3045001.0]
10088,6775623,[155990.0]
10089,6775624,[155990.0]
10090,6775682,"[2936674.0, 6472670.0, 82526.0]"
10091,6779796,[7742.0]
10092,6780439,[50873.0]
10093,6780702,[5808280.0]
10094,6781184,[1177779.0]
10095,6782465,[2860219.0]
10096,6782468,[2860219.0]
10097,6782653,[404733.0]
10098,6783137,[344067.0]
10099,6783155,"[57473.0, 124763.0]"
10100,6787083,[15987.0]
10101,6788767,"[18967.0, 104179.0]"
10102,6790045,"[40563.0, 334840.0]"
10103,6790955,"[15872.0, 465708.0]"
10104,6792217,[57434.0]
10105,6793336,[179712.0]
10106,6793385,[406491.0]
10107,6794855,[145926.0]
10108,6795189,[2961327.0]
10109,6796450,[445303.0]
10110,6797476,"[2397976.0, 253498.0]"
10111,6798947,[2232265.0]
10112,6799860,"[8164.0, 26405.0]"
10113,6801389,"[16961.0, 4428700.0]"
10114,6801582,[2096360.0]
10115,6801586,[732829.0]
10116,6801601,[208650.0]
10117,6801614,[208650.0]
10118,6801645,[208650.0]
10119,6801646,[208650.0]
10120,6801652,"[153732.0, 1411091.0]"
10121,6803525,[2892154.0]
10122,6809118,[16625.0]
10123,6809339,[5098.0]
10124,6809619,[1938234.0]
10125,6811278,[37060.0]
10126,6811283,[33918.0]
10127,6815247,[345630.0]
10128,6818083,[200317.0]
10129,6821199,[99025.0]
10130,6831917,[19564.0]
10131,6834864,[23894.0]
10132,6838961,[4735.0]
10133,6839020,[27379.0]
10134,6845909,[23069.0]
10135,6852350,[323656.0]
10136,6854741,[81096.0]
10137,6855336,"[10746.0, 203762.0, 4686275.0]"
10138,6855471,[848968.0]
10139,6856011,[5816.0]
10140,6861455,[15872.0]
10141,6863668,[48206.0]
10142,6867949,[304060.0]
10143,6867952,"[2988406.0, 1411091.0]"
10144,6869344,"[2905297.0, 1144378.0]"
10145,6869353,[6268.0]
10146,6870505,[421434.0]
10147,6870698,[6543097.0]
10148,6871031,[5542.0]
10149,6871358,[3077893.0]
10150,6871616,[669810.0]
10151,6871617,[669810.0]
10152,6875162,[4430.0]
10153,6876281,[45315.0]
10154,6878812,[16155.0]
10155,6881498,[435114.0]
10156,6881685,[2924955.0]
10157,6882494,[50873.0]
10158,6884614,[1429808.0]
10159,6885954,[2957043.0]
10160,6885957,[3780.0]
10161,6886931,[83267.0]
10162,6888748,[1637418.0]
10163,6889348,[16143.0]
10164,6889578,[52527.0]
10165,6890220,[3084517.0]
10166,6891728,[3085098.0]
10167,6892166,[3085265.0]
10168,6892479,[3085379.0]
10169,6892514,[2232265.0]
10170,6892626,[404733.0]
10171,6892991,[240708.0]
10172,6893353,[4609969.0]
10173,6895179,[2895895.0]
10174,6897351,[17061.0]
10175,6897432,[3087209.0]
10176,6900002,[20248.0]
10177,6900573,[668710.0]
10178,6900601,[1440203.0]
10179,6903857,[108173.0]
10180,6905534,[164187.0]
10181,6905569,[3090324.0]
10182,6907879,[663.0]
10183,6908393,[21911.0]
10184,6908832,"[42211.0, 2387.0]"
10185,6909045,[2860745.0]
10186,6909642,"[3091721.0, 3118938.0]"
10187,6910709,[4430.0]
10188,6911755,[2921661.0]
10189,6912654,[8347.0]
10190,6913778,[26796.0]
10191,6913918,"[5158478.0, 4197526.0]"
10192,6914086,[7581.0]
10193,6914102,[7581.0]
10194,6914119,[7581.0]
10195,6916562,[826097.0]
10196,6916963,[137902.0]
10197,6917081,[1445909.0]
10198,6917229,"[17015.0, 17010.0]"
10199,6917434,[2023476.0]
10200,6917837,[2854898.0]
10201,6917863,[3094787.0]
10202,6917951,"[17015.0, 17010.0]"
10203,6917952,"[17015.0, 17010.0]"
10204,6918909,[2096360.0]
10205,6919827,[436788.0]
10206,6920820,[3095878.0]
10207,6923325,[27379.0]
10208,6924676,"[40563.0, 2981411.0]"
10209,6924798,[823146.0]
10210,6925666,[836009.0]
10211,6926983,"[55474.0, 48192.0, 2612.0]"
10212,6927672,[3098317.0]
10213,6927743,[237787.0]
10214,6927748,[1405152.0]
10215,6927827,[41032.0]
10216,6928840,"[257093.0, 25355.0]"
10217,6929490,[4763.0]
10218,6929566,[3098913.0]
10219,6930002,[2916205.0]
10220,6931171,[2772365.0]
10221,6931234,[3099505.0]
10222,6931246,[33918.0]
10223,6931344,[3099544.0]
10224,6931452,[53793.0]
10225,6932856,[3100080.0]
10226,6933095,[1713558.0]
10227,6933096,[1713558.0]
10228,6933135,[3100200.0]
10229,6933138,[3100202.0]
10230,6933152,[580315.0]
10231,6933473,[17061.0]
10232,6933479,[6268.0]
10233,6933600,[79589.0]
10234,6933876,[2891665.0]
10235,6933901,[6206.0]
10236,6934395,[50873.0]
10237,6936339,[2905297.0]
10238,6937498,[953371.0]
10239,6937878,[153734.0]
10240,6938348,[415967.0]
10241,6940211,[20560.0]
10242,6940291,[827236.0]
10243,6940494,[2834177.0]
10244,6941324,[40881.0]
10245,6942094,"[91516.0, 2517464.0]"
10246,6944032,[4430.0]
10247,6944046,[17061.0]
10248,6944583,[752898.0]
10249,6945369,[587983.0]
10250,6945530,"[167605.0, 202311.0]"
10251,6947949,[3105432.0]
10252,6948214,[15872.0]
10253,6948234,[37557.0]
10254,6948437,"[25052.0, 2086916.0]"
10255,6950498,[23894.0]
10256,6950499,[23894.0]
10257,6950567,"[3780.0, 13613.0]"
10258,6950910,"[38550.0, 8435196.0]"
10259,6951425,[2915851.0]
10260,6951861,[498072.0]
10261,6953393,[50873.0]
10262,6953394,[50873.0]
10263,6953500,[11654.0]
10264,6953567,[64364.0]
10265,6953778,"[27498.0, 610353.0]"
10266,6956554,"[4698899.0, 1945379.0]"
10267,6956621,[79589.0]
10268,6957484,[17015.0]
10269,6957624,[267687.0]
10270,6957629,[61156.0]
10271,6962792,"[167605.0, 202311.0]"
10272,6962846,[3111012.0]
10273,6963653,[8476.0]
10274,6963749,[3111339.0]
10275,6964765,[1445909.0]
10276,6965068,[16625.0]
10277,6965828,[3112090.0]
10278,6965955,[2900815.0]
10279,6965998,[36122.0]
10280,6966045,[1051591.0]
10281,6966342,[27498.0]
10282,6966881,"[1495325.0, 6584197.0]"
10283,6967958,[1080585.0]
10284,6968153,[162678.0]
10285,6968828,[1207458.0]
10286,6970361,[1427650.0]
10287,6970490,[456208.0]
10288,6970656,[20248.0]
10289,6970707,[2089928.0]
10290,6972157,[65137.0]
10291,6972193,"[17015.0, 17010.0]"
10292,6973516,[2876763.0]
10293,6973574,[1080585.0]
10294,6973671,[3114883.0]
10295,6975601,[81096.0]
10296,6976104,[17082.0]
10297,6976882,[38550.0]
10298,6976916,[7581.0]
10299,6976966,[1111511.0]
10300,6977329,[546427.0]
10301,6978487,[413783.0]
10302,6978770,[498072.0]
10303,6978960,[3116816.0]
10304,6979061,"[1965926.0, 22631.0, 3116858.0]"
10305,6979420,[2994893.0]
10306,6979554,[282919.0]
10307,6979584,[692437.0]
10308,6979774,[58846.0]
10309,6979924,"[2938140.0, 2938141.0, 69163.0]"
10310,6980336,[13957.0]
10311,6981805,"[88506.0, 386543.0]"
10312,6982754,[145926.0]
10313,6984608,[293603.0]
10314,6986721,"[17064.0, 71688.0, 7941.0, 2465550.0]"
10315,6987482,"[146374.0, 660076.0]"
10316,6987550,[3780.0]
10317,6987557,"[3780.0, 3022554.0, 3022555.0]"
10318,6989932,[7577.0]
10319,6990121,[209873.0]
10320,6990420,[137386.0]
10321,6993490,[1405152.0]
10322,6996918,[7581.0]
10323,6997193,[2837821.0]
10324,6998617,"[20575.0, 196012.0]"
10325,7002360,[50873.0]
10326,7004479,[648748.0]
10327,7005421,[1628012.0]
10328,7005865,[10896.0]
10329,7005878,[3124999.0]
10330,7005931,[3125018.0]
10331,7006095,[34049.0]
10332,7007561,[153394.0]
10333,7007753,[3125621.0]
10334,7007788,[50873.0]
10335,7008041,[3125711.0]
10336,7008345,"[2876763.0, 511447.0]"
10337,7011403,[25307.0]
10338,7012074,"[1732747.0, 3126955.0]"
10339,7013171,"[3127235.0, 13856.0]"
10340,7014041,[42550.0]
10341,7015223,[970554.0]
10342,7015318,[98903.0]
10343,7015487,[8349.0]
10344,7017219,"[142270.0, 15011468.0]"
10345,7022166,"[225455.0, 4393224.0]"
10346,7022317,"[3112114.0, 3073576.0]"
10347,7022843,"[56352.0, 61741.0, 31232.0, 13026.0, 23069.0, 2669754.0, 989968.0, 240708.0, 8347.0, 16939.0, 59165.0, 4338.0, 12949.0, 58856.0, 73149.0, 8694.0, 4798562.0, 12444.0, 276660.0]"
10348,7023148,"[1221698.0, 10763.0]"
10349,7023534,[153738.0]
10350,7023788,[27498.0]
10351,7024635,[941441.0]
10352,7025097,[11654.0]
10353,7028070,[17060.0]
10354,7031306,"[4432.0, 3132865.0]"
10355,7031827,[93220.0]
10356,7031834,[21911.0]
10357,7031841,[344618.0]
10358,7036997,[273705.0]
10359,7037587,[60478.0]
10360,7037744,[38550.0]
10361,7038489,[8730.0]
10362,7039218,[669810.0]
10363,7039742,[165466.0]
10364,7040020,[3135698.0]
10365,7041456,[38531.0]
10366,7044445,[71688.0]
10367,7044446,"[23.0, 71688.0, 11858.0, 24009.0]"
10368,7045752,"[5816.0, 3067498.0]"
10369,7046413,[101078.0]
10370,7046493,[4430.0]
10371,7046495,[20248.0]
10372,7047862,"[7719.0, 1368268.0]"
10373,7047941,[137902.0]
10374,7048492,[3138466.0]
10375,7048787,[15292.0]
10376,7048880,[3780.0]
10377,7049405,[172490.0]
10378,7051826,[17015.0]
10379,7052533,[156522.0]
10380,7052617,"[374504.0, 8164.0]"
10381,7053525,[145294.0]
10382,7055355,"[2895706.0, 2895707.0, 3130980.0, 3031590.0]"
10383,7058022,[1562974.0]
10384,7058934,"[190887.0, 2437819.0]"
10385,7059393,[36276.0]
10386,7059697,[2785999.0]
10387,7060582,[1857564.0]
10388,7061309,[1221698.0]
10389,7061684,[37557.0]
10390,7061706,"[5989.0, 53256.0]"
10391,7062539,[3143458.0]
10392,7062980,[121825.0]
10393,7064529,[119830.0]
10394,7067782,"[25422.0, 3969234.0]"
10395,7068147,[50873.0]
10396,7069161,[1407193.0]
10397,7069751,[3145809.0]
10398,7075298,[79589.0]
10399,7077917,[3148560.0]
10400,7081571,[588246.0]
10401,7081899,[3149825.0]
10402,7082115,"[17015.0, 17010.0]"
10403,7083075,[7742.0]
10404,7083270,[17061.0]
10405,7084062,"[566874.0, 717304.0]"
10406,7089277,"[186145.0, 1265.0]"
10407,7090447,[15872.0]
10408,7090785,"[146628.0, 1265.0, 7127265.0]"
10409,7091296,"[309018.0, 780075.0]"
10410,7091314,"[180392.0, 55869.0]"
10411,7091397,[62444.0]
10412,7091426,[1346213.0]
10413,7091470,"[827236.0, 2541147.0]"
10414,7091488,[17061.0]
10415,7091713,"[15292.0, 1222197.0]"
10416,7091747,[2890288.0]
10417,7091973,[41942.0]
10418,7092308,[1159584.0]
10419,7092395,[379444.0]
10420,7092396,[468200.0]
10421,7092399,[38531.0]
10422,7092402,[303833.0]
10423,7092453,[3153048.0]
10424,7092508,"[911081.0, 2743261.0]"
10425,7093919,[993682.0]
10426,7094418,"[3153731.0, 1315.0, 3957691.0]"
10427,7094480,[948181.0]
10428,7094547,[55820.0]
10429,7094592,[3153783.0]
10430,7094635,[2847534.0]
10431,7095049,[103359.0]
10432,7095205,"[10746.0, 169487.0]"
10433,7095420,[1290625.0]
10434,7095563,"[13195.0, 305721.0]"
10435,7095653,[1880316.0]
10436,7095655,[19819.0]
10437,7095666,[2858177.0]
10438,7095686,[108007.0]
10439,7095689,"[28550.0, 78305.0, 63611.0]"
10440,7095690,[1005984.0]
10441,7095691,[196212.0]
10442,7095692,[379444.0]
10443,7095698,[6268.0]
10444,7096010,[34049.0]
10445,7097842,[241301.0]
10446,7097866,[81017.0]
10447,7098304,[4428.0]
10448,7098861,[944594.0]
10449,7098974,[2120001.0]
10450,7099460,"[2780862.0, 5438.0]"
10451,7099468,[821504.0]
10452,7099474,[688826.0]
10453,7100266,"[64364.0, 16155.0, 3149825.0, 2935342.0]"
10454,7100301,[48192.0]
10455,7100490,[50873.0]
10456,7100759,[9237.0]
10457,7101579,[2937372.0]
10458,7101968,[104558.0]
10459,7102464,[74488.0]
10460,7102544,"[17061.0, 81016.0, 28550.0, 669810.0, 131208.0, 5095.0, 1356336.0, 4522.0, 95190.0, 63669.0, 50581.0, 43295.0, 5445782.0]"
10461,7103829,[1332.0]
10462,7106094,[221073.0]
10463,7106333,"[167605.0, 202311.0]"
10464,7106633,[114283.0]
10465,7106664,[2839569.0]
10466,7106736,[498072.0]
10467,7106816,"[118848.0, 118847.0]"
10468,7106964,[753097.0]
10469,7107573,[6461009.0]
10470,7107790,[61659.0]
10471,7108001,[169377.0]
10472,7108653,[3158545.0]
10473,7108656,[1488908.0]
10474,7109044,[1375697.0]
10475,7109406,[42211.0]
10476,7113271,[10896.0]
10477,7113496,[60177.0]
10478,7113498,[60177.0]
10479,7114042,[24009.0]
10480,7114458,"[2895706.0, 2895707.0]"
10481,7114471,[88608.0]
10482,7114817,[2924930.0]
10483,7114825,[8660.0]
10484,7114946,[2846074.0]
10485,7116458,[359194.0]
10486,7116549,"[1036925.0, 1036924.0]"
10487,7116709,[4195533.0]
10488,7117197,[1395810.0]
10489,7118679,[1967.0]
10490,7121598,[9550.0]
10491,7121691,[345630.0]
10492,7123161,"[5158478.0, 2738410.0, 4153422.0, 2765704.0, 686.0]"
10493,7123179,[82453.0]
10494,7123181,[82453.0]
10495,7123581,[1429808.0]
10496,7124095,[767547.0]
10497,7124101,[27140.0]
10498,7124921,[27498.0]
10499,7124925,[27498.0]
10500,7125335,"[3780.0, 3164239.0]"
10501,7125342,[142270.0]
10502,7128341,"[815.0, 221645.0]"
10503,7128767,[5816.0]
10504,7129598,[3165706.0]
10505,7130616,[21748.0]
10506,7130788,[109354.0]
10507,7132233,[3166590.0]
10508,7133900,[3005522.0]
10509,7135014,[1651952.0]
10510,7135858,[3681.0]
10511,7136020,[497788.0]
10512,7136307,[2876763.0]
10513,7137810,[33958.0]
10514,7139892,[60177.0]
10515,7140462,[2869203.0]
10516,7141427,"[6252.0, 38550.0]"
10517,7141610,[7581.0]
10518,7143047,"[6436872.0, 12728.0, 54475.0, 2916952.0, 141334.0, 43248.0, 40173.0, 194172.0, 25422.0, 1067608.0, 8988.0, 38313.0, 23069.0, 33502.0, 8694.0, 484109.0]"
10519,7143298,[3170417.0]
10520,7143429,[31232.0]
10521,7146050,[1112218.0]
10522,7146831,[4145.0]
10523,7148787,[19954.0]
10524,7149287,[8794.0]
10525,7150647,"[31253.0, 203791.0]"
10526,7150756,[12695.0]
10527,7150757,[12695.0]
10528,7150766,[336058.0]
10529,7151456,[230226.0]
10530,7151460,[359109.0]
10531,7154685,[170443.0]
10532,7155027,[46474.0]
10533,7156647,[3174636.0]
10534,7157044,[1718040.0]
10535,7158537,[213980.0]
10536,7159016,[1290625.0]
10537,7163862,[426034.0]
10538,7165300,[1370283.0]
10539,7165335,[55474.0]
10540,7165405,[15890.0]
10541,7167271,[2740668.0]
10542,7169238,[1441847.0]
10543,7169578,[45315.0]
10544,7169581,[45315.0]
10545,7170273,[36122.0]
10546,7170750,[445303.0]
10547,7171362,[2809249.0]
10548,7171453,[457300.0]
10549,7171637,[150038.0]
10550,7171748,"[25422.0, 30033.0, 546427.0, 10317.0, 1443712.0, 13957.0, 11654.0, 8347.0, 179733.0, 277536.0, 8730.0, 119848.0, 2526.0, 150038.0]"
10551,7171771,[3377941.0]
10552,7171859,[119933.0]
10553,7171880,[27140.0]
10554,7171882,"[27206.0, 174708.0]"
10555,7171902,[323656.0]
10556,7171956,"[27209.0, 1162045.0]"
10557,7172680,"[17061.0, 142412.0, 2358.0, 81016.0, 262084.0, 112338.0, 402430.0, 244452.0, 4278425.0, 12014.0, 50948.0, 107322.0, 71170.0, 61762.0, 39304.0, 296979.0, 746045.0, 809148.0, 3452047.0, 3452048.0, 3452049.0]"
10558,7173256,"[45315.0, 105602.0]"
10559,7175089,[142270.0]
10560,7176209,[3181096.0]
10561,7177275,[8649.0]
10562,7179261,[71688.0]
10563,7179268,[71688.0]
10564,7179272,[71688.0]
10565,7179686,[1628012.0]
10566,7180320,[3182455.0]
10567,7181792,[102987.0]
10568,7181829,"[8164.0, 495248.0, 180439.0]"
10569,7182421,[18684.0]
10570,7182626,[27209.0]
10571,7183665,"[207971.0, 3007480.0, 40563.0]"
10572,7186426,[3184606.0]
10573,7187728,[1654.0]
10574,7189104,[301071.0]
10575,7189619,"[7941.0, 38820.0, 2759175.0]"
10576,7193485,[602320.0]
10577,7193686,[3187114.0]
10578,7193767,[3187142.0]
10579,7194943,[11654.0]
10580,7196830,[35022.0]
10581,7196959,"[167605.0, 202311.0]"
10582,7197913,[272814.0]
10583,7198023,[2883426.0]
10584,7198234,[1957584.0]
10585,7198988,[200317.0]
10586,7199017,"[97228.0, 40881.0, 202865.0]"
10587,7199027,[90866.0]
10588,7199136,[1301649.0]
10589,7199418,[137902.0]
10590,7199485,[56019.0]
10591,7199499,[3112090.0]
10592,7199667,[359109.0]
10593,7199828,"[18967.0, 104179.0]"
10594,7199829,"[18967.0, 104179.0]"
10595,7200351,[4430.0]
10596,7201913,[3780.0]
10597,7202041,[2755160.0]
10598,7203230,[1141209.0]
10599,7203676,[1330292.0]
10600,7204516,"[2789878.0, 4636983.0]"
10601,7204531,"[2789878.0, 4636983.0]"
10602,7205104,[13663.0]
10603,7205214,[3174636.0]
10604,7205224,[3174636.0]
10605,7206935,"[32911.0, 1023510.0]"
10606,7207765,[3192110.0]
10607,7211922,[3193723.0]
10608,7212010,"[33508.0, 913909.0]"
10609,7217724,[27498.0]
10610,7220447,[3196716.0]
10611,7222152,[102987.0]
10612,7222262,[88506.0]
10613,7224154,[19954.0]
10614,7224584,[3198312.0]
10615,7225322,[3198547.0]
10616,7226664,[11859.0]
10617,7230309,[3200239.0]
10618,7234748,[4522.0]
10619,7234801,[3020684.0]
10620,7234828,[51118.0]
10621,7235532,"[38550.0, 8435196.0, 494654.0]"
10622,7235533,[38550.0]
10623,7235718,[15298.0]
10624,7236110,[9237.0]
10625,7236997,[1550534.0]
10626,7237556,[48206.0]
10627,7238403,"[1330292.0, 4341892.0, 4341893.0, 3472681.0, 655707.0]"
10628,7238737,[3203095.0]
10629,7241251,[15298.0]
10630,7241254,[15298.0]
10631,7241493,[3204242.0]
10632,7241962,[3090324.0]
10633,7241984,"[8685.0, 8691.0]"
10634,7242077,[1938680.0]
10635,7242100,[1827868.0]
10636,7242757,"[104925.0, 1346213.0]"
10637,7242941,[50.0]
10638,7242960,[90866.0]
10639,7243142,[25052.0]
10640,7243411,[1045593.0]
10641,7245329,[3205604.0]
10642,7247856,[4611069.0]
10643,7247965,[3206478.0]
10644,7248435,[347385.0]
10645,7248501,[15292.0]
10646,7249522,[3100027.0]
10647,7250778,[122550.0]
10648,7251081,"[30973.0, 2086916.0]"
10649,7261549,[165168.0]
10650,7261699,[88685.0]
10651,7263429,[3041100.0]
10652,7268509,[89973.0]
10653,7268566,[108905.0]
10654,7268583,[276660.0]
10655,7268841,"[8840.0, 2387.0]"
10656,7269507,"[6436872.0, 360092.0, 36344.0, 27206.0, 131208.0, 329391.0, 1967.0, 833164.0, 43989.0, 172490.0, 4080498.0, 662867.0, 34861.0, 4080504.0, 12991.0]"
10657,7274195,[3216094.0]
10658,7278057,[33918.0]
10659,7278058,[33918.0]
10660,7278120,[48190.0]
10661,7278720,[36122.0]
10662,7279365,[88685.0]
10663,7280026,[5725313.0]
10664,7280031,[50873.0]
10665,7283373,"[169377.0, 4386644.0]"
10666,7283567,[2933833.0]
10667,7283762,[3219496.0]
10668,7285498,[3220024.0]
10669,7286699,"[108424.0, 4173628.0]"
10670,7288367,[3180076.0]
10671,7291741,[34049.0]
10672,7292791,"[723801.0, 21748.0, 10746.0, 114283.0, 15292.0, 291002.0, 137386.0, 131208.0, 8988.0]"
10673,7292936,[8185168.0]
10674,7293120,[3222611.0]
10675,7294513,[21748.0]
10676,7294543,[2855899.0]
10677,7294912,[3780.0]
10678,7295501,[2868678.0]
10679,7297559,[1282287.0]
10680,7298656,"[18014.0, 2932239.0]"
10681,7302394,[9766.0]
10682,7302398,[1923475.0]
10683,7302399,[1407193.0]
10684,7302400,[4845.0]
10685,7302402,[87306.0]
10686,7302517,[217944.0]
10687,7302794,[9629.0]
10688,7303068,[168090.0]
10689,7303250,[3226226.0]
10690,7303819,"[6252.0, 38550.0]"
10691,7303820,"[6252.0, 38550.0]"
10692,7304203,[48206.0]
10693,7304345,"[46138.0, 46137.0, 11889.0, 5989.0, 1067608.0, 26767.0, 8694.0, 396931.0, 107744.0, 24.0, 58013.0, 54462.0, 87495.0, 194172.0, 19305.0, 4100461.0, 4100462.0, 1670340.0, 53256.0, 2438981.0, 67272.0, 224189.0, 662546.0, 2951127.0]"
10694,7305155,"[2892808.0, 3226899.0, 230018.0]"
10695,7306067,[497291.0]
10696,7307202,[71688.0]
10697,7307503,[71688.0]
10698,7307504,[71688.0]
10699,7308837,[1141209.0]
10700,7311667,[2895895.0]
10701,7312120,[27379.0]
10702,7312324,[153734.0]
10703,7314376,[2803627.0]
10704,7315439,[2264238.0]
10705,7315600,[1562881.0]
10706,7316440,[60577.0]
10707,7316441,[60577.0]
10708,7320740,[132091.0]
10709,7325963,[498072.0]
10710,7326141,[88609.0]
10711,7326784,[155990.0]
10712,7326833,"[153732.0, 1411091.0]"
10713,7326879,"[4698899.0, 1945379.0]"
10714,7327214,"[573850.0, 26170.0]"
10715,7327321,[472456.0]
10716,7327326,[4337106.0]
10717,7327327,[25421.0]
10718,7332493,[79589.0]
10719,7332664,"[4371018.0, 18130.0]"
10720,7336256,[3020684.0]
10721,7337447,[54989.0]
10722,7339755,[137902.0]
10723,7340340,[207708.0]
10724,7343947,"[17010.0, 7581.0, 137902.0, 9072.0, 200317.0]"
10725,7351320,[146374.0]
10726,7351574,[61939.0]
10727,7352840,[1045593.0]
10728,7353243,"[61741.0, 92149.0, 322402.0, 35022.0, 25376.0, 12444.0, 225692.0, 63341.0, 9018.0, 14024.0, 1343790.0, 45103.0, 20295.0, 162936.0, 13681.0, 4756989.0, 3483225.0]"
10729,7355137,"[157663.0, 619712.0]"
10730,7363955,[27100.0]
10731,7365164,[2918795.0]
10732,7367757,"[108424.0, 2803557.0]"
10733,7369018,[3249026.0]
10734,7372975,[3321132.0]
10735,7378426,[3252210.0]
10736,7380104,[17061.0]
10737,7383032,[175855.0]
10738,7384801,[375626.0]
10739,7393372,[1025498.0]
10740,7397729,[371202.0]
10741,7402393,[3041100.0]
10742,7403981,[1327642.0]
10743,7404415,[825538.0]
10744,7404829,[116581.0]
10745,7405143,[445649.0]
10746,7411232,[1079136.0]
10747,7416872,[1948907.0]
10748,7416873,"[56352.0, 4067140.0, 25422.0, 589.0, 346732.0, 26.0, 271200.0, 14454.0, 3619.0, 4260.0, 8685.0, 10518.0, 8347.0, 108173.0, 7415.0, 4338.0, 8694.0, 76288.0, 81037.0, 86475.0, 38631.0, 12991.0, 277536.0, 13218.0, 25.0, 15188.0, 57814.0, 26767.0, 5989.0, 8185168.0, 989968.0, 874602.0, 8730.0, 1067608.0]"
10749,7420106,[1305376.0]
10750,7421456,[208650.0]
10751,7421457,[208650.0]
10752,7421460,[208650.0]
10753,7421463,[208650.0]
10754,7426970,[2023476.0]
10755,7427791,[3270217.0]
10756,7428520,[20248.0]
10757,7428697,[3098913.0]
10758,7428806,[3270624.0]
10759,7430195,[270479.0]
10760,7430203,[270479.0]
10761,7430840,"[2905297.0, 1144378.0]"
10762,7430962,[288167.0]
10763,7432648,[1440203.0]
10764,7433668,[3234100.0]
10765,7436142,[941441.0]
10766,7438039,"[38550.0, 3154390.0]"
10767,7441947,"[56125.0, 26399.0, 169469.0, 18015.0]"
10768,7441970,"[27206.0, 67119.0, 4522.0, 18015.0]"
10769,7442693,[48192.0]
10770,7443986,[1239159.0]
10771,7445179,"[656983.0, 9533.0, 9545.0]"
10772,7450931,[17061.0]
10773,7454295,[149897.0]
10774,7455201,[346732.0]
10775,7455727,"[46138.0, 8164.0, 155759.0, 1221698.0, 8185168.0, 12339.0, 466971.0, 19305.0, 24902.0, 66310.0, 346732.0, 2844917.0, 1067608.0, 26767.0, 8694.0, 918877.0, 17613.0, 3524.0, 90070.0, 518983.0, 741116.0, 9756.0, 40983.0, 3389.0, 73421.0, 25027.0, 20435.0, 70454.0, 52074.0, 338705.0, 22547.0, 93528.0, 54462.0, 317.0, 1207458.0, 289314.0, 2978429.0, 4020335.0, 8842.0, 15414.0, 11890.0]"
10776,7456030,[40823.0]
10777,7456034,[63983.0]
10778,7456038,[1096399.0]
10779,7456159,[9550.0]
10780,7457397,[3020684.0]
10781,7457545,"[15872.0, 2119344.0, 436308.0]"
10782,7463192,[136127.0]
10783,7467055,[8695.0]
10784,7467434,[2996650.0]
10785,7476120,[137902.0]
10786,7476121,[137902.0]
10787,7476122,[415967.0]
10788,7479205,[125308.0]
10789,7485762,[53212.0]
10790,7488244,[3290920.0]
10791,7488686,[2949152.0]
10792,7489530,[8347.0]
10793,7489851,[760392.0]
10794,7490472,[123719.0]
10795,7492383,[81096.0]
10796,7493593,"[485271.0, 3292639.0, 4777916.0]"
10797,7495184,[40563.0]
10798,7500798,"[3295277.0, 11663.0]"
10799,7501537,[3295546.0]
10800,7505560,"[121364.0, 2715.0, 25422.0, 24902.0, 3389.0, 33918.0, 1221698.0, 53193.0, 8794.0, 108173.0, 234088.0, 108590.0, 7799.0, 854076.0, 1244.0, 73421.0, 7798379.0, 12531.0, 13387.0, 8185168.0, 13957.0]"
10801,7505716,"[8164.0, 180439.0]"
10802,7507191,"[150038.0, 3107213.0]"
10803,7507657,[3020684.0]
10804,7507750,[64364.0]
10805,7507845,[3297510.0]
10806,7507885,[1312605.0]
10807,7507890,[970554.0]
10808,7507901,[474489.0]
10809,7507908,[3023658.0]
10810,7507909,[36276.0]
10811,7507920,[2958157.0]
10812,7507931,"[4874418.0, 2847482.0]"
10813,7507944,[588356.0]
10814,7507951,[5339.0]
10815,7508223,"[26935.0, 413510.0, 7581.0, 631503.0, 240709.0, 481782.0, 1531483.0, 1965926.0, 765702.0, 3469.0, 224179.0, 2444658.0, 2930173.0, 1967.0, 2879106.0, 2914122.0, 2917037.0, 2978425.0, 3403916.0, 3403917.0, 3403918.0, 3403919.0, 3403920.0, 3403921.0, 3403927.0, 3403928.0]"
10816,7508451,[2759174.0]
10817,7508615,"[17015.0, 17010.0]"
10818,7511070,[79589.0]
10819,7511118,[552457.0]
10820,7516001,[8988.0]
10821,7519472,[48192.0]
10822,7519646,[415967.0]
10823,7519652,[17060.0]
10824,7527588,[5158478.0]
10825,7531409,"[15873.0, 3203.0]"
10826,7531654,"[3377941.0, 2904488.0]"
10827,7533903,[1048167.0]
10828,7538299,"[10746.0, 169487.0]"
10829,7539030,[2761947.0]
10830,7541341,[313670.0]
10831,7545000,[2089928.0]
10832,7549828,[2870843.0]
10833,7552323,[1194340.0]
10834,7552342,[3112090.0]
10835,7553944,[282919.0]
10836,7556058,[2895111.0]
10837,7557548,"[1654.0, 19439.0]"
10838,7560658,[1975671.0]
10839,7562764,[2768002.0]
10840,7564251,[3316576.0]
10841,7565545,[282919.0]
10842,7568425,[2964564.0]
10843,7568427,"[2940867.0, 2940868.0, 8194109.0]"
10844,7573098,[3995.0]
10845,7575231,[15872.0]
10846,7576029,[77172.0]
10847,7576115,[1654.0]
10848,7576123,[33918.0]
10849,7577116,[3321132.0]
10850,7592279,[34049.0]
10851,7598522,[1141052.0]
10852,7600922,[15292.0]
10853,7602235,[2868311.0]
10854,7605246,[28550.0]
10855,7607561,[101078.0]
10856,7614652,[150038.0]
10857,7614747,[580315.0]
10858,7615403,[2847542.0]
10859,7616379,[31688.0]
10860,7619076,[974195.0]
10861,7619397,"[13677.0, 363780.0]"
10862,7620598,[2018764.0]
10863,7620605,[2018764.0]
10864,7620611,[2018764.0]
10865,7620623,"[2988406.0, 1411091.0]"
10866,7620631,[2018764.0]
10867,7623110,[15872.0]
10868,7624272,"[15872.0, 3343082.0]"
10869,7626805,[48192.0]
10870,7628695,[26738.0]
10871,7628700,[8695.0]
10872,7629756,[3339347.0]
10873,7629854,[3339369.0]
10874,7635629,[2002988.0]
10875,7635805,[2980339.0]
10876,7636552,[2847542.0]
10877,7637398,"[1221698.0, 26813.0, 7128.0, 14454.0, 6941.0, 17613.0, 19305.0, 2546.0, 4260.0, 18341.0, 23069.0, 15089992.0, 10108.0, 4098207.0, 23704.0, 1612.0, 8835.0, 33050.0, 16939.0, 40983.0, 88506.0, 3524.0, 9432.0, 12339.0, 58971.0, 20850.0, 7717.0]"
10878,7638313,[3342342.0]
10879,7639087,[1427650.0]
10880,7640634,[53193.0]
10881,7640705,"[33467.0, 405334.0]"
10882,7641180,"[3343303.0, 252914.0]"
10883,7641961,"[3295277.0, 6459302.0]"
10884,7642463,[5339.0]
10885,7646805,"[3780.0, 2697291.0]"
10886,7653352,[2232265.0]
10887,7653931,[137902.0]
10888,7654360,[17061.0]
10889,7655716,[74488.0]
10890,7656222,[4579328.0]
10891,7656228,[1312879.0]
10892,7656231,[164576.0]
10893,7658462,[12991.0]
10894,7660688,[2847542.0]
10895,7662235,[8988.0]
10896,7663247,[137902.0]
10897,7664041,[8349.0]
10898,7664345,[2870363.0]
10899,7664713,[223885.0]
10900,7667523,[131208.0]
10901,7668350,[9320.0]
10902,7668731,[10522.0]
10903,7669259,[19564.0]
10904,7669945,[23894.0]
10905,7670213,[276660.0]
10906,7670661,[4611069.0]
10907,7670800,[221253.0]
10908,7671665,[90340.0]
10909,7672427,[303833.0]
10910,7674888,[3355188.0]
10911,7675981,[1488908.0]
10912,7682233,[587983.0]
10913,7683254,[1136158.0]
10914,7684939,[1445909.0]
10915,7685237,"[3295277.0, 6459302.0]"
10916,7685261,[153738.0]
10917,7686654,[40881.0]
10918,7687199,[25307.0]
10919,7687223,[61659.0]
10920,7687257,[106823.0]
10921,7687322,[61659.0]
10922,7687351,[61659.0]
10923,7687402,[174708.0]
10924,7687462,[61659.0]
10925,7687477,[99836.0]
10926,7687501,[61659.0]
10927,7687527,[61659.0]
10928,7687657,[1069006.0]
10929,7688834,[71688.0]
10930,7693649,[101078.0]
10931,7693853,[242473.0]
10932,7694286,[137902.0]
10933,7694627,[35010.0]
10934,7696564,[48192.0]
10935,7697372,[1857564.0]
10936,7698228,"[10746.0, 169487.0]"
10937,7698237,"[10746.0, 169487.0]"
10938,7698251,"[10746.0, 169487.0]"
10939,7698261,"[10746.0, 169487.0]"
10940,7698279,"[10746.0, 169487.0]"
10941,7698424,"[10746.0, 169487.0]"
10942,7698740,[445303.0]
10943,7701275,[200317.0]
10944,7701406,[16579.0]
10945,7701720,[355223.0]
10946,7704943,[8587.0]
10947,7704978,[11654.0]
10948,7704979,[11654.0]
10949,7705429,[3112090.0]
10950,7705587,"[43393.0, 443744.0]"
10951,7705774,[6268.0]
10952,7706484,[15872.0]
10953,7706970,[153732.0]
10954,7708384,[1002902.0]
10955,7708482,[125984.0]
10956,7708731,"[205.0, 8283771.0]"
10957,7709810,[3006397.0]
10958,7711273,[8685.0]
10959,7711726,"[1372374.0, 2440736.0, 4976009.0]"
10960,7713851,[417798.0]
10961,7715664,[375143.0]
10962,7716140,[3369676.0]
10963,7717157,[35022.0]
10964,7717938,[3060067.0]
10965,7718013,[78763.0]
10966,7718597,"[1221698.0, 10365.0]"
10967,7718666,[1137883.0]
10968,7718908,[3467600.0]
10969,7719245,[3027554.0]
10970,7719324,[1599723.0]
10971,7719355,[2891665.0]
10972,7719503,[3370870.0]
10973,7721198,[2357.0]
10974,7721912,"[1405152.0, 2760464.0]"
10975,7723486,[3016101.0]
10976,7724257,[1310735.0]
10977,7724995,[868.0]
10978,7725009,[4431689.0]
10979,7725104,"[130129.0, 967474.0]"
10980,7726036,[119848.0]
10981,7726143,"[50873.0, 29840.0, 4101698.0]"
10982,7726420,[221608.0]
10983,7727518,[17015.0]
10984,7728889,[2526.0]
10985,7731996,[3353674.0]
10986,7735325,[58846.0]
10987,7736182,[15872.0]
10988,7736327,[5753883.0]
10989,7736665,[1085216.0]
10990,7737848,"[330967.0, 947.0]"
10991,7737852,[3097903.0]
10992,7737900,"[3377501.0, 3377502.0, 93391.0, 2714501.0]"
10993,7739310,[1435731.0]
10994,7739606,[3098913.0]
10995,7739723,[4432.0]
10996,7739803,[2946327.0]
10997,7739838,"[6075640.0, 3378153.0]"
10998,7739862,[1654.0]
10999,7739887,"[3267859.0, 2876710.0]"
11000,7739901,"[180392.0, 55869.0]"
11001,7739916,[1391437.0]
11002,7739934,[200317.0]
11003,7739950,"[17015.0, 293603.0, 15292.0, 1192311.0, 27206.0, 56019.0, 3408349.0]"
11004,7740030,[31775.0]
11005,7740060,[1159584.0]
11006,7740061,[421434.0]
11007,7740064,[19954.0]
11008,7740130,[33467.0]
11009,7740152,[2905297.0]
11010,7740216,[1520317.0]
11011,7740225,[17046.0]
11012,7740659,[38550.0]
11013,7740753,[35634.0]
11014,7741856,[3378915.0]
11015,7743162,"[6252.0, 38550.0]"
11016,7743175,"[6252.0, 38550.0]"
11017,7743782,[190887.0]
11018,7744064,[3379695.0]
11019,7744299,[3060067.0]
11020,7745095,[8443452.0]
11021,7745639,[12091.0]
11022,7747064,[2995873.0]
11023,7747168,[3380848.0]
11024,7747263,[21911.0]
11025,7747285,[21911.0]
11026,7747374,[3380908.0]
11027,7755455,[3383744.0]
11028,7756722,"[150038.0, 2879517.0]"
11029,7757081,[1802330.0]
11030,7757584,"[26.0, 1948907.0]"
11031,7757634,[2946462.0]
11032,7759580,[24827.0]
11033,7759629,[3084517.0]
11034,7760613,[2096360.0]
11035,7761369,[2134487.0]
11036,7762777,[346732.0]
11037,7762834,"[7031278.0, 6256.0]"
11038,7763145,[22528.0]
11039,7765054,[417798.0]
11040,7765642,[401053.0]
11041,7766064,[3387293.0]
11042,7766830,"[2936674.0, 6472670.0, 82526.0]"
11043,7767021,[588356.0]
11044,7767483,[13557729.0]
11045,7767952,[2743065.0]
11046,7768157,[17015.0]
11047,7770715,[3388865.0]
11048,7771450,"[3389094.0, 1054428.0]"
11049,7773320,[1463436.0]
11050,7775569,"[18967.0, 104179.0]"
11051,7775611,[19954.0]
11052,7775631,[53574.0]
11053,7775663,[4386164.0]
11054,7775665,[94091.0]
11055,7775741,[98903.0]
11056,7775742,"[4430.0, 1383797.0]"
11057,7775755,[3377941.0]
11058,7775757,[99117.0]
11059,7775764,[2885318.0]
11060,7775973,[765702.0]
11061,7775974,[59165.0]
11062,7776444,[28083.0]
11063,7776445,[28083.0]
11064,7778609,[37557.0]
11065,7778981,[696372.0]
11066,7778983,[33919.0]
11067,7779042,[3009541.0]
11068,7779059,[10746.0]
11069,7779258,"[656983.0, 9533.0, 9545.0]"
11070,7781495,[648612.0]
11071,7785917,[3299.0]
11072,7786474,[13730.0]
11073,7786629,[102987.0]
11074,7786771,[776435.0]
11075,7787487,"[1239645.0, 1330292.0, 2876763.0, 415967.0, 2916205.0, 119848.0, 93220.0, 1443712.0, 30036.0, 519824.0, 836009.0, 38531.0, 2232265.0, 823146.0]"
11076,7787857,[123087.0]
11077,7788266,[17061.0]
11078,7788549,[1530555.0]
11079,7788758,[3395248.0]
11080,7789362,[3395431.0]
11081,7789830,[2599416.0]
11082,7790460,"[669810.0, 20983.0, 1046722.0]"
11083,7790906,[7577.0]
11084,7791582,[2261547.0]
11085,7791997,[2876763.0]
11086,7793307,[3396842.0]
11087,7793496,[3396910.0]
11088,7793985,"[283108.0, 1018954.0]"
11089,7794018,[33467.0]
11090,7794569,[3397290.0]
11091,7795066,[23894.0]
11092,7796794,"[24830.0, 59749.0]"
11093,7796816,[2905297.0]
11094,7796909,[121610.0]
11095,7797032,[7581.0]
11096,7797356,[9550.0]
11097,7797359,[9550.0]
11098,7797366,[9550.0]
11099,7797380,[1718040.0]
11100,7797384,[9550.0]
11101,7798872,[4497.0]
11102,7801124,[3020684.0]
11103,7801229,[125308.0]
11104,7801488,[3399559.0]
11105,7802254,[137902.0]
11106,7802883,[7581.0]
11107,7802913,[172487.0]
11108,7804119,[1330292.0]
11109,7804123,[25422.0]
11110,7804173,[790918.0]
11111,7804178,[2937372.0]
11112,7804289,[2923539.0]
11113,7810517,[7581.0]
11114,7811212,[7581.0]
11115,7811245,[7581.0]
11116,7811578,[145129.0]
11117,7812107,[2885316.0]
11118,7812372,[3857639.0]
11119,7812745,"[93726.0, 2796762.0]"
11120,7815689,[30819.0]
11121,7815690,[30819.0]
11122,7815691,[30819.0]
11123,7815817,[2063919.0]
11124,7815982,[15890.0]
11125,7816298,[2905789.0]
11126,7817785,[21911.0]
11127,7818303,[16585360.0]
11128,7818881,[293603.0]
11129,7818890,[4195533.0]
11130,7819220,[11394.0]
11131,7819820,[1555396.0]
11132,7821892,[191456.0]
11133,7821929,"[3780.0, 880946.0, 2348505.0, 4724452.0]"
11134,7821931,[3780.0]
11135,7821932,"[3780.0, 2697291.0]"
11136,7822778,"[1373880.0, 925.0, 5481957.0]"
11137,7822865,[2861133.0]
11138,7823038,[2803627.0]
11139,7823210,"[17061.0, 2729427.0]"
11140,7823524,[4605.0]
11141,7823549,[191456.0]
11142,7823570,"[463850.0, 463849.0, 61659.0]"
11143,7823592,"[15873.0, 325203.0]"
11144,7823600,[3342174.0]
11145,7823635,[767547.0]
11146,7823691,[13014.0]
11147,7823797,[1423732.0]
11148,7823800,[5816.0]
11149,7824013,[3095.0]
11150,7824059,[105839.0]
11151,7824314,[2172337.0]
11152,7824468,[3407490.0]
11153,7825292,[8185168.0]
11154,7825557,[3407883.0]
11155,7826546,[3408212.0]
11156,7827221,[2755160.0]
11157,7827387,[121825.0]
11158,7828879,[153733.0]
11159,7828881,[153741.0]
11160,7828882,[20248.0]
11161,7828883,[38531.0]
11162,7830215,[82453.0]
11163,7830463,[41032.0]
11164,7830913,[12350.0]
11165,7830969,[156522.0]
11166,7830973,[114283.0]
11167,7831145,[71688.0]
11168,7831146,[2614.0]
11169,7831435,"[33467.0, 39414.0, 459448.0, 3391834.0, 5070327.0]"
11170,7831742,[2891503.0]
11171,7831744,"[170520.0, 28550.0]"
11172,7832141,[8646.0]
11173,7832151,[48397.0]
11174,7832158,[3409936.0]
11175,7832159,[211269.0]
11176,7832174,[329391.0]
11177,7832325,[3409997.0]
11178,7832957,[191475.0]
11179,7833099,[2905297.0]
11180,7838980,[3412307.0]
11181,7839024,[8649.0]
11182,7839170,[7581.0]
11183,7839201,"[3681.0, 7761079.0, 2096447.0]"
11184,7839883,[3055114.0]
11185,7840832,"[4845.0, 1163804.0, 2982216.0, 7581.0, 353528.0, 53306.0, 79879.0, 1356336.0, 2904745.0, 26033.0, 14024.0, 70454.0, 4310289.0, 2095446.0, 1241378.0, 2981668.0, 52527.0, 317.0, 2851726.0, 22649.0, 26935.0, 12991.0, 3262493.0, 54475.0, 3154018.0, 490342.0, 207708.0, 128057.0, 30819.0, 1020603.0, 137270.0, 859609.0, 97045.0]"
11186,7840876,[35023.0]
11187,7840878,[104514.0]
11188,7841432,[1257234.0]
11189,7841437,[168090.0]
11190,7841490,[38951.0]
11191,7841509,[4757071.0]
11192,7841511,[28375.0]
11193,7841522,[48192.0]
11194,7841647,[1644193.0]
11195,7841656,"[346732.0, 12052.0, 9237.0, 38313.0, 202269.0, 33876.0, 8694.0, 1067608.0, 101078.0, 3617.0, 10318.0, 8988.0, 1868743.0, 61073.0, 725899.0, 25307.0, 1221698.0, 35022.0, 10746.0]"
11196,7841666,[76360.0]
11197,7841744,[7025.0]
11198,7842288,"[2895706.0, 2895707.0]"
11199,7842471,[41942.0]
11200,7842739,[179712.0]
11201,7843285,[1394555.0]
11202,7843500,"[3413873.0, 44524.0, 5672314.0]"
11203,7843987,[1353301.0]
11204,7844725,"[401053.0, 124365.0]"
11205,7846209,[23138.0]
11206,7846377,[20983.0]
11207,7846430,"[28064.0, 162927.0]"
11208,7846465,[200317.0]
11209,7848083,[11654.0]
11210,7848975,[72678.0]
11211,7849034,[3406550.0]
11212,7849341,[3097905.0]
11213,7849352,[1868743.0]
11214,7849903,[20983.0]
11215,7850063,"[1067608.0, 3389.0, 29535.0, 1221698.0, 874602.0, 72538.0, 73422.0, 25.0, 14454.0, 110153.0, 110206.0, 19305.0, 1064072.0, 13390.0, 7025.0, 811.0, 12589.0, 5285.0, 6404.0, 9072.0, 8842.0]"
11216,7850577,[2977214.0]
11217,7850694,[4201.0]
11218,7850899,[1923475.0]
11219,7851008,[18880.0]
11220,7851366,[16036.0]
11221,7851761,[374429.0]
11222,7851791,[298546.0]
11223,7853705,[1654.0]
11224,7854325,[5237562.0]
11225,7857695,"[7581.0, 2981411.0]"
11226,7857711,[40563.0]
11227,7857713,[40563.0]
11228,7857727,[18520.0]
11229,7858184,[1375697.0]
11230,7859755,[3092531.0]
11231,7860544,"[12728.0, 74416.0, 234088.0, 60697.0, 7083555.0, 141334.0, 1674927.0, 7243366.0, 1142180.0, 194172.0, 84604.0, 7601.0, 466494.0]"
11232,7860794,"[1239645.0, 38066.0, 2895895.0, 375626.0, 1047356.0, 1915619.0, 336020.0, 2891665.0, 2984460.0, 1779261.0, 288167.0, 117339.0, 1880316.0, 21697.0, 4317790.0, 81338.0, 1441593.0]"
11233,7861871,[477469.0]
11234,7862148,[712759.0]
11235,7862725,[3420702.0]
11236,7862931,[11858.0]
11237,7863163,[410993.0]
11238,7863194,[90866.0]
11239,7863207,[270312.0]
11240,7863658,[150038.0]
11241,7864057,[479779.0]
11242,7864147,[1722834.0]
11243,7864452,"[10746.0, 723801.0, 17061.0, 4845.0, 346732.0, 12052.0]"
11244,7864587,[24009.0]
11245,7869757,"[4430.0, 2987414.0]"
11246,7871086,[17015.0]
11247,7872180,"[4428.0, 48192.0]"
11248,7874158,[103359.0]
11249,7875327,[3425627.0]
11250,7876300,[466494.0]
11251,7876746,[6587.0]
11252,7877239,[3099087.0]
11253,7877549,[800019.0]
11254,7877565,[1827868.0]
11255,7877758,[2772067.0]
11256,7879322,[100752.0]
11257,7879891,[1023510.0]
11258,7880122,[3427236.0]
11259,7880149,[648748.0]
11260,7881001,[1654.0]
11261,7881742,[3175716.0]
11262,7882025,"[4260.0, 686024.0]"
11263,7882217,[2869923.0]
11264,7882701,[237195.0]
11265,7882806,[4735.0]
11266,7882883,"[146374.0, 660076.0]"
11267,7884687,"[200317.0, 3412481.0]"
11268,7884898,[8685.0]
11269,7884969,"[3429015.0, 38063.0]"
11270,7885091,[3780.0]
11271,7885220,[2924930.0]
11272,7885589,[108693.0]
11273,7886302,[200317.0]
11274,7889416,[4430.0]
11275,7889692,[202312.0]
11276,7890058,[3430641.0]
11277,7893824,[387612.0]
11278,7894402,[20248.0]
11279,7894642,[25.0]
11280,7896014,[272814.0]
11281,7896141,[2754199.0]
11282,7896345,[7581.0]
11283,7896527,[3433047.0]
11284,7897258,[12980.0]
11285,7897851,[3433502.0]
11286,7898018,"[5270204.0, 5770397.0]"
11287,7901864,[2917917.0]
11288,7902515,[3017160.0]
11289,7903901,[52050.0]
11290,7904453,[2917917.0]
11291,7904769,"[393138.0, 2086916.0]"
11292,7906020,[130045.0]
11293,7907192,[348878.0]
11294,7908762,[28544.0]
11295,7911067,[221253.0]
11296,7911377,"[479779.0, 4491563.0]"
11297,7911670,[1391437.0]
11298,7912474,[2274221.0]
11299,7912701,"[221253.0, 37075.0, 494654.0]"
11300,7912998,[3406.0]
11301,7913305,[4343092.0]
11302,7913339,[10896.0]
11303,7913569,[2891503.0]
11304,7913590,[15292.0]
11305,7916204,[16154.0]
11306,7920255,"[8685.0, 6256.0, 3378351.0]"
11307,7923006,[2917917.0]
11308,7923163,[3443203.0]
11309,7923183,[4636.0]
11310,7923602,[26738.0]
11311,7926791,[2870420.0]
11312,7926912,[1423036.0]
11313,7927971,[2961326.0]
11314,7928011,"[12444.0, 74339.0]"
11315,7929931,[8164.0]
11316,7930335,"[2895706.0, 2895707.0]"
11317,7932356,"[7717.0, 105442.0]"
11318,7932486,[6252.0]
11319,7932568,[17061.0]
11320,7932973,[4902840.0]
11321,7933156,"[16349342.0, 99190.0, 52050.0, 2896146.0, 2972043.0, 3145533.0, 2498608.0, 3104881.0, 3141966.0, 3145526.0, 3145527.0, 3145528.0, 2856179.0, 3145531.0, 308894.0, 2678.0, 1625305.0, 20214.0, 9072.0, 1214140.0, 12339.0, 3060067.0]"
11322,7933615,"[17015.0, 17010.0]"
11323,7933617,"[17015.0, 17010.0]"
11324,7933619,"[17015.0, 17010.0]"
11325,7933699,[23894.0]
11326,7933795,[4428.0]
11327,7933814,[131208.0]
11328,7933894,[758992.0]
11329,7934078,[12471.0]
11330,7935214,[2847534.0]
11331,7935521,[8588.0]
11332,7936243,[200317.0]
11333,7936594,[3149825.0]
11334,7937462,[941441.0]
11335,7937589,[15872.0]
11336,7937657,[200317.0]
11337,7937675,[941441.0]
11338,7938254,[3395248.0]
11339,7938503,[8649.0]
11340,7938510,[4195533.0]
11341,7939682,[23894.0]
11342,7939759,"[543080.0, 3009553.0]"
11343,7939859,[137902.0]
11344,7940205,[165168.0]
11345,7940923,[21701.0]
11346,7940997,[3449368.0]
11347,7941200,[3041100.0]
11348,7941567,[1857564.0]
11349,7942042,"[3159299.0, 452346.0]"
11350,7942786,[40563.0]
11351,7942940,[13026.0]
11352,7943678,[11654.0]
11353,7944201,[8685.0]
11354,7944427,"[2789878.0, 4636983.0]"
11355,7944608,[15292.0]
11356,7944853,[116581.0]
11357,7945006,"[8685.0, 1967.0, 69803.0, 41194.0, 34861.0]"
11358,7945295,"[70885.0, 7025.0, 61855.0, 8523.0, 113153.0, 48355.0, 1432.0, 1448.0, 131724.0, 330853.0, 133451.0, 535433.0, 49237.0, 229975.0, 59247.0, 24902.0, 12177.0, 21550.0, 43504.0, 454616.0, 94239.0, 5285.0, 215959.0, 3524.0, 6878.0, 132761.0, 137901.0, 1221698.0, 9072.0, 1460737.0, 2954997.0, 3114179.0, 201804.0, 5793234.0, 56892.0, 4487471.0, 4125204.0, 12180.0, 16967.0, 17542.0, 26414.0, 12827431.0]"
11359,7947591,[1356336.0]
11360,7947676,[8476.0]
11361,7948410,[1638953.0]
11362,7948544,[3219496.0]
11363,7948945,[2812835.0]
11364,7951296,"[304060.0, 12878419.0, 13709050.0]"
11365,7951497,[1830698.0]
11366,7951509,[17060.0]
11367,7951552,[4371018.0]
11368,7952502,[4941.0]
11369,7953079,[2072970.0]
11370,7953186,"[2895706.0, 2895707.0]"
11371,7953517,[3380908.0]
11372,7953518,[3380908.0]
11373,7954223,[2876763.0]
11374,7954556,[669810.0]
11375,7955579,[1077326.0]
11376,7955580,[1077326.0]
11377,7957117,"[71688.0, 1144378.0]"
11378,7957420,[823146.0]
11379,7959022,"[31.0, 2936691.0]"
11380,7959236,[8660.0]
11381,7961008,[88685.0]
11382,7961893,[2778890.0]
11383,7962335,[81017.0]
11384,7962513,"[1373880.0, 163934.0]"
11385,7962617,"[1654.0, 102571.0]"
11386,7963752,[63983.0]
11387,7963986,[3456705.0]
11388,7964129,[2860745.0]
11389,7965123,[2868311.0]
11390,7966006,[1857564.0]
11391,7966168,"[167605.0, 4522.0, 202254.0, 52925.0]"
11392,7966727,[1301649.0]
11393,7967299,[2942422.0]
11394,7967563,[57462.0]
11395,7967857,[2740668.0]
11396,7968415,[90866.0]
11397,7968653,[21911.0]
11398,7968732,[2876763.0]
11399,7969452,[2471183.0]
11400,7969594,[38550.0]
11401,7969760,[1440114.0]
11402,7970131,[169377.0]
11403,7970273,[445303.0]
11404,7970778,"[6988.0, 23986.0]"
11405,7970843,"[150810.0, 362098.0]"
11406,7971985,[19733.0]
11407,7972041,"[6436872.0, 4338.0]"
11408,7972098,"[2988406.0, 1411091.0]"
11409,7973328,[10746.0]
11410,7975387,"[816561.0, 946615.0]"
11411,7976029,[109005.0]
11412,7976212,[3441.0]
11413,7977037,[191456.0]
11414,7978457,[20561.0]
11415,7978958,"[2895706.0, 2895707.0]"
11416,7979699,[1325446.0]
11417,7979788,[1077326.0]
11418,7979789,[1077326.0]
11419,7980104,[53793.0]
11420,7980199,[59165.0]
11421,7980210,"[59165.0, 18015.0, 116615.0]"
11422,7981382,[1194340.0]
11423,7981459,[17054.0]
11424,7982114,"[8476.0, 362098.0]"
11425,7982855,[3462566.0]
11426,7985863,[2891665.0]
11427,7986212,"[78984.0, 162799.0]"
11428,7986482,[566874.0]
11429,7987843,[417798.0]
11430,7988764,[3464702.0]
11431,7989160,[76360.0]
11432,7989500,[7581.0]
11433,7989610,[1394555.0]
11434,7989708,"[10746.0, 169487.0]"
11435,7989712,"[10746.0, 169487.0]"
11436,7989720,"[10746.0, 169487.0]"
11437,7989944,[19552.0]
11438,7990783,[3465436.0]
11439,7991200,[3465557.0]
11440,7991204,"[83389.0, 3013716.0, 26724.0, 1186731.0, 2507196.0, 4599666.0, 2742697.0, 153287.0, 6540735.0]"
11441,7992102,[137902.0]
11442,7992477,[3399559.0]
11443,7992851,"[25422.0, 105776.0]"
11444,7992995,[88685.0]
11445,7994292,[3466647.0]
11446,7995207,[1383409.0]
11447,7995946,"[262360.0, 13681.0]"
11448,7996687,[355500.0]
11449,7997987,[2357.0]
11450,8008339,"[941441.0, 3472681.0]"
11451,8008715,[3155347.0]
11452,8012287,"[21970.0, 14554680.0]"
11453,8013682,[3474636.0]
11454,8014225,[3780.0]
11455,8017244,[756861.0]
11456,8017585,[225033.0]
11457,8025911,[3479028.0]
11458,8030167,"[17015.0, 17010.0]"
11459,8032681,[1783576.0]
11460,8036458,[200448.0]
11461,8037634,[4090397.0]
11462,8038219,[48192.0]
11463,8038401,"[46138.0, 193861.0, 338705.0, 132091.0, 2948891.0, 19305.0, 11508.0, 1924157.0, 1550534.0, 110215.0, 1460737.0, 466494.0, 27841.0, 18253.0, 58971.0, 107744.0, 1207458.0, 162930.0, 241490.0, 4798562.0, 668710.0, 2438979.0]"
11464,8039386,[3184606.0]
11465,8041240,[15872.0]
11466,8041402,[8794.0]
11467,8041853,"[45315.0, 44554.0, 3283712.0, 4498764.0]"
11468,8041873,[3484883.0]
11469,8044074,"[15890.0, 1657851.0]"
11470,8046350,[3486415.0]
11471,8046569,"[225455.0, 4393224.0]"
11472,8049140,[27944.0]
11473,8058301,[10746.0]
11474,8058609,[1000381.0]
11475,8061032,[3491812.0]
11476,8062063,"[4698899.0, 1945379.0]"
11477,8062210,[19729.0]
11478,8063032,[15872.0]
11479,8063852,[2943699.0]
11480,8064867,[3493128.0]
11481,8068431,[1330287.0]
11482,8069535,[345630.0]
11483,8069816,[78111.0]
11484,8069828,[125308.0]
11485,8073282,[17061.0]
11486,8073506,[12948.0]
11487,8074831,[101078.0]
11488,8074838,[101078.0]
11489,8074845,[101078.0]
11490,8074907,[73149.0]
11491,8074963,[17061.0]
11492,8074967,[71688.0]
11493,8076064,[941441.0]
11494,8076197,[191456.0]
11495,8076919,[777375.0]
11496,8077229,[1292596.0]
11497,8077372,[3297510.0]
11498,8077664,[2002988.0]
11499,8084228,[1499377.0]
11500,8084349,"[2895706.0, 2895707.0, 3031590.0]"
11501,8084361,[545315.0]
11502,8086283,[1045593.0]
11503,8087051,[23894.0]
11504,8087823,[3500801.0]
11505,8087828,[13856.0]
11506,8087906,[40563.0]
11507,8088201,[17082.0]
11508,8088305,[1152342.0]
11509,8096189,[2172337.0]
11510,8096504,[145129.0]
11511,8097637,[3504189.0]
11512,8098146,[3504189.0]
11513,8100267,[589.0]
11514,8100283,"[3261705.0, 3261706.0]"
11515,8100979,[234115.0]
11516,8105565,[783760.0]
11517,8105613,[23.0]
11518,8105616,[46540.0]
11519,8107253,[10746.0]
11520,8107779,[852078.0]
11521,8108225,[293603.0]
11522,8109130,[3508354.0]
11523,8109141,[3508354.0]
11524,8110348,"[17015.0, 1021129.0]"
11525,8112340,[28569.0]
11526,8113344,[165168.0]
11527,8113512,[3509782.0]
11528,8113940,[21911.0]
11529,8114647,[3023658.0]
11530,8114745,[97045.0]
11531,8116153,[33508.0]
11532,8116377,[1363475.0]
11533,8117491,[56019.0]
11534,8121665,[1161372.0]
11535,8122052,[3512625.0]
11536,8123164,"[70885.0, 163891.0]"
11537,8129662,"[410598.0, 33919.0, 4011131.0, 2891665.0, 221253.0, 13557729.0, 4798562.0, 20295.0, 5399453.0, 14623506.0]"
11538,8130318,[130698.0]
11539,8130839,[3041100.0]
11540,8131227,[4432.0]
11541,8131377,[169377.0]
11542,8131640,[3240669.0]
11543,8133077,[121825.0]
11544,8133097,[17061.0]
11545,8133472,[169377.0]
11546,8136796,"[524582.0, 64364.0]"
11547,8137232,[845139.0]
11548,8138071,[17054.0]
11549,8138331,"[26.0, 11906.0]"
11550,8139160,[191456.0]
11551,8140709,"[57858.0, 1656.0]"
11552,8140731,[221253.0]
11553,8144399,[338705.0]
11554,8144743,[3519233.0]
11555,8145088,[155990.0]
11556,8146007,[3520466.0]
11557,8146350,[3519676.0]
11558,8147991,[3113902.0]
11559,8148717,"[346732.0, 579648.0]"
11560,8150021,[10746.0]
11561,8150317,[375626.0]
11562,8150408,[78111.0]
11563,8150561,[10746.0]
11564,8151112,[3521172.0]
11565,8152848,"[2995873.0, 2899437.0]"
11566,8153169,[150810.0]
11567,8158992,[4428.0]
11568,8158993,[4428.0]
11569,8160897,"[13730.0, 38809.0, 30819.0, 168844.0, 305504.0, 99836.0, 8048.0, 293603.0, 24403.0, 126895.0, 301071.0, 20561.0, 11654.0]"
11570,8161632,[51118.0]
11571,8164410,[164187.0]
11572,8164526,[415967.0]
11573,8167001,[2990843.0]
11574,8168507,"[346732.0, 113942.0, 4659292.0, 111819.0, 1988739.0, 8988.0, 3619.0, 48960.0, 4176271.0, 150432.0, 4601681.0, 70454.0, 2924742.0, 15018.0]"
11575,8171449,[10746.0]
11576,8171792,[3009541.0]
11577,8171984,[758992.0]
11578,8173813,"[566874.0, 2738857.0]"
11579,8177852,"[2768449.0, 5212370.0]"
11580,8180231,[207694.0]
11581,8181143,[3222611.0]
11582,8181181,[137902.0]
11583,8181487,[10746.0]
11584,8182150,[25307.0]
11585,8182682,[2503028.0]
11586,8182700,[15292.0]
11587,8183728,[224004.0]
11588,8187560,[3912116.0]
11589,8191539,[213980.0]
11590,8195316,[2748537.0]
11591,8198773,[1042536.0]
11592,8200504,[3965895.0]
11593,8202714,[2184228.0]
11594,8203510,[56370.0]
11595,8205669,[2384.0]
11596,8206466,[3379695.0]
11597,8214792,[4007811.0]
11598,8220527,[5339.0]
11599,8220745,[8988.0]
11600,8228634,[2944621.0]
11601,8230409,"[3091065.0, 1411091.0]"
11602,8230486,"[4851127.0, 4714037.0]"
11603,8230496,[208650.0]
11604,8230540,[40563.0]
11605,8230578,[944594.0]
11606,8241571,[240708.0]
11607,8242902,[4020794.0]
11608,8244021,[811.0]
11609,8246566,[2614.0]
11610,8249672,[2845655.0]
11611,8249764,[4022548.0]
11612,8249765,[4022548.0]
11613,8251040,"[1069006.0, 10831.0]"
11614,8253037,[54475.0]
11615,8253182,[8516.0]
11616,8253920,"[6252.0, 38550.0]"
11617,8255965,"[2384.0, 334840.0]"
11618,8259397,[3105432.0]
11619,8260631,[688826.0]
11620,8262172,"[2614.0, 38531.0, 89622.0, 2895895.0]"
11621,8265396,[3242087.0]
11622,8266924,[40563.0]
11623,8267066,[3321132.0]
11624,8268924,[10746.0]
11625,8269450,[7581.0]
11626,8269725,[4028407.0]
11627,8272495,[38531.0]
11628,8272991,[108007.0]
11629,8272997,[153741.0]
11630,8273002,[1958136.0]
11631,8273005,"[48192.0, 114283.0, 270312.0, 291002.0]"
11632,8277486,[78305.0]
11633,8277490,[4031054.0]
11634,8288246,[25422.0]
11635,8288279,[4034404.0]
11636,8288885,[27140.0]
11637,8288919,[41942.0]
11638,8291070,[240708.0]
11639,8291272,[356164.0]
11640,8294278,[276660.0]
11641,8299165,[249843.0]
11642,8302705,[267687.0]
11643,8305308,[828855.0]
11644,8305689,[599287.0]
11645,8306725,[8596.0]
11646,8306741,[22542.0]
11647,8306745,[25052.0]
11648,8307302,[30819.0]
11649,8308455,[940521.0]
11650,8309055,[9766.0]
11651,8312889,[22369.0]
11652,8312956,[102987.0]
11653,8312989,[102987.0]
11654,8313727,[2755160.0]
11655,8314214,[4042181.0]
11656,8315340,[26897.0]
11657,8320534,"[4350009.0, 37607.0, 988508.0, 8588.0]"
11658,8320840,"[9494.0, 406026.0]"
11659,8324870,[211729.0]
11660,8326789,"[28946.0, 1310149.0]"
11661,8329766,[6244.0]
11662,8331312,[25052.0]
11663,8331368,[2387.0]
11664,8333930,[27100.0]
11665,8335119,[6268.0]
11666,8337574,[3380908.0]
11667,8339286,[7195.0]
11668,8339344,[3849415.0]
11669,8339345,[3849415.0]
11670,8343916,[44003.0]
11671,8346300,"[156342.0, 156342.0]"
11672,8348904,[613805.0]
11673,8349348,[3486415.0]
11674,8355296,[8164.0]
11675,8355689,[2134487.0]
11676,8356487,[2891665.0]
11677,8362315,[3101058.0]
11678,8364977,[184987.0]
11679,8366199,[201369.0]
11680,8369680,[2987888.0]
11681,8369784,[30819.0]
11682,8373527,[3002235.0]
11683,8377150,[1407193.0]
11684,8379305,"[4062676.0, 13635.0]"
11685,8386023,[668710.0]
11686,8388595,[10333.0]
11687,8389126,[120918.0]
11688,8389870,[445303.0]
11689,8391566,"[239579.0, 40641.0]"
11690,8393104,[2129854.0]
11691,8393531,[941441.0]
11692,8393603,[3020553.0]
11693,8393660,[760392.0]
11694,8396337,[85545.0]
11695,8396340,[8596.0]
11696,8396505,[74488.0]
11697,8397035,[3479028.0]
11698,8404519,[34049.0]
11699,8406387,[40563.0]
11700,8406607,[191456.0]
11701,8408981,[36276.0]
11702,8409017,[4070803.0]
11703,8409252,[2895895.0]
11704,8411749,[15890.0]
11705,8414223,[241301.0]
11706,8414756,[2607.0]
11707,8419236,[109005.0]
11708,8420952,[387612.0]
11709,8421720,"[239476.0, 433268.0]"
11710,8425213,[3504189.0]
11711,8428035,[3020684.0]
11712,8428050,[3387285.0]
11713,8428056,[153734.0]
11714,8428064,[2261547.0]
11715,8428073,[345630.0]
11716,8428110,[28572.0]
11717,8428115,[3901597.0]
11718,8428157,"[46138.0, 46137.0, 146783.0, 150038.0, 175855.0, 25422.0, 1221698.0, 19305.0, 2957979.0, 8125999.0, 338705.0, 11889.0, 4690745.0, 3400079.0, 22548.0, 8694.0, 224189.0, 396931.0, 24.0, 8347.0, 52468.0, 1207458.0]"
11719,8428195,[386042.0]
11720,8429461,[835348.0]
11721,8429688,[833164.0]
11722,8430099,[177047.0]
11723,8430908,"[50873.0, 4101698.0]"
11724,8431461,[2594.0]
11725,8432018,[150038.0]
11726,8432418,[3020656.0]
11727,8433024,[2742182.0]
11728,8434922,[2895111.0]
11729,8435071,[116581.0]
11730,8435270,[2891665.0]
11731,8437722,[480645.0]
11732,8437831,[3369676.0]
11733,8441146,[2847534.0]
11734,8442016,"[7015519.0, 664468.0]"
11735,8442485,[25422.0]
11736,8442817,[3380908.0]
11737,8444951,[182166.0]
11738,8447255,[31232.0]
11739,8448478,[4431689.0]
11740,8449537,"[10746.0, 5817499.0]"
11741,8450009,[2891665.0]
11742,8452340,[8649.0]
11743,8452642,[93029.0]
11744,8456124,"[50873.0, 29840.0, 4101698.0]"
11745,8458018,[27100.0]
11746,8460077,[2168689.0]
11747,8462082,[45315.0]
11748,8462083,[45315.0]
11749,8462184,[15292.0]
11750,8467464,[9072.0]
11751,8468812,[5259792.0]
11752,8470998,"[990626.0, 1452086.0]"
11753,8471992,[2869550.0]
11754,8474242,[338705.0]
11755,8474746,[284897.0]
11756,8475505,[2261547.0]
11757,8475747,[2261547.0]
11758,8478133,[1654.0]
11759,8478549,[4090478.0]
11760,8479792,[4090847.0]
11761,8480676,[3681.0]
11762,8480952,[2845500.0]
11763,8483864,[27209.0]
11764,8484869,[1817728.0]
11765,8485458,[27498.0]
11766,8486636,[190887.0]
11767,8487361,[80075.0]
11768,8487363,[415967.0]
11769,8487365,[222429.0]
11770,8488164,[2918731.0]
11771,8488204,"[131337.0, 376166.0, 5791.0, 4020459.0, 331704.0, 327493.0, 58971.0, 1221698.0, 4439076.0, 11508.0, 9072.0, 107891.0, 24827.0, 133838.0, 162930.0, 52050.0, 24902.0, 120918.0, 23144.0, 4465153.0, 12339.0, 59165.0, 783456.0]"
11772,8489034,[3297526.0]
11773,8490112,[324620.0]
11774,8492291,[53984.0]
11775,8492319,[20248.0]
11776,8493603,[4094825.0]
11777,8493681,[191456.0]
11778,8493755,[10992.0]
11779,8493781,[3619.0]
11780,8493963,[17061.0]
11781,8495686,[509706.0]
11782,8496901,[2860219.0]
11783,8496907,[1375697.0]
11784,8497486,[17060.0]
11785,8498031,[625.0]
11786,8498353,[136127.0]
11787,8500172,[3002543.0]
11788,8500408,[1080585.0]
11789,8501291,[3220024.0]
11790,8501304,[3220024.0]
11791,8504669,[2755160.0]
11792,8507516,[17054.0]
11793,8507864,[2980339.0]
11794,8510013,[2936691.0]
11795,8510492,[1394555.0]
11796,8511330,[108173.0]
11797,8511702,"[3087558.0, 3149363.0]"
11798,8512555,[1916427.0]
11799,8513950,[4432.0]
11800,8513992,[65391.0]
11801,8515176,[2884866.0]
11802,8515996,[435114.0]
11803,8517235,[336058.0]
11804,8517332,[566874.0]
11805,8518030,[1405152.0]
11806,8518892,[8476.0]
11807,8519822,[27100.0]
11808,8520551,[76342.0]
11809,8520684,"[2186463.0, 3211592.0, 2882966.0, 4101957.0, 3211594.0, 4101954.0, 3211588.0, 4101955.0, 4101956.0]"
11810,8521629,[9059.0]
11811,8521630,[75334.0]
11812,8523840,[346732.0]
11813,8525338,[347385.0]
11814,8525606,[3508354.0]
11815,8525631,[2503028.0]
11816,8525731,[2961327.0]
11817,8526157,[15890.0]
11818,8527908,[3169806.0]
11819,8527942,[2945688.0]
11820,8529230,[4104358.0]
11821,8530440,[696372.0]
11822,8530540,[16625.0]
11823,8530646,[1177779.0]
11824,8530685,"[811.0, 528191.0]"
11825,8531229,[8544646.0]
11826,8531289,[2892333.0]
11827,8531539,[1637418.0]
11828,8532164,[3378915.0]
11829,8533993,"[8202779.0, 4173731.0]"
11830,8534064,[4105707.0]
11831,8534780,[64364.0]
11832,8534799,[4428.0]
11833,8534875,[8202779.0]
11834,8534899,[4105961.0]
11835,8535693,[346732.0]
11836,8537082,[457300.0]
11837,8537227,"[670242.0, 246750.0]"
11838,8538030,"[27500.0, 4106856.0]"
11839,8538297,[65137.0]
11840,8538301,[4106944.0]
11841,8538305,[4087495.0]
11842,8539063,[96767.0]
11843,8539318,[4107194.0]
11844,8542996,[56019.0]
11845,8543252,[767547.0]
11846,8543695,[3125621.0]
11847,8546671,[117339.0]
11848,8546763,[10359.0]
11849,8546768,[17739.0]
11850,8546815,[28375.0]
11851,8547338,[2759175.0]
11852,8548107,[20248.0]
11853,8548772,[4109952.0]
11854,8549962,[130617.0]
11855,8550277,[28550.0]
11856,8551159,[1975671.0]
11857,8551693,[267687.0]
11858,8553350,"[225455.0, 4393224.0]"
11859,8556375,[37060.0]
11860,8557812,[78111.0]
11861,8559047,[21748.0]
11862,8559769,[10518.0]
11863,8562565,[51118.0]
11864,8562584,[4113219.0]
11865,8564208,[8661.0]
11866,8564790,[88506.0]
11867,8564935,[3486415.0]
11868,8567502,[5009050.0]
11869,8571801,[4115952.0]
11870,8572704,[374429.0]
11871,8573642,[4116488.0]
11872,8575295,[3486415.0]
11873,8576171,[175855.0]
11874,8578385,[1141209.0]
11875,8581026,[4116567.0]
11876,8581936,[3027554.0]
11877,8582311,[336767.0]
11878,8583883,[421434.0]
11879,8584853,[137902.0]
11880,8585178,[4201.0]
11881,8585377,[217944.0]
11882,8585694,[3449368.0]
11883,8585830,[4641832.0]
11884,8590353,[4121470.0]
11885,8591107,[4126827.0]
11886,8592303,[78111.0]
11887,8597727,"[1069006.0, 3203.0]"
11888,8597888,[4123504.0]
11889,8597919,[3412307.0]
11890,8597974,[1722834.0]
11891,8598554,[3441.0]
11892,8600441,[8988.0]
11893,8600762,[15873.0]
11894,8600966,[2828.0]
11895,8601666,[202438.0]
11896,8603232,[4125204.0]
11897,8603765,[2741432.0]
11898,8606522,[3486415.0]
11899,8607205,[50873.0]
11900,8608257,[27379.0]
11901,8608453,[1691206.0]
11902,8608740,[590558.0]
11903,8612889,[429197.0]
11904,8614631,[3397290.0]
11905,8614692,[129092.0]
11906,8614812,"[25052.0, 2086916.0]"
11907,8618596,[696805.0]
11908,8619943,[4051426.0]
11909,8621462,"[370361.0, 3911856.0, 80760.0]"
11910,8621466,[3097903.0]
11911,8626241,[340054.0]
11912,8626348,[246590.0]
11913,8627917,[78111.0]
11914,8627927,[78111.0]
11915,8628126,[4132920.0]
11916,8635145,[4134859.0]
11917,8637310,[4101643.0]
11918,8640970,[183662.0]
11919,8641129,[190887.0]
11920,8642589,[67481.0]
11921,8643407,[1136158.0]
11922,8643438,[981069.0]
11923,8645598,[2892154.0]
11924,8649246,"[1226977.0, 107891.0]"
11925,8649882,[207708.0]
11926,8652190,"[17015.0, 17010.0]"
11927,8659601,[3380908.0]
11928,8660582,[806500.0]
11929,8660752,[4733031.0]
11930,8661987,[47290.0]
11931,8662135,[1628012.0]
11932,8662410,[3200239.0]
11933,8664091,"[25422.0, 3969234.0]"
11934,8664283,[1569666.0]
11935,8664327,[8588.0]
11936,8665113,[1827868.0]
11937,8665134,[8988.0]
11938,8666610,[162678.0]
11939,8667848,[3849415.0]
11940,8673931,[4145664.0]
11941,8675071,[6252.0]
11942,8675569,[8476.0]
11943,8675753,[15872.0]
11944,8675835,[3432663.0]
11945,8675994,[580315.0]
11946,8677266,[355500.0]
11947,8677937,[4430.0]
11948,8679140,"[7031278.0, 6256.0]"
11949,8679704,[153732.0]
11950,8680132,[9494.0]
11951,8680240,[4147639.0]
11952,8680417,[363130.0]
11953,8680418,[363130.0]
11954,8681082,"[712759.0, 1375224.0]"
11955,8684418,[1362876.0]
11956,8684873,[644349.0]
11957,8685141,[3119823.0]
11958,8685612,[2995873.0]
11959,8685622,[4130856.0]
11960,8685644,[3020684.0]
11961,8686026,[3014690.0]
11962,8686057,[4149342.0]
11963,8686138,[76423.0]
11964,8688066,[150038.0]
11965,8690988,[43393.0]
11966,8694389,[338705.0]
11967,8694522,[1106214.0]
11968,8697285,"[486627.0, 17729.0, 32643.0, 398110.0, 1001882.0, 46269.0, 33262.0, 172152.0, 5778231.0, 6525693.0]"
11969,8697584,[2063919.0]
11970,8698083,[9753.0]
11971,8698731,[4095401.0]
11972,8700056,[15872.0]
11973,8700058,[150038.0]
11974,8700602,[2916205.0]
11975,8700723,[2261547.0]
11976,8701845,[2995873.0]
11977,8702030,[2387.0]
11978,8702912,[5329.0]
11979,8703197,[293603.0]
11980,8703732,"[9550.0, 4154297.0, 93095.0]"
11981,8704448,[4105961.0]
11982,8705465,[27704.0]
11983,8705693,[16309509.0]
11984,8705784,[4154802.0]
11985,8706185,[107170.0]
11986,8706507,[200317.0]
11987,8707334,[168090.0]
11988,8707554,[74046.0]
11989,8707774,[2740668.0]
11990,8708376,[237175.0]
11991,8709523,[137902.0]
11992,8709524,[137902.0]
11993,8709525,[137902.0]
11994,8709526,[137902.0]
11995,8709527,[137902.0]
11996,8709528,[137902.0]
11997,8710437,[27813.0]
11998,8710747,[347385.0]
11999,8711617,[71688.0]
12000,8712343,[71688.0]
12001,8713020,[15016.0]
12002,8713500,[80984.0]
12003,8713857,[3027554.0]
12004,8713858,[3027554.0]
12005,8714075,[3219496.0]
12006,8715032,[3111338.0]
12007,8715343,[150038.0]
12008,8715787,[3418947.0]
12009,8717849,[9550.0]
12010,8718281,"[146628.0, 7127265.0]"
12011,8718597,[9494.0]
12012,8718952,[137902.0]
12013,8719737,[25027.0]
12014,8720079,[566874.0]
12015,8723009,[20248.0]
12016,8723550,[10746.0]
12017,8723736,[1077326.0]
12018,8724084,[53574.0]
12019,8724659,[4333.0]
12020,8724779,"[17015.0, 17010.0]"
12021,8725186,[1301649.0]
12022,8725325,[4432.0]
12023,8726518,[20561.0]
12024,8726744,[941441.0]
12025,8727968,[88506.0]
12026,8728427,"[4735.0, 321891.0]"
12027,8728502,[58971.0]
12028,8730060,[3297510.0]
12029,8731014,[25422.0]
12030,8731447,[27206.0]
12031,8731979,[17015.0]
12032,8732017,[71688.0]
12033,8732892,[8382246.0]
12034,8735907,"[2413.0, 874602.0]"
12035,8736458,[6268.0]
12036,8736477,[6268.0]
12037,8737174,[4195533.0]
12038,8739264,"[25307.0, 53255.0]"
12039,8752885,[13557729.0]
12040,8752893,[3857639.0]
12041,8752906,[2915851.0]
12042,8752907,[2915851.0]
12043,8755776,[150038.0]
12044,8755785,[150038.0]
12045,8756401,[180392.0]
12046,8756402,"[180392.0, 55869.0]"
12047,8766150,[4170562.0]
12048,8767117,[3780.0]
12049,8776757,[1330292.0]
12050,8779896,[57721.0]
12051,8782399,[4735.0]
12052,8782738,[756861.0]
12053,8785374,[1654.0]
12054,8786358,[1045593.0]
12055,8786481,[1077326.0]
12056,8788554,[4175419.0]
12057,8788555,"[4175419.0, 334840.0]"
12058,8789052,"[4175512.0, 4175513.0]"
12059,8789318,[58846.0]
12060,8789405,[60577.0]
12061,8789438,"[2891665.0, 526142.0]"
12062,8790787,[206295.0]
12063,8792631,[2884780.0]
12064,8796700,[4176961.0]
12065,8801543,[4178213.0]
12066,8803932,[415967.0]
12067,8804055,[4178737.0]
12068,8804062,[4400405.0]
12069,8806781,"[6456288.0, 5238.0]"
12070,8807977,[3380908.0]
12071,8810098,[24843.0]
12072,8813018,[4432.0]
12073,8813957,[4022548.0]
12074,8816415,[1077326.0]
12075,8820027,[71688.0]
12076,8820028,[71688.0]
12077,8820029,[71688.0]
12078,8820045,[191456.0]
12079,8826125,[4159043.0]
12080,8829405,[20248.0]
12081,8829406,[20248.0]
12082,8829407,[20248.0]
12083,8835379,"[298438.0, 25355.0]"
12084,8835689,"[17015.0, 17010.0]"
12085,8835897,"[3408349.0, 131208.0]"
12086,8840097,[137902.0]
12087,8843789,[1330287.0]
12088,8843801,[375143.0]
12089,8844926,[41032.0]
12090,8848084,[78111.0]
12091,8848401,[1228468.0]
12092,8848847,[257412.0]
12093,8849393,"[25422.0, 4190496.0]"
12094,8850140,[1938234.0]
12095,8850945,"[103321.0, 286970.0]"
12096,8853482,[4191700.0]
12097,8857109,[1356336.0]
12098,8857585,[1023510.0]
12099,8862170,[334443.0]
12100,8864550,[1171163.0]
12101,8865417,[272848.0]
12102,8872180,[2740668.0]
12103,8873426,[3100027.0]
12104,8873458,[15337.0]
12105,8876413,[2917750.0]
12106,8879516,[1067608.0]
12107,8880275,[3512625.0]
12108,8884237,[13681.0]
12109,8884616,[25422.0]
12110,8886737,[1783576.0]
12111,8887031,"[3780.0, 13613.0]"
12112,8890606,"[1067608.0, 4388268.0, 4595107.0, 4044040.0]"
12113,8890729,"[3849415.0, 2580449.0]"
12114,8891878,[137902.0]
12115,8891899,[941441.0]
12116,8896213,"[249843.0, 3132865.0]"
12117,8897134,"[346732.0, 579648.0]"
12118,8898748,[3397290.0]
12119,8900186,[137902.0]
12120,8903595,[3002235.0]
12121,8905731,[1035739.0]
12122,8909631,[3174636.0]
12123,8918559,"[1239645.0, 445303.0, 345572.0, 3027554.0, 3009541.0, 3111338.0, 823146.0, 777907.0, 1312879.0, 1058653.0, 2885316.0, 27100.0, 835348.0, 4431689.0]"
12124,8919985,[131208.0]
12125,8926959,[38066.0]
12126,8927997,[11571.0]
12127,8928051,[277359.0]
12128,8930976,[3380908.0]
12129,8930977,[3380908.0]
12130,8935153,[9550.0]
12131,8937699,[191456.0]
12132,8940208,[3112114.0]
12133,8942063,[2002988.0]
12134,8942981,[4221272.0]
12135,8943012,[4221284.0]
12136,8945977,[1445909.0]
12137,8951449,[3486415.0]
12138,8960470,[50873.0]
12139,8960483,[50873.0]
12140,8960577,[3193723.0]
12141,8961636,[191456.0]
12142,8962065,[4228374.0]
12143,8970727,[18879.0]
12144,8972234,[2737333.0]
12145,8973441,[2737333.0]
12146,8976692,"[150038.0, 5455609.0, 5455612.0]"
12147,8976759,[347385.0]
12148,8989664,"[4239539.0, 5660578.0]"
12149,8993202,[71688.0]
12150,8997810,"[346732.0, 12052.0, 12476.0, 42919.0, 6587.0, 61073.0, 4338.0]"
12151,8998906,"[42211.0, 552801.0, 2387.0]"
12152,9003597,[4245438.0]
12153,9004758,[1562974.0]
12154,9015663,[2772067.0]
12155,9024346,"[42122.0, 212788.0]"
12156,9025022,"[190887.0, 3860423.0, 3330007.0]"
12157,9027853,"[17015.0, 2958464.0, 17010.0, 940521.0, 4430487.0, 101078.0, 231481.0, 2916205.0, 4105961.0, 56019.0, 144814.0, 785795.0, 4945187.0]"
12158,9031163,"[27206.0, 174708.0]"
12159,9033224,[2847546.0]
12160,9047566,[155990.0]
12161,9047567,[155990.0]
12162,9063832,[81096.0]
12163,9064128,[491707.0]
12164,9064899,[3027554.0]
12165,9065265,[4430.0]
12166,9065272,[2949152.0]
12167,9067850,[15872.0]
12168,9069880,[3013623.0]
12169,9070186,[78111.0]
12170,9076848,[2120001.0]
12171,9077707,[17061.0]
12172,9083745,[1584788.0]
12173,9083775,[4279057.0]
12174,9087239,[27100.0]
12175,9087479,[4280686.0]
12176,9090421,"[45315.0, 44554.0]"
12177,9094324,[117339.0]
12178,9099130,[752898.0]
12179,9109813,[953612.0]
12180,9111100,[1938680.0]
12181,9127479,[1405152.0]
12182,9132056,[4200019.0]
12183,9132487,[3097903.0]
12184,9151103,[692437.0]
12185,9166876,[26738.0]
12186,9182478,[3228055.0]
12187,9191899,"[25422.0, 11889.0, 46137.0, 12581.0, 25.0, 338705.0, 4175512.0, 22548.0, 27704.0, 546427.0, 39852.0, 5989.0, 237175.0, 26891.0, 150818.0, 121364.0, 5833.0, 27528.0, 24.0, 396931.0, 150038.0, 1221698.0, 8185168.0]"
12188,9193799,[4317450.0]
12189,9199346,[3353667.0]
12190,9206526,[4188120.0]
12191,9207753,"[4322279.0, 2866171.0]"
12192,9214714,"[2958842.0, 8164.0]"
12193,9215459,[207961.0]
12194,9215658,[835348.0]
12195,9217350,[33467.0]
12196,9218086,[45315.0]
12197,9219239,[4325564.0]
12198,9221733,[753097.0]
12199,9221793,[125308.0]
12200,9222475,[1003655.0]
12201,9226402,[3112090.0]
12202,9226492,[4327466.0]
12203,9227125,[56019.0]
12204,9238506,[4330590.0]
12205,9248345,[1312879.0]
12206,9251500,[10746.0]
12207,9256371,[4336568.0]
12208,9256414,[4336590.0]
12209,9260518,[153738.0]
12210,9260632,[71090.0]
12211,9261978,[3100027.0]
12212,9265891,[589.0]
12213,9266753,[209873.0]
12214,9266779,[2096502.0]
12215,9266804,[1818261.0]
12216,9268487,[1405152.0]
12217,9271637,[3197657.0]
12218,9272976,[23023.0]
12219,9273057,[13663.0]
12220,9273570,"[1330292.0, 655707.0, 781561.0]"
12221,9274499,[703055.0]
12222,9277334,[63669.0]
12223,9277335,[200317.0]
12224,9277339,[4342615.0]
12225,9277751,[1373880.0]
12226,9279303,"[276660.0, 237184.0]"
12227,9279710,"[25307.0, 1357326.0]"
12228,9280057,[572738.0]
12229,9284655,[3097905.0]
12230,9292965,[4346631.0]
12231,9296389,"[18967.0, 104179.0]"
12232,9296707,[67481.0]
12233,9297525,[6206.0]
12234,9300749,[8695.0]
12235,9300798,[276660.0]
12236,9300804,[276660.0]
12237,9300960,[109354.0]
12238,9302283,[3396910.0]
12239,9302745,[4845.0]
12240,9305414,[3408173.0]
12241,9306028,[21701.0]
12242,9307257,[1226977.0]
12243,9307506,"[167605.0, 202311.0]"
12244,9307674,[10896.0]
12245,9307699,[3618.0]
12246,9308682,[3085265.0]
12247,9311591,[4815851.0]
12248,9314339,[40563.0]
12249,9316050,[3500801.0]
12250,9317452,[363130.0]
12251,9324970,[625.0]
12252,9329317,[2924955.0]
12253,9329354,[38550.0]
12254,9329511,[184516.0]
12255,9329516,[2845500.0]
12256,9333606,[4089873.0]
12257,9339237,[2768002.0]
12258,9339238,[2768002.0]
12259,9339612,"[107891.0, 4350305.0]"
12260,9339901,"[4344369.0, 4075932.0]"
12261,9339970,[3200239.0]
12262,9340664,[4363379.0]
12263,9347801,[8660.0]
12264,9349915,"[4366471.0, 4474929.0, 32168.0]"
12265,9351647,[3095890.0]
12266,9359808,[510991.0]
12267,9359810,[652133.0]
12268,9359818,[4369922.0]
12269,9361589,[4370565.0]
12270,9362495,[3023964.0]
12271,9366996,[2931654.0]
12272,9368252,[42110.0]
12273,9369687,[164187.0]
12274,9369720,[2905297.0]
12275,9369726,[4372737.0]
12276,9371403,[175855.0]
12277,9373635,"[4431689.0, 158961.0]"
12278,9373706,[4090397.0]
12279,9374758,[153703.0]
12280,9376345,[15292.0]
12281,9377301,[1370283.0]
12282,9378297,[4086715.0]
12283,9380186,[7742.0]
12284,9394010,[48192.0]
12285,9394691,[8596.0]
12286,9396154,[3111339.0]
12287,9396162,[3111339.0]
12288,9397175,[3149825.0]
12289,9397685,[456208.0]
12290,9397967,[11654.0]
12291,9400850,"[9550.0, 2959421.0]"
12292,9403048,[1569666.0]
12293,9404151,"[3091065.0, 1411091.0]"
12294,9407534,[1005984.0]
12295,9407790,[3408173.0]
12296,9408083,[4132968.0]
12297,9409362,[1441644.0]
12298,9409458,[1330292.0]
12299,9409469,[125308.0]
12300,9409614,[125308.0]
12301,9411628,"[4062676.0, 13635.0]"
12302,9413044,[4384465.0]
12303,9414014,[2846074.0]
12304,9414140,[477469.0]
12305,9414170,"[14470.0, 6878812.0]"
12306,9415946,[2884780.0]
12307,9415956,[2761947.0]
12308,9415962,[4605.0]
12309,9415964,[1029349.0]
12310,9416418,[59390.0]
12311,9419372,[1654.0]
12312,9419570,[4386136.0]
12313,9421274,[169377.0]
12314,9421748,[3369676.0]
12315,9426662,[1177779.0]
12316,9429090,[63669.0]
12317,9433601,[3158545.0]
12318,9433912,[287923.0]
12319,9435497,[13557729.0]
12320,9436632,[89439.0]
12321,9436751,[18454.0]
12322,9439989,[580315.0]
12323,9440171,[3002543.0]
12324,9440324,"[815.0, 221645.0]"
12325,9441425,"[479779.0, 39043.0]"
12326,9444221,[3060067.0]
12327,9447878,[4430.0]
12328,9450406,"[17061.0, 81016.0, 111012.0, 40563.0, 204615.0, 30819.0, 132225.0, 175855.0, 103321.0, 2860219.0, 414457.0, 1045593.0, 1292596.0, 41942.0]"
12329,9456611,[5816.0]
12330,9458220,[2873209.0]
12331,9459086,[38066.0]
12332,9459278,[119830.0]
12333,9460487,[3046613.0]
12334,9461562,[87305.0]
12335,9461965,"[2988406.0, 1411091.0]"
12336,9461971,"[2988406.0, 1411091.0]"
12337,9462073,[3380908.0]
12338,9462231,[3425403.0]
12339,9462637,[145926.0]
12340,9462664,[25268.0]
12341,9462774,[222429.0]
12342,9462784,[27032.0]
12343,9462795,[3406550.0]
12344,9462812,[3353516.0]
12345,9462815,[11654.0]
12346,9463960,[3145809.0]
12347,9464129,[1221698.0]
12348,9464732,"[8347.0, 31321.0]"
12349,9464737,[4735.0]
12350,9464745,[21911.0]
12351,9464765,[28550.0]
12352,9464855,[945430.0]
12353,9466032,"[13677.0, 337207.0]"
12354,9466833,[6429144.0]
12355,9466840,"[410598.0, 33919.0, 8988.0, 8730.0, 25422.0, 130698.0, 4851069.0, 86768.0, 33918.0, 16939.0, 221253.0, 817578.0, 3293319.0, 10182.0, 3090466.0, 4798562.0, 3961.0, 5347935.0, 221608.0, 19305.0, 8347.0, 142270.0, 97284.0, 668710.0, 3095885.0, 6587.0, 15661.0]"
12356,9466865,[1343790.0]
12357,9467196,[1691206.0]
12358,9471065,[1276004.0]
12359,9471670,[1051591.0]
12360,9473383,[62444.0]
12361,9474052,[137386.0]
12362,9475900,[566.0]
12363,9475932,[119830.0]
12364,9477896,[15873.0]
12365,9477931,[2973783.0]
12366,9478193,[2740668.0]
12367,9479871,[38598.0]
12368,9480534,[2868678.0]
12369,9482067,[17060.0]
12370,9482762,[656983.0]
12371,9487114,[27498.0]
12372,9490468,[4404139.0]
12373,9498485,[3441.0]
12374,9498555,[431825.0]
12375,9500884,[4406756.0]
12376,9503573,[3099087.0]
12377,9504199,[3002235.0]
12378,9504212,[3205604.0]
12379,9504214,[3125711.0]
12380,9505042,[6268.0]
12381,9505528,[590558.0]
12382,9505584,[8178731.0]
12383,9510104,"[315657.0, 226035.0, 213510.0, 823146.0, 121364.0, 131208.0, 8988.0, 269065.0, 15292.0, 168090.0, 335956.0, 41942.0, 9496.0, 1967.0, 11663.0]"
12384,9510221,[96300.0]
12385,9510753,[2869203.0]
12386,9513722,"[146374.0, 660076.0]"
12387,9514173,[221253.0]
12388,9514590,[2614.0]
12389,9515446,"[17015.0, 17010.0]"
12390,9515638,[1550534.0]
12391,9516288,[33918.0]
12392,9517626,[3125711.0]
12393,9517639,[2905297.0]
12394,9518461,"[26.0, 1948907.0]"
12395,9519042,[426034.0]
12396,9519912,[9237.0]
12397,9520195,[15872.0]
12398,9525723,[2761947.0]
12399,9526658,[15292.0]
12400,9528174,[3252210.0]
12401,9529872,[3399330.0]
12402,9531064,[3002235.0]
12403,9532187,[137902.0]
12404,9532302,[37613.0]
12405,9532901,"[17054.0, 5821661.0, 5772144.0]"
12406,9533378,[4414255.0]
12407,9535352,[224004.0]
12408,9536651,[927454.0]
12409,9536655,[456208.0]
12410,9536657,[1463436.0]
12411,9539767,[3519233.0]
12412,9540084,[15873.0]
12413,9540596,"[42211.0, 2387.0]"
12414,9541850,[241301.0]
12415,9542082,"[4416306.0, 1132755.0]"
12416,9542259,[20248.0]
12417,9542582,[4416438.0]
12418,9542585,[3395248.0]
12419,9542904,[5025620.0]
12420,9544621,[66280.0]
12421,9544818,[3100200.0]
12422,9548964,[4417749.0]
12423,9549267,[7581.0]
12424,9549276,[82540.0]
12425,9549283,[4417841.0]
12426,9549319,[334443.0]
12427,9549533,[6268.0]
12428,9550615,[195467.0]
12429,9550620,[191456.0]
12430,9551603,"[25307.0, 53255.0]"
12431,9552080,[941441.0]
12432,9552082,[941441.0]
12433,9552084,[941441.0]
12434,9553503,[3465557.0]
12435,9555442,[2731702.0]
12436,9556889,[4417841.0]
12437,9557231,[4419714.0]
12438,9561876,[4421022.0]
12439,9564472,[8523.0]
12440,9565045,[4175419.0]
12441,9565548,[6914204.0]
12442,9565574,[2803627.0]
12443,9569756,[128231.0]
12444,9571401,[2060858.0]
12445,9571407,[2060858.0]
12446,9572054,[1463193.0]
12447,9572293,[4423626.0]
12448,9573401,"[27498.0, 1871685.0, 73351.0]"
12449,9573469,[3218603.0]
12450,9578103,[4414232.0]
12451,9578590,[21911.0]
12452,9579634,[4721536.0]
12453,9581001,[1857564.0]
12454,9581507,[29471.0]
12455,9583173,[3009541.0]
12456,9583227,[3387675.0]
12457,9583247,[585244.0]
12458,9583525,[9237.0]
12459,9584310,[4124572.0]
12460,9585036,[30819.0]
12461,9588207,[2922723.0]
12462,9591398,"[338705.0, 403244.0]"
12463,9592877,[3116117.0]
12464,9595620,[4414255.0]
12465,9595650,[4414255.0]
12466,9597597,[2943699.0]
12467,9597831,[73933.0]
12468,9598203,[375143.0]
12469,9600796,[3111338.0]
12470,9601072,[2851725.0]
12471,9601799,[3399559.0]
12472,9601989,[125984.0]
12473,9602030,"[108693.0, 214134.0]"
12474,9606627,[4434456.0]
12475,9606839,[50873.0]
12476,9607988,[8730.0]
12477,9608252,[836009.0]
12478,9608960,[73977.0]
12479,9612470,[1357414.0]
12480,9612485,[1357414.0]
12481,9616780,[2995873.0]
12482,9618561,"[375143.0, 40881.0, 64364.0, 1395810.0]"
12483,9619273,"[7581.0, 4870718.0]"
12484,9622268,"[913887.0, 4428788.0]"
12485,9626382,[3400079.0]
12486,9628111,[2894399.0]
12487,9628653,[2902.0]
12488,9629757,[1267027.0]
12489,9630640,[5279368.0]
12490,9630894,"[4349456.0, 5300258.0]"
12491,9630902,"[4349456.0, 5300258.0]"
12492,9631271,[1311806.0]
12493,9631399,[276178.0]
12494,9633020,[104514.0]
12495,9633064,"[21748.0, 101078.0, 156522.0, 329391.0]"
12496,9633188,[3409997.0]
12497,9633279,"[133804.0, 43989.0]"
12498,9633281,[1194340.0]
12499,9634035,[19729.0]
12500,9634047,[4443070.0]
12501,9634283,[3112090.0]
12502,9636371,[35023.0]
12503,9636553,[1395810.0]
12504,9636777,[507943.0]
12505,9636778,[507943.0]
12506,9636838,[153733.0]
12507,9637446,[75497.0]
12508,9637479,[4443809.0]
12509,9637907,"[131337.0, 452559.0, 137270.0, 329391.0, 26417.0, 7581.0, 18879.0, 918877.0, 12339.0, 26935.0, 806782.0, 237154.0, 15292.0, 110215.0, 88608.0, 8694.0, 1967.0, 3256822.0, 4798562.0, 8988.0, 17061.0, 8185168.0, 40173.0, 51420.0, 25422.0, 7083555.0]"
12510,9638837,[90866.0]
12511,9639859,[78111.0]
12512,9640019,[17061.0]
12513,9640024,[15292.0]
12514,9640042,[379444.0]
12515,9640363,[1429808.0]
12516,9640368,[1284339.0]
12517,9640591,[114283.0]
12518,9640626,[852078.0]
12519,9640779,"[10604071.0, 4083207.0, 40563.0]"
12520,9640837,[5816.0]
12521,9640847,[125308.0]
12522,9641411,[3187114.0]
12523,9642271,"[15292.0, 360092.0, 38066.0, 415967.0, 131208.0, 723801.0, 51118.0, 26738.0, 38598.0, 329391.0, 9756.0, 1356336.0, 17063.0, 27206.0]"
12524,9642277,[3016878.0]
12525,9642278,[3342174.0]
12526,9642279,[498980.0]
12527,9643425,[15292.0]
12528,9643469,[287923.0]
12529,9645248,[4430.0]
12530,9645260,[1375697.0]
12531,9645328,[2759175.0]
12532,9645333,[96909.0]
12533,9645351,[1005984.0]
12534,9645632,[4446076.0]
12535,9646374,[2761947.0]
12536,9647295,[38550.0]
12537,9647626,[8988.0]
12538,9647782,[1651952.0]
12539,9647909,[1025498.0]
12540,9648068,[2310121.0]
12541,9648553,[3041100.0]
12542,9649605,[3020553.0]
12543,9650938,[71688.0]
12544,9652412,[321863.0]
12545,9652947,[38531.0]
12546,9653291,[315657.0]
12547,9653392,[3902419.0]
12548,9653734,[3143458.0]
12549,9653862,[221073.0]
12550,9654818,"[4448495.0, 4020380.0]"
12551,9654828,[468200.0]
12552,9657219,"[1332605.0, 76423.0, 4107194.0]"
12553,9657860,[1857564.0]
12554,9657910,[74488.0]
12555,9659607,[2995873.0]
12556,9659847,"[8685.0, 8691.0]"
12557,9660102,[2924930.0]
12558,9660176,[41942.0]
12559,9662110,[3988619.0]
12560,9662386,[3097905.0]
12561,9662832,[4450877.0]
12562,9663371,"[128570.0, 108173.0]"
12563,9663378,[4721536.0]
12564,9663384,[81096.0]
12565,9663437,[35697.0]
12566,9663855,"[4371018.0, 18130.0]"
12567,9664909,[44003.0]
12568,9664976,[4427603.0]
12569,9664994,[2768002.0]
12570,9665047,[3378351.0]
12571,9665450,[4443809.0]
12572,9666812,[696372.0]
12573,9666844,[2983966.0]
12574,9666870,[836009.0]
12575,9667897,[162678.0]
12576,9669543,[4452712.0]
12577,9669552,"[346732.0, 15018.0, 4659292.0, 4601681.0, 2851727.0, 104676.0, 725899.0, 221253.0, 214232.0, 63341.0, 13029.0]"
12578,9669765,[4097558.0]
12579,9670016,[156522.0]
12580,9670065,[64364.0]
12581,9670820,[4453028.0]
12582,9671126,[4134859.0]
12583,9672106,[72853.0]
12584,9672598,[821504.0]
12585,9673866,[101078.0]
12586,9673936,[121825.0]
12587,9674479,[4428.0]
12588,9675020,[2830341.0]
12589,9675439,[1365342.0]
12590,9676673,[4430.0]
12591,9677045,[3966593.0]
12592,9677397,[87534.0]
12593,9678305,[656192.0]
12594,9678708,[415967.0]
12595,9680718,[4476934.0]
12596,9680728,[421667.0]
12597,9680830,"[16019981.0, 7797764.0]"
12598,9681214,[767317.0]
12599,9682967,[177047.0]
12600,9683241,[230218.0]
12601,9683521,[656983.0]
12602,9684527,[144323.0]
12603,9685397,[270312.0]
12604,9686423,[944594.0]
12605,9687450,"[4941.0, 2949949.0]"
12606,9688895,"[4446674.0, 18841.0, 85377.0, 3019932.0, 4070668.0, 4088550.0, 2609438.0, 4457933.0, 4457932.0, 4457934.0, 630572.0, 1313234.0, 515027.0, 7578152.0]"
12607,9689046,[1880316.0]
12608,9689150,[15292.0]
12609,9690444,[4458590.0]
12610,9691496,[23.0]
12611,9693759,[78111.0]
12612,9694311,[1000381.0]
12613,9695482,[4459980.0]
12614,9697214,[108905.0]
12615,9697503,[67481.0]
12616,9702148,[354378.0]
12617,9702149,[4090478.0]
12618,9704083,[4094993.0]
12619,9708616,[12350.0]
12620,9708692,[4416995.0]
12621,9708888,[713646.0]
12622,9709219,[33918.0]
12623,9711050,[33918.0]
12624,9711628,[32912.0]
12625,9712492,[4464118.0]
12626,9713071,[3465557.0]
12627,9715640,[497291.0]
12628,9716824,[3486415.0]
12629,9716855,[105220.0]
12630,9716923,[2988389.0]
12631,9716929,[53988.0]
12632,9717468,[89439.0]
12633,9718047,[1330292.0]
12634,9719614,[2384.0]
12635,9720766,[51118.0]
12636,9720768,[200317.0]
12637,9721638,[4430.0]
12638,9721669,[4124325.0]
12639,9721690,[3406550.0]
12640,9722219,[46976.0]
12641,9722241,[105805.0]
12642,9727683,[54989.0]
12643,9727730,"[46138.0, 5113251.0, 1067608.0, 108173.0, 107744.0, 40563.0, 10746.0, 27841.0, 52074.0, 19305.0, 3912.0, 4798562.0, 4127611.0, 11889.0, 175855.0, 8730.0, 162930.0, 26767.0, 24.0, 572738.0, 25422.0]"
12644,9728144,[172490.0]
12645,9728761,[4171164.0]
12646,9728843,[3020684.0]
12647,9729681,"[401053.0, 124365.0]"
12648,9729797,[4468616.0]
12649,9729882,[4468635.0]
12650,9730082,[190887.0]
12651,9732091,[26796.0]
12652,9732136,[4469352.0]
12653,9732198,[2687.0]
12654,9732734,"[4175419.0, 334840.0]"
12655,9732743,[4175419.0]
12656,9732865,[60177.0]
12657,9734454,[415967.0]
12658,9734574,[632423.0]
12659,9735478,[5255014.0]
12660,9736493,[4470523.0]
12661,9737151,[685776.0]
12662,9738483,[71688.0]
12663,9738697,[57717.0]
12664,9740560,[110249.0]
12665,9740847,[3222611.0]
12666,9741685,[1025280.0]
12667,9743200,"[1965926.0, 162927.0]"
12668,9744175,[5125372.0]
12669,9745506,[131208.0]
12670,9746384,[8685.0]
12671,9747943,[4473599.0]
12672,9750872,"[1036925.0, 1036924.0]"
12673,9750937,[3681.0]
12674,9751511,[204889.0]
12675,9751723,[55820.0]
12676,9753303,[410993.0]
12677,9753545,[4212479.0]
12678,9753637,[4475197.0]
12679,9755449,[4475715.0]
12680,9755855,[827236.0]
12681,9756195,[3193723.0]
12682,9756609,[22528.0]
12683,9757229,[48192.0]
12684,9757234,[477711.0]
12685,9758765,[4074044.0]
12686,9759508,[1577311.0]
12687,9760071,[19954.0]
12688,9760895,[64364.0]
12689,9761771,[4476934.0]
12690,9761778,[4476934.0]
12691,9761911,[207498.0]
12692,9764206,"[18967.0, 104179.0, 430207.0]"
12693,9765207,[38598.0]
12694,9765460,[282919.0]
12695,9765684,[3500801.0]
12696,9765849,[136127.0]
12697,9766063,[71081.0]
12698,9766146,[2895074.0]
12699,9766156,[4636555.0]
12700,9766801,[3148096.0]
12701,9767135,[165168.0]
12702,9769032,[28083.0]
12703,9774362,[1463436.0]
12704,9779511,[8988.0]
12705,9779851,[4428.0]
12706,9780099,[9206.0]
12707,9780117,[190887.0]
12708,9780131,[190887.0]
12709,9783478,[11078.0]
12710,9784709,[941441.0]
12711,9784940,[340054.0]
12712,9785202,[56019.0]
12713,9785225,[1136158.0]
12714,9786023,"[6988.0, 52850.0, 41003.0]"
12715,9790396,[3198547.0]
12716,9790778,[815.0]
12717,9791714,[33918.0]
12718,9792199,[4485046.0]
12719,9794562,[4485597.0]
12720,9794942,[103359.0]
12721,9795166,"[6579126.0, 460870.0, 1000381.0]"
12722,9795263,[4485813.0]
12723,9795684,[76360.0]
12724,9797582,[137902.0]
12725,9798283,[594942.0]
12726,9798470,[4486715.0]
12727,9799608,[1221698.0]
12728,9799979,[2876763.0]
12729,9801002,[3014690.0]
12730,9802372,[10317.0]
12731,9802707,[3020684.0]
12732,9804617,[3425627.0]
12733,9805317,[3508354.0]
12734,9807733,[1495325.0]
12735,9811795,"[40563.0, 473481.0]"
12736,9813572,"[33918.0, 5774051.0]"
12737,9813753,[3389.0]
12738,9813788,[33467.0]
12739,9813826,"[4.0, 10917.0]"
12740,9814347,[15872.0]
12741,9814682,[346732.0]
12742,9815702,[1857564.0]
12743,9815922,[34410.0]
12744,9816077,[2916205.0]
12745,9816086,"[40563.0, 473481.0]"
12746,9816552,"[1067608.0, 58971.0, 22548.0, 8185168.0, 1221698.0, 19305.0, 7581.0, 56162.0, 8988.0, 40563.0, 463665.0, 52468.0, 9072.0, 29998.0, 78024.0, 25422.0, 43538.0, 8835.0, 26813.0]"
12747,9817275,"[21748.0, 2146135.0]"
12748,9817672,"[566874.0, 2738857.0]"
12749,9818474,"[3780.0, 13613.0, 3022554.0, 3022555.0]"
12750,9820245,[1221698.0]
12751,9820781,[1330292.0]
12752,9821653,"[9345.0, 10900.0]"
12753,9821781,[8596.0]
12754,9825639,[3023658.0]
12755,9828218,[3290920.0]
12756,9829422,"[17061.0, 2729427.0]"
12757,9830133,"[33918.0, 5774051.0]"
12758,9831807,"[669810.0, 2743336.0]"
12759,9832204,[4493935.0]
12760,9833170,[7710.0]
12761,9833184,[137902.0]
12762,9835932,[50.0]
12763,9837154,[4493935.0]
12764,9837489,[815.0]
12765,9838286,[1304819.0]
12766,9840319,[17064.0]
12767,9842559,[221253.0]
12768,9842956,[13957.0]
12769,9844075,[588356.0]
12770,9848368,[2750251.0]
12771,9848515,[3395431.0]
12772,9848566,[505695.0]
12773,9849587,[4042181.0]
12774,9851394,[3100027.0]
12775,9852529,[277536.0]
12776,9856962,[4499034.0]
12777,9857540,[321303.0]
12778,9858504,[200317.0]
12779,9858870,[20936.0]
12780,9859436,[4499623.0]
12781,9860070,[209877.0]
12782,9860084,[109354.0]
12783,9860784,[485441.0]
12784,9860837,[2731809.0]
12785,9860847,[2731809.0]
12786,9861743,"[104925.0, 1346213.0]"
12787,9868970,[375143.0]
12788,9869553,"[4671817.0, 4501761.0]"
12789,9872091,[347385.0]
12790,9873630,[1330292.0]
12791,9874342,[1192311.0]
12792,9876989,"[4107314.0, 4820144.0]"
12793,9879129,[89973.0]
12794,9879200,[823146.0]
12795,9879221,[120918.0]
12796,9884272,[4127933.0]
12797,9884419,[4505225.0]
12798,9888165,[137902.0]
12799,9889765,[4698899.0]
12800,9890841,[2096360.0]
12801,9892347,[153741.0]
12802,9896522,[37613.0]
12803,9896523,"[37613.0, 1014364.0]"
12804,9897164,[4476934.0]
12805,9899278,[150038.0]
12806,9902193,[221608.0]
12807,9903358,[489580.0]
12808,9905387,[78111.0]
12809,9908712,"[1226866.0, 2917917.0, 3390749.0, 4510562.0, 198732.0, 4447961.0, 175143.0, 2967939.0, 4127611.0, 2733519.0, 4103780.0, 4510560.0, 4510558.0, 2438981.0, 4175512.0, 74416.0]"
12810,9912994,[2546.0]
12811,9915228,"[3380908.0, 1134021.0]"
12812,9916170,[33918.0]
12813,9917596,"[1330292.0, 655707.0, 4341893.0]"
12814,9917879,[767547.0]
12815,9917925,[594951.0]
12816,9917942,"[150038.0, 5455609.0, 5455610.0]"
12817,9917957,[99117.0]
12818,9917996,[3389.0]
12819,9918110,[27140.0]
12820,9918128,[1290625.0]
12821,9918133,[4814317.0]
12822,9918317,"[4892080.0, 14920.0]"
12823,9919092,[276660.0]
12824,9919843,[653461.0]
12825,9922371,[874602.0]
12826,9922718,[696372.0]
12827,9923824,[1445909.0]
12828,9931820,[81096.0]
12829,9938941,"[4366471.0, 4474929.0]"
12830,9939122,[4191890.0]
12831,9939156,[4522.0]
12832,9939254,[205075.0]
12833,9942081,[4517806.0]
12834,9943270,[6914204.0]
12835,9943501,[2846074.0]
12836,9944235,[4518241.0]
12837,9944349,[2876763.0]
12838,9945127,[2905297.0]
12839,9951114,"[4260.0, 4633113.0]"
12840,9953281,[4520226.0]
12841,9955669,[3377941.0]
12842,9956230,[17059.0]
12843,9960624,"[3780.0, 2697291.0]"
12844,9964976,[100752.0]
12845,9968073,[8587.0]
12846,9968921,"[239579.0, 2964770.0]"
12847,9969201,[2936493.0]
12848,9969698,[4524033.0]
12849,9970042,[363130.0]
12850,9970461,[1141209.0]
12851,9972882,[1691206.0]
12852,9975659,[3290920.0]
12853,9977014,[4525660.0]
12854,9985697,[3353516.0]
12855,9988362,"[4527822.0, 835265.0]"
12856,9994765,[23417.0]
12857,9995135,[48192.0]
12858,9996331,[1180263.0]
12859,9999813,"[1029349.0, 4826394.0]"
12860,10021764,[26764.0]
12861,10025007,[1428675.0]
12862,10025305,[150038.0]
12863,10034291,[190887.0]
12864,10044191,"[1054429.0, 5815513.0, 4539389.0, 4539390.0, 4539391.0, 255868.0, 640490.0, 1054427.0, 1054428.0, 4539392.0, 40331.0, 4539393.0]"
12865,10048834,[3174636.0]
12866,10048874,[3353667.0]
12867,10048876,[123719.0]
12868,10050463,[150038.0]
12869,10050731,[3299494.0]
12870,10051549,[3181096.0]
12871,10057167,[10746.0]
12872,10059396,[43393.0]
12873,10060012,[4028407.0]
12874,10062358,"[4543672.0, 2738043.0]"
12875,10062696,[387612.0]
12876,10063343,[19823.0]
12877,10063939,[38550.0]
12878,10065348,[3180076.0]
12879,10066376,[1636014.0]
12880,10066399,[40823.0]
12881,10066415,[17046.0]
12882,10072160,[1248068.0]
12883,10077103,[5791.0]
12884,10077686,[10746.0]
12885,10079311,[2949152.0]
12886,10079321,[142270.0]
12887,10081055,[8685.0]
12888,10082454,[48206.0]
12889,10084976,[128849.0]
12890,10085245,[90340.0]
12891,10086007,[9505.0]
12892,10086357,[363130.0]
12893,10087445,[4141550.0]
12894,10088540,[4178737.0]
12895,10093823,[60577.0]
12896,10094969,[1938234.0]
12897,10095750,[8695.0]
12898,10096884,[5725313.0]
12899,10099755,"[26738.0, 4552367.0]"
12900,10100824,[4619644.0]
12901,10103026,"[97228.0, 491441.0, 332423.0]"
12902,10103367,[5339.0]
12903,10114276,[2958157.0]
12904,10114321,[4555930.0]
12905,10115441,[31247.0]
12906,10118172,[4556932.0]
12907,10118444,[13730.0]
12908,10120780,[1192311.0]
12909,10121801,[1330292.0]
12910,10122126,[2860745.0]
12911,10127647,[132628.0]
12912,10129062,[4559822.0]
12913,10129843,[4698899.0]
12914,10129880,[9494.0]
12915,10131347,[2916205.0]
12916,10132286,[3112090.0]
12917,10133972,[4553019.0]
12918,10134027,[4493935.0]
12919,10134778,[62877.0]
12920,10135095,[4520226.0]
12921,10137413,[7742.0]
12922,10137823,"[38550.0, 7561075.0]"
12923,10146440,[413783.0]
12924,10148930,[589.0]
12925,10153069,[20248.0]
12926,10153731,[41542.0]
12927,10154839,[1228468.0]
12928,10156063,[1139632.0]
12929,10156959,[4566700.0]
12930,10157066,[146374.0]
12931,10164948,[25422.0]
12932,10165036,[4568610.0]
12933,10165727,[47104.0]
12934,10165761,[47104.0]
12935,10170242,[14454.0]
12936,10173501,"[27280.0, 4570608.0]"
12937,10177045,[172210.0]
12938,10180166,"[4109961.0, 4572336.0]"
12939,10181768,[794667.0]
12940,10182392,"[4698899.0, 1945379.0]"
12941,10184403,[2860219.0]
12942,10184855,[42110.0]
12943,10187639,[590558.0]
12944,10187685,[617200.0]
12945,10188580,[4573983.0]
12946,10193060,"[13611546.0, 4574972.0]"
12947,10194157,[4575289.0]
12948,10194224,[4575301.0]
12949,10194637,[4575398.0]
12950,10194775,[510991.0]
12951,10196565,"[34049.0, 5158478.0]"
12952,10199908,[9629.0]
12953,10201356,[4577009.0]
12954,10202432,[4577316.0]
12955,10207041,[155990.0]
12956,10211811,[3002235.0]
12957,10212067,[1228621.0]
12958,10215337,[87306.0]
12959,10215349,[2995873.0]
12960,10222479,"[345630.0, 7582.0]"
12961,10223509,[2895111.0]
12962,10224627,[4582548.0]
12963,10225194,"[1977.0, 3110459.0]"
12964,10225657,[8660.0]
12965,10230779,[941441.0]
12966,10235919,[23419.0]
12967,10236501,[108424.0]
12968,10240153,[6268.0]
12969,10243045,[5376167.0]
12970,10248518,"[4698899.0, 1945379.0]"
12971,10251568,[71688.0]
12972,10251703,[37060.0]
12973,10251958,[214232.0]
12974,10255156,[4149342.0]
12975,10255198,[412433.0]
12976,10256914,"[3400721.0, 954360.0]"
12977,10257495,[2944621.0]
12978,10258076,[7717.0]
12979,10261812,[3023658.0]
12980,10264090,"[223096.0, 2517916.0]"
12981,10264676,"[3780.0, 2697291.0, 3022555.0, 3022554.0, 1297569.0]"
12982,10264769,"[589.0, 44767.0, 55831.0]"
12983,10266063,[3339347.0]
12984,10273328,"[8840.0, 2387.0]"
12985,10273623,[58654.0]
12986,10281024,"[1630.0, 2895898.0]"
12987,10281904,"[4698899.0, 1945379.0]"
12988,10285181,"[12949.0, 3524830.0]"
12989,10291890,[38951.0]
12990,10295809,[4025295.0]
12991,10299110,[1023510.0]
12992,10301749,"[1201844.0, 290553.0, 7741814.0]"
12993,10303264,[132091.0]
12994,10304244,"[73825.0, 133460.0]"
12995,10305156,[324620.0]
12996,10307510,[6620.0]
12997,10308452,[4105961.0]
12998,10314147,"[869.0, 3056312.0]"
12999,10314229,[3465557.0]
13000,10315284,"[370361.0, 7393393.0, 3911856.0]"
13001,10315753,[78763.0]
13002,10315802,[580315.0]
13003,10316626,[4606082.0]
13004,10318247,[4606484.0]
13005,10319157,"[4430.0, 1383797.0]"
13006,10321405,[1188608.0]
13007,10321640,[6876215.0]
13008,10322436,[2949152.0]
13009,10322714,[1290625.0]
13010,10323524,[150038.0]
13011,10324808,"[17015.0, 17010.0]"
13012,10331050,[852078.0]
13013,10331417,[3041100.0]
13014,10331607,[4610078.0]
13015,10334528,[4107314.0]
13016,10334529,[4107314.0]
13017,10335072,[48206.0]
13018,10335112,[48206.0]
13019,10335701,[4611175.0]
13020,10336420,[1441847.0]
13021,10338023,[13677.0]
13022,10339851,[3388865.0]
13023,10339954,"[4370565.0, 123344.0]"
13024,10345489,[800019.0]
13025,10345642,[2891503.0]
13026,10345708,[58846.0]
13027,10346185,[38531.0]
13028,10346457,[191456.0]
13029,10348689,"[17061.0, 908931.0, 2949536.0]"
13030,10349697,[3505204.0]
13031,10352973,[4615776.0]
13032,10353049,"[10741.0, 428566.0]"
13033,10353283,[98903.0]
13034,10353365,[14777734.0]
13035,10353632,[1530555.0]
13036,10356760,[1238111.0]
13037,10357792,[669810.0]
13038,10358606,[2847534.0]
13039,10362658,[33918.0]
13040,10363749,[415967.0]
13041,10364053,"[1221698.0, 436308.0]"
13042,10364849,"[3354.0, 403782.0]"
13043,10366637,[5791.0]
13044,10367314,[3165706.0]
13045,10368915,[4105961.0]
13046,10370700,[137902.0]
13047,10376185,[948181.0]
13048,10376272,"[1239645.0, 860538.0, 49377.0, 177049.0, 196212.0, 2944621.0, 2892154.0, 226035.0, 275252.0, 1058653.0, 7231.0, 491442.0, 28544.0, 128231.0, 870.0, 296477.0, 3084517.0, 580315.0, 172169.0]"
13049,10380505,[4611069.0]
13050,10380657,[16309509.0]
13051,10381195,[363130.0]
13052,10381200,[363130.0]
13053,10381472,[944594.0]
13054,10385629,[421434.0]
13055,10387413,[2924955.0]
13056,10387419,[2924955.0]
13057,10388796,[4625737.0]
13058,10388881,"[6252.0, 38550.0]"
13059,10390076,[311365.0]
13060,10390182,[137553.0]
13061,10393851,"[472395.0, 25422.0, 1221698.0, 40563.0, 8185168.0, 8842.0, 8347.0, 1448.0, 6941.0, 24902.0, 12444.0, 7025.0, 3400079.0, 113942.0, 22545.0, 11890.0, 172490.0, 173493.0, 137404.0, 5989.0, 6256.0, 34429.0, 3378249.0, 52872.0, 902641.0, 1079183.0, 147966.0, 162927.0, 33919.0, 194172.0, 1182450.0, 1524842.0, 21158.0, 33502.0, 16086.0]"
13062,10394348,[108424.0]
13063,10395530,[1405152.0]
13064,10395576,[1005984.0]
13065,10396652,[346732.0]
13066,10397655,[2921810.0]
13067,10398160,[48190.0]
13068,10399862,[7742.0]
13069,10400575,[4629065.0]
13070,10401084,[4629194.0]
13071,10403445,[155990.0]
13072,10407279,[17061.0]
13073,10409278,[3027554.0]
13074,10409347,[10317.0]
13075,10409524,[4631640.0]
13076,10409571,[10746.0]
13077,10410278,[4042181.0]
13078,10410973,[25307.0]
13079,10415671,"[401053.0, 124365.0]"
13080,10416381,"[463850.0, 463849.0, 133838.0]"
13081,10417398,[7581.0]
13082,10418404,[153738.0]
13083,10419436,[4634606.0]
13084,10421530,[580315.0]
13085,10421550,[1857564.0]
13086,10422756,[48190.0]
13087,10422778,[4245438.0]
13088,10423094,[1599723.0]
13089,10425771,[27874.0]
13090,10425811,"[2936493.0, 2714501.0]"
13091,10426573,[125308.0]
13092,10428229,[3027554.0]
13093,10428848,[2357.0]
13094,10428994,[64364.0]
13095,10429015,[146986.0]
13096,10429017,[1192311.0]
13097,10429025,[2313312.0]
13098,10429045,[4637539.0]
13099,10429067,[1051591.0]
13100,10429092,[4074051.0]
13101,10429903,[33467.0]
13102,10429917,[4609972.0]
13103,10430194,[4400405.0]
13104,10431447,"[10741.0, 428566.0]"
13105,10432550,[2945688.0]
13106,10433020,[27498.0]
13107,10433925,[4638863.0]
13108,10434701,"[1221698.0, 10365.0]"
13109,10436562,[4090847.0]
13110,10437150,[36276.0]
13111,10438093,[17054.0]
13112,10439597,[4.0]
13113,10439630,[2961326.0]
13114,10439703,[37557.0]
13115,10441563,[4640906.0]
13116,10442127,[4167378.0]
13117,10445084,[10885.0]
13118,10445208,[445303.0]
13119,10446243,[10746.0]
13120,10449432,[4121709.0]
13121,10452604,[1630.0]
13122,10454271,[22542.0]
13123,10454285,[3140482.0]
13124,10454982,[264571.0]
13125,10456697,[30819.0]
13126,10457746,[4180597.0]
13127,10459088,"[175855.0, 7581.0, 415967.0, 836009.0, 56019.0, 123463.0, 164187.0, 1290625.0, 1192311.0, 2761947.0, 1443712.0, 15292.0, 2895706.0, 2895707.0, 2755160.0, 1304470.0]"
13128,10459837,[3849415.0]
13129,10465086,[4167378.0]
13130,10466374,[2869550.0]
13131,10467702,[3131402.0]
13132,10468701,[2755160.0]
13133,10470359,[4648669.0]
13134,10470567,"[17015.0, 17010.0]"
13135,10471419,[5989.0]
13136,10471456,[345739.0]
13137,10471511,[6468949.0]
13138,10473144,[4649344.0]
13139,10473853,[1421475.0]
13140,10475929,"[46138.0, 194172.0, 145792.0, 15021.0, 575027.0, 48355.0, 4798562.0, 193861.0, 3400141.0, 107744.0, 207823.0, 26767.0, 19305.0, 466494.0, 108173.0, 58971.0, 7083555.0]"
13141,10476501,"[3849415.0, 2580449.0]"
13142,10477364,[2546.0]
13143,10477596,[30819.0]
13144,10477597,[30819.0]
13145,10479340,[48192.0]
13146,10479750,[4651111.0]
13147,10480102,"[40881.0, 1332605.0, 232224.0, 3149825.0, 4505225.0]"
13148,10481268,"[10739.0, 163934.0]"
13149,10482677,[105839.0]
13150,10482783,"[122001.0, 4788719.0]"
13151,10482973,[4652041.0]
13152,10483223,[6988.0]
13153,10483567,[15872.0]
13154,10484178,[3465557.0]
13155,10485751,[1310735.0]
13156,10487466,[4493935.0]
13157,10492632,[520196.0]
13158,10493660,[4493935.0]
13159,10494240,[1370283.0]
13160,10498695,"[4132968.0, 4315436.0]"
13161,10508192,[21701.0]
13162,10508424,[1520317.0]
13163,10508431,[359109.0]
13164,10508775,[940521.0]
13165,10512887,[4658172.0]
13166,10522443,[287923.0]
13167,10530700,[4661677.0]
13168,10535171,"[4430487.0, 336011.0]"
13169,10535969,[103359.0]
13170,10536993,[3299.0]
13171,10543233,[3849415.0]
13172,10547152,[9550.0]
13173,10549501,[15292.0]
13174,10550107,[4665536.0]
13175,10551037,[1140298.0]
13176,10551102,[1975671.0]
13177,10551253,[3425627.0]
13178,10551290,[153734.0]
13179,10551947,[34049.0]
13180,10552013,[36998.0]
13181,10552088,"[6245.0, 6244.0]"
13182,10552287,"[2614.0, 11858.0, 46540.0, 1958136.0]"
13183,10552965,[56019.0]
13184,10553047,[1651952.0]
13185,10553065,[78305.0]
13186,10553081,[4031054.0]
13187,10553093,[28550.0]
13188,10557761,[1429808.0]
13189,10557809,"[21748.0, 71688.0, 24009.0, 28544.0]"
13190,10557816,[104514.0]
13191,10558499,[1375697.0]
13192,10558533,[24009.0]
13193,10559622,"[346732.0, 12052.0, 17061.0, 58971.0, 41942.0, 42919.0, 14002.0, 8988.0, 119121.0, 6760.0, 13026.0, 725899.0, 1868743.0, 38313.0, 3617.0, 19522.0, 40563.0, 198305.0]"
13194,10560199,[100752.0]
13195,10560849,[4667368.0]
13196,10561549,[21748.0]
13197,10562069,[4124791.0]
13198,10562661,[4667751.0]
13199,10564165,[1069006.0]
13200,10564967,[1332.0]
13201,10566288,[3117044.0]
13202,10567183,[4134859.0]
13203,10570236,[20248.0]
13204,10573384,[213980.0]
13205,10573557,[2184228.0]
13206,10574156,[48397.0]
13207,10574690,[4574107.0]
13208,10575508,[4201.0]
13209,10575783,[250784.0]
13210,10575798,"[142717.0, 162932.0, 1067608.0, 22993.0, 8347.0, 23069.0, 277536.0, 31321.0, 4338.0, 70906.0, 65171.0, 67272.0, 11890.0, 26767.0, 466494.0, 284559.0, 19305.0, 22631.0, 7083555.0]"
13211,10576071,[4089093.0]
13212,10576365,[2973783.0]
13213,10578304,[4337106.0]
13214,10578952,[60577.0]
13215,10579099,[4670825.0]
13216,10579321,[3486415.0]
13217,10582463,"[4366471.0, 4474929.0]"
13218,10583175,[415967.0]
13219,10583186,[4671502.0]
13220,10583193,[41032.0]
13221,10583245,[145294.0]
13222,10583269,[3020684.0]
13223,10586035,[88609.0]
13224,10586912,[26738.0]
13225,10590852,[8988.0]
13226,10592898,[1140298.0]
13227,10593401,[33918.0]
13228,10593918,[241301.0]
13229,10594929,"[7025.0, 6543253.0]"
13230,10599649,[24009.0]
13231,10599682,[3041100.0]
13232,10599805,[17054.0]
13233,10600187,"[8840.0, 2387.0]"
13234,10603241,"[345630.0, 7582.0]"
13235,10606009,[6268.0]
13236,10609400,[35022.0]
13237,10614636,[41942.0]
13238,10618137,[4555930.0]
13239,10623784,"[214.0, 5116.0, 22536.0]"
13240,10626594,[1330292.0]
13241,10626634,[484627.0]
13242,10626639,[1292475.0]
13243,10627210,[70854.0]
13244,10627280,[589.0]
13245,10629328,[4453028.0]
13246,10629334,[14002.0]
13247,10630620,"[48206.0, 191982.0, 78084.0, 101873.0]"
13248,10630777,[3155347.0]
13249,10631724,[191456.0]
13250,10634284,[28083.0]
13251,10634310,[202875.0]
13252,10634443,"[40563.0, 334840.0]"
13253,10634910,[1330287.0]
13254,10635363,"[24902.0, 441180.0, 31688.0, 25422.0, 2526.0, 4089004.0, 150038.0, 12581.0, 42127.0, 3405063.0, 91085.0, 8347.0, 24.0, 133908.0, 4690580.0]"
13255,10635806,[4104358.0]
13256,10636358,[47104.0]
13257,10637510,[293603.0]
13258,10637748,[2755160.0]
13259,10637766,[2876763.0]
13260,10637834,[26805.0]
13261,10637959,"[122302.0, 4684643.0]"
13262,10638776,[2891665.0]
13263,10639954,[105805.0]
13264,10640020,[2812835.0]
13265,10640453,[767547.0]
13266,10643556,[38531.0]
13267,10644236,[150038.0]
13268,10644437,[3140086.0]
13269,10644631,"[6252.0, 28709.0, 4686275.0]"
13270,10645526,[4686495.0]
13271,10646544,"[2503028.0, 2995869.0]"
13272,10649555,[4430.0]
13273,10650803,"[4720629.0, 2923539.0]"
13274,10652828,[136127.0]
13275,10657638,[4167378.0]
13276,10661081,"[38531.0, 137902.0]"
13277,10661424,[1654.0]
13278,10661603,[3340475.0]
13279,10662433,"[151371.0, 800187.0]"
13280,10665754,[2168689.0]
13281,10675526,"[9494.0, 406026.0, 3013902.0]"
13282,10677715,[3380908.0]
13283,10679230,[4693312.0]
13284,10681429,[4693729.0]
13285,10682271,[4334604.0]
13286,10694189,[329391.0]
13287,10694831,"[370361.0, 3911856.0]"
13288,10697427,[3407883.0]
13289,10699613,[137902.0]
13290,10706481,[4610078.0]
13291,10708694,[4894780.0]
13292,10708764,[4699267.0]
13293,10710406,"[3408349.0, 131208.0]"
13294,10710459,[405199.0]
13295,10713851,[4700417.0]
13296,10714446,[417798.0]
13297,10714886,[4700629.0]
13298,10718699,[270624.0]
13299,10721934,[48192.0]
13300,10722525,[6876215.0]
13301,10722553,[3342342.0]
13302,10723532,[298438.0]
13303,10724628,[8685.0]
13304,10724639,[8685.0]
13305,10726280,[4702610.0]
13306,10729120,[4703186.0]
13307,10729298,[4703223.0]
13308,10734298,[430332.0]
13309,10735287,[5808145.0]
13310,10739664,[4705142.0]
13311,10740056,[4705211.0]
13312,10740735,[3380908.0]
13313,10740738,[3380908.0]
13314,10740844,"[27100.0, 1938864.0]"
13315,10744349,[2924930.0]
13316,10747637,[226816.0]
13317,10747756,[445303.0]
13318,10752566,[484534.0]
13319,10754265,[4522335.0]
13320,10754266,[4522335.0]
13321,10755107,[4707891.0]
13322,10755240,[20248.0]
13323,10755377,"[4707967.0, 3854467.0, 4707968.0, 4875513.0]"
13324,10755443,[3420702.0]
13325,10756459,"[5255014.0, 7610927.0]"
13326,10757054,[4708453.0]
13327,10757361,[23894.0]
13328,10757830,[2945301.0]
13329,10757833,"[2895706.0, 2895707.0, 4150084.0]"
13330,10762643,[847247.0]
13331,10762697,[25307.0]
13332,10764210,[3427995.0]
13333,10764418,[4710047.0]
13334,10765906,[969638.0]
13335,10767985,[324620.0]
13336,10769811,[137902.0]
13337,10771027,[10746.0]
13338,10772368,[3023658.0]
13339,10772954,[3219496.0]
13340,10773311,[1967.0]
13341,10775135,"[17061.0, 2729427.0]"
13342,10775407,[200317.0]
13343,10775707,[1217665.0]
13344,10778410,"[3780.0, 4713885.0, 3022555.0, 3022554.0]"
13345,10778413,"[3780.0, 4713885.0]"
13346,10778669,[470025.0]
13347,10778761,[200317.0]
13348,10779905,[660996.0]
13349,10780042,[20248.0]
13350,10781908,[1549088.0]
13351,10783217,[2860219.0]
13352,10783476,[9237.0]
13353,10783492,[4715253.0]
13354,10783905,[1051591.0]
13355,10787380,[15873.0]
13356,10788968,"[1949.0, 14920.0, 107812.0]"
13357,10789138,[1868743.0]
13358,10790018,[588558.0]
13359,10790180,"[57858.0, 1656.0]"
13360,10790277,[2063919.0]
13361,10790290,[2063919.0]
13362,10790516,[4428.0]
13363,10791807,"[1441.0, 427839.0]"
13364,10793020,[4718112.0]
13365,10793701,[41942.0]
13366,10795208,[4718800.0]
13367,10796241,[4719155.0]
13368,10796535,[4717601.0]
13369,10796565,[275125.0]
13370,10798398,[1049315.0]
13371,10798568,[19391.0]
13372,10798722,"[5816.0, 3067498.0]"
13373,10800904,[4604180.0]
13374,10800916,[4154802.0]
13375,10800955,"[3408349.0, 131208.0]"
13376,10802178,[767547.0]
13377,10802904,[71688.0]
13378,10803121,[38550.0]
13379,10803222,[589.0]
13380,10803619,[20248.0]
13381,10803709,[38550.0]
13382,10803710,[38550.0]
13383,10803856,[2895111.0]
13384,10805588,[10317.0]
13385,10805989,[2828923.0]
13386,10806008,[4722094.0]
13387,10806119,[28375.0]
13388,10807218,[22995.0]
13389,10807784,[8604.0]
13390,10808965,[2232265.0]
13391,10809785,[2937372.0]
13392,10810955,"[72445.0, 7581.0, 4792535.0, 3200938.0, 6467480.0, 5297049.0, 6467481.0, 3088611.0, 6467482.0, 6422091.0, 1166851.0, 5822798.0, 108584.0, 773815.0, 4853849.0, 6467483.0]"
13393,10812824,[2599416.0]
13394,10813784,[1238111.0]
13395,10814687,[363130.0]
13396,10814707,[8646.0]
13397,10815209,[4725624.0]
13398,10815662,[2053448.0]
13399,10816908,[4074051.0]
13400,10818702,[5369.0]
13401,10819265,[479779.0]
13402,10819920,[142270.0]
13403,10822250,[17152.0]
13404,10822283,[1136158.0]
13405,10822373,[8835.0]
13406,10822395,[4668167.0]
13407,10822397,[4668167.0]
13408,10823507,[4443809.0]
13409,10823956,[246527.0]
13410,10824346,"[370361.0, 80760.0, 4158371.0]"
13411,10825816,[1372374.0]
13412,10831726,[4665259.0]
13413,10832656,"[167605.0, 202311.0]"
13414,10834397,[4730228.0]
13415,10834868,[3504189.0]
13416,10834872,[276660.0]
13417,10835992,[4730698.0]
13418,10836471,[110234.0]
13419,10836484,"[542967.0, 14834295.0]"
13420,10836728,[4730894.0]
13421,10836790,[313399.0]
13422,10836896,[282919.0]
13423,10838776,[767317.0]
13424,10839173,[3912.0]
13425,10839204,[4731557.0]
13426,10840557,[974195.0]
13427,10841115,[174708.0]
13428,10841290,[1365342.0]
13429,10841297,[4443070.0]
13430,10841301,[128231.0]
13431,10841303,[19729.0]
13432,10841336,[1651952.0]
13433,10841914,[72374.0]
13434,10844210,[2861133.0]
13435,10844308,[234088.0]
13436,10846138,[4372737.0]
13437,10846226,[303833.0]
13438,10846905,[282919.0]
13439,10846914,[165168.0]
13440,10848294,[11654.0]
13441,10848789,[4764.0]
13442,10852343,[4735144.0]
13443,10853751,"[7581.0, 4870718.0]"
13444,10854410,"[3780.0, 13613.0, 304060.0]"
13445,10856736,[17064.0]
13446,10857081,[225033.0]
13447,10857421,"[4845.0, 10746.0, 4265362.0, 5179982.0, 1020603.0, 54475.0, 3154018.0, 773420.0, 30819.0, 2982216.0, 12991.0, 1356336.0, 4020322.0, 1112860.0, 1346653.0, 353528.0, 2937732.0, 5179983.0, 1241378.0, 1139420.0, 4430.0, 345026.0, 7581.0, 4387361.0, 53306.0, 4522.0, 5179984.0, 2851726.0, 207708.0, 2904745.0, 1163804.0, 14024.0]"
13448,10858434,"[1330292.0, 16506970.0, 6080025.0]"
13449,10858437,"[1330292.0, 6080025.0, 737890.0]"
13450,10859323,[8349.0]
13451,10859654,[18130.0]
13452,10860047,[4370565.0]
13453,10861110,[37060.0]
13454,10861195,[4737695.0]
13455,10861857,"[8349.0, 12434.0]"
13456,10863079,[2310121.0]
13457,10863148,[7581.0]
13458,10864459,[4636.0]
13459,10866458,[1221698.0]
13460,10866624,[836009.0]
13461,10866880,[20561.0]
13462,10867387,[4178213.0]
13463,10869776,"[4522.0, 117582.0, 4467098.0, 380770.0, 158170.0, 15021.0, 457300.0, 30819.0, 207708.0, 23417.0, 12339.0, 11508.0, 690619.0, 48557.0, 41942.0, 317.0, 7581.0, 27874.0, 4845.0, 72451.0]"
13464,10874177,[2891665.0]
13465,10877155,"[46138.0, 46137.0, 1182450.0, 8185168.0, 27075.0, 21158.0, 8694.0, 147966.0, 8125999.0, 194172.0, 5824162.0, 329320.0, 490342.0, 207823.0, 36175.0, 4584067.0, 1221698.0, 4584068.0, 33502.0, 142717.0, 5989.0, 25.0, 205075.0]"
13466,10878744,[7369851.0]
13467,10880493,[2060858.0]
13468,10880685,[2909019.0]
13469,10883896,[4743887.0]
13470,10884655,[507943.0]
13471,10886703,"[137553.0, 413379.0]"
13472,10886827,[4744683.0]
13473,10888677,[346732.0]
13474,10889249,[2387.0]
13475,10890323,[2870420.0]
13476,10890463,[153734.0]
13477,10890702,[5816.0]
13478,10890808,"[27206.0, 174708.0]"
13479,10891197,[3780.0]
13480,10891987,[48206.0]
13481,10893214,"[1074989.0, 252914.0]"
13482,10897866,[4666971.0]
13483,10900231,[3138620.0]
13484,10900272,[4747895.0]
13485,10900324,[221253.0]
13486,10901034,[17061.0]
13487,10901035,[17061.0]
13488,10902111,[346732.0]
13489,10902616,[1168738.0]
13490,10903928,[3153048.0]
13491,10904100,"[32279.0, 4310152.0]"
13492,10908954,[48206.0]
13493,10909677,"[3780.0, 2697291.0]"
13494,10910169,[4749457.0]
13495,10913887,[5307635.0]
13496,10914555,[3020684.0]
13497,10917089,[73977.0]
13498,10917096,[3427995.0]
13499,10917229,[4750804.0]
13500,10920730,[81309.0]
13501,10922506,[4648669.0]
13502,10922521,[4724870.0]
13503,10928022,[4752305.0]
13504,10928630,[4752492.0]
13505,10929432,[3099544.0]
13506,10930660,[2905297.0]
13507,10940619,[8349.0]
13508,10942400,[644349.0]
13509,10945140,[137902.0]
13510,10951002,"[5255014.0, 15620.0]"
13511,10954369,"[3091065.0, 1411091.0]"
13512,10954370,"[3091065.0, 1411091.0]"
13513,10954417,"[746724.0, 589146.0]"
13514,10965391,[3165706.0]
13515,10979852,[63669.0]
13516,10980787,[4175419.0]
13517,10982560,[386471.0]
13518,10993032,[6268.0]
13519,10993282,[20248.0]
13520,10999517,[4752743.0]
13521,10999941,[4385310.0]
13522,11000229,[415967.0]
13523,11003853,[4175419.0]
13524,11006334,[71688.0]
13525,11009396,[4767490.0]
13526,11013172,[4768263.0]
13527,11013328,[3297510.0]
13528,11016554,"[26878.0, 335170.0, 4768908.0, 145273.0, 65171.0, 277536.0, 26875.0]"
13529,11016870,[4835396.0]
13530,11017767,[540845.0]
13531,11018851,[35022.0]
13532,11018854,[492365.0]
13533,11018856,[28569.0]
13534,11018862,[1958136.0]
13535,11018870,[74488.0]
13536,11018874,[93029.0]
13537,11018878,[3178457.0]
13538,11019352,[17729.0]
13539,11019430,[3119823.0]
13540,11019938,[852078.0]
13541,11020173,[1169504.0]
13542,11022672,"[4770274.0, 4770275.0]"
13543,11024669,"[4675895.0, 4675896.0]"
13544,11029566,[116581.0]
13545,11029744,[801712.0]
13546,11029842,[5596285.0]
13547,11029854,"[4698899.0, 1945379.0]"
13548,11030005,[116581.0]
13549,11030236,[4346631.0]
13550,11034459,[4167378.0]
13551,11034495,[4167378.0]
13552,11035421,[4772815.0]
13553,11035657,[40563.0]
13554,11035999,[4539741.0]
13555,11036713,[2898479.0]
13556,11040554,[5009050.0]
13557,11040918,[5741473.0]
13558,11041547,[346732.0]
13559,11041572,"[3091065.0, 1411091.0]"
13560,11045423,[1301649.0]
13561,11049606,"[27206.0, 174708.0]"
13562,11050827,[4605229.0]
13563,11051211,[8516.0]
13564,11051355,[3201079.0]
13565,11051889,[4601855.0]
13566,11053874,[234115.0]
13567,11058018,[2876763.0]
13568,11058092,[752898.0]
13569,11060241,[2891665.0]
13570,11060998,"[46138.0, 58971.0, 8694.0, 167606.0, 338705.0, 2844043.0, 40383.0, 126765.0, 65171.0, 96300.0, 5328601.0, 3912.0, 20435.0, 1088740.0, 4446653.0, 18841.0, 518983.0, 5328602.0, 7083555.0, 5132157.0]"
13571,11063310,[3097905.0]
13572,11063646,"[2988406.0, 1411091.0]"
13573,11070385,[34049.0]
13574,11071294,[2742182.0]
13575,11072286,[15292.0]
13576,11072325,[4370565.0]
13577,11076156,[38164.0]
13578,11078546,[3387293.0]
13579,11080683,[355500.0]
13580,11082143,[3105903.0]
13581,11083082,[4330590.0]
13582,11085530,[4789042.0]
13583,11089391,[164187.0]
13584,11089464,"[3295277.0, 6459302.0]"
13585,11092162,[35023.0]
13586,11094658,[223885.0]
13587,11098030,[1563059.0]
13588,11098582,[50873.0]
13589,11099141,[4446076.0]
13590,11099729,[9346.0]
13591,11100298,[150038.0]
13592,11100431,[2063919.0]
13593,11101181,[4127933.0]
13594,11101486,[217944.0]
13595,11102457,[3023964.0]
13596,11104740,[108905.0]
13597,11111343,[34049.0]
13598,11111890,[4788613.0]
13599,11114576,[2478287.0]
13600,11116207,[2989459.0]
13601,11120367,"[4759071.0, 4759072.0]"
13602,11120949,[2921810.0]
13603,11135458,[498980.0]
13604,11137919,[4796470.0]
13605,11138508,[3339369.0]
13606,11145697,[4719619.0]
13607,11145835,[4788613.0]
13608,11147422,"[3041100.0, 11664.0]"
13609,11152377,[4774430.0]
13610,11153196,[97045.0]
13611,11157986,[4408422.0]
13612,11160341,[3015664.0]
13613,11160376,[4801040.0]
13614,11161444,[9206.0]
13615,11162228,[46976.0]
13616,11162744,"[10604071.0, 4083207.0, 40563.0]"
13617,11163008,[4807116.0]
13618,11163421,[128970.0]
13619,11164626,[3497970.0]
13620,11164732,[4094048.0]
13621,11164791,[277536.0]
13622,11165590,[38951.0]
13623,11166687,[4824985.0]
13624,11166901,[2936691.0]
13625,11168297,[4610078.0]
13626,11169952,[44003.0]
13627,11175319,"[18967.0, 104179.0]"
13628,11178367,"[4805617.0, 680918.0]"
13629,11178774,[513829.0]
13630,11179538,[4805272.0]
13631,11181274,[19733.0]
13632,11183622,[224004.0]
13633,11185432,[4807573.0]
13634,11187090,"[2938140.0, 2938141.0, 2866353.0]"
13635,11187932,[4808225.0]
13636,11193959,[64364.0]
13637,11194946,[4733707.0]
13638,11196925,"[3036291.0, 4798562.0, 18253.0, 8794.0, 34429.0, 4088550.0, 3064456.0, 3400076.0, 58856.0, 108173.0, 1141781.0, 19472.0, 715521.0, 128466.0, 53193.0, 118465.0, 221253.0, 4747895.0, 58889.0, 335132.0, 376166.0, 58971.0, 20602.0, 121364.0, 23069.0, 5132157.0, 7083555.0, 466494.0]"
13639,11196957,[6435681.0]
13640,11199165,"[573850.0, 26170.0]"
13641,11201519,[4167378.0]
13642,11201534,"[2895706.0, 2895707.0]"
13643,11201951,"[2988406.0, 1411091.0]"
13644,11202715,[51118.0]
13645,11210739,[1330292.0]
13646,11210741,"[2895706.0, 2895707.0]"
13647,11210965,"[359573.0, 81698.0, 833164.0, 556794.0, 901360.0, 3038507.0, 234088.0, 108173.0, 172490.0, 2860219.0, 6555304.0, 1259835.0, 215177.0, 4427602.0, 572256.0, 4427603.0, 6555313.0]"
13648,11212021,"[131337.0, 18341.0, 41749.0, 4345.0, 6941.0, 56162.0, 33502.0, 207729.0, 9494.0, 4798562.0, 157018.0, 1003655.0, 6464342.0, 490342.0, 38592.0, 4624490.0, 61958.0, 27206.0, 26813.0, 12991.0, 120918.0, 8185168.0, 3256822.0, 1670340.0, 7935185.0, 37182.0, 40173.0, 58971.0, 6464343.0, 1630.0, 20561.0, 11508.0, 128466.0]"
13649,11212350,"[12444.0, 55811.0]"
13650,11212855,[11654.0]
13651,11213139,[4814169.0]
13652,11213380,"[4178737.0, 117339.0, 2944621.0, 162678.0]"
13653,11215260,[1005984.0]
13654,11221285,[38550.0]
13655,11222361,"[58325.0, 2478261.0]"
13656,11224175,[4817032.0]
13657,11225502,[3222611.0]
13658,11226926,"[33546.0, 406026.0, 167605.0]"
13659,11231621,[53793.0]
13660,11232016,[3389.0]
13661,11235712,[4684322.0]
13662,11238484,[874602.0]
13663,11239977,[346732.0]
13664,11249451,[4980097.0]
13665,11250053,[4823432.0]
13666,11250433,[3020553.0]
13667,11250674,[4097828.0]
13668,11251011,[3305484.0]
13669,11251546,"[131337.0, 4798562.0, 33918.0, 128570.0, 221253.0, 12339.0, 8794.0, 2283303.0, 91717.0, 2957979.0, 466494.0, 108173.0, 376166.0, 18841.0, 7608.0, 20433.0, 193861.0, 121364.0, 56162.0, 484109.0, 371670.0, 3064456.0, 58856.0, 61958.0, 307629.0, 7601.0, 18879.0, 1221698.0, 7083555.0]"
13670,11253020,"[599287.0, 4023682.0, 3282466.0]"
13671,11253959,"[8164.0, 45230.0]"
13672,11253988,[340054.0]
13673,11254850,[25052.0]
13674,11256309,"[17015.0, 17010.0]"
13675,11256624,[4605.0]
13676,11257644,[6988.0]
13677,11260355,[4794993.0]
13678,11260430,[30819.0]
13679,11260526,[61939.0]
13680,11261730,[114283.0]
13681,11262609,[1248068.0]
13682,11264950,[4826711.0]
13683,11264999,[346732.0]
13684,11273438,[58.0]
13685,11274771,[4811847.0]
13686,11275323,[1654.0]
13687,11275518,[836009.0]
13688,11276437,[2876763.0]
13689,11276935,[26796.0]
13690,11278154,[4346631.0]
13691,11279771,[4105707.0]
13692,11280254,[4830336.0]
13693,11280552,[4475715.0]
13694,11282970,[1008054.0]
13695,11283775,[4831114.0]
13696,11284750,[4573983.0]
13697,11284808,"[4831360.0, 1733780.0]"
13698,11285163,[165168.0]
13699,11285675,[4831561.0]
13700,11286888,[4831831.0]
13701,11290005,[4476934.0]
13702,11290495,[4805617.0]
13703,11291489,[767547.0]
13704,11291902,[4636555.0]
13705,11291909,[54475.0]
13706,11293102,[165168.0]
13707,11293194,[3464665.0]
13708,11294214,[375626.0]
13709,11296565,[13856.0]
13710,11297320,[4432.0]
13711,11297376,[4607856.0]
13712,11297579,[4107314.0]
13713,11297580,[4107314.0]
13714,11299720,[4752305.0]
13715,11300302,[48192.0]
13716,11301765,[4836172.0]
13717,11303596,[75497.0]
13718,11306989,[3519233.0]
13719,11308086,[270312.0]
13720,11308387,[4336590.0]
13721,11309018,[34049.0]
13722,11313669,[3023434.0]
13723,11313672,[3023434.0]
13724,11315073,[43538.0]
13725,11318315,"[2895706.0, 2895707.0]"
13726,11319430,[4188120.0]
13727,11324204,[286014.0]
13728,11328077,[47287.0]
13729,11332967,[145643.0]
13730,11334430,[2884866.0]
13731,11336491,[137902.0]
13732,11337143,"[3295277.0, 6459302.0]"
13733,11338646,[2867375.0]
13734,11338679,[1156556.0]
13735,11338984,"[11890.0, 78071.0]"
13736,11338986,[3185565.0]
13737,11339302,[4625596.0]
13738,11340586,[175855.0]
13739,11341277,[72986.0]
13740,11343537,"[3091065.0, 1411091.0]"
13741,11344755,"[61031.0, 427430.0]"
13742,11345765,[15337.0]
13743,11346078,[10896.0]
13744,11350263,[760392.0]
13745,11350552,[375143.0]
13746,11351181,[15872.0]
13747,11351904,"[4848940.0, 3160010.0]"
13748,11354687,[4849738.0]
13749,11354719,[4754377.0]
13750,11354787,[3097905.0]
13751,11356211,[4785031.0]
13752,11357769,[4175419.0]
13753,11359684,[4851121.0]
13754,11362198,[4851799.0]
13755,11365017,[137902.0]
13756,11365045,[137902.0]
13757,11365223,"[4689769.0, 4852705.0]"
13758,11368591,[4727364.0]
13759,11374039,[4877830.0]
13760,11375108,"[1373880.0, 163934.0]"
13761,11375883,[3241992.0]
13762,11378402,[4949972.0]
13763,11381030,"[778281.0, 4857363.0]"
13764,11382304,[4167378.0]
13765,11382317,[4167378.0]
13766,11382427,"[816070.0, 23120.0]"
13767,11382868,[2938140.0]
13768,11387209,[4446076.0]
13769,11387392,[3415819.0]
13770,11387438,[74488.0]
13771,11387447,[823146.0]
13772,11387458,[165105.0]
13773,11387535,[10896.0]
13774,11388177,[73154.0]
13775,11388187,"[74863.0, 4859381.0]"
13776,11388429,[4610401.0]
13777,11388629,[4843796.0]
13778,11390052,[150038.0]
13779,11391978,[78111.0]
13780,11393927,[4849861.0]
13781,11395320,[67481.0]
13782,11396770,[4862188.0]
13783,11396864,[15292.0]
13784,11399605,[4862379.0]
13785,11399736,[168090.0]
13786,11401915,"[50873.0, 29840.0, 4101698.0]"
13787,11402002,[2860219.0]
13788,11407130,[4735.0]
13789,11408298,[30003.0]
13790,11408354,[3112212.0]
13791,11410430,[4864634.0]
13792,11413298,[4336590.0]
13793,11415846,[27813.0]
13794,11417074,[3500801.0]
13795,11418574,[415967.0]
13796,11419156,[45315.0]
13797,11421556,[2743065.0]
13798,11422644,[3020684.0]
13799,11424566,[545315.0]
13800,11426110,"[5989.0, 1411821.0]"
13801,11431896,[4074051.0]
13802,11433585,"[65335.0, 65334.0]"
13803,11436723,"[4871930.0, 18130.0]"
13804,11437971,[2357.0]
13805,11438693,"[4773763.0, 6450142.0, 6922624.0]"
13806,11438966,[3353516.0]
13807,11439413,[251542.0]
13808,11443325,[4873609.0]
13809,11444119,[4595804.0]
13810,11449247,[4866520.0]
13811,11451287,[379444.0]
13812,11451305,[4878327.0]
13813,11454587,[2261547.0]
13814,11454877,[1141209.0]
13815,11455096,[3429117.0]
13816,11455106,[3200239.0]
13817,11455111,[27209.0]
13818,11455148,[1857564.0]
13819,11455154,[3409997.0]
13820,11455155,[153741.0]
13821,11455170,[2891596.0]
13822,11455192,[89622.0]
13823,11455196,[71688.0]
13824,11456803,[3380908.0]
13825,11457225,[3242087.0]
13826,11457525,[3486415.0]
13827,11458531,[239128.0]
13828,11458578,[4443809.0]
13829,11458632,[17054.0]
13830,11458881,[103359.0]
13831,11459850,[1167639.0]
13832,11464383,[4817656.0]
13833,11464424,[4432.0]
13834,11467932,[4449940.0]
13835,11468029,[4610078.0]
13836,11468074,[4880398.0]
13837,11468955,[3849415.0]
13838,11469563,"[4880860.0, 573749.0]"
13839,11470277,[4369922.0]
13840,11473820,[121825.0]
13841,11475427,[76360.0]
13842,11475686,[4575326.0]
13843,11475952,[4882841.0]
13844,11476589,[10518.0]
13845,11476593,[4485813.0]
13846,11476658,[4883038.0]
13847,11477714,[3297526.0]
13848,11478167,[580315.0]
13849,11478192,[580315.0]
13850,11478390,[580315.0]
13851,11478401,[580315.0]
13852,11478407,[580315.0]
13853,11478428,[580315.0]
13854,11479938,[2909124.0]
13855,11480917,[40563.0]
13856,11483834,[4558309.0]
13857,11487807,[4025591.0]
13858,11487809,[3020656.0]
13859,11488396,[4416995.0]
13860,11492727,"[2984032.0, 337207.0]"
13861,11493176,[48206.0]
13862,11500077,[315657.0]
13863,11500217,[4890182.0]
13864,11503082,[1177779.0]
13865,11506107,[4602804.0]
13866,11506205,[137902.0]
13867,11508357,[4108184.0]
13868,11510533,[108424.0]
13869,11511696,[225692.0]
13870,11512595,[137902.0]
13871,11512712,[375143.0]
13872,11512713,[375143.0]
13873,11512718,[375143.0]
13874,11514121,[3387285.0]
13875,11515328,[4798562.0]
13876,11515333,[4606508.0]
13877,11515955,[5103225.0]
13878,11515975,[4130469.0]
13879,11515995,[26897.0]
13880,11520555,[656983.0]
13881,11524833,[3174636.0]
13882,11531818,[17059.0]
13883,11532160,[4464118.0]
13884,11536681,[30819.0]
13885,11539233,[346732.0]
13886,11540475,[270312.0]
13887,11540514,[4486715.0]
13888,11540546,[2614.0]
13889,11540581,[20248.0]
13890,11540658,[1375697.0]
13891,11541470,[1691206.0]
13892,11543195,[38550.0]
13893,11544421,[21748.0]
13894,11545542,[128041.0]
13895,11545694,"[24902.0, 441180.0, 91085.0, 8347.0, 24.0, 133908.0, 31688.0, 25422.0, 2526.0, 4089004.0, 150038.0, 12581.0, 42127.0, 3405063.0, 4690580.0]"
13896,11546834,[3493128.0]
13897,11547894,[410993.0]
13898,11550021,"[4348183.0, 1394000.0]"
13899,11550280,[790143.0]
13900,11551045,"[17015.0, 17010.0]"
13901,11551967,[153733.0]
13902,11552090,[221073.0]
13903,11554317,[2310121.0]
13904,11554510,[150038.0]
13905,11556615,[259021.0]
13906,11556960,[4906436.0]
13907,11557788,[3023842.0]
13908,11557982,[580315.0]
13909,11558256,[4615776.0]
13910,11558268,[4615776.0]
13911,11559200,[3849415.0]
13912,11563110,[3290920.0]
13913,11569419,[415967.0]
13914,11577576,[4245017.0]
13915,11579336,[2772365.0]
13916,11593977,[283727.0]
13917,11594180,[27498.0]
13918,11594286,[296540.0]
13919,11594289,[827236.0]
13920,11594370,"[182166.0, 63924.0]"
13921,11594414,[3387889.0]
13922,11594750,[1960761.0]
13923,11595072,[54201.0]
13924,11595220,[11137.0]
13925,11595501,"[50873.0, 29840.0, 4101698.0]"
13926,11595593,[79589.0]
13927,11595931,[4686495.0]
13928,11598940,"[50873.0, 29840.0, 6436578.0]"
13929,11603726,"[3780.0, 13613.0]"
13930,11603886,"[806500.0, 4918625.0]"
13931,11607103,[106.0]
13932,11607104,[106.0]
13933,11610337,[4866638.0]
13934,11617031,[3409936.0]
13935,11621048,[3290920.0]
13936,11629974,[2261547.0]
13937,11634793,[4925996.0]
13938,11635665,"[3295277.0, 6459302.0]"
13939,11635834,[4925996.0]
13940,11640897,[564425.0]
13941,11646671,"[4928594.0, 5732087.0, 16738465.0, 16738466.0, 16738467.0, 16738468.0, 4283413.0, 16738469.0, 16738470.0, 16738471.0, 16738472.0, 16738473.0, 16738474.0, 16738475.0, 16738476.0, 16738477.0, 16738478.0, 16738479.0, 11072248.0, 16738480.0, 1107689.0, 16738481.0, 16738482.0, 16738483.0, 16738484.0, 3080847.0, 16738485.0, 625158.0, 16738486.0, 16738487.0, 16738488.0, 383019.0, 7277357.0, 3434107.0, 16738489.0, 16738490.0]"
13942,11647944,[4928927.0]
13943,11651477,"[50091.0, 49237.0]"
13944,11662955,[96909.0]
13945,11669085,[107170.0]
13946,11671686,"[4934832.0, 4934833.0]"
13947,11672159,[4719155.0]
13948,11672184,[346732.0]
13949,11674348,"[346732.0, 579648.0]"
13950,11680321,[4937042.0]
13951,11685192,[4814317.0]
13952,11686280,[4938697.0]
13953,11686611,[4938797.0]
13954,11691084,[4356316.0]
13955,11692299,[28375.0]
13956,11693075,[79589.0]
13957,11696574,[175855.0]
13958,11698983,"[4260.0, 1221698.0]"
13959,11699316,[394904.0]
13960,11700785,[3449368.0]
13961,11702088,[5040774.0]
13962,11702955,[273399.0]
13963,11703437,[4698899.0]
13964,11703541,[3041100.0]
13965,11706617,[174708.0]
13966,11706669,[276660.0]
13967,11707621,[153732.0]
13968,11708356,[4880403.0]
13969,11709245,"[363130.0, 4945241.0]"
13970,11709429,[137902.0]
13971,11710189,[4936836.0]
13972,11710500,[4785031.0]
13973,11711049,[17061.0]
13974,11711794,[4005.0]
13975,11711994,[8476.0]
13976,11713438,[4169630.0]
13977,11713891,[4946569.0]
13978,11714579,[15872.0]
13979,11714997,[4601855.0]
13980,11715276,[4718528.0]
13981,11717388,[4175419.0]
13982,11717567,[4817371.0]
13983,11717826,[1567394.0]
13984,11721960,[4776314.0]
13985,11724244,[96909.0]
13986,11724895,[61659.0]
13987,11725462,[53574.0]
13988,11726303,[835348.0]
13989,11727777,[3425403.0]
13990,11732092,[4938740.0]
13991,11732479,"[324620.0, 2899437.0]"
13992,11732538,[3305514.0]
13993,11733900,[25052.0]
13994,11734301,[346732.0]
13995,11735456,[346732.0]
13996,11735733,"[324500.0, 526807.0]"
13997,11736535,[78111.0]
13998,11736574,[589.0]
13999,11736985,"[4260.0, 8347.0]"
14000,11736986,"[4260.0, 874602.0]"
14001,11736996,[249843.0]
14002,11736997,[88685.0]
14003,11737310,[4953666.0]
14004,11737311,[5249972.0]
14005,11737314,[3100027.0]
14006,11737387,[849723.0]
14007,11737399,[4953744.0]
14008,11738407,[4370565.0]
14009,11738736,[2834177.0]
14010,11738898,[2846074.0]
14011,11741831,[386042.0]
14012,11743019,[3389.0]
14013,11746102,[1857564.0]
14014,11746839,[50873.0]
14015,11748806,[121364.0]
14016,11749412,[4957267.0]
14017,11751163,[20248.0]
14018,11751470,[4116567.0]
14019,11753475,[4666971.0]
14020,11754293,[3504189.0]
14021,11754793,"[56.0, 4845.0]"
14022,11755978,[3112212.0]
14023,11756117,[3145809.0]
14024,11756650,[2748537.0]
14025,11757826,[4959800.0]
14026,11761452,[2988389.0]
14027,11761455,[4718186.0]
14028,11765920,[7581.0]
14029,11767287,[4962350.0]
14030,11768308,"[40881.0, 192.0]"
14031,11768366,[1221698.0]
14032,11771994,[25422.0]
14033,11773554,[1357414.0]
14034,11774272,[2917917.0]
14035,11774295,[2917917.0]
14036,11776582,[4965091.0]
14037,11777864,"[4260.0, 64039.0]"
14038,11778202,[4090088.0]
14039,11778281,[4965551.0]
14040,11778435,[4965591.0]
14041,11779366,[4540563.0]
14042,11779667,"[28946.0, 1310149.0]"
14043,11782131,[4873609.0]
14044,11782786,[431825.0]
14045,11783484,[804399.0]
14046,11785468,[32638.0]
14047,11785598,[3618.0]
14048,11785701,[3387293.0]
14049,11788440,[4575326.0]
14050,11788809,[346732.0]
14051,11788811,[346732.0]
14052,11795449,[6244.0]
14053,11795956,[1486959.0]
14054,11797285,[2998.0]
14055,11797287,[241301.0]
14056,11797382,[6461009.0]
14057,11797478,[590558.0]
14058,11799123,[4971675.0]
14059,11799797,[79589.0]
14060,11801463,[25307.0]
14061,11801971,"[48192.0, 513829.0]"
14062,11804728,[6584197.0]
14063,11805486,[4492558.0]
14064,11806617,[10992.0]
14065,11806849,[8604.0]
14066,11808950,[4279785.0]
14067,11809168,[4637539.0]
14068,11814613,[3988619.0]
14069,11819201,[4977539.0]
14070,11821546,[4432.0]
14071,11823873,[5049521.0]
14072,11823941,[4979194.0]
14073,11824280,[4843915.0]
14074,11824590,[73933.0]
14075,11825646,[15872.0]
14076,11825915,[696372.0]
14077,11826332,"[6252.0, 494654.0, 8435196.0]"
14078,11826847,[15872.0]
14079,11827476,[8588.0]
14080,11827808,[4343092.0]
14081,11830198,[4605878.0]
14082,11830886,[3395431.0]
14083,11830982,[4094825.0]
14084,11832135,[4981614.0]
14085,11832549,[136127.0]
14086,11834447,[87305.0]
14087,11836518,[4983102.0]
14088,11836562,[4983116.0]
14089,11837058,[4983261.0]
14090,11838803,[2755160.0]
14091,11841579,[4126827.0]
14092,11841693,[4653530.0]
14093,11842057,[4577009.0]
14094,11843017,[4984923.0]
14095,11849680,[4980097.0]
14096,11850266,"[8476.0, 362098.0]"
14097,11850771,[2949594.0]
14098,11850834,[140125.0]
14099,11851051,"[137902.0, 3007479.0, 6588565.0]"
14100,11851848,[3111339.0]
14101,11859244,[79589.0]
14102,11859655,[8988.0]
14103,11860682,[1106214.0]
14104,11864728,[7581.0]
14105,11868241,[4992618.0]
14106,11869038,[10359.0]
14107,11870160,"[9498.0, 9497.0, 656983.0]"
14108,11871563,[2768002.0]
14109,11872688,[137902.0]
14110,11875502,"[146374.0, 660076.0]"
14111,11876043,[4994753.0]
14112,11878058,[4915737.0]
14113,11880612,"[166640.0, 127084.0, 5792066.0, 9345.0]"
14114,11882171,[4996736.0]
14115,11884571,"[4668238.0, 2152471.0]"
14116,11885673,[4372118.0]
14117,11888804,[8695.0]
14118,11890222,[168090.0]
14119,11896968,[37613.0]
14120,11904255,[36276.0]
14121,11915069,"[1221698.0, 12718.0, 19365.0, 753489.0, 45978.0, 73443.0]"
14122,11918442,[25307.0]
14123,11923030,[2936493.0]
14124,11926311,"[5219613.0, 24902.0, 72451.0, 99622.0, 12991.0, 338705.0, 23144.0, 12728.0, 635107.0, 2283303.0, 97045.0, 5415110.0]"
14125,11926316,[4349709.0]
14126,11938097,[1391220.0]
14127,11938261,[4606082.0]
14128,11938582,[767317.0]
14129,11945589,[4476934.0]
14130,11946245,[3780.0]
14131,11946938,"[2938140.0, 2938141.0, 26405.0]"
14132,11947829,[3486415.0]
14133,11953583,[4858270.0]
14134,11953675,[5016653.0]
14135,11954263,[2837821.0]
14136,11956370,[4959103.0]
14137,11957637,[3396842.0]
14138,11958782,[4404139.0]
14139,11958874,[355500.0]
14140,11962191,[3995.0]
14141,11964923,[3002235.0]
14142,11965835,[5020278.0]
14143,11966216,[3486415.0]
14144,11966269,[14178660.0]
14145,11966655,[8835.0]
14146,11966692,[338705.0]
14147,11968173,[4921525.0]
14148,11968799,[338705.0]
14149,11969941,[286059.0]
14150,11970994,"[38569.0, 54497.0]"
14151,11973377,[5022765.0]
14152,11974142,[1415543.0]
14153,11974187,[1415543.0]
14154,11979189,[40563.0]
14155,11982788,[137902.0]
14156,11984131,[157663.0]
14157,11984884,[5009433.0]
14158,11985913,[2761947.0]
14159,11987206,[5027020.0]
14160,11987465,[4105961.0]
14161,11988046,[5027236.0]
14162,11990629,[8604.0]
14163,11992012,[5028484.0]
14164,11995715,[28550.0]
14165,11995902,[3219496.0]
14166,11996192,[5029662.0]
14167,12000103,[272814.0]
14168,12003546,[5097017.0]
14169,12003673,[200317.0]
14170,12005076,[4641832.0]
14171,12005736,[128570.0]
14172,12006176,[3020684.0]
14173,12007060,[15016.0]
14174,12009173,[277536.0]
14175,12009478,[5046525.0]
14176,12013853,[8661.0]
14177,12015268,[2096360.0]
14178,12015441,[2765760.0]
14179,12015520,[1192311.0]
14180,12019355,[4430.0]
14181,12020272,[2923466.0]
14182,12020927,[4011131.0]
14183,12024430,[1217665.0]
14184,12025637,[1051591.0]
14185,12027429,[445303.0]
14186,12028090,[5038699.0]
14187,12028255,[125871.0]
14188,12030955,[5039686.0]
14189,12031673,[916010.0]
14190,12033364,"[2891665.0, 184638.0, 13709050.0]"
14191,12034287,[4727909.0]
14192,12035671,[3032940.0]
14193,12035966,[5041072.0]
14194,12037785,[4343092.0]
14195,12038526,[2063919.0]
14196,12038533,[2063919.0]
14197,12038857,[4687526.0]
14198,12039371,[72678.0]
14199,12039534,[5042085.0]
14200,12040447,[589.0]
14201,12040782,[4342615.0]
14202,12040895,[110249.0]
14203,12042279,[375626.0]
14204,12043770,[4175419.0]
14205,12044078,"[1202217.0, 4332964.0]"
14206,12044735,[3097905.0]
14207,12044946,"[27206.0, 174708.0]"
14208,12046013,[1141052.0]
14209,12046104,[3456705.0]
14210,12047201,[5044405.0]
14211,12049592,[25421.0]
14212,12049774,[4833657.0]
14213,12050695,[4506281.0]
14214,12052534,"[18967.0, 104179.0]"
14215,12058660,[56370.0]
14216,12059093,[71688.0]
14217,12059554,[3512625.0]
14218,12059592,"[17015.0, 17010.0]"
14219,12063158,[3780.0]
14220,12065807,[38550.0]
14221,12066190,"[4684322.0, 3124176.0]"
14222,12067894,[5049815.0]
14223,12069434,[8730.0]
14224,12072288,[4678361.0]
14225,12072969,[5041733.0]
14226,12074910,"[7580817.0, 7580816.0, 5780097.0]"
14227,12074933,[123835.0]
14228,12075523,"[81096.0, 5051802.0]"
14229,12075543,[4981328.0]
14230,12076991,"[9237.0, 717304.0]"
14231,12077553,[4430.0]
14232,12078803,[1427650.0]
14233,12080400,[1005935.0]
14234,12080697,[3097905.0]
14235,12080917,[4074044.0]
14236,12080942,[125984.0]
14237,12083392,"[10746.0, 169487.0]"
14238,12083417,"[10746.0, 169487.0]"
14239,12083433,"[10746.0, 169487.0]"
14240,12084278,[5054179.0]
14241,12084655,[1045593.0]
14242,12086690,[48206.0]
14243,12087573,[1005935.0]
14244,12087949,[1183442.0]
14245,12088860,[4090478.0]
14246,12089922,"[10746.0, 169487.0]"
14247,12089986,"[3849415.0, 2580449.0]"
14248,12090218,"[346732.0, 579648.0]"
14249,12090332,"[346732.0, 579648.0]"
14250,12090838,[3389.0]
14251,12092105,[3205604.0]
14252,12095951,[25052.0]
14253,12096557,[415967.0]
14254,12098371,[2503028.0]
14255,12099550,[114504.0]
14256,12099838,[5058182.0]
14257,12101419,[3397290.0]
14258,12104686,[4971535.0]
14259,12104857,[340054.0]
14260,12106746,"[3389.0, 12738.0]"
14261,12106940,[17061.0]
14262,12107990,[1630.0]
14263,12109352,[2949152.0]
14264,12109372,[108173.0]
14265,12109772,[3023658.0]
14266,12111823,[346732.0]
14267,12114440,[38066.0]
14268,12115192,[5034167.0]
14269,12119496,[21748.0]
14270,12119529,[21748.0]
14271,12127750,[15872.0]
14272,12127810,[15872.0]
14273,12129021,[4893411.0]
14274,12131310,[5066364.0]
14275,12133821,[3486415.0]
14276,12135215,[4893411.0]
14277,12139510,[4684322.0]
14278,12140024,[7581.0]
14279,12143316,[5069707.0]
14280,12144652,[5046101.0]
14281,12146537,[202438.0]
14282,12151120,[71688.0]
14283,12154327,"[2989459.0, 6551671.0]"
14284,12154330,[47104.0]
14285,12154335,[560012.0]
14286,12156463,[25421.0]
14287,12157252,[2310121.0]
14288,12157270,[4417749.0]
14289,12157365,[5073459.0]
14290,12157403,[5073471.0]
14291,12158272,"[346732.0, 579648.0]"
14292,12159318,[41032.0]
14293,12159329,[4175419.0]
14294,12159331,[3500801.0]
14295,12159908,[126353.0]
14296,12160866,[6108.0]
14297,12160890,[2868678.0]
14298,12160936,[3112114.0]
14299,12160940,[100764.0]
14300,12160942,[2860745.0]
14301,12161371,[32401.0]
14302,12165008,[3290920.0]
14303,12166748,[4178737.0]
14304,12168133,[5012036.0]
14305,12168299,[2261547.0]
14306,12169250,[250784.0]
14307,12170410,[5076860.0]
14308,12170420,[137553.0]
14309,12174312,[2063919.0]
14310,12176820,[4611069.0]
14311,12176883,[4983109.0]
14312,12176927,[270479.0]
14313,12177772,[5028484.0]
14314,12177832,[21748.0]
14315,12177850,[346732.0]
14316,12180248,[173493.0]
14317,12180288,[65137.0]
14318,12184913,[4124325.0]
14319,12189496,"[25422.0, 30033.0, 8347.0, 8730.0, 119848.0, 1443712.0, 2526.0, 150038.0, 11654.0, 179733.0, 546427.0, 10317.0, 277536.0]"
14320,12193399,[2905297.0]
14321,12198712,[40563.0]
14322,12203201,"[3389.0, 12738.0]"
14323,12205360,[5085738.0]
14324,12205549,"[10746.0, 169487.0]"
14325,12205949,[5085889.0]
14326,12207683,[4428962.0]
14327,12208526,[3441.0]
14328,12213758,[4753797.0]
14329,12216302,[10746.0]
14330,12225714,[594898.0]
14331,12227219,[3016762.0]
14332,12236872,[146374.0]
14333,12242419,[5091902.0]
14334,12243291,[5095403.0]
14335,12244583,[8056252.0]
14336,12246388,[4735.0]
14337,12246929,[4824952.0]
14338,12249184,[5041905.0]
14339,12253064,[572738.0]
14340,12253483,[4866520.0]
14341,12255711,[1353301.0]
14342,12257771,[3965895.0]
14343,12260585,[81017.0]
14344,12260608,[5100095.0]
14345,12262305,[170985.0]
14346,12265215,[4721536.0]
14347,12267497,[5102036.0]
14348,12268194,"[4181397.0, 5102264.0]"
14349,12268318,[5157217.0]
14350,12268679,[1169504.0]
14351,12270931,[4336590.0]
14352,12274389,[3389.0]
14353,12274576,"[4062676.0, 13635.0]"
14354,12275680,[2384.0]
14355,12277322,[7581.0]
14356,12278214,[5047249.0]
14357,12279259,[5752854.0]
14358,12279287,"[2891665.0, 526142.0]"
14359,12279393,"[4414255.0, 2978188.0]"
14360,12279431,"[4414255.0, 2978188.0]"
14361,12279483,"[4414255.0, 2978188.0]"
14362,12280320,[1077326.0]
14363,12283261,"[7128.0, 5106204.0]"
14364,12285415,"[128040.0, 2517916.0]"
14365,12287628,[15890.0]
14366,12288524,[4134859.0]
14367,12291506,[815.0]
14368,12292002,[5130924.0]
14369,12295280,[2310121.0]
14370,12296595,[5307635.0]
14371,12299435,"[2503028.0, 2995869.0]"
14372,12300570,[1654.0]
14373,12304209,[1311806.0]
14374,12304615,[5096013.0]
14375,12308723,[5113138.0]
14376,12309315,[4107314.0]
14377,12314606,[5114859.0]
14378,12322385,[4785031.0]
14379,12323398,[71688.0]
14380,12323446,[71688.0]
14381,12323688,"[29482.0, 3914116.0]"
14382,12325117,"[3091065.0, 1411091.0]"
14383,12328193,[590743.0]
14384,12329486,"[3091721.0, 3118938.0]"
14385,12330365,[5116661.0]
14386,12332386,[1390840.0]
14387,12332845,[413783.0]
14388,12342454,[4105961.0]
14389,12344319,"[33919.0, 410598.0, 346732.0, 820971.0, 3354.0, 22018.0, 2715.0, 1221698.0, 9226.0, 5223.0, 3389.0, 24902.0]"
14390,12344321,[5122868.0]
14391,12344422,"[10182.0, 4522.0]"
14392,12345083,[5263939.0]
14393,12346742,[4764.0]
14394,12347362,"[142270.0, 15011468.0]"
14395,12348550,[2891665.0]
14396,12349140,"[107170.0, 436308.0]"
14397,12349653,[5596285.0]
14398,12349654,[5596285.0]
14399,12351174,[165168.0]
14400,12354691,[3484883.0]
14401,12355553,[815.0]
14402,12355823,[346732.0]
14403,12356958,[6094097.0]
14404,12357615,[1025280.0]
14405,12358349,"[298438.0, 25355.0]"
14406,12359121,[3041100.0]
14407,12360447,[4637539.0]
14408,12361115,[4189090.0]
14409,12361693,[8604.0]
14410,12361729,[5093822.0]
14411,12362454,[5128829.0]
14412,12363622,[4605557.0]
14413,12363795,[5140626.0]
14414,12363978,[7742.0]
14415,12368123,[2931654.0]
14416,12368199,[4558309.0]
14417,12368303,[5130837.0]
14418,12368700,[4389465.0]
14419,12369175,[3163910.0]
14420,12369705,[5131290.0]
14421,12369942,[4134859.0]
14422,12371862,[2895706.0]
14423,12371865,[2895706.0]
14424,12372363,[4741652.0]
14425,12373428,[1005984.0]
14426,12376605,[5133625.0]
14427,12376744,[4480999.0]
14428,12377549,"[85094.0, 33919.0, 4798562.0, 7242419.0, 234088.0, 3400079.0, 1014253.0, 2438981.0, 2918731.0, 2917917.0, 2847544.0, 5779980.0, 338705.0, 2731828.0, 14454.0, 1307441.0, 107891.0, 4127611.0, 277536.0, 4175512.0, 401492.0, 19305.0, 22631.0, 221253.0, 2125760.0, 2978423.0, 773064.0, 2868678.0, 1105690.0, 193861.0, 2716954.0, 572738.0]"
14429,12377857,"[38550.0, 494654.0, 8435196.0]"
14430,12378089,[3378320.0]
14431,12379094,[45315.0]
14432,12379559,[1429808.0]
14433,12380008,[4458590.0]
14434,12381210,[108007.0]
14435,12381214,[78305.0]
14436,12381269,[17061.0]
14437,12381271,[4629194.0]
14438,12381722,[5135449.0]
14439,12383015,[73149.0]
14440,12383252,[9550.0]
14441,12384652,"[5244478.0, 850475.0]"
14442,12384967,[72545.0]
14443,12385114,[692437.0]
14444,12387007,[5137209.0]
14445,12387628,[3387675.0]
14446,12387745,[4805272.0]
14447,12389247,[5137999.0]
14448,12389611,[4831114.0]
14449,12389880,"[4907397.0, 4907398.0]"
14450,12390039,[771.0]
14451,12390040,[4493935.0]
14452,12391660,[74488.0]
14453,12391741,[3389.0]
14454,12392156,"[354490.0, 4987918.0]"
14455,12392681,[33918.0]
14456,12393154,"[5171255.0, 5139410.0]"
14457,12393892,[5139659.0]
14458,12394032,[5139707.0]
14459,12394100,[357601.0]
14460,12394148,"[4094154.0, 4712106.0]"
14461,12394246,[1441847.0]
14462,12395241,[4178213.0]
14463,12396218,[4384465.0]
14464,12396528,[3046613.0]
14465,12396795,[5107011.0]
14466,12399257,[10746.0]
14467,12399654,[5141684.0]
14468,12400152,[4957254.0]
14469,12406114,[175855.0]
14470,12406624,"[4953558.0, 3384734.0]"
14471,12407466,[12980.0]
14472,12407853,[4167378.0]
14473,12410324,[4573983.0]
14474,12411635,[5145808.0]
14475,12411687,[3418947.0]
14476,12412086,[4800436.0]
14477,12414004,[41942.0]
14478,12414384,"[10746.0, 169487.0]"
14479,12414417,[207498.0]
14480,12416375,[17061.0]
14481,12416944,[1909134.0]
14482,12417793,"[1221698.0, 12718.0, 753489.0, 45978.0, 73443.0]"
14483,12418684,[3849415.0]
14484,12420166,[4877299.0]
14485,12421152,[1221698.0]
14486,12422629,[60957.0]
14487,12425532,[504038.0]
14488,12425703,"[38550.0, 1298226.0]"
14489,12425774,"[38550.0, 460693.0]"
14490,12427473,[421434.0]
14491,12427544,[5150716.0]
14492,12427659,"[1343790.0, 21158.0]"
14493,12431868,"[6456288.0, 5238.0]"
14494,12432220,[3267859.0]
14495,12432229,[4687048.0]
14496,12432531,[2778323.0]
14497,12434581,[5152709.0]
14498,12436722,[15298.0]
14499,12437907,"[7031278.0, 6256.0]"
14500,12439057,[200317.0]
14501,12439061,[200317.0]
14502,12439063,[200317.0]
14503,12441448,"[490342.0, 19291.0]"
14504,12444166,[48206.0]
14505,12444297,[48206.0]
14506,12444298,[48206.0]
14507,12445309,"[4175419.0, 334840.0]"
14508,12448740,[2980674.0]
14509,12449246,[4163056.0]
14510,12451711,[866822.0]
14511,12451769,[3340475.0]
14512,12453199,[5152573.0]
14513,12455491,[4327516.0]
14514,12456298,[5158514.0]
14515,12457874,[226816.0]
14516,12458829,[3486415.0]
14517,12463444,[3502.0]
14518,12466776,[4983102.0]
14519,12472085,[4149342.0]
14520,12473807,[4840146.0]
14521,12474623,[3097905.0]
14522,12476341,[3111338.0]
14523,12478507,[1025280.0]
14524,12479289,[5096069.0]
14525,12480602,[793892.0]
14526,12483970,[3009541.0]
14527,12485506,[4172510.0]
14528,12488364,[5153546.0]
14529,12488998,[1140298.0]
14530,12489079,[1577311.0]
14531,12493086,[11654.0]
14532,12494108,[5044439.0]
14533,12499290,[1370283.0]
14534,12506433,[5172281.0]
14535,12507214,[4086715.0]
14536,12509277,[4831558.0]
14537,12510849,[2195377.0]
14538,12510899,"[338705.0, 403244.0]"
14539,12511105,[3486415.0]
14540,12513132,[4951964.0]
14541,12516676,[1192311.0]
14542,12516692,[5074162.0]
14543,12517169,[656983.0]
14544,12518734,[5184237.0]
14545,12519614,[3178457.0]
14546,12522507,[89439.0]
14547,12529847,[415967.0]
14548,12532672,[2909019.0]
14549,12532841,[19823.0]
14550,12534310,[2002988.0]
14551,12534692,[5179624.0]
14552,12534860,[794667.0]
14553,12537426,[5180626.0]
14554,12539132,[4087473.0]
14555,12541330,[445303.0]
14556,12541481,[1441847.0]
14557,12543750,[4611175.0]
14558,12544664,[4507090.0]
14559,12544993,[99650.0]
14560,12545818,[169377.0]
14561,12550603,[50873.0]
14562,12551093,[18111.0]
14563,12558285,[5186274.0]
14564,12558610,[5113138.0]
14565,12559613,[145129.0]
14566,12560567,[4330590.0]
14567,12560661,[4330590.0]
14568,12561585,[2870420.0]
14569,12561996,[3190288.0]
14570,12566298,"[3091065.0, 1411091.0]"
14571,12566951,[3389.0]
14572,12567057,[15873.0]
14573,12568505,[5188888.0]
14574,12569468,[4862379.0]
14575,12572995,[5105592.0]
14576,12576579,[5430378.0]
14577,12577643,[101078.0]
14578,12577683,[101078.0]
14579,12577711,[101078.0]
14580,12578077,[4476934.0]
14581,12578294,[3027554.0]
14582,12578305,[3027554.0]
14583,12578370,[3027554.0]
14584,12578568,[5191012.0]
14585,12581738,[2876763.0]
14586,12582784,[5192136.0]
14587,12585607,[2867375.0]
14588,12585612,"[1393696.0, 17870.0]"
14589,12586979,[2995873.0]
14590,12588363,[2905297.0]
14591,12589630,[108007.0]
14592,12591532,[3101058.0]
14593,12598381,"[10746.0, 5817499.0]"
14594,12602129,[5198413.0]
14595,12602428,[5130239.0]
14596,12603698,[5070344.0]
14597,12604939,[28569.0]
14598,12604973,[21911.0]
14599,12606483,"[4370565.0, 123344.0]"
14600,12608168,[2924930.0]
14601,12608185,[38531.0]
14602,12608311,[5201074.0]
14603,12610321,[1375697.0]
14604,12612356,[88609.0]
14605,12613205,[4506281.0]
14606,12614410,[2995873.0]
14607,12614754,[4737695.0]
14608,12617119,[48206.0]
14609,12618763,[37613.0]
14610,12618794,[104514.0]
14611,12620451,[2803627.0]
14612,12621293,[3297510.0]
14613,12628635,[4579328.0]
14614,12629670,[2905297.0]
14615,12630405,[15872.0]
14616,12630771,[4456693.0]
14617,12631512,[2755160.0]
14618,12637458,"[298438.0, 25355.0]"
14619,12637460,[4575289.0]
14620,12637477,[4556932.0]
14621,12637490,[767317.0]
14622,12640578,"[836009.0, 30033.0]"
14623,12643330,[24827.0]
14624,12643556,[5212747.0]
14625,12644151,[635444.0]
14626,12645849,[51529.0]
14627,12646335,[8794.0]
14628,12648008,[162678.0]
14629,12648435,[98903.0]
14630,12648636,[90866.0]
14631,12650685,[15524266.0]
14632,12658862,"[3046613.0, 465708.0]"
14633,12659042,[7235297.0]
14634,12663557,"[2891665.0, 526142.0]"
14635,12663991,[5217831.0]
14636,12665819,[5218360.0]
14637,12666103,[119830.0]
14638,12668517,[5108886.0]
14639,12668959,[5219114.0]
14640,12670834,[4921525.0]
14641,12670884,[4768263.0]
14642,12670968,"[1569666.0, 5300258.0]"
14643,12672567,[580090.0]
14644,12675334,[1550534.0]
14645,12676614,[4904826.0]
14646,12676872,[4986073.0]
14647,12677913,[3097905.0]
14648,12680390,[3353516.0]
14649,12680907,[1373880.0]
14650,12680986,[3228055.0]
14651,12680993,[164187.0]
14652,12680998,[2699594.0]
14653,12681104,[2905297.0]
14654,12682437,[4452712.0]
14655,12685077,"[5502630.0, 7448765.0]"
14656,12686358,[12695.0]
14657,12686372,[5173683.0]
14658,12688952,[4968404.0]
14659,12691271,[5224760.0]
14660,12695591,[3002543.0]
14661,12696396,[2916869.0]
14662,12697251,[2867375.0]
14663,12697885,[3389.0]
14664,12699042,[3618.0]
14665,12700306,[4414255.0]
14666,12700337,[3353516.0]
14667,12700342,[581549.0]
14668,12700790,[1192311.0]
14669,12701339,[5227478.0]
14670,12702453,"[2503028.0, 2995869.0]"
14671,12702553,"[2503028.0, 2995869.0]"
14672,12707703,[2917423.0]
14673,12708927,[137902.0]
14674,12711152,[801712.0]
14675,12711215,[1850446.0]
14676,12711662,[5228256.0]
14677,12712367,[4107314.0]
14678,12715259,[5170812.0]
14679,12716317,[1141209.0]
14680,12722633,[1909134.0]
14681,12727768,[4094557.0]
14682,12730052,[1724.0]
14683,12730666,[1214140.0]
14684,12732267,[5235670.0]
14685,12733708,[2120001.0]
14686,12735319,[624389.0]
14687,12735457,"[4767792.0, 1368122.0]"
14688,12737082,[5237120.0]
14689,12739450,[24009.0]
14690,12739984,[3429117.0]
14691,12745342,[30819.0]
14692,12746667,[2961327.0]
14693,12749843,[4823432.0]
14694,12750745,[102987.0]
14695,12751687,[2876763.0]
14696,12752529,[5241424.0]
14697,12752963,[4717601.0]
14698,12754689,[5167118.0]
14699,12754892,[3389.0]
14700,12754915,[13014.0]
14701,12758871,[177305.0]
14702,12759057,[13557729.0]
14703,12759444,"[1035116.0, 359194.0, 756861.0, 1204165.0]"
14704,12760503,[849723.0]
14705,12763775,[3149825.0]
14706,12766833,[852078.0]
14707,12767830,[4586597.0]
14708,12768147,[324620.0]
14709,12768265,[38821.0]
14710,12768392,[4718112.0]
14711,12770150,[5121644.0]
14712,12774733,[25307.0]
14713,12779251,[4556168.0]
14714,12779838,[379444.0]
14715,12780666,[2905297.0]
14716,12780764,[5028484.0]
14717,12781016,[5121644.0]
14718,12784862,[4767490.0]
14719,12786908,[257412.0]
14720,12787553,[2970308.0]
14721,12788037,[150038.0]
14722,12788061,[5251026.0]
14723,12792988,[5252348.0]
14724,12793221,[23.0]
14725,12793778,[1330292.0]
14726,12794018,[3464665.0]
14727,12794078,"[38550.0, 8435196.0, 494654.0]"
14728,12794678,[4735.0]
14729,12795973,[110249.0]
14730,12796005,[4422205.0]
14731,12797516,[1274141.0]
14732,12797981,[347385.0]
14733,12799420,[2891665.0]
14734,12799435,[2891665.0]
14735,12799616,[350507.0]
14736,12801656,[466494.0]
14737,12803157,[3427995.0]
14738,12803158,[148694.0]
14739,12803252,[155990.0]
14740,12803894,[43835.0]
14741,12804197,[2938554.0]
14742,12810754,[5257090.0]
14743,12811730,[2002988.0]
14744,12812539,[5257588.0]
14745,12812550,[324620.0]
14746,12812657,[2313312.0]
14747,12813630,[25422.0]
14748,12813938,"[5257898.0, 69836.0]"
14749,12814088,[179712.0]
14750,12814333,[5258016.0]
14751,12814556,[4605.0]
14752,12814582,"[15873.0, 325203.0, 3118938.0]"
14753,12814594,[1226977.0]
14754,12814595,[815.0]
14755,12814612,[805184.0]
14756,12816817,[4287922.0]
14757,12819289,[169377.0]
14758,12822875,"[65335.0, 65334.0]"
14759,12823329,[5260599.0]
14760,12823428,[6268.0]
14761,12826714,[240708.0]
14762,12829428,[4414284.0]
14763,12829446,[200317.0]
14764,12831376,"[150038.0, 5455612.0]"
14765,12834648,[5263747.0]
14766,12837634,[3006397.0]
14767,12839794,"[2988406.0, 1411091.0]"
14768,12840318,[5265246.0]
14769,12840440,[1395810.0]
14770,12842828,[5265998.0]
14771,12844597,[346732.0]
14772,12844598,[346732.0]
14773,12844699,[172490.0]
14774,12845132,[4420439.0]
14775,12845211,[9355.0]
14776,12845587,[3387293.0]
14777,12846479,[2096360.0]
14778,12846739,"[5266986.0, 3455037.0]"
14779,12846930,[5240334.0]
14780,12847364,[133495.0]
14781,12848120,[4245438.0]
14782,12849210,[385966.0]
14783,12849226,[1666468.0]
14784,12849320,[7581.0]
14785,12850146,[1140298.0]
14786,12852730,[4363648.0]
14787,12852746,"[2101606.0, 1411091.0]"
14788,12853150,"[545.0, 5268599.0, 16024.0, 5268600.0, 270277.0, 5268601.0, 1890154.0]"
14789,12853155,[4087274.0]
14790,12854055,"[9018.0, 1784940.0, 636934.0, 5268815.0]"
14791,12854661,[4719629.0]
14792,12854800,[2917917.0]
14793,12858444,"[445303.0, 7791300.0]"
14794,12858494,"[6436872.0, 360092.0, 43988.0, 43989.0, 919348.0, 53109.0, 27205.0, 9615.0, 234088.0, 2944686.0, 833164.0, 2860219.0, 28045.0, 4382946.0, 3145527.0]"
14795,12862108,[580315.0]
14796,12862611,[1562974.0]
14797,12862612,[1562974.0]
14798,12862980,"[3267859.0, 2892243.0]"
14799,12865120,[73977.0]
14800,12866426,[4154802.0]
14801,12870151,"[1441.0, 427839.0]"
14802,12871657,[3125711.0]
14803,12871690,[787702.0]
14804,12872080,[6162355.0]
14805,12872294,[4921525.0]
14806,12873027,[359109.0]
14807,12875436,[4984399.0]
14808,12878796,[5275086.0]
14809,12879875,[5145815.0]
14810,12880428,[7577.0]
14811,12882267,[3200239.0]
14812,12882683,[4633056.0]
14813,12884237,[165168.0]
14814,12886599,[4430.0]
14815,12887497,[338705.0]
14816,12888138,[5277290.0]
14817,12891034,[1378521.0]
14818,12891107,[4721536.0]
14819,12891111,[4721536.0]
14820,12891555,[5278088.0]
14821,12893536,[5140626.0]
14822,12893742,[15872.0]
14823,12894834,[346732.0]
14824,12895386,[5131305.0]
14825,12899180,[27379.0]
14826,12899734,[131208.0]
14827,12900491,[48192.0]
14828,12900806,[5280531.0]
14829,12901365,[5005267.0]
14830,12902131,[21911.0]
14831,12905437,[3449368.0]
14832,12905462,[5281726.0]
14833,12905583,[4517253.0]
14834,12907355,[267687.0]
14835,12908877,[3353516.0]
14836,12908993,"[4428.0, 2889695.0]"
14837,12910751,"[3849415.0, 2580449.0]"
14838,12912387,[5244595.0]
14839,12912519,[4651111.0]
14840,12922874,[5228940.0]
14841,12923534,[3100200.0]
14842,12924153,[17082.0]
14843,12924261,[225033.0]
14844,12924288,[5073459.0]
14845,12924307,[164576.0]
14846,12924326,[94868.0]
14847,12924371,[1654.0]
14848,12924379,[5816.0]
14849,12924415,[183495.0]
14850,12924419,[145926.0]
14851,12924426,[1164105.0]
14852,12925063,[5286855.0]
14853,12925140,[27140.0]
14854,12925173,[15292.0]
14855,12925178,[3187114.0]
14856,12925333,[456208.0]
14857,12925395,[12350.0]
14858,12925631,[137386.0]
14859,12925656,[5323170.0]
14860,12926132,[49177.0]
14861,12926767,[1691206.0]
14862,12926807,"[5287305.0, 2059176.0]"
14863,12927528,[3112090.0]
14864,12928703,[5227963.0]
14865,12930172,[137902.0]
14866,12930909,[5288442.0]
14867,12933386,[777375.0]
14868,12933542,[5028484.0]
14869,12933942,[78111.0]
14870,12934676,[4774430.0]
14871,12935433,[2168689.0]
14872,12937427,[10317.0]
14873,12937491,[4949972.0]
14874,12938278,[4416438.0]
14875,12938767,[4665536.0]
14876,12939581,[15292.0]
14877,12939838,[6234.0]
14878,12940394,[90340.0]
14879,12941033,[25027.0]
14880,12943505,[3849415.0]
14881,12944651,[17152.0]
14882,12947735,[1080585.0]
14883,12947743,[4427603.0]
14884,12947792,[48206.0]
14885,12950372,[4126827.0]
14886,12951328,[153703.0]
14887,12952129,[8476.0]
14888,12953903,[5294897.0]
14889,12954620,"[5295120.0, 38531.0]"
14890,12954989,[1635425.0]
14891,12955673,[2857412.0]
14892,12958034,[1857564.0]
14893,12958037,[1857564.0]
14894,12958042,[1857564.0]
14895,12958049,[1857564.0]
14896,12958067,"[324620.0, 2899437.0]"
14897,12958103,[2755160.0]
14898,12959086,"[15872.0, 13673487.0]"
14899,12959176,"[1441.0, 427839.0]"
14900,12959863,[2988212.0]
14901,12961248,[5234245.0]
14902,12961889,[5297892.0]
14903,12962037,[51167.0]
14904,12962374,[5171573.0]
14905,12963116,[1127619.0]
14906,12963277,[2916205.0]
14907,12964268,[5298677.0]
14908,12964324,[150038.0]
14909,12964326,[4353097.0]
14910,12964966,[5298949.0]
14911,12968299,[4107194.0]
14912,12968407,[3436661.0]
14913,12969560,"[418792.0, 4411007.0]"
14914,12969596,"[3115036.0, 653688.0]"
14915,12970063,[110153.0]
14916,12970066,[1259835.0]
14917,12970162,[15890.0]
14918,12970510,[5179624.0]
14919,12970580,"[1221698.0, 860368.0]"
14920,12970812,[5265741.0]
14921,12971616,[3380908.0]
14922,12971630,[4718186.0]
14923,12971637,[1797360.0]
14924,12971641,"[4416306.0, 1132755.0]"
14925,12971643,[241301.0]
14926,12971662,[386853.0]
14927,12971665,"[5157472.0, 16869409.0]"
14928,12971669,[2988389.0]
14929,12971670,"[8685.0, 8691.0, 1067630.0]"
14930,12972663,[11654.0]
14931,12972685,[745284.0]
14932,12973281,[125308.0]
14933,12973648,[656983.0]
14934,12974095,[15872.0]
14935,12974280,[8685.0]
14936,12974372,[105839.0]
14937,12976678,[1654.0]
14938,12977172,[4629194.0]
14939,12978730,"[8347.0, 31321.0]"
14940,12979337,[4721318.0]
14941,12979788,[4689503.0]
14942,12980161,[2958157.0]
14943,12980966,[5108885.0]
14944,12981174,[37613.0]
14945,12982059,[3152411.0]
14946,12982158,[3389.0]
14947,12982439,[83291.0]
14948,12983100,[4890182.0]
14949,12983701,[5305353.0]
14950,12985143,[4124788.0]
14951,12986169,[4074044.0]
14952,12986492,[4175419.0]
14953,12987033,[16309509.0]
14954,12987118,[4707967.0]
14955,12987245,[32912.0]
14956,12987423,[2868678.0]
14957,12987853,[27140.0]
14958,12988002,[2946451.0]
14959,12988004,[833687.0]
14960,12988016,[4428.0]
14961,12988019,[2846074.0]
14962,12988047,"[794450.0, 66595.0]"
14963,12988074,[345572.0]
14964,12988101,[3169806.0]
14965,12988478,[2503028.0]
14966,12989106,[27206.0]
14967,12989115,[4601855.0]
14968,12989424,[4317450.0]
14969,12990947,"[2384.0, 334840.0]"
14970,12993570,[3095890.0]
14971,12993580,[191748.0]
14972,12993848,"[2789878.0, 4636983.0, 7579477.0]"
14973,12993852,"[723801.0, 10746.0, 8988.0, 21748.0, 2922003.0, 15292.0, 9756.0, 41942.0, 17060.0]"
14974,12993862,[2789878.0]
14975,12993867,"[2789878.0, 1411091.0]"
14976,12995284,[3406550.0]
14977,12996931,[588743.0]
14978,12998980,"[370361.0, 3911856.0]"
14979,13000535,[3290920.0]
14980,13001274,[4432.0]
14981,13003088,[2847542.0]
14982,13003102,"[1654.0, 20295.0]"
14983,13003421,[1141209.0]
14984,13003565,[34049.0]
14985,13004491,[48206.0]
14986,13004927,[17060.0]
14987,13005731,[5313027.0]
14988,13007263,[4721318.0]
14989,13007632,[276660.0]
14990,13008049,"[580315.0, 3144008.0]"
14991,13008385,[3522214.0]
14992,13010310,[5314499.0]
14993,13010376,[5152709.0]
14994,13010571,"[999289.0, 843234.0]"
14995,13011252,[5314867.0]
14996,13011828,[5227552.0]
14997,13012071,[2847542.0]
14998,13012603,[2274221.0]
14999,13012638,[3180076.0]
15000,13013864,[142270.0]
15001,13014414,[3406550.0]
15002,13014543,[5312381.0]
15003,13016839,[153738.0]
15004,13017569,[4372737.0]
15005,13018395,[4428962.0]
15006,13018514,[2964564.0]
15007,13019704,[1051591.0]
15008,13019841,[4443809.0]
15009,13020111,[100979.0]
15010,13021366,[3111338.0]
15011,13022711,"[17015.0, 17010.0]"
15012,13023039,[46540.0]
15013,13023379,[2905297.0]
15014,13023410,[5319212.0]
15015,13024138,[5244611.0]
15016,13024331,[46976.0]
15017,13024589,[4601855.0]
15018,13024972,[4124788.0]
15019,13026356,[2741432.0]
15020,13026804,[3471272.0]
15021,13029036,[5321218.0]
15022,13031257,[1025280.0]
15023,13031380,"[5321960.0, 5392744.0]"
15024,13033924,[5322850.0]
15025,13033947,[510991.0]
15026,13033955,"[102143.0, 804399.0, 2943202.0]"
15027,13034113,[5322924.0]
15028,13034561,[3404577.0]
15029,13034956,[2740668.0]
15030,13035325,"[2988406.0, 1411091.0]"
15031,13037538,[5324198.0]
15032,13037542,[18880.0]
15033,13037566,[1938234.0]
15034,13037689,[3342174.0]
15035,13038786,[5137209.0]
15036,13038833,[31232.0]
15037,13040826,[20248.0]
15038,13041606,[3406550.0]
15039,13042766,[3491812.0]
15040,13043180,[4116488.0]
15041,13046692,[27379.0]
15042,13047090,[4476934.0]
15043,13047567,[370361.0]
15044,13048093,[5278438.0]
15045,13048895,"[4446680.0, 2937735.0, 4446038.0, 5328364.0, 5185939.0, 4763727.0, 919348.0, 1077918.0, 4287334.0, 4170995.0, 5328369.0, 5328370.0, 4890077.0, 1996169.0, 5328371.0]"
15046,13049069,[293603.0]
15047,13049260,[4899523.0]
15048,13049338,[20850.0]
15049,13049688,[3194936.0]
15050,13049897,[3497970.0]
15051,13049981,[3290920.0]
15052,13050840,[21748.0]
15053,13050865,[4983102.0]
15054,13051265,[4764.0]
15055,13051355,[1136158.0]
15056,13052105,[4201.0]
15057,13052452,[5329790.0]
15058,13055677,[3471272.0]
15059,13056511,[696372.0]
15060,13056723,[2184228.0]
15061,13056767,[14219.0]
15062,13056868,[99117.0]
15063,13057003,[4086715.0]
15064,13057047,[1228621.0]
15065,13057150,[375143.0]
15066,13057436,[468945.0]
15067,13057750,[4721536.0]
15068,13057774,"[131337.0, 108173.0, 8694.0, 106.0, 24902.0, 4088550.0, 4766.0, 510191.0, 6464383.0, 375827.0, 24.0, 5117618.0, 4025590.0, 1088074.0, 7601.0, 902641.0, 5989.0, 1221698.0, 11890.0, 27206.0, 24901.0, 8685.0, 874602.0, 277536.0]"
15069,13057977,[19305.0]
15070,13060608,[4308706.0]
15071,13060609,[38531.0]
15072,13060700,[5183827.0]
15073,13061289,[4785031.0]
15074,13061500,[11654.0]
15075,13062080,[345630.0]
15076,13062413,"[4637539.0, 1065493.0]"
15077,13062645,[5130924.0]
15078,13062655,[2951209.0]
15079,13062713,[5333703.0]
15080,13063813,[4124788.0]
15081,13063825,[4522335.0]
15082,13063912,"[4370565.0, 123344.0]"
15083,13064233,[5331983.0]
15084,13065962,[5295520.0]
15085,13067404,[5314630.0]
15086,13068409,"[7031278.0, 2899437.0]"
15087,13069014,"[5607899.0, 5607900.0]"
15088,13069372,[5335920.0]
15089,13069874,[3961.0]
15090,13074442,[336058.0]
15091,13074999,[4417841.0]
15092,13075659,[6259.0]
15093,13077542,[4086715.0]
15094,13077588,[153732.0]
15095,13078298,[45315.0]
15096,13078869,"[2789878.0, 4682198.0]"
15097,13079147,[4430.0]
15098,13079544,[7235297.0]
15099,13081309,[1802330.0]
15100,13083038,[3389.0]
15101,13083063,[3389.0]
15102,13085374,[4116488.0]
15103,13085609,"[6579126.0, 460870.0, 1000381.0]"
15104,13086546,[4966012.0]
15105,13086835,"[10896.0, 73234.0]"
15106,13087212,[5342474.0]
15107,13087704,[117339.0]
15108,13087982,[346732.0]
15109,13090825,[4755336.0]
15110,13091829,[3387293.0]
15111,13091999,[3097905.0]
15112,13092515,[5344384.0]
15113,13092528,[4824952.0]
15114,13092652,[3429117.0]
15115,13092963,[823146.0]
15116,13093165,[1332605.0]
15117,13093629,"[2789878.0, 4682198.0]"
15118,13094607,[5345162.0]
15119,13095857,[4409769.0]
15120,13096135,[4191700.0]
15121,13096191,"[42122.0, 212788.0]"
15122,13096218,[2444658.0]
15123,13096596,[3219496.0]
15124,13097596,[4175419.0]
15125,13097681,[4996736.0]
15126,13097686,[346732.0]
15127,13099180,"[26.0, 1948907.0]"
15128,13099703,[5133625.0]
15129,13100315,"[2936493.0, 123344.0, 2714501.0]"
15130,13101468,[1221698.0]
15131,13102039,[3101058.0]
15132,13104080,[4637539.0]
15133,13104964,[357601.0]
15134,13105929,[3380908.0]
15135,13107963,[24009.0]
15136,13108221,[17152.0]
15137,13108754,[4167378.0]
15138,13109207,[6779.0]
15139,13109291,[25307.0]
15140,13109352,[17059.0]
15141,13109354,"[54856.0, 1109616.0, 11214.0]"
15142,13110537,[3023842.0]
15143,13110654,[48190.0]
15144,13110891,"[4719838.0, 5351025.0]"
15145,13112921,[5351849.0]
15146,13113057,[28375.0]
15147,13115184,[27528.0]
15148,13115995,[4384465.0]
15149,13116022,[4814169.0]
15150,13118885,[1301649.0]
15151,13119263,[4875977.0]
15152,13119649,[1221698.0]
15153,13119986,[48190.0]
15154,13120121,[3427995.0]
15155,13120273,[3131402.0]
15156,13121244,[11047.0]
15157,13121784,[4984923.0]
15158,13121817,[5355031.0]
15159,13124003,[1067608.0]
15160,13124125,[4108184.0]
15161,13124584,[445303.0]
15162,13125234,[669810.0]
15163,13125960,[3112212.0]
15164,13126214,[1847256.0]
15165,13127397,[4323055.0]
15166,13129136,[1074989.0]
15167,13129274,"[56352.0, 1221698.0, 4682018.0, 4798562.0, 1448.0, 338705.0, 4356849.0, 50408.0, 2768002.0, 20433.0, 27167.0, 27528.0, 240708.0, 24902.0, 12581.0, 14454.0, 126765.0, 2917920.0, 42127.0, 110206.0, 1067608.0, 19305.0, 20295.0, 57814.0, 128037.0, 34429.0, 277536.0, 2526.0, 588356.0, 25376.0, 110153.0, 24901.0]"
15168,13130275,[580315.0]
15169,13130788,[26878.0]
15170,13131080,"[2614.0, 5374995.0]"
15171,13131693,"[7128.0, 5106204.0]"
15172,13131931,[876401.0]
15173,13132237,[5355675.0]
15174,13133307,"[5791.0, 44736.0, 4423545.0, 4370909.0, 2976694.0, 393249.0, 432320.0, 12718.0, 563121.0, 4423546.0, 4423547.0, 43587.0, 144334.0, 140042.0, 3039826.0, 6477800.0, 2782636.0, 4423550.0, 4423551.0, 73423.0]"
15175,13134437,[5341919.0]
15176,13135235,"[9346.0, 21517.0]"
15177,13135293,[34049.0]
15178,13135342,[5791.0]
15179,13136581,"[7581.0, 4870718.0]"
15180,13136967,[5359732.0]
15181,13139100,[5184237.0]
15182,13139452,[5360651.0]
15183,13139589,[2310121.0]
15184,13141567,[1213825.0]
15185,13143456,[1111602.0]
15186,13144469,[1221698.0]
15187,13146312,[767547.0]
15188,13147230,"[1654.0, 20295.0]"
15189,13147786,[4558309.0]
15190,13148139,[164187.0]
15191,13148184,"[357601.0, 4619564.0, 1144378.0]"
15192,13149204,[6268.0]
15193,13149420,[1330287.0]
15194,13151638,[26546.0]
15195,13153953,[1654.0]
15196,13154202,[2765617.0]
15197,13154387,[2918731.0]
15198,13154568,[9355.0]
15199,13154571,[7742.0]
15200,13154933,[9355.0]
15201,13155183,[3389.0]
15202,13155477,"[5244478.0, 150134.0]"
15203,13155987,"[346732.0, 579648.0]"
15204,13157246,[37557.0]
15205,13157446,[3041100.0]
15206,13159052,[463914.0]
15207,13159395,[5203044.0]
15208,13159540,[4524507.0]
15209,13159888,[3046613.0]
15210,13160289,[1365342.0]
15211,13160327,"[144690.0, 3084485.0]"
15212,13160434,[5367387.0]
15213,13160523,[3395248.0]
15214,13162223,[5368048.0]
15215,13163248,[2922003.0]
15216,13166650,[5069496.0]
15217,13167056,[346732.0]
15218,13167096,"[4522.0, 27209.0, 52050.0, 823146.0, 72451.0, 4467098.0, 40383.0, 51518.0, 27140.0, 4479170.0, 5610950.0, 97136.0, 2129854.0, 2444658.0, 33773.0, 63807.0, 48557.0, 589.0, 16560.0, 6565839.0, 18841.0, 41942.0]"
15219,13167769,[3143458.0]
15220,13167775,[644349.0]
15221,13167808,[20936.0]
15222,13168217,"[2789878.0, 4682198.0]"
15223,13169857,"[6252.0, 28709.0, 2831771.0]"
15224,13170035,[3020684.0]
15225,13173379,[5371078.0]
15226,13175466,[5198413.0]
15227,13175692,[9494.0]
15228,13177385,"[3418840.0, 11889.0, 5372461.0, 24.0, 5372462.0, 338705.0, 529597.0, 4133755.0, 3271265.0, 4094532.0, 265279.0, 5372463.0, 125883.0, 4147012.0, 27528.0, 5372464.0, 5767815.0, 7733195.0]"
15229,13180484,[5373614.0]
15230,13181683,[8185168.0]
15231,13181901,[4042181.0]
15232,13182274,[5374297.0]
15233,13182495,"[5357448.0, 3849556.0]"
15234,13182968,[969638.0]
15235,13183510,[5596285.0]
15236,13183512,[5596285.0]
15237,13183545,"[3091065.0, 1411091.0]"
15238,13183547,"[3091065.0, 1411091.0]"
15239,13183554,"[5502630.0, 7448765.0]"
15240,13183556,"[5502630.0, 7448765.0]"
15241,13183921,[3000519.0]
15242,13184223,[4574107.0]
15243,13184403,"[5375087.0, 5375088.0]"
15244,13184962,[5390266.0]
15245,13187162,[5376046.0]
15246,13202110,"[108693.0, 214134.0]"
15247,13206760,[4684322.0]
15248,13206828,[4684322.0]
15249,13206900,[4684322.0]
15250,13209542,[5381542.0]
15251,13209618,[2891665.0]
15252,13211685,[5008398.0]
15253,13221027,[99650.0]
15254,13221028,[6206.0]
15255,13223132,[150038.0]
15256,13223532,[4971535.0]
15257,13224118,[5386594.0]
15258,13224793,[4718186.0]
15259,13226173,"[150038.0, 7741274.0]"
15260,13226194,[4890182.0]
15261,13226817,[340054.0]
15262,13227027,[10333.0]
15263,13227064,[5387551.0]
15264,13227445,[1023510.0]
15265,13227699,"[13390.0, 3874635.0, 66700.0, 5209023.0, 23001.0, 32278.0, 16939.0, 52310.0, 715521.0, 88014.0, 18253.0, 346732.0, 19472.0, 4798562.0, 13026.0, 23069.0, 5989.0, 52752.0, 58856.0, 19305.0, 14454.0]"
15266,13228149,[491707.0]
15267,13228487,[374504.0]
15268,13232892,[1111511.0]
15269,13233397,[1532873.0]
15270,13233726,[5074162.0]
15271,13234408,[25027.0]
15272,13234487,[4400405.0]
15273,13237492,[2895111.0]
15274,13238691,[410951.0]
15275,13239822,[815259.0]
15276,13240202,[2909124.0]
15277,13241066,[103359.0]
15278,13241659,[17054.0]
15279,13242304,[26796.0]
15280,13244372,[5393357.0]
15281,13244718,[4432.0]
15282,13246018,[1370283.0]
15283,13246626,[5234245.0]
15284,13246736,[4086715.0]
15285,13249204,[47287.0]
15286,13249366,[58.0]
15287,13250486,[4077598.0]
15288,13250774,"[346732.0, 579648.0]"
15289,13251805,[5235537.0]
15290,13253102,[346732.0]
15291,13253160,[346732.0]
15292,13253994,[645118.0]
15293,13257637,[15987.0]
15294,13257978,[505695.0]
15295,13258964,[172152.0]
15296,13259034,"[18967.0, 104179.0, 1156431.0]"
15297,13259261,[1630.0]
15298,13259637,[2129854.0]
15299,13259652,[10517.0]
15300,13259855,[380770.0]
15301,13260060,[7710.0]
15302,13260130,[580315.0]
15303,13260196,[121825.0]
15304,13260260,[1136158.0]
15305,13260515,[4949972.0]
15306,13260521,[14617.0]
15307,13260524,[1074989.0]
15308,13260544,[428662.0]
15309,13260586,[1441847.0]
15310,13260649,[2755160.0]
15311,13260668,[5265998.0]
15312,13260670,[5265998.0]
15313,13260739,[19564.0]
15314,13260802,[5416090.0]
15315,13261372,[30819.0]
15316,13262764,[2949152.0]
15317,13262782,"[56352.0, 119848.0, 119830.0, 8347.0, 25422.0, 8185168.0, 8694.0, 1221698.0, 24901.0, 11889.0, 24.0, 25.0, 121364.0, 126765.0, 26878.0, 5989.0, 10746.0, 1067608.0, 277536.0]"
15318,13262797,[4766257.0]
15319,13263764,[4575301.0]
15320,13264490,[5753326.0]
15321,13264701,[150038.0]
15322,13265092,[9629.0]
15323,13265293,[60478.0]
15324,13265572,[5294594.0]
15325,13267654,[5069496.0]
15326,13269570,[2669754.0]
15327,13271555,[5038699.0]
15328,13272633,"[2891665.0, 184638.0, 4956542.0]"
15329,13272713,[5402447.0]
15330,13273621,"[5640137.0, 5757399.0, 54124.0, 5757400.0]"
15331,13273777,"[11889.0, 286382.0, 436308.0, 712655.0, 49675.0, 405334.0]"
15332,13274082,[849723.0]
15333,13274737,[362654.0]
15334,13275209,[223600.0]
15335,13275750,[346732.0]
15336,13275818,[1000381.0]
15337,13277796,"[21489.0, 380596.0]"
15338,13278166,[9494.0]
15339,13278242,[4388953.0]
15340,13279499,[4370565.0]
15341,13279692,[5404616.0]
15342,13279700,[466494.0]
15343,13279716,[5769441.0]
15344,13280098,[1025498.0]
15345,13281226,[4921525.0]
15346,13281368,[45315.0]
15347,13281637,[5286855.0]
15348,13284052,[5406182.0]
15349,13284272,"[346732.0, 6574016.0]"
15350,13284283,"[13557729.0, 346732.0, 2924855.0]"
15351,13287308,[941567.0]
15352,13294746,[5354958.0]
15353,13298628,[4163056.0]
15354,13310549,[48192.0]
15355,13310624,"[17015.0, 48192.0]"
15356,13310805,[3380908.0]
15357,13316241,[4983109.0]
15358,13316252,[96375.0]
15359,13316328,[4432.0]
15360,13322609,[5413207.0]
15361,13323039,[4493935.0]
15362,13325005,[4201.0]
15363,13325869,"[3187904.0, 2780539.0]"
15364,13326372,[5237606.0]
15365,13327018,[4904826.0]
15366,13329252,"[6296.0, 8996.0, 3472.0, 3371.0, 7415.0, 1221698.0, 88506.0, 3502.0, 24902.0, 3504.0, 498072.0, 1630.0, 350494.0, 12535.0, 207766.0, 33271.0, 16560.0, 22475.0, 12851.0, 5244478.0, 18253.0, 992286.0, 11508.0, 372976.0, 221608.0, 1245113.0, 257118.0]"
15367,13329738,"[5415687.0, 5415688.0, 346732.0]"
15368,13330100,[5402447.0]
15369,13330785,[346732.0]
15370,13330913,[7581.0]
15371,13330943,[4370565.0]
15372,13331044,[4108184.0]
15373,13332528,[4576191.0]
15374,13334934,[4984399.0]
15375,13337255,"[2503028.0, 2995869.0]"
15376,13337715,[346732.0]
15377,13337716,[346732.0]
15378,13338730,[5157083.0]
15379,13339767,[7025.0]
15380,13340658,[5419377.0]
15381,13342813,[136127.0]
15382,13343283,[5403927.0]
15383,13343752,[32590.0]
15384,13348320,[5421861.0]
15385,13349556,[5422230.0]
15386,13349742,[5240334.0]
15387,13350732,[5282280.0]
15388,13351300,[3524215.0]
15389,13354420,[34765.0]
15390,13355017,[3353667.0]
15391,13355451,[346732.0]
15392,13355781,[5170812.0]
15393,13356163,[179162.0]
15394,13356208,[36122.0]
15395,13356675,[874602.0]
15396,13356686,[874602.0]
15397,13356690,[811.0]
15398,13356705,"[656983.0, 9545.0]"
15399,13356706,[656983.0]
15400,13356707,[656983.0]
15401,13356708,[656983.0]
15402,13361336,[580315.0]
15403,13361776,"[38550.0, 8435196.0]"
15404,13362094,[4882841.0]
15405,13362536,[4476934.0]
15406,13365532,[3041100.0]
15407,13367329,"[4430487.0, 336011.0]"
15408,13369595,"[815.0, 221645.0]"
15409,13370523,[5429309.0]
15410,13371258,"[17015.0, 17010.0]"
15411,13372368,[25422.0]
15412,13372875,[5430216.0]
15413,13373170,[5424285.0]
15414,13373791,[355223.0]
15415,13374661,[760553.0]
15416,13375675,[30819.0]
15417,13375677,[30819.0]
15418,13377935,[4671502.0]
15419,13378361,[5432032.0]
15420,13378513,[4097828.0]
15421,13378519,[4097828.0]
15422,13378876,[1451404.0]
15423,13380221,"[381166.0, 11672.0, 337207.0]"
15424,13380480,"[4430.0, 1383797.0]"
15425,13380664,"[3780.0, 95190.0]"
15426,13380680,[5432887.0]
15427,13382321,"[3389.0, 19365.0]"
15428,13383074,[13733.0]
15429,13383122,[13733.0]
15430,13383130,[3486415.0]
15431,13385877,"[1373880.0, 163934.0]"
15432,13389182,[324620.0]
15433,13389231,[588743.0]
15434,13389546,[4971535.0]
15435,13390709,[5437013.0]
15436,13393471,"[346732.0, 579648.0]"
15437,13394182,[5309942.0]
15438,13395504,[5438808.0]
15439,13397978,"[4719838.0, 5351025.0]"
15440,13398025,"[4719838.0, 5351025.0]"
15441,13400139,[3035791.0]
15442,13402805,[277536.0]
15443,13403217,[2868678.0]
15444,13405671,[588743.0]
15445,13406329,[767547.0]
15446,13406959,"[316632.0, 3303278.0]"
15447,13408586,"[32349.0, 25334.0]"
15448,13409145,[3484883.0]
15449,13409405,[24009.0]
15450,13409499,[123719.0]
15451,13409513,[3849415.0]
15452,13410013,[3464665.0]
15453,13411245,[5444795.0]
15454,13411612,[3415819.0]
15455,13411684,[4175419.0]
15456,13411788,[5382939.0]
15457,13411799,[5442570.0]
15458,13411825,[5073330.0]
15459,13411920,[28550.0]
15460,13411964,[5445166.0]
15461,13412018,[5445209.0]
15462,13412078,"[5791.0, 43587.0, 563121.0, 12718.0, 2782636.0, 73423.0, 4423551.0, 4423547.0, 4423550.0, 144334.0, 4370909.0, 4423546.0, 3039826.0, 140042.0, 393249.0, 44736.0, 432320.0, 2976694.0, 4423545.0, 4423549.0]"
15463,13412557,[4443809.0]
15464,13412943,[5278438.0]
15465,13412960,[5044405.0]
15466,13413589,[40563.0]
15467,13414055,[15292.0]
15468,13414128,[4077598.0]
15469,13414149,"[46138.0, 46137.0, 19305.0, 3400079.0, 110206.0, 24.0, 8125999.0, 52320.0, 108173.0, 86475.0, 1207458.0, 1651952.0, 91717.0, 4022202.0, 338705.0, 11889.0, 36175.0, 5989.0, 7025.0, 8694.0, 11890.0]"
15470,13414506,[5772158.0]
15471,13414545,[34765.0]
15472,13414569,[656983.0]
15473,13414615,[19391.0]
15474,13414674,[2546.0]
15475,13414791,"[4414255.0, 2978188.0]"
15476,13414814,"[190110.0, 55869.0]"
15477,13414829,[4094048.0]
15478,13414835,[5446913.0]
15479,13414875,[3342342.0]
15480,13414964,"[519824.0, 848968.0]"
15481,13415723,[106.0]
15482,13415915,[5447353.0]
15483,13416236,[4154802.0]
15484,13416481,[5020443.0]
15485,13416697,[1180263.0]
15486,13416853,[5447836.0]
15487,13417066,"[57858.0, 1656.0]"
15488,13417737,[5448225.0]
15489,13417946,[4464118.0]
15490,13418329,"[1654.0, 1221698.0]"
15491,13418380,[346732.0]
15492,13418583,[588329.0]
15493,13418802,[71688.0]
15494,13418951,[4175419.0]
15495,13418976,"[71688.0, 3093275.0]"
15496,13419139,[74488.0]
15497,13419794,[4717601.0]
15498,13420494,[5451511.0]
15499,13420904,[102987.0]
15500,13421146,"[298438.0, 25355.0, 5333638.0]"
15501,13421230,[835348.0]
15502,13422422,[3439922.0]
15503,13422426,[4989166.0]
15504,13422432,[5471774.0]
15505,13422727,[346732.0]
15506,13422774,"[1136158.0, 748787.0]"
15507,13423121,[2980339.0]
15508,13423214,[4261985.0]
15509,13423229,[5458573.0]
15510,13423265,[4416438.0]
15511,13423346,[4649677.0]
15512,13423390,[177305.0]
15513,13423867,[963528.0]
15514,13424935,[7717.0]
15515,13425130,[5560132.0]
15516,13425149,[5565007.0]
15517,13425406,"[4384465.0, 4618495.0]"
15518,13425505,"[1654.0, 20295.0, 2900346.0]"
15519,13425797,[4528793.0]
15520,13426056,[4374349.0]
15521,13429646,[4239539.0]
15522,13429654,[656983.0]
15523,13432143,[4121337.0]
15524,13432219,[5582891.0]
15525,13432327,[1330292.0]
15526,13432620,[5437976.0]
15527,13435619,"[1330292.0, 1004238.0]"
15528,13435888,[874602.0]
15529,13436345,"[6533864.0, 5607896.0, 5607897.0]"
15530,13436365,[53793.0]
15531,13437141,[5321960.0]
15532,13438525,[5610529.0]
15533,13438677,"[2936493.0, 2738900.0]"
15534,13442031,[4785031.0]
15535,13445008,[5616191.0]
15536,13445306,[5265998.0]
15537,13446343,[5047249.0]
15538,13446529,[4573983.0]
15539,13446612,[9494.0]
15540,13447190,[30279.0]
15541,13447670,[5406978.0]
15542,13448434,"[7941.0, 76423.0]"
15543,13448689,"[45315.0, 44554.0, 4498764.0, 3283712.0]"
15544,13449244,[4938797.0]
15545,13449677,[3251728.0]
15546,13449693,[1330292.0]
15547,13449934,[2995873.0]
15548,13450043,[4167378.0]
15549,13450181,"[14740341.0, 4216062.0]"
15550,13450223,[5622645.0]
15551,13450339,[4428.0]
15552,13450454,[823146.0]
15553,13450478,[5392304.0]
15554,13450678,"[4175419.0, 334840.0]"
15555,13451182,[4610078.0]
15556,13451210,[6914204.0]
15557,13451546,[3046613.0]
15558,13451641,[5429635.0]
15559,13451854,[3397290.0]
15560,13451906,[415967.0]
15561,13452375,[38550.0]
15562,13452531,[684067.0]
15563,13453604,[5130837.0]
15564,13454731,[4730698.0]
15565,13455189,[2905789.0]
15566,13455417,[2357.0]
15567,13455485,"[945430.0, 2738900.0]"
15568,13455504,[93220.0]
15569,13455513,[5626120.0]
15570,13455534,[27498.0]
15571,13455553,[5626138.0]
15572,13455568,[146986.0]
15573,13455572,[4835790.0]
15574,13455782,[4637539.0]
15575,13456081,[4493935.0]
15576,13456414,[42414.0]
15577,13457300,[4946569.0]
15578,13457309,[4946569.0]
15579,13457458,[1563059.0]
15580,13458800,[83308.0]
15581,13459072,[9753.0]
15582,13459107,[9753.0]
15583,13459547,[17054.0]
15584,13459678,[119755.0]
15585,13466202,[5753331.0]
15586,13477883,[137902.0]
15587,13477921,[42550.0]
15588,13478247,[5726831.0]
15589,13479179,[3387285.0]
15590,13479530,"[12076.0, 254412.0]"
15591,13479773,[5020443.0]
15592,13480259,[26878.0]
15593,13480291,[1000381.0]
15594,13482259,[5091902.0]
15595,13482750,[5752145.0]
15596,13483201,[5752359.0]
15597,13483233,[1152263.0]
15598,13483340,[5329790.0]
15599,13483502,"[8840.0, 2387.0]"
15600,13483701,"[65137.0, 153738.0]"
15601,13484226,[5752810.0]
15602,13484252,"[8730.0, 5602.0]"
15603,13484271,"[4.0, 10917.0]"
15604,13484720,[5314867.0]
15605,13485199,[165168.0]
15606,13485266,[5130837.0]
15607,13485625,[1335180.0]
15608,13486172,[16496.0]
15609,13486177,[740944.0]
15610,13486553,[4486715.0]
15611,13486564,[4476934.0]
15612,13486830,"[5754682.0, 102872.0]"
15613,13486922,[1958588.0]
15614,13486992,[4558016.0]
15615,13487029,[4105961.0]
15616,13488299,[26878.0]
15617,13488364,[5352392.0]
15618,13488718,[4353097.0]
15619,13489203,[4864634.0]
15620,13489872,[5448112.0]
15621,13490054,[4787929.0]
15622,13490777,[5755316.0]
15623,13490791,[3000519.0]
15624,13490795,[4134859.0]
15625,13490798,[4134859.0]
15626,13491156,[976233.0]
15627,13491299,[5755523.0]
15628,13491389,[4444277.0]
15629,13491655,[5755699.0]
15630,13492517,[383583.0]
15631,13492583,[4989166.0]
15632,13492625,[2941990.0]
15633,13492880,[3389.0]
15634,13493042,"[6988.0, 173459.0, 258912.0, 5602.0, 436308.0, 3132865.0, 5774051.0, 443790.0, 358889.0, 329957.0, 120610.0, 6555383.0, 6596331.0, 3044224.0]"
15635,13493246,[4866520.0]
15636,13493304,[2677974.0]
15637,13494123,[5756901.0]
15638,13494365,[4629194.0]
15639,13495006,[5070344.0]
15640,13495067,[4629194.0]
15641,13495069,[4629194.0]
15642,13495219,[5757476.0]
15643,13495244,[5374297.0]
15644,13495346,[25268.0]
15645,13495947,[5039646.0]
15646,13496376,[200317.0]
15647,13496452,[4629065.0]
15648,13496575,[3145809.0]
15649,13497118,[28083.0]
15650,13497142,[4507090.0]
15651,13497199,[71688.0]
15652,13497287,"[3389.0, 2895898.0]"
15653,13497677,[4330590.0]
15654,13497742,"[3389.0, 277654.0]"
15655,13497929,[5321960.0]
15656,13498421,[5759093.0]
15657,13498652,"[72451.0, 130045.0, 43697.0, 97045.0, 27206.0, 35010.0, 27148.0, 194172.0, 2909175.0]"
15658,13499365,[5346249.0]
15659,13500070,[3409936.0]
15660,13500203,"[346732.0, 579648.0]"
15661,13500402,[5005267.0]
15662,13500706,[3363172.0]
15663,13501564,[200124.0]
15664,13501633,[2860219.0]
15665,13502958,[8588.0]
15666,13502970,[5286855.0]
15667,13503090,[1383409.0]
15668,13503808,[5761611.0]
15669,13504052,[5240334.0]
15670,13505602,[5253229.0]
15671,13505670,[172487.0]
15672,13506133,[5314516.0]
15673,13506255,[5616191.0]
15674,13506975,[5226809.0]
15675,13507265,[4178737.0]
15676,13507440,"[4720629.0, 2923539.0]"
15677,13507498,[22369.0]
15678,13507509,[5763298.0]
15679,13507512,[5763301.0]
15680,13507586,[207379.0]
15681,13507828,[3965895.0]
15682,13507921,[2931654.0]
15683,13507967,[9237.0]
15684,13508069,[415967.0]
15685,13508217,[4430.0]
15686,13508220,[4430.0]
15687,13508421,[835348.0]
15688,13509155,[40881.0]
15689,13510106,[403538.0]
15690,13510477,[190887.0]
15691,13511349,[5726831.0]
15692,13511496,[21701.0]
15693,13511720,[223787.0]
15694,13511946,[1445909.0]
15695,13512455,[849723.0]
15696,13512495,[5765897.0]
15697,13512759,[5766043.0]
15698,13512785,[338705.0]
15699,13512929,"[28550.0, 2503028.0, 4720629.0]"
15700,13513299,[417954.0]
15701,13513407,[4894063.0]
15702,13513409,[272814.0]
15703,13513419,[5815.0]
15704,13513481,[6252.0]
15705,13513483,[6252.0]
15706,13513643,[8988.0]
15707,13513655,[3185565.0]
15708,13513660,[1141209.0]
15709,13514292,"[40563.0, 473481.0]"
15710,13514468,[5767064.0]
15711,13515074,[1967.0]
15712,13515085,[8685.0]
15713,13515091,[41942.0]
15714,13515095,[767317.0]
15715,13515128,[15292.0]
15716,13515151,[492365.0]
15717,13515176,[5767418.0]
15718,13515264,[267687.0]
15719,13515493,"[1654.0, 5764225.0, 14228244.0]"
15720,13515848,[6472225.0]
15721,13515864,[13663.0]
15722,13516027,"[5767839.0, 5767840.0]"
15723,13516097,[3100200.0]
15724,13516621,"[73149.0, 13165.0]"
15725,13517212,[4708453.0]
15726,13517220,[12350.0]
15727,13517384,[5768569.0]
15728,13517402,[153738.0]
15729,13517495,[5399219.0]
15730,13517496,[5399219.0]
15731,13517498,[5399219.0]
15732,13517589,[5116661.0]
15733,13517675,"[34878.0, 285212.0]"
15734,13517786,[3500801.0]
15735,13518388,"[13595524.0, 3636.0]"
15736,13518588,[25422.0]
15737,13518663,[2924930.0]
15738,13518975,[5234352.0]
15739,13519258,[413783.0]
15740,13519397,[3433047.0]
15741,13519596,[6587.0]
15742,13519598,[6587.0]
15743,13519763,"[234115.0, 2899437.0]"
15744,13519812,[5769665.0]
15745,13519844,[4951964.0]
15746,13519942,"[5783775.0, 5769734.0]"
15747,13519964,[5362029.0]
15748,13520061,[28544.0]
15749,13520274,[5769884.0]
15750,13526144,"[2895706.0, 2895707.0]"
15751,13526154,[613805.0]
15752,13526176,"[2988406.0, 1411091.0]"
15753,13526458,"[324620.0, 2899437.0]"
15754,13528218,"[4730894.0, 3132865.0]"
15755,13528319,[4730894.0]
15756,13528330,[59390.0]
15757,13528340,[324620.0]
15758,13528343,[4823432.0]
15759,13528362,[276660.0]
15760,13528370,[2917750.0]
15761,13528379,[3504189.0]
15762,13528489,[174708.0]
15763,13530224,[5771610.0]
15764,13530566,[5771853.0]
15765,13530597,[153741.0]
15766,13530972,[2847515.0]
15767,13531021,[116504.0]
15768,13531026,[682212.0]
15769,13531074,"[9629.0, 4161354.0]"
15770,13531094,[53322.0]
15771,13531473,"[45315.0, 44554.0]"
15772,13531506,[1100089.0]
15773,13531509,[8349.0]
15774,13531598,[86475.0]
15775,13531806,[1279679.0]
15776,13531832,[26417.0]
15777,13531834,[9346.0]
15778,13531835,"[17054.0, 5772144.0]"
15779,13532264,[45315.0]
15780,13533644,"[27206.0, 174708.0]"
15781,13533650,[5331983.0]
15782,13533668,[1951011.0]
15783,13533669,[2856107.0]
15784,13533683,[5791.0]
15785,13533687,[3453685.0]
15786,13533690,[93757.0]
15787,13533691,[5791.0]
15788,13533709,[5791.0]
15789,13533758,"[1443712.0, 137902.0, 767547.0, 324620.0, 11654.0, 293603.0, 274533.0, 2895706.0, 1599723.0, 2884780.0, 1415543.0, 204966.0, 119848.0, 2895707.0]"
15790,13535914,[4.0]
15791,13536272,[1654.0]
15792,13536273,[1654.0]
15793,13536349,[1654.0]
15794,13536515,"[13557729.0, 346732.0, 2924855.0]"
15795,13536649,[4414255.0]
15796,13536802,[4882841.0]
15797,13536811,"[1654.0, 1169504.0]"
15798,13537213,[5772887.0]
15799,13537291,"[1241378.0, 2986483.0]"
15800,13537496,[11672.0]
15801,13537594,[5227552.0]
15802,13537640,[165168.0]
15803,13537830,"[2895706.0, 2895707.0]"
15804,13538703,"[10182.0, 4522.0]"
15805,13538708,"[338705.0, 403244.0]"
15806,13538816,[4735144.0]
15807,13538824,[38550.0]
15808,13538849,[781242.0]
15809,13538863,[5820827.0]
15810,13538868,[992207.0]
15811,13538947,[359109.0]
15812,13538992,[4175419.0]
15813,13539142,[5773639.0]
15814,13539143,[147857.0]
15815,13539152,"[8685.0, 8686.0]"
15816,13539159,[313399.0]
15817,13539168,[8516.0]
15818,13539170,[8661.0]
15819,13539175,[1042536.0]
15820,13539191,[3405346.0]
15821,13539198,"[4175419.0, 334840.0]"
15822,13539451,[41032.0]
15823,13539454,[2860745.0]
15824,13539457,[4517253.0]
15825,13539458,[1141209.0]
15826,13539712,[3112090.0]
15827,13539723,[5773867.0]
15828,13540519,"[1415543.0, 2884780.0, 3228055.0, 2188726.0, 2761947.0, 2885316.0, 2828923.0, 2096360.0, 1487748.0, 4018722.0, 1443712.0, 2261547.0, 836009.0, 3111338.0, 6470642.0, 5009050.0]"
15829,13541592,[346732.0]
15830,13541721,[5774830.0]
15831,13542294,[4845.0]
15832,13542374,"[8685.0, 2772185.0, 316778.0, 69803.0, 897490.0, 1167218.0, 5324146.0, 8691.0, 3247074.0, 1071572.0, 28045.0, 4080505.0, 919348.0, 878623.0, 2799345.0, 34850.0, 721481.0]"
15833,13542392,[217944.0]
15834,13542421,[88609.0]
15835,13542445,[9266.0]
15836,13542456,"[5391075.0, 51507.0]"
15837,13542510,[1375697.0]
15838,13542553,[5032105.0]
15839,13542560,[8649.0]
15840,13542609,[71688.0]
15841,13542616,[849723.0]
15842,13542629,[241301.0]
15843,13542644,[492365.0]
15844,13542680,[78305.0]
15845,13542700,[28375.0]
15846,13542714,[28550.0]
15847,13542761,[1005984.0]
15848,13542763,[270312.0]
15849,13542773,[5097017.0]
15850,13542778,[239128.0]
15851,13542786,[2860219.0]
15852,13542846,[6587.0]
15853,13542868,[876105.0]
15854,13542884,[2917919.0]
15855,13542898,[234115.0]
15856,13542928,[71688.0]
15857,13542994,[329391.0]
15858,13543005,[6259.0]
15859,13543039,[6483413.0]
15860,13543121,[4712375.0]
15861,13543137,[20248.0]
15862,13543159,"[17061.0, 81016.0, 21748.0, 72451.0, 406326.0, 35022.0, 202867.0, 27209.0, 234115.0, 146628.0, 27206.0, 27140.0, 7177350.0]"
15863,13543199,[14002.0]
15864,13543580,"[7717.0, 105442.0]"
15865,13544424,[874602.0]
15866,13544455,[874602.0]
15867,13544456,[767547.0]
15868,13545614,"[117339.0, 1180263.0, 332359.0]"
15869,13546207,[5777960.0]
15870,13546399,[2876763.0]
15871,13546423,[19733.0]
15872,13546433,[5777997.0]
15873,13546438,[19954.0]
15874,13546450,[4428.0]
15875,13546912,[4949972.0]
15876,13547092,[150038.0]
15877,13547099,[137553.0]
15878,13547135,[4126827.0]
15879,13547152,[137553.0]
15880,13547189,[2755160.0]
15881,13547208,[1353301.0]
15882,13547232,[389599.0]
15883,13547250,[70854.0]
15884,13547454,[19954.0]
15885,13547477,[5778089.0]
15886,13547481,[8646.0]
15887,13547495,[2937372.0]
15888,13547527,"[999289.0, 843234.0]"
15889,13547741,"[150038.0, 6896577.0]"
15890,13547778,[5778099.0]
15891,13547802,[771.0]
15892,13547873,[4428.0]
15893,13547956,[2995873.0]
15894,13547964,[30819.0]
15895,13548020,[4992618.0]
15896,13548105,[17064.0]
15897,13548142,"[7031278.0, 6256.0]"
15898,13548152,[3497970.0]
15899,13548763,[346732.0]
15900,13548909,[5778486.0]
15901,13549029,[3035791.0]
15902,13549218,[2915782.0]
15903,13549375,[5778695.0]
15904,13549523,[5778769.0]
15905,13549677,[4601855.0]
15906,13549869,[3409997.0]
15907,13550078,"[4823432.0, 2789511.0]"
15908,13551297,[33918.0]
15909,13552268,[5759851.0]
15910,13552281,[421434.0]
15911,13552286,[421434.0]
15912,13552760,[12091.0]
15913,13552764,[2769516.0]
15914,13552772,[1252977.0]
15915,13552865,[5395602.0]
15916,13553254,[5767871.0]
15917,13553258,"[146374.0, 660076.0]"
15918,13553378,[5780410.0]
15919,13553459,[5780445.0]
15920,13553531,[5046525.0]
15921,13553588,[5780491.0]
15922,13554480,[4906436.0]
15923,13554596,[1425239.0]
15924,13554639,[4700417.0]
15925,13554713,"[3618.0, 2938140.0, 2938141.0]"
15926,13555073,[33467.0]
15927,13555460,[5294897.0]
15928,13555538,[4863270.0]
15929,13555608,[4890658.0]
15930,13556068,[5781637.0]
15931,13556285,[5127753.0]
15932,13556766,"[2063919.0, 4132657.0]"
15933,13556966,[239128.0]
15934,13557183,[75822.0]
15935,13557575,[148694.0]
15936,13558157,[5449630.0]
15937,13558167,[225033.0]
15938,13558184,[5449630.0]
15939,13558188,[5108648.0]
15940,13559386,[17061.0]
15941,13560068,[1827868.0]
15942,13560111,[415967.0]
15943,13560376,[4601855.0]
15944,13560382,[5783675.0]
15945,13560468,[24009.0]
15946,13560839,[5171573.0]
15947,13561724,[670244.0]
15948,13562007,[5784286.0]
15949,13562109,[5784430.0]
15950,13562180,[5371025.0]
15951,13562334,[5784534.0]
15952,13562336,[5784534.0]
15953,13562380,[705059.0]
15954,13562515,[5780197.0]
15955,13563138,[293603.0]
15956,13564272,[4951964.0]
15957,13564311,[4732289.0]
15958,13564641,[4558309.0]
15959,13564666,[5785692.0]
15960,13565028,[4343092.0]
15961,13565300,[5786003.0]
15962,13565800,[5786219.0]
15963,13568563,[3427995.0]
15964,13568619,"[150038.0, 2507198.0]"
15965,13568836,[5137530.0]
15966,13568903,[4863270.0]
15967,13570162,[5047249.0]
15968,13570764,[440975.0]
15969,13570854,[20248.0]
15970,13571591,[2995873.0]
15971,13572197,[3201662.0]
15972,13572214,[2957040.0]
15973,13572358,[5301256.0]
15974,13572607,[5053436.0]
15975,13572812,[12091.0]
15976,13572828,"[150810.0, 362098.0]"
15977,13572840,[18879.0]
15978,13572885,[169469.0]
15979,13573396,[9432.0]
15980,13573402,[3020656.0]
15981,13573520,[504038.0]
15982,13573576,[2995873.0]
15983,13573616,[4107314.0]
15984,13573634,"[3389.0, 6941.0]"
15985,13573764,[5390266.0]
15986,13573784,"[4907398.0, 4907397.0]"
15987,13574102,[375143.0]
15988,13574184,[5298677.0]
15989,13574640,"[3389.0, 19365.0]"
15990,13574710,"[1330292.0, 3023658.0, 3111338.0]"
15991,13575605,[3995.0]
15992,13575637,[108424.0]
15993,13575986,[4369922.0]
15994,13576316,"[215044.0, 2930952.0]"
15995,13576613,[1217665.0]
15996,13576618,[5805694.0]
15997,13576676,[4105707.0]
15998,13578175,[38550.0]
15999,13579021,[2997619.0]
16000,13579352,[5806079.0]
16001,13579397,"[1161372.0, 20295.0, 377417.0, 908868.0, 24902.0, 25376.0, 2917033.0, 2951127.0, 51204.0, 874602.0, 3389.0, 2283303.0, 5373338.0, 33919.0, 346732.0, 8988.0, 121364.0, 57814.0, 338705.0, 3001246.0, 589.0, 4632660.0, 2860219.0, 4338.0, 3036291.0, 142270.0, 14454.0, 22645.0, 49624.0, 27841.0, 3524.0, 4396277.0]"
16002,13579626,[2936493.0]
16003,13581370,[415967.0]
16004,13581407,[5335592.0]
16005,13581818,[53574.0]
16006,13581917,[2310121.0]
16007,13581990,[2995873.0]
16008,13583324,[4575398.0]
16009,13583463,[3380908.0]
16010,13583766,"[150038.0, 25422.0, 3091721.0, 119848.0, 26891.0, 3100200.0, 21981.0, 4086715.0, 1951011.0, 836009.0, 15292.0, 2699594.0, 2895706.0, 4126827.0, 24902.0]"
16011,13584400,[5437976.0]
16012,13584415,[2931654.0]
16013,13584422,[5020435.0]
16014,13584622,[801712.0]
16015,13584788,"[2938140.0, 2938141.0]"
16016,13584789,[6988.0]
16017,13584816,[6883662.0]
16018,13584821,[3183649.0]
16019,13584837,[5809064.0]
16020,13584876,"[73149.0, 13165.0]"
16021,13585576,"[97228.0, 3087787.0, 978803.0]"
16022,13586336,[4577316.0]
16023,13586485,[756556.0]
16024,13586905,[14756566.0]
16025,13587105,[5810276.0]
16026,13588355,[5782149.0]
16027,13588399,[36276.0]
16028,13588400,[3407883.0]
16029,13588435,"[25018.0, 2858333.0]"
16030,13588959,[4823432.0]
16031,13589131,[5989.0]
16032,13589141,"[8685.0, 6627234.0, 9615.0, 6627235.0, 38234.0, 1967.0, 878623.0, 2799345.0, 6627236.0, 69803.0, 8691.0, 4080505.0, 721481.0, 1167218.0, 1071572.0, 316778.0]"
16033,13589148,[3174636.0]
16034,13589152,[34049.0]
16035,13589159,[4432.0]
16036,13589866,[93726.0]
16037,13590032,[4951964.0]
16038,13590715,[4752492.0]
16039,13590724,"[3036291.0, 466494.0, 3400076.0, 108173.0, 128570.0, 4396277.0, 440975.0, 307629.0, 18879.0, 5763119.0, 3312949.0, 2715.0, 679023.0, 1048153.0, 422207.0, 2860334.0, 88014.0, 1221698.0, 18841.0, 4798562.0, 23001.0, 2966042.0, 3064456.0, 335132.0, 322570.0, 4894780.0]"
16040,13590839,[4718528.0]
16041,13591141,[3077405.0]
16042,13591876,[40983.0]
16043,13591878,[874602.0]
16044,13591879,[874602.0]
16045,13592828,"[4845.0, 74340.0]"
16046,13593527,[7683853.0]
16047,13594369,[130045.0]
16048,13594414,[4389526.0]
16049,13594459,[7264674.0]
16050,13594541,"[1166851.0, 292746.0]"
16051,13594593,[5814183.0]
16052,13594769,[5309409.0]
16053,13594842,[5049521.0]
16054,13594857,"[5145815.0, 2869550.0, 3200239.0, 5814309.0, 2916205.0, 1628012.0, 5814311.0, 2809083.0, 4145664.0, 1379540.0, 4515355.0, 164576.0, 2232265.0, 4611175.0, 3016878.0, 4965551.0, 27206.0, 2936539.0, 4342615.0, 5043332.0, 2915782.0]"
16055,13595011,[4831561.0]
16056,13595388,"[25.0, 8185168.0]"
16057,13595635,[5814544.0]
16058,13595639,[10317.0]
16059,13596160,[5051193.0]
16060,13596803,[14817829.0]
16061,13596828,[3425627.0]
16062,13597181,"[2310121.0, 2775292.0]"
16063,13597203,[5294897.0]
16064,13597733,[5815423.0]
16065,13597755,[5815432.0]
16066,13598026,[5767064.0]
16067,13598407,[5299886.0]
16068,13599050,"[2896478.0, 5815882.0]"
16069,13599579,[4717601.0]
16070,13599888,[17152.0]
16071,13600168,[324620.0]
16072,13600356,"[1161372.0, 346732.0, 874602.0, 25307.0, 6587.0, 108424.0, 38550.0, 16939.0, 8661.0, 8660.0, 2868678.0, 2917917.0, 8988.0, 15890.0, 8649.0, 2918731.0, 1226977.0, 589.0]"
16073,13600791,[5759214.0]
16074,13601629,[874602.0]
16075,13601922,[4966012.0]
16076,13602234,[4684322.0]
16077,13603362,"[108173.0, 73149.0]"
16078,13603568,[5818013.0]
16079,13603677,[5818055.0]
16080,13603989,[5818208.0]
16081,13604243,[6469829.0]
16082,13604286,[3486415.0]
16083,13604334,[3486415.0]
16084,13604490,[8794.0]
16085,13604523,"[6914204.0, 4490436.0]"
16086,13604637,"[2956938.0, 3488176.0]"
16087,13604857,[5726831.0]
16088,13604997,[150270.0]
16089,13605603,"[4871930.0, 18130.0]"
16090,13605723,[4476934.0]
16091,13605727,[4476934.0]
16092,13606054,[5694181.0]
16093,13606393,[5138153.0]
16094,13606511,[5458573.0]
16095,13607320,[5331802.0]
16096,13608989,"[25422.0, 150038.0]"
16097,13609042,[3020553.0]
16098,13609665,[5820493.0]
16099,13610179,[190887.0]
16100,13610688,[465309.0]
16101,13611052,[4370565.0]
16102,13611136,[995289.0]
16103,13611183,[5769305.0]
16104,13611700,[4584263.0]
16105,13612676,[15872.0]
16106,13612962,"[25422.0, 150038.0]"
16107,13612965,"[25422.0, 150038.0]"
16108,13612975,[4838933.0]
16109,13613563,"[7128.0, 5106204.0]"
16110,13613627,[16199171.0]
16111,13614666,[5808420.0]
16112,13615256,[5819560.0]
16113,13615610,[3267859.0]
16114,13615701,[3486415.0]
16115,13616087,[5823115.0]
16116,13616278,[6535608.0]
16117,13617298,[1228621.0]
16118,13617581,[4979194.0]
16119,13617933,[4785031.0]
16120,13618421,[5827253.0]
16121,13618440,[324620.0]
16122,13618611,[5081315.0]
16123,13620781,"[1654.0, 1221698.0, 25251.0]"
16124,13621610,"[1221698.0, 12718.0, 753489.0, 45978.0, 73443.0]"
16125,13622919,"[669810.0, 2743336.0]"
16126,13623012,[815.0]
16127,13623735,[10087.0]
16128,13623760,[4090847.0]
16129,13623767,[371202.0]
16130,13623817,[4890182.0]
16131,13623837,"[10741.0, 428566.0]"
16132,13623846,"[4476200.0, 44524.0]"
16133,13623854,[17054.0]
16134,13623855,[85088.0]
16135,13623856,"[3377501.0, 3377502.0, 337207.0, 93391.0, 2714501.0]"
16136,13623939,[5825239.0]
16137,13623966,[4404139.0]
16138,13623987,[1221698.0]
16139,13624038,[4074051.0]
16140,13624404,[2922723.0]
16141,13624484,[2664913.0]
16142,13624565,[4057588.0]
16143,13624584,[4499623.0]
16144,13624637,[275908.0]
16145,13624649,[6268.0]
16146,13624688,[2331.0]
16147,13624772,"[5825471.0, 579919.0, 22297.0, 5825472.0]"
16148,13624793,[4965778.0]
16149,13625388,[5825760.0]
16150,13625929,"[4132968.0, 6464112.0, 4315436.0]"
16151,13627169,[108173.0]
16152,13627371,[90866.0]
16153,13628085,[5827102.0]
16154,13628172,[164187.0]
16155,13628670,[5137209.0]
16156,13628839,[5827096.0]
16157,13628855,[5371025.0]
16158,13629260,[5258872.0]
16159,13629948,[5827587.0]
16160,13630144,[4448495.0]
16161,13630171,[1405152.0]
16162,13630629,[4485813.0]
16163,13631001,[5828053.0]
16164,13631207,[5828129.0]
16165,13631837,[5828387.0]
16166,13633699,[4575326.0]
16167,13634083,[2743065.0]
16168,13634292,[1221698.0]
16169,13634387,[207708.0]
16170,13634646,[5829689.0]
16171,13634791,[5829788.0]
16172,13635564,"[17061.0, 2729427.0]"
16173,13635645,[5135449.0]
16174,13636400,[5830526.0]
16175,13638020,[4890182.0]
16176,13638125,"[7168230.0, 3099544.0]"
16177,13638131,[3099544.0]
16178,13638327,[5831306.0]
16179,13638462,[370361.0]
16180,13639182,[5831672.0]
16181,13640296,"[4086715.0, 5832220.0]"
16182,13640908,[3435992.0]
16183,13640928,[5448154.0]
16184,13641561,[5832728.0]
16185,13641721,[5251202.0]
16186,13641916,"[2526.0, 4564814.0]"
16187,13642229,[815.0]
16188,13642237,"[2526.0, 4564814.0]"
16189,13642239,[346732.0]
16190,13642245,[5772158.0]
16191,13642501,[64085.0]
16192,13642528,"[7195.0, 173545.0]"
16193,13642591,[12696.0]
16194,13642647,[17082.0]
16195,13642954,[375626.0]
16196,13643021,"[117369.0, 198168.0]"
16197,13643064,[5833021.0]
16198,13643222,[5833089.0]
16199,13644052,[4476934.0]
16200,13644055,[4476934.0]
16201,13644064,[1069006.0]
16202,13644322,[965908.0]
16203,13644324,[965908.0]
16204,13645671,[5834274.0]
16205,13646087,[11654.0]
16206,13646858,[3267859.0]
16207,13646978,"[1077326.0, 123344.0]"
16208,13647343,[5265741.0]
16209,13647567,[162678.0]
16210,13648038,[667300.0]
16211,13648459,"[38616.0, 1204167.0]"
16212,13648564,[3381686.0]
16213,13648596,"[4890182.0, 570657.0]"
16214,13649197,[87305.0]
16215,13649239,[5354926.0]
16216,13650334,[5836035.0]
16217,13650543,[8588.0]
16218,13658527,[2909019.0]
16219,13665100,[5837868.0]
16220,13665230,[4607856.0]
16221,13695982,[4983261.0]
16222,13696066,[3388162.0]
16223,13696160,[33918.0]
16224,13699834,[2905297.0]
16225,13700671,[642522.0]
16226,13700905,[284299.0]
16227,13701720,[2761947.0]
16228,13701727,"[1351500.0, 7630665.0]"
16229,13706866,[117339.0]
16230,13706938,"[2938140.0, 2938141.0, 69163.0]"
16231,13721337,[3901024.0]
16232,13721357,"[277536.0, 4023682.0, 5989.0]"
16233,13721878,[32279.0]
16234,13722506,[359109.0]
16235,13722513,[4684322.0]
16236,13729429,[656983.0]
16237,13729751,[2924955.0]
16238,13730598,[4941.0]
16239,13733426,[85545.0]
16240,13742264,[5169670.0]
16241,13750446,[3064305.0]
16242,13758481,"[1161372.0, 3617.0, 8988.0, 11735.0, 33773.0, 71155.0, 35022.0, 735413.0, 83308.0, 2868678.0, 29479.0, 2860219.0, 1988739.0, 11890.0]"
16243,13771833,[4845.0]
16244,13793239,"[4764.0, 2962677.0]"
16245,13797103,[5445830.0]
16246,13801447,[5292476.0]
16247,13811234,[5865943.0]
16248,13829705,[4605878.0]
16249,13869135,"[4386644.0, 169377.0]"
16250,14058669,[580315.0]
16251,14058691,[300523.0]
16252,14058817,[5105592.0]
16253,14059024,[33467.0]
16254,14059265,"[5308881.0, 5308882.0]"
16255,14059271,[4104941.0]
16256,14060081,[5445209.0]
16257,14060517,[3500801.0]
16258,14061105,[5895608.0]
16259,14061955,[4575289.0]
16260,14061957,[4575289.0]
16261,14062069,[5044405.0]
16262,14078007,"[5171255.0, 5139410.0]"
16263,14116167,[2310121.0]
16264,14287169,[5128829.0]
16265,14288131,[5989409.0]
16266,14288358,[3222611.0]
16267,14288445,[3404577.0]
16268,14288739,[5989661.0]
16269,14289042,[5355122.0]
16270,14289259,[5989889.0]
16271,14289306,[3228055.0]
16272,14289337,[2958515.0]
16273,14290023,[19954.0]
16274,14290102,[4983109.0]
16275,14290499,[5990460.0]
16276,14296394,[752898.0]
16277,14296543,[5150716.0]
16278,14296555,"[133804.0, 43989.0]"
16279,14296568,[5102036.0]
16280,14296667,[421434.0]
16281,14322410,[321303.0]
16282,14342632,[2924895.0]
16283,14367051,[150038.0]
16284,14367071,[2876763.0]
16285,14415615,"[4823084.0, 5070203.0]"
16286,14427009,"[4106222.0, 4946295.0]"
16287,14428264,"[4173672.0, 8390839.0, 8390840.0, 8390841.0]"
16288,14429615,[63094.0]
16289,14435434,[138926.0]
16290,14448616,[4188120.0]
16291,14454858,[190403.0]
16292,14475669,[668710.0]
16293,14487684,"[568299.0, 63539.0]"
16294,14489584,[8476.0]
16295,14498145,[3134706.0]
16296,14501560,[4606484.0]
16297,14522607,[5286654.0]
16298,14553832,"[6075650.0, 120401.0, 283278.0, 346732.0]"
16299,14569000,[15393.0]
16300,14575371,[3097905.0]
16301,14589221,[137902.0]
16302,14592730,[4872191.0]
16303,14623646,[25205.0]
16304,14624517,[4541521.0]
16305,14624644,[6094167.0]
16306,14635692,[656983.0]
16307,14652563,[5258855.0]
16308,14655507,[6470969.0]
16309,14686464,[5374297.0]
16310,14740130,[5828129.0]
16311,14740456,[5307635.0]
16312,14741256,[3020684.0]
16313,14741366,[6151198.0]
16314,14741615,[324620.0]
16315,14741901,[6151511.0]
16316,14742503,[324620.0]
16317,14743234,[5127366.0]
16318,14743283,[5120291.0]
16319,14743698,[1335180.0]
16320,14743765,[5826477.0]
16321,14755025,[4951964.0]
16322,14758712,[270487.0]
16323,14758836,[5345162.0]
16324,14758840,[5345162.0]
16325,14759013,[6153661.0]
16326,14759306,[771.0]
16327,14759319,[804399.0]
16328,14759330,[4105961.0]
16329,14759334,[3486415.0]
16330,14759651,"[298438.0, 25355.0]"
16331,14759655,[1451404.0]
16332,14759816,[38066.0]
16333,14760286,[5183827.0]
16334,14760299,[6154156.0]
16335,14760394,[6154201.0]
16336,14760527,[46474.0]
16337,14760859,[5281726.0]
16338,14761550,[5807332.0]
16339,14780453,"[8185168.0, 10763.0]"
16340,14780684,[1637418.0]
16341,14780701,"[3780.0, 4713885.0]"
16342,14781171,[5260599.0]
16343,14781178,[2916869.0]
16344,14781221,[6535608.0]
16345,14781453,[941441.0]
16346,14781491,"[38569.0, 54497.0]"
16347,14781513,"[2988406.0, 1411091.0]"
16348,14781525,[6158098.0]
16349,14785910,[4370565.0]
16350,14794891,"[13547939.0, 4993738.0]"
16351,14799281,[3020684.0]
16352,14800530,[262086.0]
16353,14800993,[6988.0]
16354,14802438,[401053.0]
16355,14806563,[223885.0]
16356,14806740,[54201.0]
16357,14806965,[11137.0]
16358,14811468,"[175855.0, 7581.0, 4039811.0, 2895706.0, 2895707.0, 15292.0, 27206.0, 4018722.0, 1443712.0]"
16359,14812991,[6162355.0]
16360,14815481,[28572.0]
16361,14833682,[10.0]
16362,14836136,[5140626.0]
16363,14848979,[874602.0]
16364,14896617,[4293114.0]
16365,14896701,[6886885.0]
16366,14896828,[24009.0]
16367,14897141,[4094557.0]
16368,14910823,[6177334.0]
16369,14912430,[25052.0]
16370,14922794,[6180865.0]
16371,14924653,[4602804.0]
16372,14931151,[2172337.0]
16373,14946083,[6186446.0]
16374,15015023,[3389.0]
16375,15015028,[4323055.0]
16376,15015624,[240668.0]
16377,15038253,"[9345.0, 63222.0, 127084.0, 5792066.0]"
16378,15041918,"[2331.0, 2466427.0]"
16379,15079819,[5773867.0]
16380,15093976,[2950435.0]
16381,15096052,[4867939.0]
16382,15096092,[6209780.0]
16383,15103450,[4420439.0]
16384,15109208,[110234.0]
16385,15206714,[6265027.0]
16386,15230312,[2905297.0]
16387,15456561,[5753870.0]
16388,15513156,[504038.0]
16389,15520672,[6162355.0]
16390,15534541,[2876763.0]
16391,15592516,"[6397335.0, 6397361.0]"
16392,15698800,[1183442.0]
16393,15698948,"[5198894.0, 5188131.0]"
16394,15699024,[10359.0]
16395,15700058,[4193568.0]
16396,15700338,[560012.0]
16397,15700527,"[173493.0, 436308.0]"
16398,15700583,[3100202.0]
16399,15700595,"[108424.0, 2803557.0]"
16400,15701058,[4408422.0]
16401,15701067,[4423580.0]
16402,15702859,[1106214.0]
16403,15702972,[2872255.0]
16404,15703332,[47290.0]
16405,15703486,[137902.0]
16406,15703770,[3267859.0]
16407,15703795,[2562.0]
16408,15704459,[38550.0]
16409,15704486,[38550.0]
16410,15705459,[5442345.0]
16411,15705572,[5823058.0]
16412,15705687,[6422993.0]
16413,15706166,[5153812.0]
16414,15706309,[3084517.0]
16415,15706711,[6268.0]
16416,15708516,[5823058.0]
16417,15709129,[8649.0]
16418,15709580,[916010.0]
16419,15710470,[4443809.0]
16420,15710492,[3409936.0]
16421,15710530,[1563059.0]
16422,15710557,[6425045.0]
16423,15710564,[4693729.0]
16424,15710591,[226816.0]
16425,15710593,[1975671.0]
16426,15711279,[4830336.0]
16427,15711341,[26897.0]
16428,15712063,[6425797.0]
16429,15712167,"[4062676.0, 13635.0]"
16430,15712186,[15292.0]
16431,15712903,[7581.0]
16432,15713147,[5186274.0]
16433,15713378,[1221698.0]
16434,15713696,[40881.0]
16435,15713700,[28569.0]
16436,15713714,[1048145.0]
16437,15714133,[580315.0]
16438,15714476,[5331983.0]
16439,15714522,[4370565.0]
16440,15714590,[6426921.0]
16441,15714677,[224004.0]
16442,15715110,[6427017.0]
16443,15715530,"[1654.0, 20295.0]"
16444,15716157,[2883426.0]
16445,15717651,"[2895706.0, 2895707.0]"
16446,15717850,[33116.0]
16447,15718272,[4116488.0]
16448,15719338,[16155.0]
16449,15719929,[150038.0]
16450,15720642,[48397.0]
16451,15720987,[6429321.0]
16452,15721638,[10317.0]
16453,15721733,[79589.0]
16454,15721980,"[346732.0, 220391.0]"
16455,15722281,[9355.0]
16456,15722300,[6429917.0]
16457,15722934,[17059.0]
16458,15723139,[1708209.0]
16459,15723286,[2891665.0]
16460,15723550,[1025280.0]
16461,15723597,[6430361.0]
16462,15723908,[6430454.0]
16463,15723916,[5393357.0]
16464,15724396,[15872.0]
16465,15724834,[6430924.0]
16466,15724908,[6150699.0]
16467,15725141,"[815.0, 221645.0]"
16468,15725160,[940521.0]
16469,15725683,[22369.0]
16470,15725907,"[50873.0, 5760167.0]"
16471,15726351,[6431581.0]
16472,15726583,"[108424.0, 2803557.0]"
16473,15726673,[6431699.0]
16474,15726842,[5625978.0]
16475,15727086,[6431873.0]
16476,15727484,[4631640.0]
16477,15727731,[48192.0]
16478,15727959,[71688.0]
16479,15728681,[3219496.0]
16480,15728807,[5022765.0]
16481,15729137,[150038.0]
16482,15729350,[941441.0]
16483,15729539,[88506.0]
16484,15729751,[415967.0]
16485,15730267,[5335920.0]
16486,15730776,[3384189.0]
16487,15731679,[6433747.0]
16488,15731772,[5757476.0]
16489,15731796,[194256.0]
16490,15732001,[234115.0]
16491,15732827,"[117369.0, 198168.0]"
16492,15733023,[4959800.0]
16493,15733108,[4458590.0]
16494,15733144,[5406182.0]
16495,15733545,"[2953781.0, 3152411.0, 151973.0]"
16496,15734380,[6434806.0]
16497,15734731,[3169806.0]
16498,15734760,[9550.0]
16499,15734773,[48192.0]
16500,15734953,[5756901.0]
16501,15735014,[5005386.0]
16502,15735904,[2789878.0]
16503,15736007,[4965091.0]
16504,15736998,[357601.0]
16505,15737640,[6436214.0]
16506,15737851,[4201.0]
16507,15737884,"[3396842.0, 144425.0]"
16508,15738275,[162678.0]
16509,15738296,[2961326.0]
16510,15738358,[4824985.0]
16511,15738579,[852078.0]
16512,15738851,[5824197.0]
16513,15739212,[6436774.0]
16514,15739667,"[1221698.0, 59749.0]"
16515,15739817,[15292.0]
16516,15740462,[15872.0]
16517,15740507,[6437336.0]
16518,15741256,[59165.0]
16519,15742678,[114283.0]
16520,15742853,[2990843.0]
16521,15742902,[4163056.0]
16522,15743468,[101078.0]
16523,15743485,[2895111.0]
16524,15743650,[1330292.0]
16525,15743703,[9629.0]
16526,15743711,[9629.0]
16527,15744141,[51118.0]
16528,15744840,[48192.0]
16529,15745371,[4154802.0]
16530,15745446,[65137.0]
16531,15745647,[6439381.0]
16532,15745772,[6439448.0]
16533,15745804,"[150038.0, 6896577.0]"
16534,15745886,"[4684322.0, 3124176.0]"
16535,15746101,[64364.0]
16536,15746149,[177305.0]
16537,15746217,[10896.0]
16538,15746512,"[6439741.0, 8122841.0]"
16539,15746527,[150038.0]
16540,15746786,[3178457.0]
16541,15746892,"[279146.0, 589146.0]"
16542,15747348,[10896.0]
16543,15747422,[4873609.0]
16544,15747474,[146374.0]
16545,15747540,[758992.0]
16546,15747587,[6440255.0]
16547,15748529,[2860219.0]
16548,15748535,[2860219.0]
16549,15748868,[34049.0]
16550,15748883,[34049.0]
16551,15748960,[5235670.0]
16552,15749124,"[6470520.0, 6431865.0]"
16553,15749143,[7742.0]
16554,15749283,[3380908.0]
16555,15749326,[6429243.0]
16556,15750380,[133838.0]
16557,15750588,[3117580.0]
16558,15750606,[276660.0]
16559,15750610,[276660.0]
16560,15750692,[5898355.0]
16561,15751329,[3849415.0]
16562,15753128,[47991.0]
16563,15753550,[241301.0]
16564,15753908,[5827602.0]
16565,15753910,[6442922.0]
16566,15754031,[27209.0]
16567,15754483,[47104.0]
16568,15754484,[202438.0]
16569,15754767,[6443222.0]
16570,15755296,[48192.0]
16571,15755349,[6443456.0]
16572,15755709,[6244.0]
16573,15755864,[6426636.0]
16574,15755965,[5251026.0]
16575,15756063,[3380908.0]
16576,15756982,[6444158.0]
16577,15757055,[1301649.0]
16578,15757183,[1332605.0]
16579,15757202,[3995.0]
16580,15757348,[5769884.0]
16581,15757971,[190887.0]
16582,15758323,[1194999.0]
16583,15758917,[4293114.0]
16584,15760523,[4966012.0]
16585,15762152,[5890982.0]
16586,15763354,[5105592.0]
16587,15763671,"[6446311.0, 1124030.0]"
16588,15763831,[5865943.0]
16589,15763857,[81096.0]
16590,15764009,[6446815.0]
16591,15764212,[2917423.0]
16592,15764736,[179153.0]
16593,15765427,[6447627.0]
16594,15765529,[410993.0]
16595,15765663,[2387.0]
16596,15765699,[5446913.0]
16597,15766187,[1227888.0]
16598,15766297,[234088.0]
16599,15766602,[5149795.0]
16600,15766776,[6448210.0]
16601,15766944,[2854680.0]
16602,15767586,[4430.0]
16603,15767765,[6430276.0]
16604,15767912,[179153.0]
16605,15768191,[4279785.0]
16606,15768369,[4475715.0]
16607,15768409,[4126827.0]
16608,15768498,[6448958.0]
16609,15768774,[4370565.0]
16610,15768989,[27498.0]
16611,15769460,"[1077326.0, 123344.0]"
16612,15769863,"[3849415.0, 2580449.0]"
16613,15769991,[6150459.0]
16614,15771083,[370361.0]
16615,15771846,[2880618.0]
16616,15772506,[4388953.0]
16617,15772667,[6450613.0]
16618,15772673,[4747143.0]
16619,15773126,[6450754.0]
16620,15773979,[4735144.0]
16621,15774082,[5021072.0]
16622,15774500,[6451319.0]
16623,15774609,[1530940.0]
16624,15774661,[6451403.0]
16625,15775101,[5582891.0]
16626,15775697,[4799212.0]
16627,15776953,[1180263.0]
16628,15778461,[6444266.0]
16629,15778514,[5321960.0]
16630,15778735,[6452986.0]
16631,15779125,[34049.0]
16632,15779366,[2996650.0]
16633,15779584,[63341.0]
16634,15779886,[6453465.0]
16635,15780279,[269342.0]
16636,15780370,[5152709.0]
16637,15780558,[2526.0]
16638,15780926,[6453832.0]
16639,15781026,[71688.0]
16640,15781131,[6446815.0]
16641,15781364,[6453983.0]
16642,15781464,[5322962.0]
16643,15781726,[830098.0]
16644,15781952,[5828387.0]
16645,15782111,[4417841.0]
16646,15782640,[4637539.0]
16647,15783083,[2526.0]
16648,15783452,"[2503028.0, 2995869.0]"
16649,15783514,[1221698.0]
16650,15783718,[17064.0]
16651,15783725,[17064.0]
16652,15783828,[37557.0]
16653,15784247,[6455086.0]
16654,15784263,[4449940.0]
16655,15784613,[4785031.0]
16656,15784860,[863686.0]
16657,15787077,[5188441.0]
16658,15787204,[4971535.0]
16659,15787790,[5307635.0]
16660,15788084,[1429808.0]
16661,15788822,[4006267.0]
16662,15788936,"[2891665.0, 3898739.0]"
16663,15789462,"[2895706.0, 2895707.0]"
16664,15789722,"[2895706.0, 2895707.0]"
16665,15790603,[15292.0]
16666,15790807,[15873.0]
16667,15790816,[13557729.0]
16668,15790846,[131208.0]
16669,15790858,"[4773763.0, 6450142.0]"
16670,15790869,"[833687.0, 1251403.0]"
16671,15790883,[6524620.0]
16672,15790887,[230189.0]
16673,15790894,[6572837.0]
16674,15790895,[97284.0]
16675,15790898,[1351500.0]
16676,15790906,[9766.0]
16677,15790920,"[2988406.0, 1411091.0]"
16678,15790940,[27528.0]
16679,15790982,[304812.0]
16680,15791085,[5303332.0]
16681,15791107,[215907.0]
16682,15791347,[15298.0]
16683,15792870,[110234.0]
16684,15793041,[2924955.0]
16685,15793066,"[1161372.0, 71155.0, 29479.0, 2860219.0, 1988739.0, 1916425.0, 33773.0, 3337132.0, 83308.0, 1356336.0, 11735.0, 3400079.0, 11890.0, 3617.0, 8988.0, 466494.0, 1301649.0, 8730.0, 2868678.0, 35022.0, 19305.0, 4826394.0, 735413.0]"
16686,15793068,[589.0]
16687,15793077,"[6252.0, 38550.0, 8435196.0, 494654.0]"
16688,15793093,[123835.0]
16689,15793094,[3312940.0]
16690,15793118,[3121280.0]
16691,15793131,[4386136.0]
16692,15793149,"[46138.0, 4687563.0, 1207458.0, 1651952.0, 91717.0, 4022202.0, 338705.0, 11889.0, 36175.0, 5989.0, 7025.0, 8694.0, 24.0, 11890.0, 19305.0, 3400079.0, 4625773.0, 8125999.0, 52320.0, 108173.0, 86475.0]"
16693,15793154,[6154478.0]
16694,15793168,[2742182.0]
16695,15793201,[3381686.0]
16696,15793208,[2868678.0]
16697,15794103,[200317.0]
16698,15794871,[4175419.0]
16699,15795549,[8988.0]
16700,15795561,"[4175419.0, 334840.0]"
16701,15796200,[275908.0]
16702,15796303,[3396842.0]
16703,15796714,[346732.0]
16704,15796725,[1654.0]
16705,15796748,[51167.0]
16706,15797015,[7742.0]
16707,15797023,[4452502.0]
16708,15797050,[5806077.0]
16709,15797384,[1023510.0]
16710,15797394,[3329042.0]
16711,15797709,[12091.0]
16712,15797722,[9355.0]
16713,15797936,"[106969.0, 2965596.0]"
16714,15797937,"[106969.0, 2965596.0]"
16715,15798085,"[4871930.0, 18130.0]"
16716,15798453,[18879.0]
16717,15798661,"[13652.0, 10365.0]"
16718,15798673,"[370361.0, 80760.0, 3911856.0]"
16719,15798690,[47104.0]
16720,15798786,[1214140.0]
16721,15798788,[18879.0]
16722,15799011,[711760.0]
16723,15799400,[5832925.0]
16724,15799424,[87305.0]
16725,15800507,[11047.0]
16726,15800514,[155990.0]
16727,15800518,"[3091065.0, 1411091.0]"
16728,15800522,[17047.0]
16729,15800553,"[5502630.0, 7448765.0]"
16730,15801226,[6459572.0]
16731,15801243,[348878.0]
16732,15801287,[150038.0]
16733,15801288,[2876763.0]
16734,15801381,[25052.0]
16735,15801595,[136127.0]
16736,15801763,[836009.0]
16737,15802137,[3387293.0]
16738,15802450,[137553.0]
16739,15802452,[137553.0]
16740,15802506,[11195.0]
16741,15802893,[17152.0]
16742,15802896,[445649.0]
16743,15802900,[1868743.0]
16744,15802977,[17739.0]
16745,15802987,[5239344.0]
16746,15803016,[15393.0]
16747,15803176,[809148.0]
16748,15803251,[30819.0]
16749,15803278,"[2995873.0, 835348.0, 405199.0]"
16750,15803758,[8695.0]
16751,15803761,[2995873.0]
16752,15803907,[17047.0]
16753,15803910,"[3091065.0, 1411091.0]"
16754,15803925,"[3091065.0, 1411091.0]"
16755,15803931,[155990.0]
16756,15803940,[153732.0]
16757,15804084,[5390719.0]
16758,15804098,[4735.0]
16759,15804760,[4721536.0]
16760,15806786,"[46138.0, 27841.0, 20561.0, 23704.0, 22993.0, 4022207.0, 3017135.0, 14032.0, 64107.0, 12339.0, 107744.0, 86475.0, 91717.0, 19305.0, 765702.0, 24902.0, 6941.0, 3036323.0, 26767.0, 12535.0, 4798562.0, 3524.0, 40983.0, 1221698.0, 3381686.0]"
16761,15806868,[79589.0]
16762,15808242,[6456015.0]
16763,15808271,[200208.0]
16764,15808272,[28946.0]
16765,15808281,[103321.0]
16766,15808311,[6259.0]
16767,15808333,[41942.0]
16768,15808348,[103359.0]
16769,15808366,[4025591.0]
16770,15808401,[28375.0]
16771,15808412,[5041072.0]
16772,15808414,"[28946.0, 1310149.0]"
16773,15808432,[7941.0]
16774,15808433,[6259.0]
16775,15808474,[60177.0]
16776,15808475,[2465550.0]
16777,15808485,"[6919077.0, 4798562.0]"
16778,15808503,[492365.0]
16779,15808533,[174708.0]
16780,15808592,[6177334.0]
16781,15808602,[121825.0]
16782,15808613,[8659.0]
16783,15808618,"[48386.0, 4841825.0]"
16784,15808621,[108424.0]
16785,15808630,[6483413.0]
16786,15808639,[28550.0]
16787,15808640,[28550.0]
16788,15808652,[21748.0]
16789,15808673,[6462472.0]
16790,15808697,[17061.0]
16791,15808710,"[2614.0, 35023.0, 24009.0, 22369.0]"
16792,15808716,[4721536.0]
16793,15808762,[40563.0]
16794,15808767,[71688.0]
16795,15808770,[1000381.0]
16796,15808774,[3409936.0]
16797,15808775,[4443809.0]
16798,15808784,[3297526.0]
16799,15808829,[35023.0]
16800,15808830,[5782149.0]
16801,15808851,"[23.0, 28569.0, 2465550.0, 5335920.0]"
16802,15808866,[211729.0]
16803,15808873,[6893513.0]
16804,15809617,[374504.0]
16805,15809856,[5265741.0]
16806,15809993,[656983.0]
16807,15810145,[226816.0]
16808,15810152,[38531.0]
16809,15810153,"[200292.0, 750358.0, 6579126.0, 1003655.0, 234088.0, 81017.0, 162927.0, 250784.0, 48397.0, 4802423.0, 354970.0, 1000381.0]"
16810,15810365,[9355.0]
16811,15810387,[4094993.0]
16812,15810845,[35022.0]
16813,15810848,[74488.0]
16814,15810877,"[8840.0, 2387.0]"
16815,15810910,[639491.0]
16816,15810918,[28375.0]
16817,15811134,[4996736.0]
16818,15811516,"[3408349.0, 131208.0]"
16819,15811526,[2788789.0]
16820,15811629,[4984923.0]
16821,15811646,[4245438.0]
16822,15811653,[5145815.0]
16823,15811661,[4540563.0]
16824,15812147,"[485536.0, 478346.0]"
16825,15812190,[68766.0]
16826,15812201,[36276.0]
16827,15812241,[1398410.0]
16828,15812752,[3415819.0]
16829,15812761,"[10739.0, 163934.0]"
16830,15812779,[81017.0]
16831,15812811,[27140.0]
16832,15812812,[6463972.0]
16833,15813026,[225033.0]
16834,15813126,[41032.0]
16835,15813209,[1030664.0]
16836,15813668,[4175419.0]
16837,15813929,[4979194.0]
16838,15814425,"[27280.0, 4570608.0]"
16839,15814441,[17046.0]
16840,15814444,[86265.0]
16841,15814500,[13014.0]
16842,15814555,[6914204.0]
16843,15814563,[173493.0]
16844,15814699,[5307736.0]
16845,15814865,[78305.0]
16846,15814893,[1563059.0]
16847,15814895,[3409997.0]
16848,15814899,[1375697.0]
16849,15814939,[4343092.0]
16850,15815337,[6951449.0]
16851,15815350,[20248.0]
16852,15815357,[2958060.0]
16853,15815376,[48190.0]
16854,15815401,[3267859.0]
16855,15815409,[7078408.0]
16856,15815762,[2924930.0]
16857,15816410,[2803627.0]
16858,15816412,[4486715.0]
16859,15817010,[4845.0]
16860,15817069,[3326863.0]
16861,15817094,[259413.0]
16862,15817226,"[3619.0, 4302324.0]"
16863,15818029,"[374504.0, 6982782.0]"
16864,15818156,[137386.0]
16865,15818254,[5833183.0]
16866,15818260,"[4686495.0, 4684643.0]"
16867,15818357,[3969859.0]
16868,15818358,"[146374.0, 660076.0]"
16869,15818397,[47792.0]
16870,15818410,"[815.0, 221645.0]"
16871,15818470,[1369219.0]
16872,15818475,[1654.0]
16873,15818476,[1654.0]
16874,15818566,[1654.0]
16875,15818573,[2261547.0]
16876,15818593,[21911.0]
16877,15818775,"[16178982.0, 6448509.0]"
16878,15818829,[4293114.0]
16879,15819028,[6466778.0]
16880,15819599,"[4637539.0, 1065493.0]"
16881,15821772,[15292.0]
16882,15821972,[1140298.0]
16883,15822336,[4308706.0]
16884,15822564,[3354.0]
16885,15823425,[59165.0]
16886,15823466,[5772158.0]
16887,15823512,[6451059.0]
16888,15824168,"[7031278.0, 6256.0]"
16889,15824169,[3219496.0]
16890,15824172,[8685.0]
16891,15824174,[6467927.0]
16892,15824178,[172490.0]
16893,15826107,[3486415.0]
16894,15826112,[3486415.0]
16895,15826570,[6452190.0]
16896,15826590,[421434.0]
16897,15826602,[215907.0]
16898,15826934,[2261547.0]
16899,15826999,[3027554.0]
16900,15827062,[3290920.0]
16901,15827344,[1330292.0]
16902,15827382,[5169670.0]
16903,15828366,[6469599.0]
16904,15828525,[6469660.0]
16905,15828982,[5240334.0]
16906,15829015,[5407284.0]
16907,15829686,[2887638.0]
16908,15829770,[1100089.0]
16909,15829917,[4629065.0]
16910,15829923,[4629065.0]
16911,15830521,[6470511.0]
16912,15831197,[10518.0]
16913,15831550,[4517253.0]
16914,15831653,[1938234.0]
16915,15831705,[5360266.0]
16916,15832002,[5360266.0]
16917,15832300,"[4161354.0, 9629.0, 108424.0, 38550.0, 9237.0, 6587.0, 1023510.0, 8730.0, 162980.0, 1405152.0, 13557729.0, 142270.0, 214232.0, 1362876.0, 1916427.0, 2063919.0, 334261.0, 2845500.0, 8988.0, 4414255.0, 4687048.0, 271200.0, 4721536.0]"
16918,15833153,[852078.0]
16919,15833761,[6446066.0]
16920,15834810,[6472261.0]
16921,15835021,[4134859.0]
16922,15835630,[5029662.0]
16923,15835861,[6472599.0]
16924,15836516,[4145664.0]
16925,15837396,[6471427.0]
16926,15838236,[22602.0]
16927,15838356,[2772365.0]
16928,15838964,"[6473931.0, 15294119.0]"
16929,15838984,[6452190.0]
16930,15839460,[4107194.0]
16931,15839914,[3112212.0]
16932,15839932,[4528793.0]
16933,15839976,[6474348.0]
16934,15839984,[6474354.0]
16935,15840340,[5314516.0]
16936,15840611,[4146823.0]
16937,15840662,[543233.0]
16938,15841027,[23894.0]
16939,15841140,[4928927.0]
16940,15841818,[1312879.0]
16941,15841830,[7577.0]
16942,15842158,[175855.0]
16943,15842216,[4430.0]
16944,15842677,"[4475969.0, 4118589.0, 24424.0, 7204179.0, 9413.0, 7204180.0, 6646584.0, 349203.0]"
16945,15842705,[498072.0]
16946,15843158,[2031538.0]
16947,15843287,[771.0]
16948,15843397,[3097905.0]
16949,15843604,[6476148.0]
16950,15843876,[3380908.0]
16951,15844279,"[8164.0, 180439.0, 6765.0]"
16952,15844438,[4708453.0]
16953,15845097,"[59483.0, 6577100.0, 5770081.0, 4062682.0, 5589615.0, 323656.0, 6927777.0, 7709892.0, 7709893.0, 105291.0, 7709894.0, 40084.0, 3891788.0, 6627023.0, 7709920.0, 7709890.0, 7709891.0]"
16954,15845605,[4888434.0]
16955,15845719,[4446076.0]
16956,15846011,[445303.0]
16957,15846144,[5824197.0]
16958,15847212,[4115952.0]
16959,15847229,[816280.0]
16960,15847757,[5286855.0]
16961,15847865,[6457589.0]
16962,15847972,[849723.0]
16963,15848274,[6477522.0]
16964,15848509,[237175.0]
16965,15848895,[6477757.0]
16966,15849472,[6458963.0]
16967,15849699,"[346732.0, 12052.0]"
16968,15849807,"[3618.0, 2938140.0, 2938141.0]"
16969,15850574,[156659.0]
16970,15850937,"[21911.0, 5806715.0]"
16971,15851414,[4735144.0]
16972,15851511,[5446913.0]
16973,15852020,[4193568.0]
16974,15852259,[2909019.0]
16975,15852288,[5826477.0]
16976,15852849,[3064305.0]
16977,15853094,[6479279.0]
16978,15854146,[836009.0]
16979,15854503,[6479929.0]
16980,15854616,"[3081691.0, 6517538.0, 10154.0]"
16981,15857253,[4389465.0]
16982,15857735,[2869550.0]
16983,15860991,[6436838.0]
16984,15861491,[3380908.0]
16985,15864513,[6483061.0]
16986,15865063,[6483198.0]
16987,15869682,[4983116.0]
16988,15869701,[6485160.0]
16989,15870094,[4747895.0]
16990,15883798,[8604.0]
16991,15883801,[8604.0]
16992,15894007,[137902.0]
16993,15894438,[2936691.0]
16994,15897048,[54475.0]
16995,15923036,"[852078.0, 7210703.0]"
16996,15923724,[656983.0]
16997,15923725,[656983.0]
16998,15923738,[656983.0]
16999,15923739,[656983.0]
17000,15923740,[656983.0]
17001,15923742,[656983.0]
17002,15925005,[15872.0]
17003,15926769,[2984032.0]
17004,15927006,[2526.0]
17005,15927438,[6506537.0]
17006,15927484,[5763301.0]
17007,15927534,[6506571.0]
17008,15927599,[4649344.0]
17009,15929466,[38550.0]
17010,15932273,[4823432.0]
17011,15938473,[6507887.0]
17012,15939146,[811.0]
17013,15939894,"[999289.0, 843234.0]"
17014,15940309,[5303332.0]
17015,15942615,[421434.0]
17016,15942629,[2909019.0]
17017,15942633,[1194340.0]
17018,15942652,[6508919.0]
17019,15942656,[3464665.0]
17020,15944406,"[25422.0, 4281427.0]"
17021,15945614,[5255014.0]
17022,15946134,"[7128.0, 5106204.0]"
17023,15954310,[5769764.0]
17024,15954434,[5828129.0]
17025,15954540,[1549088.0]
17026,15954541,[1549088.0]
17027,15954549,[1549088.0]
17028,15954713,"[2834177.0, 2774902.0, 535923.0]"
17029,15955526,[3265248.0]
17030,15956687,[2331.0]
17031,15958916,[2526.0]
17032,15977661,[4799929.0]
17033,15979672,[6464098.0]
17034,15980001,[5921279.0]
17035,15980188,[5355373.0]
17036,15980368,[4528793.0]
17037,15980406,[6464240.0]
17038,15980677,"[234115.0, 2803627.0, 15292.0, 1857564.0, 121825.0, 114283.0, 2765438.0, 3409936.0, 335956.0]"
17039,15981347,[5335601.0]
17040,15981709,[32912.0]
17041,15982000,[6517902.0]
17042,15983835,[15292.0]
17043,15985344,[449135.0]
17044,15985348,[17061.0]
17045,15985364,"[10604071.0, 435038.0, 4240402.0, 40563.0]"
17046,15985372,[9550.0]
17047,15985373,[4721536.0]
17048,15985375,[3174636.0]
17049,15985377,[1429808.0]
17050,15985386,[96909.0]
17051,15985395,[136127.0]
17052,15985432,[6519015.0]
17053,15986068,"[573850.0, 26170.0]"
17054,15988916,[5752810.0]
17055,15988996,[664468.0]
17056,15989120,"[852078.0, 7210703.0]"
17057,15989191,[11654.0]
17058,15989598,[739875.0]
17059,15990644,[880695.0]
17060,15990930,[6520318.0]
17061,15991959,[359109.0]
17062,15993111,[4672699.0]
17063,15993203,[88685.0]
17064,15993695,"[5817325.0, 5265741.0, 5445209.0, 7830122.0, 5009570.0, 5116849.0, 4121665.0, 5077530.0, 5989409.0, 5351607.0, 6457635.0, 5157126.0, 5309409.0, 1958588.0]"
17065,15995188,[15872.0]
17066,15995396,[3187149.0]
17067,15995593,[5360266.0]
17068,15995728,[6522075.0]
17069,15995860,[3219566.0]
17070,15997975,[4195533.0]
17071,15998621,[6518554.0]
17072,15999432,[2060858.0]
17073,16000044,"[5295120.0, 38531.0]"
17074,16000235,[13733.0]
17075,16000243,[5041072.0]
17076,16000261,[87932.0]
17077,16000437,[4970892.0]
17078,16000975,[30819.0]
17079,16001043,[54989.0]
17080,16001277,[413783.0]
17081,16002023,[91085.0]
17082,16002055,[225033.0]
17083,16003526,[815259.0]
17084,16004680,[6525667.0]
17085,16004684,[5152709.0]
17086,16004807,[6525721.0]
17087,16005072,[6525843.0]
17088,16006117,[4568610.0]
17089,16006132,[6526309.0]
17090,16006898,[2802394.0]
17091,16006945,[21701.0]
17092,16007855,[4279785.0]
17093,16008471,[2860219.0]
17094,16008616,[5815513.0]
17095,16008688,[6527314.0]
17096,16009543,[3431194.0]
17097,16028045,"[1569666.0, 5300258.0]"
17098,16028116,[48192.0]
17099,16029965,"[1221698.0, 59749.0]"
17100,16030663,[253358.0]
17101,16030817,[4134859.0]
17102,16031563,[4182577.0]
17103,16032037,[6440485.0]
17104,16032242,[4175419.0]
17105,16032275,"[1136158.0, 2895898.0]"
17106,16033551,"[363130.0, 4945241.0]"
17107,16034218,[6535359.0]
17108,16034227,[1141209.0]
17109,16034228,[1141209.0]
17110,16034235,[3433047.0]
17111,16034320,[6535416.0]
17112,16035274,[5444795.0]
17113,16035496,[2959120.0]
17114,16035850,[6535967.0]
17115,16036260,[4755336.0]
17116,16036514,[5786232.0]
17117,16037338,[4154802.0]
17118,16037687,[6536721.0]
17119,16037696,[6536659.0]
17120,16038676,"[669810.0, 2743336.0]"
17121,16038839,[6537150.0]
17122,16039122,[2761947.0]
17123,16039482,[3400076.0]
17124,16039643,[1237874.0]
17125,16039808,[3116816.0]
17126,16040333,[4181354.0]
17127,16040421,[5820327.0]
17128,16041031,[6538148.0]
17129,16041572,[3219496.0]
17130,16041846,[678844.0]
17131,16042863,[20248.0]
17132,16043626,[6539034.0]
17133,16043628,[771.0]
17134,16043630,[2918405.0]
17135,16043638,[374504.0]
17136,16043745,[1975671.0]
17137,16043758,[329391.0]
17138,16043804,[2063919.0]
17139,16043857,[4432.0]
17140,16044296,[811.0]
17141,16044329,[6539315.0]
17142,16044447,[3389.0]
17143,16044997,[796869.0]
17144,16045037,[3486415.0]
17145,16045091,[6539556.0]
17146,16045120,[5805455.0]
17147,16045121,[2988389.0]
17148,16045203,[5323170.0]
17149,16045240,[4154802.0]
17150,16045246,[6539577.0]
17151,16045366,[3000519.0]
17152,16046025,[4789022.0]
17153,16046550,[5303332.0]
17154,16046848,[4423580.0]
17155,16046969,[6540331.0]
17156,16048393,[5309409.0]
17157,16049030,[4653530.0]
17158,16049113,[5294897.0]
17159,16049275,[6541366.0]
17160,16050312,[6541831.0]
17161,16050829,[3290920.0]
17162,16051562,[4499919.0]
17163,16051788,[6542406.0]
17164,16052112,[4966012.0]
17165,16052411,[6542670.0]
17166,16052859,"[6252.0, 38550.0]"
17167,16053042,[4573983.0]
17168,16053752,"[23894.0, 4022439.0]"
17169,16054217,[3849415.0]
17170,16054234,[4608186.0]
17171,16054252,[5604797.0]
17172,16054801,[2384.0]
17173,16054806,[357601.0]
17174,16054807,[110249.0]
17175,16054816,"[1654.0, 1169504.0]"
17176,16054932,[5374297.0]
17177,16056352,[8649.0]
17178,16056356,[8649.0]
17179,16056430,"[3084816.0, 2943103.0]"
17180,16057050,[5097017.0]
17181,16057186,[225598.0]
17182,16057298,[2957979.0]
17183,16057299,[2957979.0]
17184,16057372,[413783.0]
17185,16057864,[207498.0]
17186,16058646,[6544955.0]
17187,16058665,"[7581.0, 27874.0, 4522.0, 72451.0]"
17188,16059057,[6545102.0]
17189,16059310,[1325446.0]
17190,16059323,[953612.0]
17191,16059327,[4470523.0]
17192,16059334,[4245017.0]
17193,16059346,[4670825.0]
17194,16059362,[61011.0]
17195,16059370,[5324198.0]
17196,16059379,[2946451.0]
17197,16059382,"[347319.0, 3998339.0]"
17198,16059404,[5046525.0]
17199,16059409,[6545271.0]
17200,16059411,[3405346.0]
17201,16059418,"[869.0, 3056312.0]"
17202,16059424,[4111146.0]
17203,16059426,[9072.0]
17204,16059433,[644349.0]
17205,16059435,[5390444.0]
17206,16059442,[3020684.0]
17207,16059443,"[6981454.0, 140129.0]"
17208,16059444,[1301649.0]
17209,16059451,[391385.0]
17210,16059463,[4671517.0]
17211,16059484,[504038.0]
17212,16059492,[4575289.0]
17213,16059525,[3387675.0]
17214,16059529,"[8685.0, 8686.0]"
17215,16060302,"[4773763.0, 6450142.0, 6922624.0]"
17216,16060716,[2526.0]
17217,16061083,[6517970.0]
17218,16061295,[4175419.0]
17219,16061340,"[17216.0, 2828543.0]"
17220,16062807,[5763250.0]
17221,16064347,[145946.0]
17222,16064396,[4720363.0]
17223,16064625,[588356.0]
17224,16065004,[38550.0]
17225,16065477,[267687.0]
17226,16065496,[41762.0]
17227,16065507,[669810.0]
17228,16065665,"[88506.0, 3118607.0]"
17229,16065725,[3380908.0]
17230,16065736,[1221698.0]
17231,16065751,"[6466778.0, 19365.0]"
17232,16065783,[1080585.0]
17233,16065811,"[38550.0, 748787.0]"
17234,16065829,[6526309.0]
17235,16066445,[4428.0]
17236,16066568,[15872.0]
17237,16067232,[5139046.0]
17238,16067444,[1562974.0]
17239,16067459,[6548741.0]
17240,16067683,[5393357.0]
17241,16068780,[6549285.0]
17242,16068956,[7418796.0]
17243,16069167,[3251728.0]
17244,16069600,[2905297.0]
17245,16069953,[157663.0]
17246,16070141,[7034280.0]
17247,16070143,[2905297.0]
17248,16070918,[13677.0]
17249,16071377,"[1657883.0, 3961.0]"
17250,16071681,[1441847.0]
17251,16071748,[4414255.0]
17252,16071824,[17152.0]
17253,16071827,[1005381.0]
17254,16071950,"[4414255.0, 2978188.0]"
17255,16071969,[25422.0]
17256,16072132,[225033.0]
17257,16072981,[6462472.0]
17258,16072988,[849723.0]
17259,16073073,[6550753.0]
17260,16073880,[6551041.0]
17261,16074215,"[2372536.0, 1967.0, 2861133.0, 1562881.0, 2860219.0]"
17262,16074352,[357601.0]
17263,16074582,[5130924.0]
17264,16074605,[119933.0]
17265,16074630,"[29011.0, 6551211.0]"
17266,16074733,[137553.0]
17267,16074739,[6459715.0]
17268,16074769,[46097.0]
17269,16074780,[150038.0]
17270,16074843,"[5376046.0, 5777764.0]"
17271,16074851,"[5376046.0, 5777764.0]"
17272,16074932,"[6459715.0, 40237.0]"
17273,16074961,"[7128.0, 5106204.0, 63924.0, 2738043.0]"
17274,16075147,"[656983.0, 9533.0]"
17275,16075796,[2742715.0]
17276,16075836,[4766257.0]
17277,16076847,[6551996.0]
17278,16077558,[6534510.0]
17279,16077824,[17276686.0]
17280,16077863,[6552446.0]
17281,16078218,"[1221698.0, 10365.0]"
17282,16078220,[1221698.0]
17283,16078221,[1221698.0]
17284,16078245,"[5099865.0, 5219609.0]"
17285,16078432,"[2687.0, 3044224.0, 3056521.0, 3395969.0, 2960911.0, 2865958.0]"
17286,16078492,[46540.0]
17287,16078584,[363130.0]
17288,16078917,[6546134.0]
17289,16078963,"[9494.0, 154123.0]"
17290,16079090,[6552989.0]
17291,16079615,[5762464.0]
17292,16079648,[5756901.0]
17293,16080728,[363130.0]
17294,16081758,[4632663.0]
17295,16082541,"[504038.0, 4794913.0]"
17296,16082550,[445303.0]
17297,16082686,[445303.0]
17298,16083032,[5621761.0]
17299,16083044,[4394928.0]
17300,16083206,[5187310.0]
17301,16083365,[71688.0]
17302,16083600,[6554985.0]
17303,16084118,"[4175419.0, 334840.0]"
17304,16085457,[357601.0]
17305,16085458,[14032.0]
17306,16085465,[8649.0]
17307,16085468,[5444795.0]
17308,16086351,[5822912.0]
17309,16087853,[6587.0]
17310,16087861,[8649.0]
17311,16088107,[6556613.0]
17312,16089573,[6557157.0]
17313,16090084,"[1047356.0, 19823.0]"
17314,16090340,[45315.0]
17315,16090769,[2995873.0]
17316,16091323,"[560412.0, 328981.0]"
17317,16092145,[5299577.0]
17318,16092634,[8605.0]
17319,16092702,[4124325.0]
17320,16093908,[6559113.0]
17321,16094002,[4.0]
17322,16094613,[5828387.0]
17323,16094679,[6469948.0]
17324,16095076,[6559537.0]
17325,16095765,[5139754.0]
17326,16096167,[4181354.0]
17327,16096212,[107170.0]
17328,16096824,[3433047.0]
17329,16096968,[1405152.0]
17330,16097516,"[142270.0, 15011468.0]"
17331,16097723,[6560692.0]
17332,16098340,[4888434.0]
17333,16098728,[5830842.0]
17334,16098976,[9355.0]
17335,16099149,[2925230.0]
17336,16099153,[9355.0]
17337,16099213,[5089521.0]
17338,16099782,[6506571.0]
17339,16100526,[21748.0]
17340,16100976,[374504.0]
17341,16101015,[1440114.0]
17342,16101024,[321303.0]
17343,16101025,[1666468.0]
17344,16101026,[4718528.0]
17345,16101027,"[3100027.0, 427430.0]"
17346,16101030,[385966.0]
17347,16101040,[7581.0]
17348,16101042,[13632.0]
17349,16101063,[5188888.0]
17350,16101069,[590558.0]
17351,16101072,[2096360.0]
17352,16101090,[6561851.0]
17353,16101099,[5188888.0]
17354,16101115,[5255014.0]
17355,16101137,"[5989.0, 58017.0]"
17356,16101156,"[10739.0, 163934.0]"
17357,16101193,"[1368122.0, 4767792.0]"
17358,16101233,[4400405.0]
17359,16102099,"[2988406.0, 1411091.0]"
17360,16102236,[3242.0]
17361,16102288,"[999289.0, 843234.0]"
17362,16102693,[6562334.0]
17363,16103129,"[1641503.0, 3122331.0]"
17364,16103155,"[17015.0, 17010.0]"
17365,16103765,[5430378.0]
17366,16104353,[6549287.0]
17367,16104414,[338705.0]
17368,16104802,[72678.0]
17369,16104821,[5890982.0]
17370,16106444,[5360266.0]
17371,16107050,[6563682.0]
17372,16107369,[613805.0]
17373,16107699,[74862.0]
17374,16108066,"[1161372.0, 32018.0, 589.0, 4074051.0, 83308.0, 19305.0, 11890.0, 41942.0, 4098207.0, 2917920.0, 72451.0, 2860219.0, 2919603.0, 21981.0, 6587.0, 5989.0, 7025.0, 91717.0, 2725468.0, 5312020.0]"
17375,16108150,[94868.0]
17376,16108171,[4086715.0]
17377,16108212,[4126827.0]
17378,16108867,[1141209.0]
17379,16108870,[1141209.0]
17380,16109210,[2310121.0]
17381,16109478,[1221698.0]
17382,16110382,[3145809.0]
17383,16110828,"[2063919.0, 4132657.0]"
17384,16110946,"[363130.0, 4945241.0]"
17385,16111258,[5073459.0]
17386,16111556,[6430924.0]
17387,16112191,"[363130.0, 4945241.0]"
17388,16112450,[4265362.0]
17389,16112466,[5815500.0]
17390,16112714,[6566089.0]
17391,16113587,[6996330.0]
17392,16113606,[1691206.0]
17393,16113693,"[1654.0, 20295.0]"
17394,16113709,[106969.0]
17395,16113738,"[1654.0, 20295.0]"
17396,16114201,[5296727.0]
17397,16114708,[324620.0]
17398,16114712,"[363130.0, 4945241.0]"
17399,16114834,[4305414.0]
17400,16115620,[172490.0]
17401,16115626,[15292.0]
17402,16115678,[13026.0]
17403,16116023,[48190.0]
17404,16116259,[266502.0]
17405,16116896,[5263747.0]
17406,16116963,[6567444.0]
17407,16117036,[19006.0]
17408,16117425,[4698899.0]
17409,16117438,[4107314.0]
17410,16117888,[3486415.0]
17411,16118889,[421434.0]
17412,16120370,[5135449.0]
17413,16120434,[6568891.0]
17414,16121637,[6569644.0]
17415,16122086,[6569503.0]
17416,16122215,"[57990.0, 1077326.0]"
17417,16122237,"[57983.0, 1077326.0]"
17418,16122245,[1077326.0]
17419,16122407,[963702.0]
17420,16122623,[6570694.0]
17421,16122683,[9355.0]
17422,16123804,[6570230.0]
17423,16123975,[165168.0]
17424,16124062,[5780485.0]
17425,16126208,[3618.0]
17426,16126716,[3188620.0]
17427,16127190,"[1654.0, 10336.0, 19441.0]"
17428,16127272,"[14178660.0, 4415207.0]"
17429,16128147,[338705.0]
17430,16128254,[6572062.0]
17431,16129182,[4912242.0]
17432,16129217,"[16059.0, 2538559.0]"
17433,16129272,[3471272.0]
17434,16129295,"[14269.0, 685911.0]"
17435,16129491,[445303.0]
17436,16130130,[588246.0]
17437,16130164,[6430361.0]
17438,16130200,[375143.0]
17439,16130304,[4720629.0]
17440,16130317,[1136158.0]
17441,16130366,[14219.0]
17442,16130369,[580315.0]
17443,16130371,"[15292.0, 121825.0, 5135449.0, 4414255.0, 848968.0, 1938234.0, 3965895.0, 6568888.0, 580315.0, 2846074.0, 2895111.0, 213510.0, 2869203.0, 2860219.0]"
17444,16130506,[1782121.0]
17445,16130530,[5278088.0]
17446,16130641,[132091.0]
17447,16130663,"[56352.0, 13557729.0, 4025591.0, 108173.0, 15890.0, 73149.0, 13026.0, 8660.0, 19305.0, 24901.0, 11889.0, 240708.0, 133908.0, 2845500.0]"
17448,16130758,[445303.0]
17449,16130787,[6572696.0]
17450,16130925,[6574288.0]
17451,16131012,[1370283.0]
17452,16131016,[8660.0]
17453,16131089,[63669.0]
17454,16131107,[1370283.0]
17455,16131832,"[38550.0, 4498376.0]"
17456,16132671,[6206.0]
17457,16133112,[6573508.0]
17458,16134674,[4756190.0]
17459,16135109,[91168.0]
17460,16135254,[4666971.0]
17461,16135497,[4831831.0]
17462,16135864,[15872.0]
17463,16136132,[4637539.0]
17464,16136599,"[17015.0, 17010.0]"
17465,16136628,"[17015.0, 17010.0]"
17466,16137612,[4340243.0]
17467,16138392,[4670048.0]
17468,16138644,[6575812.0]
17469,16140493,[1279194.0]
17470,16142043,[7581.0]
17471,16142081,[12479.0]
17472,16142151,[1023510.0]
17473,16144329,[58971.0]
17474,16144864,[38066.0]
17475,16144868,[7742.0]
17476,16144869,[5804101.0]
17477,16145361,"[1034567.0, 36122.0, 1067608.0, 21158.0, 1194999.0, 6861257.0, 1468622.0, 948181.0]"
17478,16145444,"[780120.0, 2858595.0]"
17479,16145639,[4959800.0]
17480,16145662,[4428.0]
17481,16146013,[4698899.0]
17482,16146049,[153732.0]
17483,16146055,[338705.0]
17484,16146215,[17047.0]
17485,16146282,[2503028.0]
17486,16146662,[3406550.0]
17487,16146870,[4483617.0]
17488,16146956,[6578457.0]
17489,16147058,[6578506.0]
17490,16147399,[25824.0]
17491,16148208,[3405346.0]
17492,16148435,[1302285.0]
17493,16148986,"[1330292.0, 1004238.0]"
17494,16149368,[2973783.0]
17495,16149408,[5321960.0]
17496,16149577,[34049.0]
17497,16149739,[5066179.0]
17498,16150465,[5268232.0]
17499,16150830,[2973783.0]
17500,16150831,[2973783.0]
17501,16152454,[6580884.0]
17502,16152467,[6580884.0]
17503,16153575,"[656983.0, 3853096.0]"
17504,16153997,"[2094451.0, 3345395.0, 6581513.0]"
17505,16155612,[6420295.0]
17506,16156292,[8730.0]
17507,16156293,[15987.0]
17508,16156295,[33408.0]
17509,16156357,[137902.0]
17510,16158488,[1958136.0]
17511,16158489,[43393.0]
17512,16158511,[463914.0]
17513,16158553,[1375697.0]
17514,16158558,[625.0]
17515,16158565,[6583169.0]
17516,16158569,[43393.0]
17517,16158611,[153738.0]
17518,16159252,[4499623.0]
17519,16160048,[30819.0]
17520,16160501,[6583873.0]
17521,16160769,[8988.0]
17522,16161287,[6584183.0]
17523,16161779,[6584385.0]
17524,16161852,[3149825.0]
17525,16162524,[6527799.0]
17526,16162867,[6580884.0]
17527,16163983,[1405152.0]
17528,16164484,[4832147.0]
17529,16165768,"[760392.0, 189761.0]"
17530,16166400,[5808037.0]
17531,16166626,[2975035.0]
17532,16168821,[1435731.0]
17533,16169846,[6458963.0]
17534,16170180,[3305514.0]
17535,16170191,"[656983.0, 16191.0]"
17536,16170202,[656983.0]
17537,16171223,[3849415.0]
17538,16171313,[6577884.0]
17539,16172171,"[4430.0, 1383797.0]"
17540,16172547,[33918.0]
17541,16173083,[1332605.0]
17542,16173186,[6588778.0]
17543,16173250,[6588802.0]
17544,16173349,[363130.0]
17545,16173427,[669810.0]
17546,16173627,[3247006.0]
17547,16174311,"[10746.0, 169487.0]"
17548,16174578,[4728994.0]
17549,16175164,[5042322.0]
17550,16176287,[4502237.0]
17551,16176388,[6444714.0]
17552,16177185,[1077326.0]
17553,16178575,"[48206.0, 212101.0, 521640.0]"
17554,16178685,"[2891665.0, 184638.0]"
17555,16180175,[4370565.0]
17556,16180179,[4096668.0]
17557,16180723,[5698327.0]
17558,16180772,"[48192.0, 5989661.0]"
17559,16181879,[6592100.0]
17560,16189172,"[6595274.0, 6595275.0]"
17561,16193519,[2975887.0]
17562,16193965,"[3299786.0, 6597503.0]"
17563,16199296,[4615377.0]
17564,16202167,[1549088.0]
17565,16204835,"[4414255.0, 2978188.0]"
17566,16205710,[5774768.0]
17567,16205945,"[350677.0, 6603731.0]"
17568,16206228,[102636.0]
17569,16207327,[5758689.0]
17570,16208685,[5764273.0]
17571,16213785,[5244478.0]
17572,16217442,[4094048.0]
17573,16217523,[6580373.0]
17574,16217699,[6609948.0]
17575,16219730,[1369219.0]
17576,16221851,[836009.0]
17577,16223857,[510191.0]
17578,16225157,[4116333.0]
17579,16228884,[152309.0]
17580,16230420,[6446785.0]
17581,16231091,"[10746.0, 203762.0, 4686275.0]"
17582,16231403,"[5308881.0, 5308882.0]"
17583,16233191,"[5255014.0, 123344.0]"
17584,16233259,[4538875.0]
17585,16234269,[830098.0]
17586,16235119,[18880.0]
17587,16235831,[5257588.0]
17588,16238648,[275252.0]
17589,16239655,[7124979.0]
17590,16240543,[45315.0]
17591,16240750,[1164105.0]
17592,16240988,[6150699.0]
17593,16241391,[1019497.0]
17594,16244392,[2990843.0]
17595,16244660,"[8835.0, 58223.0]"
17596,16244663,[25307.0]
17597,16244759,[2358.0]
17598,16245589,[6622769.0]
17599,16247871,[4444277.0]
17600,16247958,[6623792.0]
17601,16247981,[8588.0]
17602,16247986,[175855.0]
17603,16248037,[2096360.0]
17604,16248073,"[1221698.0, 12537.0, 6547885.0]"
17605,16248074,"[1654.0, 20295.0]"
17606,16248113,[780120.0]
17607,16248123,[418792.0]
17608,16248141,[6981617.0]
17609,16248166,[17595.0]
17610,16248223,[6547911.0]
17611,16248235,[27498.0]
17612,16248246,"[1221698.0, 12534.0, 49111.0, 6904801.0, 2454.0, 27528.0, 83357.0, 1067608.0, 27075.0, 4682018.0, 4988270.0, 4260.0, 6076026.0, 7935185.0, 144323.0, 588356.0]"
17613,16248247,"[1221698.0, 27075.0, 27528.0, 83357.0, 1067608.0, 4682018.0, 588356.0, 4260.0, 12534.0, 49111.0, 6904801.0, 2454.0, 4088681.0]"
17614,16248319,[1221698.0]
17615,16248746,[151973.0]
17616,16249277,[4708453.0]
17617,16250637,[876105.0]
17618,16250908,"[6625011.0, 6625012.0, 2902285.0]"
17619,16255632,"[2834177.0, 6627194.0, 6627195.0, 1104332.0, 5481957.0]"
17620,16268911,[6637152.0]
17621,16270004,[1691206.0]
17622,16273471,"[3127068.0, 72748.0]"
17623,16275771,[581557.0]
17624,16276059,[6642384.0]
17625,16277039,[5406978.0]
17626,16279698,[5295120.0]
17627,16279723,[3353516.0]
17628,16279796,[5047249.0]
17629,16280546,[6644323.0]
17630,16280678,[4414255.0]
17631,16280689,[4414255.0]
17632,16280717,[5298385.0]
17633,16280868,[815259.0]
17634,16281499,[5989926.0]
17635,16282850,[6645233.0]
17636,16282974,[3064305.0]
17637,16284783,[6646137.0]
17638,16290044,[6849375.0]
17639,16290049,[225689.0]
17640,16290859,[5783151.0]
17641,16293064,[6583988.0]
17642,16299211,"[6653386.0, 6653398.0]"
17643,16299816,"[3064305.0, 6653676.0]"
17644,16299948,[5805814.0]
17645,16300029,[5805814.0]
17646,16300814,[6654039.0]
17647,16303287,"[150038.0, 836009.0, 10317.0, 5377476.0]"
17648,16307045,[6216688.0]
17649,16368455,"[919348.0, 3874125.0, 2860219.0, 1136158.0, 10518.0, 186776.0, 13026.0, 83308.0, 32641.0, 4396277.0, 2936691.0, 4395892.0, 2923466.0, 4606262.0, 7522871.0, 1014253.0, 4935608.0, 6870624.0, 4037363.0]"
17650,16373193,"[2063919.0, 4132657.0]"
17651,16431540,[6625104.0]
17652,16436765,"[15872.0, 3343082.0]"
17653,16440866,[6434323.0]
17654,16445270,[6696692.0]
17655,16479439,[3396842.0]
17656,16479479,[3251728.0]
17657,16582734,"[4575289.0, 3144008.0]"
17658,16613978,[1440203.0]
17659,16637310,[128019.0]
17660,16638040,[6751115.0]
17661,16638435,"[4684322.0, 3124176.0]"
17662,16644104,[7717.0]
17663,16650652,[3508354.0]
17664,16652752,[760392.0]
17665,16652754,[760392.0]
17666,16652775,[760392.0]
17667,16668339,[5344384.0]
17668,16685341,[26417.0]
17669,16685923,"[253358.0, 2891549.0]"
17670,16686018,[2876763.0]
17671,16692299,[6761251.0]
17672,16700536,[36276.0]
17673,16718143,[3334544.0]
17674,16719966,[6767293.0]
17675,16905580,[6567929.0]
17676,16937694,[3449368.0]
17677,16941295,[6806428.0]
17678,17027804,[6524620.0]
17679,17035895,[4983116.0]
17680,17039870,[767547.0]
17681,17046606,[7212917.0]
17682,17046614,[7033323.0]
17683,17057264,[4.0]
17684,17060640,[5181752.0]
17685,17061189,[5424286.0]
17686,17061490,[836009.0]
17687,17063691,[767547.0]
17688,17069123,"[1361508.0, 2870370.0]"
17689,17070125,"[157663.0, 619712.0]"
17690,17071332,[259431.0]
17691,17080266,[5361693.0]
17692,17081065,[2331.0]
17693,17085959,[6592670.0]
17694,17118724,[5069496.0]
17695,17118894,"[2895706.0, 2895707.0]"
17696,17120574,[4606508.0]
17697,17125973,[14269.0]
17698,17130362,[3475793.0]
17699,17130466,[6474204.0]
17700,17131604,"[332731.0, 375626.0]"
17701,17131858,"[131337.0, 41942.0, 17061.0, 4798562.0, 58971.0, 8988.0, 108173.0, 10746.0, 2358.0, 69771.0, 36501.0, 198305.0, 723801.0, 315657.0, 1967.0, 234115.0, 72451.0, 22123.0, 510191.0, 128570.0, 6859517.0, 107744.0, 40563.0, 1221698.0]"
17702,17131859,"[3001246.0, 2918731.0]"
17703,17132881,[3380908.0]
17704,17133624,[2130.0]
17705,17148003,[3219496.0]
17706,17148630,[3219496.0]
17707,17149088,[4629194.0]
17708,17149158,[4629194.0]
17709,17152675,[6857367.0]
17710,17155389,[6858879.0]
17711,17155787,[173493.0]
17712,17156415,"[4763.0, 55547.0, 27276.0, 54475.0, 108173.0, 73419.0, 1343790.0, 572738.0, 2868678.0, 73418.0, 37075.0, 44554.0, 2725838.0, 98992.0, 44767.0, 5431181.0, 511951.0, 2899437.0, 12052.0]"
17713,17156824,[6859476.0]
17714,17157707,[5767496.0]
17715,17158457,[6860531.0]
17716,17158920,[396497.0]
17717,17159305,[5752810.0]
17718,17159412,[6467424.0]
17719,17159943,[71688.0]
17720,17159944,[71688.0]
17721,17160209,[824409.0]
17722,17160673,[71688.0]
17723,17162150,[6862026.0]
17724,17162156,[3046613.0]
17725,17162397,[1641228.0]
17726,17162405,[836009.0]
17727,17162429,[3396842.0]
17728,17162437,[5446913.0]
17729,17162718,"[72451.0, 313399.0, 4448495.0, 4994753.0, 13334.0]"
17730,17162953,[5835604.0]
17731,17163376,[656983.0]
17732,17163514,[2063919.0]
17733,17163623,[3087787.0]
17734,17163744,[3871461.0]
17735,17164123,[5226809.0]
17736,17164644,[4428.0]
17737,17164655,[3064305.0]
17738,17164686,[3064305.0]
17739,17165026,[4432.0]
17740,17165902,[4432.0]
17741,17165909,"[6863132.0, 153998.0]"
17742,17165950,[2964564.0]
17743,17165980,"[72678.0, 252914.0]"
17744,17165986,[270479.0]
17745,17166336,[2264238.0]
17746,17166341,[4735.0]
17747,17166774,[4601855.0]
17748,17167166,[3433047.0]
17749,17167572,"[1654.0, 20295.0]"
17750,17168300,[3222611.0]
17751,17168416,[941441.0]
17752,17168521,[2232265.0]
17753,17171950,[5826477.0]
17754,17172391,[338705.0]
17755,17177392,[4637539.0]
17756,17181509,[5276341.0]
17757,17182125,[2905297.0]
17758,17182126,[38550.0]
17759,17182421,[6219675.0]
17760,17182499,[6868825.0]
17761,17184046,[6869437.0]
17762,17184930,[375626.0]
17763,17185981,[6868809.0]
17764,17188648,[6526309.0]
17765,17188654,[6526309.0]
17766,17189031,[6150699.0]
17767,17190009,"[38550.0, 8435196.0]"
17768,17190364,[505695.0]
17769,17190382,[3329042.0]
17770,17190483,[4353071.0]
17771,17190704,[6872325.0]
17772,17191535,[5778089.0]
17773,17191631,[4320796.0]
17774,17192124,"[63669.0, 5894935.0]"
17775,17193778,[15872.0]
17776,17195830,[4835790.0]
17777,17195831,[5778695.0]
17778,17196290,[5875014.0]
17779,17199504,[5830526.0]
17780,17202502,[5047249.0]
17781,17202851,[88506.0]
17782,17204984,[4134859.0]
17783,17205213,[6877480.0]
17784,17205448,[7010135.0]
17785,17205745,[82732.0]
17786,17206636,[4430.0]
17787,17206921,"[1221698.0, 59749.0]"
17788,17208764,[6442922.0]
17789,17209757,[5298677.0]
17790,17211009,[48192.0]
17791,17211803,[969638.0]
17792,17211934,[6880125.0]
17793,17212339,[8588.0]
17794,17213457,[15021.0]
17795,17213837,[2869550.0]
17796,17214357,"[2990843.0, 3143450.0]"
17797,17214409,[4245438.0]
17798,17218790,[1221698.0]
17799,17219052,[1292475.0]
17800,17222198,[5116849.0]
17801,17225892,[4863270.0]
17802,17225973,[4768263.0]
17803,17228158,[2954265.0]
17804,17228405,[5201320.0]
17805,17229435,[8695.0]
17806,17229699,[5116661.0]
17807,17230517,[4558309.0]
17808,17232049,[6886359.0]
17809,17232090,"[5186274.0, 4794913.0]"
17810,17232913,[14167761.0]
17811,17233496,[365496.0]
17812,17233708,[5445209.0]
17813,17234284,[3377941.0]
17814,17234645,[137902.0]
17815,17234664,[1192311.0]
17816,17235894,[6887988.0]
17817,17235997,[6536659.0]
17818,17236613,[5184237.0]
17819,17238145,[6888955.0]
17820,17239242,[8516.0]
17821,17239328,[3506711.0]
17822,17239873,[108007.0]
17823,17242445,[833687.0]
17824,17244430,[25052.0]
17825,17244558,[99650.0]
17826,17245747,[150038.0]
17827,17247984,[34854.0]
17828,17249478,[5828387.0]
17829,17250961,[38550.0]
17830,17251203,[6439443.0]
17831,17251354,[6893188.0]
17832,17251422,[48192.0]
17833,17251424,[168090.0]
17834,17251435,[30819.0]
17835,17251690,[6606362.0]
17836,17253972,[6894289.0]
17837,17254055,[298438.0]
17838,17254223,[5877921.0]
17839,17255435,[6860531.0]
17840,17256087,[4105961.0]
17841,17256217,[4800436.0]
17842,17258996,[6568822.0]
17843,17261183,"[338705.0, 403244.0]"
17844,17261185,[4670825.0]
17845,17261190,[4735144.0]
17846,17261191,[3500801.0]
17847,17261347,[6552446.0]
17848,17261579,[368978.0]
17849,17262144,[6897702.0]
17850,17262149,[6968449.0]
17851,17262167,[20030.0]
17852,17262197,[7577.0]
17853,17262208,[2546.0]
17854,17262238,[6897709.0]
17855,17262247,"[20575.0, 122651.0]"
17856,17262286,[32401.0]
17857,17262384,[370361.0]
17858,17262407,[32912.0]
17859,17262541,[51167.0]
17860,17262584,[5772158.0]
17861,17262684,[61958.0]
17862,17262686,[96767.0]
17863,17262735,[222429.0]
17864,17262736,[31775.0]
17865,17264131,"[6533864.0, 5607896.0, 5607897.0]"
17866,17264568,[5726831.0]
17867,17264584,[6897702.0]
17868,17264589,[6897702.0]
17869,17265255,[53793.0]
17870,17267392,[6899335.0]
17871,17269071,[137902.0]
17872,17270883,[3849415.0]
17873,17272365,"[4011131.0, 6948943.0, 7307645.0]"
17874,17273306,[3130124.0]
17875,17274667,[3159299.0]
17876,17277938,[117339.0]
17877,17280108,[6903716.0]
17878,17280122,[5626120.0]
17879,17280155,[2909019.0]
17880,17280573,[6903911.0]
17881,17281362,[6425045.0]
17882,17281364,[4670048.0]
17883,17281625,[6904400.0]
17884,17281667,"[6551703.0, 6551704.0]"
17885,17281848,[6557179.0]
17886,17281919,[4610078.0]
17887,17283404,[28083.0]
17888,17283434,[1472837.0]
17889,17283555,[6889132.0]
17890,17285883,[17054.0]
17891,17286654,[4810094.0]
17892,17286656,[4810094.0]
17893,17286663,"[17015.0, 17010.0]"
17894,17286685,"[12425.0, 350494.0]"
17895,17286698,"[479779.0, 39043.0]"
17896,17286729,[5307635.0]
17897,17286735,[272814.0]
17898,17286817,[99117.0]
17899,17286840,[93547.0]
17900,17286845,[8552787.0]
17901,17286880,[386853.0]
17902,17286888,[4906436.0]
17903,17286910,[3081700.0]
17904,17286922,[1137883.0]
17905,17286947,[992207.0]
17906,17286949,[225033.0]
17907,17287054,[43504.0]
17908,17287093,[359109.0]
17909,17287106,[2195377.0]
17910,17287570,[4537524.0]
17911,17288193,"[6522373.0, 7462654.0]"
17912,17288633,[18874.0]
17913,17288638,[3389.0]
17914,17288745,[4606508.0]
17915,17288770,[3001245.0]
17916,17288831,[346732.0]
17917,17289947,[6907729.0]
17918,17290243,[5186274.0]
17919,17290244,[5186274.0]
17920,17290261,"[57462.0, 440271.0]"
17921,17290555,[1391437.0]
17922,17290601,[3297526.0]
17923,17290682,[4851121.0]
17924,17290850,[3378120.0]
17925,17293408,[6869064.0]
17926,17295139,[4755336.0]
17927,17295909,[237787.0]
17928,17296689,[1051591.0]
17929,17297488,[2828923.0]
17930,17301154,[6576139.0]
17931,17302136,[5192582.0]
17932,17302559,[15890.0]
17933,17302792,[6912153.0]
17934,17302963,"[5255014.0, 3317536.0]"
17935,17303139,[5752145.0]
17936,17304052,[1227888.0]
17937,17304097,[6563633.0]
17938,17304193,[6912725.0]
17939,17304282,[6912759.0]
17940,17305016,[8649.0]
17941,17305416,[4443809.0]
17942,17305421,[6429243.0]
17943,17307169,[25422.0]
17944,17307331,[6914204.0]
17945,17307614,[3064305.0]
17946,17310066,"[175855.0, 121364.0, 1221698.0, 1443712.0, 23069.0, 7581.0, 3377941.0, 2895706.0, 10763.0, 25422.0, 8347.0, 2895707.0, 4025591.0]"
17947,17310126,[5763301.0]
17948,17312145,"[8596.0, 6915400.0, 370507.0, 7755220.0]"
17949,17312156,[8596.0]
17950,17313512,[6916036.0]
17951,17313797,[4960082.0]
17952,17313971,[3153841.0]
17953,17315048,"[6540057.0, 6478373.0]"
17954,17315329,[200500.0]
17955,17315547,[15292.0]
17956,17316503,[1405152.0]
17957,17316516,[2905297.0]
17958,17316565,[590743.0]
17959,17317908,[3441.0]
17960,17318676,[5404616.0]
17961,17318894,[6915219.0]
17962,17319882,[4015097.0]
17963,17320105,[1405152.0]
17964,17320837,[11078.0]
17965,17322045,[6521036.0]
17966,17323860,[3389.0]
17967,17325157,[5625978.0]
17968,17327157,[2772365.0]
17969,17328635,[415967.0]
17970,17331295,[2313312.0]
17971,17331424,[2357.0]
17972,17331819,[3097905.0]
17973,17331828,[2995873.0]
17974,17332031,[3229176.0]
17975,17332218,[38550.0]
17976,17332225,[8516.0]
17977,17332228,[1827868.0]
17978,17332257,[4906436.0]
17979,17332269,[221253.0]
17980,17332271,"[27704.0, 2977214.0]"
17981,17332272,[2924955.0]
17982,17332275,[8988.0]
17983,17332287,[23069.0]
17984,17332297,[30812.0]
17985,17332310,[4430.0]
17986,17332365,[38550.0]
17987,17332422,[182166.0]
17988,17332550,[4864634.0]
17989,17332556,[266470.0]
17990,17332588,[249025.0]
17991,17332590,[1312879.0]
17992,17333171,[21748.0]
17993,17333174,[21748.0]
17994,17333180,[21748.0]
17995,17333239,"[2895706.0, 2895707.0]"
17996,17333252,[2891665.0]
17997,17333269,[5049521.0]
17998,17333287,[1067243.0]
17999,17333338,[6588780.0]
18000,17333340,"[2988406.0, 1411091.0]"
18001,17333471,[5618190.0]
18002,17333499,[25422.0]
18003,17334051,[17059.0]
18004,17334448,[2876763.0]
18005,17334481,"[150038.0, 2507198.0, 5481957.0]"
18006,17334484,"[18967.0, 104179.0]"
18007,17334497,[1290625.0]
18008,17334499,[4126827.0]
18009,17334529,[4428.0]
18010,17334538,[4372737.0]
18011,17334566,[4814317.0]
18012,17334755,[3187149.0]
18013,17335353,[3011844.0]
18014,17335509,[12521.0]
18015,17335881,[4340243.0]
18016,17336025,"[15872.0, 465708.0]"
18017,17336078,"[5256725.0, 5256726.0]"
18018,17336133,[4877034.0]
18019,17339335,[5321960.0]
18020,17339959,[6925229.0]
18021,17340090,[6925274.0]
18022,17340103,[9237.0]
18023,17340764,[326339.0]
18024,17341173,[5785462.0]
18025,17341365,[1332605.0]
18026,17342701,"[5295120.0, 38531.0]"
18027,17342750,[2995873.0]
18028,17343101,"[4637539.0, 1065493.0]"
18029,17343391,"[298438.0, 25355.0]"
18030,17343398,[3405346.0]
18031,17343399,"[133890.0, 3211011.0]"
18032,17343422,[4484635.0]
18033,17345242,"[346732.0, 6952853.0, 5813075.0]"
18034,17345299,[54989.0]
18035,17345314,[6559113.0]
18036,17347379,"[1077326.0, 2927.0]"
18037,17347380,"[1077326.0, 27372.0, 2927.0]"
18038,17347381,"[1077326.0, 27372.0, 2927.0]"
18039,17347382,"[1077326.0, 2927.0]"
18040,17347383,"[1077326.0, 27372.0, 2927.0]"
18041,17347384,"[1077326.0, 27372.0, 2927.0]"
18042,17347389,[1330292.0]
18043,17347646,[6928196.0]
18044,17347957,[71688.0]
18045,17348191,[8794.0]
18046,17348327,[48192.0]
18047,17348467,[6928449.0]
18048,17348906,"[231574.0, 231575.0]"
18049,17349030,"[27318.0, 3172535.0, 33958.0, 74046.0, 19564.0, 15872.0, 88922.0, 38954.0, 175329.0, 449217.0]"
18050,17349055,"[122302.0, 4684643.0]"
18051,17349063,[4074051.0]
18052,17349076,"[4476200.0, 44524.0]"
18053,17349085,"[17216.0, 6928583.0, 2828543.0]"
18054,17349153,"[5407300.0, 57050.0]"
18055,17349164,[88506.0]
18056,17349181,[146374.0]
18057,17349203,"[1221698.0, 62104.0]"
18058,17349326,[37557.0]
18059,17349733,[15872.0]
18060,17354771,[2009613.0]
18061,17355332,[236723.0]
18062,17364172,[6934877.0]
18063,17364276,[6894699.0]
18064,17365722,[4983261.0]
18065,17365727,[3435992.0]
18066,17367172,[4798562.0]
18067,17368232,[3399559.0]
18068,17368237,[23894.0]
18069,17368932,[2996650.0]
18070,17369278,[6904635.0]
18071,17369403,[71688.0]
18072,17370021,[4996736.0]
18073,17370618,[1330292.0]
18074,17370986,[6527401.0]
18075,17371003,[6937037.0]
18076,17371685,[1330292.0]
18077,17372039,"[1077326.0, 27372.0, 2927.0]"
18078,17372310,[5265741.0]
18079,17372472,[3041100.0]
18080,17373764,[760553.0]
18081,17373966,"[2503028.0, 4946989.0]"
18082,17374097,[6585416.0]
18083,17376132,[4517253.0]
18084,17376583,[970554.0]
18085,17377165,[5441556.0]
18086,17377224,[6592100.0]
18087,17377636,[5314516.0]
18088,17377989,[5322962.0]
18089,17378068,[4971675.0]
18090,17378508,[1330292.0]
18091,17378527,[1330292.0]
18092,17379587,[6549412.0]
18093,17381965,[14756566.0]
18094,17381990,[46474.0]
18095,17382362,[1194340.0]
18096,17383495,[6941668.0]
18097,17385231,[5421050.0]
18098,17393021,[94091.0]
18099,17393102,[25307.0]
18100,17393590,"[8185168.0, 10763.0]"
18101,17394680,[5828129.0]
18102,17397915,[2894399.0]
18103,17397922,[1357414.0]
18104,17398825,[4450759.0]
18105,17398829,[5393419.0]
18106,17399160,[6947727.0]
18107,17399863,[6082024.0]
18108,17401837,[4089093.0]
18109,17402605,[27100.0]
18110,17403037,[5298385.0]
18111,17404295,[6947727.0]
18112,17404695,[6893006.0]
18113,17404703,[6893006.0]
18114,17407183,[6950877.0]
18115,17408269,[6923531.0]
18116,17409752,[6951898.0]
18117,17409835,[71688.0]
18118,17409842,[71688.0]
18119,17410016,[11841.0]
18120,17410362,"[21911.0, 140566.0]"
18121,17410991,[266470.0]
18122,17411119,[3224031.0]
18123,17412069,[5829056.0]
18124,17412093,[6268.0]
18125,17412099,[6268.0]
18126,17412109,[6268.0]
18127,17412895,[10317.0]
18128,17413095,[4305414.0]
18129,17413361,[6953485.0]
18130,17415094,[974195.0]
18131,17415685,[4575289.0]
18132,17415882,[6953956.0]
18133,17415983,[29011.0]
18134,17416057,[767547.0]
18135,17416083,[175855.0]
18136,17428641,[125308.0]
18137,17428643,[172512.0]
18138,17428644,[2973783.0]
18139,17428653,[33467.0]
18140,17436893,[14623307.0]
18141,17446626,[5898355.0]
18142,17447896,[6965804.0]
18143,17448194,[4601855.0]
18144,17448424,[270487.0]
18145,17448817,[5127753.0]
18146,17449197,[5186274.0]
18147,17451462,[3431194.0]
18148,17451921,[8695.0]
18149,17452242,"[2741642.0, 644349.0, 919348.0, 589.0, 13026.0, 3020656.0, 31232.0, 61073.0, 510991.0, 387612.0, 26796.0, 121072.0, 317667.0, 1014253.0, 38550.0, 287656.0, 2915870.0, 6967618.0]"
18150,17452685,[7075461.0]
18151,17453202,[2995873.0]
18152,17453523,[6968144.0]
18153,17453991,"[75822.0, 4154926.0]"
18154,17454136,[4558309.0]
18155,17454731,"[38550.0, 8435196.0]"
18156,17455817,[4476934.0]
18157,17455977,[2995873.0]
18158,17456972,"[13557729.0, 346732.0, 2924855.0]"
18159,17456990,[117369.0]
18160,17457008,[6969464.0]
18161,17457068,[9355.0]
18162,17463583,[5298677.0]
18163,17464806,[560396.0]
18164,17464884,[484534.0]
18165,17464890,"[656983.0, 6971179.0]"
18166,17465441,[1441644.0]
18167,17465444,[4536555.0]
18168,17465446,[63983.0]
18169,17465447,"[3407883.0, 407416.0]"
18170,17465456,[5339.0]
18171,17465467,[5295120.0]
18172,17465470,[34049.0]
18173,17465483,[137902.0]
18174,17465485,"[5375890.0, 163934.0]"
18175,17465491,[10746.0]
18176,17470199,"[4605878.0, 4609188.0]"
18177,17475481,[15890.0]
18178,17479907,[4346631.0]
18179,17554595,[6978502.0]
18180,17557803,[6979427.0]
18181,17558838,[3465557.0]
18182,17559041,[6889132.0]
18183,17559420,"[40563.0, 334840.0]"
18184,17560541,[771.0]
18185,17560793,"[26897.0, 2937325.0]"
18186,17560872,[6472261.0]
18187,17561414,[4543325.0]
18188,17561496,[5784430.0]
18189,17561810,[4086715.0]
18190,17562208,[1445909.0]
18191,17562700,[38550.0]
18192,17562900,[40563.0]
18193,17563021,[4188120.0]
18194,17563732,[6981922.0]
18195,17564270,[6517970.0]
18196,17564519,[4074051.0]
18197,17566584,[4175419.0]
18198,17566623,[1141209.0]
18199,17566814,[4519247.0]
18200,17566943,[4517253.0]
18201,17566969,[234115.0]
18202,17567752,[963702.0]
18203,17568538,[7539408.0]
18204,17568783,[3140482.0]
18205,17568822,[26796.0]
18206,17570001,[4888434.0]
18207,17570538,[1370283.0]
18208,17571248,[5376046.0]
18209,17571274,[25052.0]
18210,17571275,[25052.0]
18211,17571317,[1556719.0]
18212,17571358,[5596285.0]
18213,17571527,"[6984866.0, 4263.0]"
18214,17571671,[580315.0]
18215,17571692,[2847542.0]
18216,17571712,[2503028.0]
18217,17571777,[7306658.0]
18218,17571845,[196399.0]
18219,17571913,[172879.0]
18220,17572020,"[33503.0, 86137.0, 91707.0, 7054822.0, 7054824.0, 7054827.0, 800052.0, 6469903.0, 7054897.0, 7054830.0, 7054898.0, 588356.0, 7054899.0, 7054820.0, 7054900.0, 7054823.0, 7054901.0, 7054902.0, 7054903.0, 6646989.0, 7054829.0, 22781.0, 417937.0, 7054904.0, 7054831.0, 5763119.0, 7054833.0, 3416553.0, 6960973.0]"
18221,17572327,"[12521.0, 4384651.0]"
18222,17572625,[73084.0]
18223,17572806,[340054.0]
18224,17572846,[18130.0]
18225,17572901,"[6579126.0, 460870.0, 1000381.0]"
18226,17586456,[1194340.0]
18227,17586838,"[6986170.0, 22303.0]"
18228,17591757,"[568299.0, 63539.0]"
18229,17594473,[6984304.0]
18230,17596261,[6993207.0]
18231,17596262,[6989845.0]
18232,17605075,[6993187.0]
18233,17606863,[6579843.0]
18234,17608111,[6524620.0]
18235,17608219,[4785031.0]
18236,17608898,[4687048.0]
18237,17610357,[6527572.0]
18238,17610485,[4412038.0]
18239,17611338,[4783513.0]
18240,17612202,[958354.0]
18241,17612516,[6996127.0]
18242,17612517,[146374.0]
18243,17612519,"[27206.0, 174708.0]"
18244,17612654,[2905297.0]
18245,17612697,[3396842.0]
18246,17612776,[6996143.0]
18247,17612781,[445649.0]
18248,17612879,[33467.0]
18249,17616067,[5817161.0]
18250,17616412,"[3041100.0, 11664.0]"
18251,17617140,[4414284.0]
18252,17617373,[6453465.0]
18253,17617509,[6609948.0]
18254,17617617,[6997216.0]
18255,17617648,[6997222.0]
18256,17617916,[87305.0]
18257,17619013,[41032.0]
18258,17619613,[4653530.0]
18259,17620248,[5150716.0]
18260,17620279,[1357414.0]
18261,17622734,[4094557.0]
18262,17622924,"[17061.0, 46976.0]"
18263,17622927,[30819.0]
18264,17623344,[5310508.0]
18265,17623976,"[1373880.0, 163934.0]"
18266,17623995,[6999638.0]
18267,17624010,[10317.0]
18268,17624060,[6466778.0]
18269,17634000,[150038.0]
18270,17655238,"[815.0, 221645.0]"
18271,17657129,[5807648.0]
18272,17658001,"[6986.0, 4896401.0]"
18273,17660863,[6900888.0]
18274,17661402,[7009629.0]
18275,17662382,[6701541.0]
18276,17662622,[58.0]
18277,17663148,[6548216.0]
18278,17664919,[7010913.0]
18279,17665849,[150038.0]
18280,17666976,[2860219.0]
18281,17667009,[2860219.0]
18282,17667054,[2860219.0]
18283,17667092,[6583988.0]
18284,17667916,[5752145.0]
18285,17668192,[4824985.0]
18286,17668584,[6537150.0]
18287,17668968,[5356562.0]
18288,17669067,[3399559.0]
18289,17669075,[7012642.0]
18290,17669298,[7012732.0]
18291,17670709,[3433047.0]
18292,17671897,[27148.0]
18293,17672483,[7014006.0]
18294,17673337,[4968404.0]
18295,17673620,[6533979.0]
18296,17674968,[4712375.0]
18297,17675016,[7014878.0]
18298,17675349,[4122867.0]
18299,17675434,[5822465.0]
18300,17675462,[1330292.0]
18301,17675463,[3099087.0]
18302,17675467,[374504.0]
18303,17675470,[7015032.0]
18304,17676230,[2331.0]
18305,17679373,[6437336.0]
18306,17679544,[2995873.0]
18307,17679548,[4693312.0]
18308,17680025,[7016651.0]
18309,17681750,[27498.0]
18310,17682406,[27498.0]
18311,17692873,[2891665.0]
18312,17693064,[5804101.0]
18313,17693680,[21911.0]
18314,17694319,[338705.0]
18315,17694511,[6583988.0]
18316,17694650,[5806077.0]
18317,17695521,[12521.0]
18318,17696369,[5823058.0]
18319,17696414,[5823058.0]
18320,17697186,"[1330292.0, 1004238.0]"
18321,17697700,[7022082.0]
18322,17699853,[150038.0]
18323,17699859,[150038.0]
18324,17701728,[71688.0]
18325,17702284,"[346732.0, 12052.0, 276660.0, 29593.0, 3141021.0, 725899.0, 10746.0, 8988.0, 58971.0, 53255.0, 17613.0, 38550.0, 24655.0, 142270.0, 21158.0, 852078.0, 3617.0, 4430.0, 14002.0, 3252210.0, 27841.0, 222813.0]"
18326,17702579,[7024194.0]
18327,17703434,[1407193.0]
18328,17707471,[6872325.0]
18329,17707533,[9237.0]
18330,17707538,[88609.0]
18331,17707586,[9237.0]
18332,17707611,[7025889.0]
18333,17707612,[2918424.0]
18334,17707641,[2924930.0]
18335,17707647,[14002.0]
18336,17707650,[2917919.0]
18337,17707672,[8685.0]
18338,17707700,[6456015.0]
18339,17707708,[28569.0]
18340,17707740,[20248.0]
18341,17707758,"[70885.0, 2741263.0, 753573.0, 5989255.0, 748566.0, 10739.0, 410947.0, 122546.0, 176372.0, 144565.0, 215907.0, 171618.0, 49237.0, 5463981.0, 1762294.0, 4097558.0, 73450.0, 26347.0, 3405346.0, 183760.0, 120948.0, 218826.0, 106247.0, 996279.0, 4819322.0, 1022231.0, 302278.0, 36120.0, 24586.0, 6941.0, 1983563.0, 73187.0, 218818.0, 161399.0, 3124973.0, 489126.0, 43504.0, 3042470.0, 162930.0, 45650.0, 7255050.0, 6633.0, 5105261.0, 33297.0, 3100361.0, 4971676.0, 6884287.0, 5393895.0, 1718040.0, 5285.0, 13121173.0]"
18342,17707769,[7025914.0]
18343,17708622,[7026053.0]
18344,17713508,[7044164.0]
18345,17714035,[5807648.0]
18346,17715377,[7006618.0]
18347,17715409,[7000882.0]
18348,17723131,[4606484.0]
18349,17727238,[4601855.0]
18350,17727253,[6583458.0]
18351,17727299,[4719155.0]
18352,17727316,"[53597.0, 5005805.0]"
18353,17727802,[38550.0]
18354,17729100,[7032969.0]
18355,17729340,[5116661.0]
18356,17729791,[2898479.0]
18357,17731347,[1395810.0]
18358,17731644,[5787300.0]
18359,17731788,[282217.0]
18360,17732017,"[2995873.0, 2964904.0]"
18361,17736129,"[5284782.0, 5169670.0]"
18362,17737027,[64364.0]
18363,17737063,[326992.0]
18364,17737091,[54475.0]
18365,17737211,[7036109.0]
18366,17737311,[7036158.0]
18367,17737893,[6535608.0]
18368,17738211,[99117.0]
18369,17738894,[26930.0]
18370,17739850,[7036845.0]
18371,17741066,[6547911.0]
18372,17742026,"[868.0, 151890.0]"
18373,17745703,"[4864215.0, 6591473.0]"
18374,17756559,[1238111.0]
18375,17758805,"[1221698.0, 59749.0]"
18376,17779549,[7212917.0]
18377,17783115,[5865943.0]
18378,17785880,"[1370283.0, 414056.0]"
18379,17785884,[2847227.0]
18380,17786014,[5618190.0]
18381,17786279,[346732.0]
18382,17786326,[6869349.0]
18383,17787229,[5445209.0]
18384,17787411,[7043852.0]
18385,17788233,[4625596.0]
18386,17788681,[415967.0]
18387,17790217,[5815432.0]
18388,17790234,[5331983.0]
18389,17790298,[6887988.0]
18390,17790521,[7045075.0]
18391,17790646,[2905269.0]
18392,17790869,[6554179.0]
18393,17791549,[5263747.0]
18394,17793570,[588743.0]
18395,17793860,[4601855.0]
18396,17794804,"[2789878.0, 7046738.0]"
18397,17795053,[153394.0]
18398,17795362,[7046918.0]
18399,17795668,"[3267859.0, 7047042.0]"
18400,17795915,[6586436.0]
18401,17797268,[34765.0]
18402,17797288,[3396842.0]
18403,17797381,[9355.0]
18404,17797382,"[15872.0, 6537090.0]"
18405,17797431,[7047591.0]
18406,17797456,[5806077.0]
18407,17797803,[7047704.0]
18408,17797999,[7047768.0]
18409,17798991,[2995873.0]
18410,17801573,[7224467.0]
18411,17801891,[309797.0]
18412,17801911,[6880615.0]
18413,17802151,[6604148.0]
18414,17802438,[6587.0]
18415,17802439,"[46138.0, 59151.0, 765702.0, 113942.0, 544860.0, 88014.0, 128466.0, 307629.0, 167606.0, 60697.0, 490342.0, 7083555.0, 1221698.0, 58971.0, 4798562.0, 466494.0, 18879.0, 108173.0, 193861.0, 4723236.0]"
18416,17802744,[5097017.0]
18417,17802756,[40881.0]
18418,17802762,[5145815.0]
18419,17817925,[5785692.0]
18420,17817939,[57545.0]
18421,17822788,[887961.0]
18422,17823134,[6437412.0]
18423,17823780,"[168324.0, 4572921.0]"
18424,17825280,[38550.0]
18425,17826203,[7054485.0]
18426,17826786,[6543523.0]
18427,17827098,[6604537.0]
18428,17827953,[7581.0]
18429,17828166,[6268.0]
18430,17828413,[4904383.0]
18431,17829175,[7056449.0]
18432,17830944,[33919.0]
18433,17831316,[38951.0]
18434,17831605,[5782137.0]
18435,17832588,[267687.0]
18436,17834122,[5351355.0]
18437,17834896,[6458963.0]
18438,17836100,[1654.0]
18439,17836528,[4615377.0]
18440,17838247,[5618089.0]
18441,17838913,[48192.0]
18442,17840598,[5133625.0]
18443,17842040,[5404521.0]
18444,17844546,[4412038.0]
18445,17845725,[5008815.0]
18446,17845804,[7062570.0]
18447,17845806,[4134859.0]
18448,17845816,"[146374.0, 2738043.0]"
18449,17847127,[283727.0]
18450,17848997,"[108424.0, 4173628.0]"
18451,17849735,[7047233.0]
18452,17849883,[7063660.0]
18453,17852056,[4649677.0]
18454,17852683,[15292.0]
18455,17853114,[5830526.0]
18456,17853280,[90340.0]
18457,17855442,[6420480.0]
18458,17855514,[6420480.0]
18459,17855971,[4121665.0]
18460,17857398,[1106214.0]
18461,17858622,[4809417.0]
18462,17859210,"[6895716.0, 6895717.0]"
18463,17859577,"[8685.0, 6627236.0, 919348.0, 1967.0, 2845578.0, 316778.0, 9615.0, 8341354.0, 8691.0, 3247074.0, 878623.0, 6627235.0, 34850.0, 38234.0, 2799345.0, 69803.0, 4080505.0, 1071572.0, 5324146.0, 721481.0, 1167218.0]"
18464,17860324,[1112218.0]
18465,17860380,[48192.0]
18466,17860567,"[50873.0, 5760167.0]"
18467,17860621,"[50873.0, 5760167.0]"
18468,17860841,[125308.0]
18469,17861812,[4124910.0]
18470,17864395,"[131337.0, 445303.0, 8988.0, 61958.0, 56162.0, 4798562.0, 466494.0, 72451.0, 1819311.0, 4451294.0, 38680.0, 40173.0, 167606.0, 28045.0, 26935.0, 2964564.0, 237154.0, 96300.0, 490342.0, 207823.0]"
18471,17864396,"[131337.0, 11890.0, 4798562.0, 8694.0, 3400079.0, 5989.0]"
18472,17864397,"[588356.0, 95614.0, 11735.0]"
18473,17864398,[108173.0]
18474,17864649,"[2834177.0, 2774902.0, 535923.0]"
18475,17869212,[5833089.0]
18476,17874773,[150038.0]
18477,17875224,[7073461.0]
18478,17875505,[445303.0]
18479,17875517,[445303.0]
18480,17875524,[445303.0]
18481,17876228,[1055343.0]
18482,17876692,[7073992.0]
18483,17878124,[5990247.0]
18484,17878931,[7074943.0]
18485,17879285,[6975382.0]
18486,17879401,[7149797.0]
18487,17881333,[543233.0]
18488,17881356,[7044596.0]
18489,17881641,[7022647.0]
18490,17881924,"[88506.0, 2751991.0]"
18491,17882103,[17061.0]
18492,17883441,[2995873.0]
18493,17883964,[7742.0]
18494,17884103,[1407193.0]
18495,17886050,[2614.0]
18496,17886210,[7077804.0]
18497,17886307,[7077739.0]
18498,17887631,[1599723.0]
18499,17888374,[804399.0]
18500,17888587,[2168689.0]
18501,17888912,[6950698.0]
18502,17889664,[1280953.0]
18503,17894254,[15153514.0]
18504,17894256,[4921525.0]
18505,17899113,[3431194.0]
18506,17899116,[4610078.0]
18507,17899264,[1221698.0]
18508,17899321,"[457300.0, 11210.0]"
18509,17899351,[2526.0]
18510,17899356,[324620.0]
18511,17899385,"[833687.0, 1251403.0]"
18512,17899387,[9766.0]
18513,17899422,[3857639.0]
18514,17899647,[3099544.0]
18515,17899657,"[152309.0, 7020242.0]"
18516,17899663,[215907.0]
18517,17900113,[6092607.0]
18518,17900212,[2331.0]
18519,17901077,"[17061.0, 2729427.0]"
18520,17901125,[5830526.0]
18521,17901205,[6876662.0]
18522,17901769,[5763301.0]
18523,17902141,[4499623.0]
18524,17902184,"[472395.0, 2897358.0, 6881794.0, 4979171.0, 27209.0, 5117618.0, 1746019.0, 7241811.0, 599287.0, 360114.0, 144323.0, 121364.0, 5258016.0, 852078.0, 2915792.0, 7264674.0, 2860219.0, 4175512.0, 1343790.0, 1419586.0, 4027044.0, 2919603.0, 396931.0, 4098207.0, 1250101.0, 1014253.0, 1346588.0]"
18525,17904701,[5042322.0]
18526,17904985,[7084159.0]
18527,17905355,[4154802.0]
18528,17905376,[4684322.0]
18529,17905593,[7074080.0]
18530,17906052,[5808037.0]
18531,17907054,[2860219.0]
18532,17907464,[6466778.0]
18533,17908520,[375626.0]
18534,17909317,[4456703.0]
18535,17909373,[7085810.0]
18536,17910038,"[8685.0, 8691.0]"
18537,17910044,"[56.0, 4845.0]"
18538,17910048,[6949698.0]
18539,17910053,[108173.0]
18540,17910065,[4092655.0]
18541,17910066,[63341.0]
18542,17910067,[5324198.0]
18543,17910074,[813982.0]
18544,17910078,[105839.0]
18545,17910080,[1106214.0]
18546,17910091,[5145808.0]
18547,17910096,[4522.0]
18548,17910103,[644349.0]
18549,17910122,[1301649.0]
18550,17910124,[7086094.0]
18551,17910131,[4154802.0]
18552,17910133,[1042536.0]
18553,17910164,[105839.0]
18554,17910537,[45315.0]
18555,17910546,[346732.0]
18556,17910570,[1390474.0]
18557,17910572,[48206.0]
18558,17910579,"[7086152.0, 15496133.0]"
18559,17910665,"[346732.0, 12052.0, 852078.0, 3617.0, 8988.0, 15989960.0, 58971.0, 53255.0, 17613.0, 38550.0, 24655.0, 142270.0, 21158.0, 14002.0, 3252210.0, 27841.0, 222813.0, 29593.0, 276660.0, 61073.0, 10746.0, 4430.0, 7010242.0, 725899.0, 6941369.0, 156118.0, 865718.0, 7037826.0, 16529938.0, 44554.0, 946298.0, 10037.0, 128057.0, 16119203.0, 547911.0, 655707.0, 5264182.0, 607528.0, 5667167.0, 13871473.0]"
18560,17911119,[790143.0]
18561,17912981,[336058.0]
18562,17913467,"[88506.0, 3118607.0]"
18563,17915229,[7010042.0]
18564,17924035,[6644836.0]
18565,17925677,[7091408.0]
18566,17926437,[1045593.0]
18567,17926775,[7091823.0]
18568,17926850,[137902.0]
18569,17927134,"[89393.0, 7091983.0]"
18570,17927507,[7092201.0]
18571,17928170,[7418796.0]
18572,17929423,[5332306.0]
18573,17929785,[7094601.0]
18574,17929925,[6880655.0]
18575,17930217,[7093346.0]
18576,17931673,[6888815.0]
18577,17932303,[5044405.0]
18578,17933330,[345026.0]
18579,17934405,[5784534.0]
18580,17934459,[355175.0]
18581,17934466,[7095068.0]
18582,17934530,[33919.0]
18583,17934795,[19391.0]
18584,17936156,[7095642.0]
18585,17936214,[38951.0]
18586,17938354,[4485813.0]
18587,17938370,[7096237.0]
18588,17939545,[3433047.0]
18589,17944649,[4446076.0]
18590,17944655,[320212.0]
18591,17946241,[5829989.0]
18592,17946659,[7097656.0]
18593,17948772,[6457430.0]
18594,17949038,[4293325.0]
18595,17950402,"[5779135.0, 5807129.0]"
18596,17968674,[6893006.0]
18597,17969138,[6912759.0]
18598,17969405,[7088292.0]
18599,17969495,[3464665.0]
18600,17971345,[7102756.0]
18601,17971573,[335956.0]
18602,17971591,[7102859.0]
18603,17972727,[1030664.0]
18604,17973145,[6420147.0]
18605,17974745,[7104087.0]
18606,17975557,[7104396.0]
18607,17976172,[7104596.0]
18608,17976979,[25027.0]
18609,17977053,[161399.0]
18610,17977063,[6895372.0]
18611,17977415,[7036526.0]
18612,17977507,[363130.0]
18613,17978095,[230018.0]
18614,17978132,[4417749.0]
18615,17978137,[272814.0]
18616,17978165,[110234.0]
18617,17978239,"[4684322.0, 3124176.0]"
18618,17979819,[6473496.0]
18619,17980299,[5265998.0]
18620,17981276,[153738.0]
18621,17981283,[48190.0]
18622,17981391,[1330292.0]
18623,17981400,[6950740.0]
18624,17981403,[771.0]
18625,17981406,[4735.0]
18626,17981911,[5335601.0]
18627,17982144,[2917423.0]
18628,17983740,[49177.0]
18629,17984925,[5804836.0]
18630,17985187,"[780120.0, 2738900.0]"
18631,17986039,[4708453.0]
18632,17987499,[293603.0]
18633,17987501,[639491.0]
18634,17987869,[7093291.0]
18635,17993060,[5791.0]
18636,17993765,"[7218927.0, 7102558.0]"
18637,17994284,[7110072.0]
18638,17994760,[3431194.0]
18639,17994785,[7088116.0]
18640,17995764,[7036571.0]
18641,17997591,[7111589.0]
18642,17999114,[6540057.0]
18643,17999163,"[1372374.0, 40387.0]"
18644,17999681,[10359.0]
18645,17999884,[4721536.0]
18646,17999885,[545315.0]
18647,18001355,[4575289.0]
18648,18001518,[324620.0]
18649,18002276,"[457300.0, 11210.0]"
18650,18002394,[1390840.0]
18651,18004320,[780120.0]
18652,18004534,"[50873.0, 5760167.0]"
18653,18005280,"[145946.0, 3056384.0]"
18654,18006096,[4476934.0]
18655,18006134,[445303.0]
18656,18006456,[42110.0]
18657,18006496,[3433047.0]
18658,18006642,[2096360.0]
18659,18007542,[7742.0]
18660,18007558,[32916.0]
18661,18007564,[6540057.0]
18662,18007632,[143691.0]
18663,18007880,[4558309.0]
18664,18008074,[830098.0]
18665,18009588,[7045055.0]
18666,18010180,[6439448.0]
18667,18010355,[7116446.0]
18668,18012679,[1402383.0]
18669,18012909,[190887.0]
18670,18038336,[6551703.0]
18671,18039030,[1443712.0]
18672,18039069,[4718186.0]
18673,18039168,[7121755.0]
18674,18039194,[6701541.0]
18675,18039197,[6701541.0]
18676,18040275,[5212441.0]
18677,18040325,[963702.0]
18678,18040335,[6535145.0]
18679,18040401,[7103731.0]
18680,18040515,[4156441.0]
18681,18042063,[7122995.0]
18682,18042148,[2845954.0]
18683,18042455,[7123176.0]
18684,18042620,[5294897.0]
18685,18043337,[497865.0]
18686,18043364,[6861881.0]
18687,18044109,[6563931.0]
18688,18044158,[6521036.0]
18689,18044380,[583990.0]
18690,18045490,[4485813.0]
18691,18045583,[91168.0]
18692,18046019,[7123774.0]
18693,18046079,[7093656.0]
18694,18046383,[7124792.0]
18695,18046413,"[3064305.0, 2429189.0]"
18696,18046472,[6914411.0]
18697,18046744,"[4430487.0, 336011.0]"
18698,18047809,[3145809.0]
18699,18047944,[8164.0]
18700,18048665,[324620.0]
18701,18049965,[6591511.0]
18702,18050009,[7126388.0]
18703,18050012,"[6252.0, 38550.0]"
18704,18050015,[6166668.0]
18705,18050140,[1023510.0]
18706,18050224,[14660369.0]
18707,18050226,[38.0]
18708,18050390,[3167424.0]
18709,18051090,[6459572.0]
18710,18051172,[25052.0]
18711,18051183,[5265998.0]
18712,18051296,[150038.0]
18713,18051912,[1396685.0]
18714,18051965,[580315.0]
18715,18052164,[2063919.0]
18716,18052849,[888893.0]
18717,18052851,[4686495.0]
18718,18052871,[17059.0]
18719,18052875,[5027236.0]
18720,18052889,"[669810.0, 2743336.0]"
18721,18053128,[4384465.0]
18722,18053135,[4637539.0]
18723,18053264,[137386.0]
18724,18053568,[4458590.0]
18725,18054018,[9072.0]
18726,18054074,[4074051.0]
18727,18054085,[2995873.0]
18728,18054373,[4601855.0]
18729,18055987,"[65211.0, 2885905.0]"
18730,18061790,[5826477.0]
18731,18061792,[7129846.0]
18732,18061954,[17061.0]
18733,18067050,[2895706.0]
18734,18067887,[6591948.0]
18735,18068907,[8660.0]
18736,18070660,[7132455.0]
18737,18070688,[3780.0]
18738,18070700,[25422.0]
18739,18071000,[4096668.0]
18740,18071466,[4890182.0]
18741,18071697,[5833021.0]
18742,18072523,[4452712.0]
18743,18072566,[7133166.0]
18744,18072607,[101078.0]
18745,18072609,[101078.0]
18746,18072615,[101078.0]
18747,18074584,[4919009.0]
18748,18075001,[5780445.0]
18749,18075916,[6446003.0]
18750,18076161,[7134729.0]
18751,18077311,[150038.0]
18752,18077816,[9629.0]
18753,18077836,[168647.0]
18754,18077928,[2891503.0]
18755,18077958,[2915851.0]
18756,18077961,[7135390.0]
18757,18078556,[6889132.0]
18758,18079343,"[52047.0, 8435196.0]"
18759,18079491,[41942.0]
18760,18079492,[6177334.0]
18761,18079596,[6923558.0]
18762,18079612,[385966.0]
18763,18079623,[370361.0]
18764,18079646,[74488.0]
18765,18079665,[7190339.0]
18766,18079680,[3408349.0]
18767,18079705,[202807.0]
18768,18079709,[8164.0]
18769,18079710,[137902.0]
18770,18079712,[5157472.0]
18771,18079730,[20248.0]
18772,18079746,[6463972.0]
18773,18079782,[40563.0]
18774,18079804,[7314532.0]
18775,18080504,[4720363.0]
18776,18080771,[1221698.0]
18777,18081228,[4116488.0]
18778,18081426,[6831429.0]
18779,18085456,[5833183.0]
18780,18087428,[4693729.0]
18781,18087897,[2975312.0]
18782,18089921,[827236.0]
18783,18089930,"[38809.0, 2525338.0]"
18784,18089931,[3290920.0]
18785,18089942,"[10741.0, 428566.0]"
18786,18089962,[7581.0]
18787,18089977,[4637539.0]
18788,18089991,"[780120.0, 2738900.0]"
18789,18090000,[5027236.0]
18790,18090005,"[3377501.0, 3377502.0, 57050.0]"
18791,18090026,"[146374.0, 7127265.0]"
18792,18090029,"[381166.0, 11672.0]"
18793,18090043,[7127267.0]
18794,18090081,"[4522.0, 4430.0, 72451.0, 1598076.0, 1443712.0, 48557.0, 435891.0, 2916869.0, 27874.0, 27209.0, 6573790.0, 59165.0, 4845.0, 12339.0, 2948028.0, 20561.0, 5818634.0, 58971.0, 4340378.0, 27142.0, 380770.0, 27148.0, 24197.0, 15021.0, 7144045.0, 836009.0, 150038.0, 25422.0, 40383.0, 2444658.0, 7741171.0, 17061.0, 15292.0, 205589.0, 97189.0, 194172.0]"
18795,18090153,"[1654.0, 19439.0]"
18796,18090214,"[32637.0, 56968.0]"
18797,18100372,[7141007.0]
18798,18100373,[7033323.0]
18799,18103578,[6473496.0]
18800,18104748,[1302285.0]
18801,18104846,[7142522.0]
18802,18104927,[200208.0]
18803,18105451,[3486415.0]
18804,18106165,[6451403.0]
18805,18106985,[6456912.0]
18806,18107099,"[4260.0, 324500.0]"
18807,18107892,[6876493.0]
18808,18107951,[17061.0]
18809,18108474,[324620.0]
18810,18108609,[7143973.0]
18811,18108645,[4428563.0]
18812,18109771,[7144440.0]
18813,18110063,[28946.0]
18814,18110734,[7144849.0]
18815,18111202,"[4575289.0, 3144008.0]"
18816,18112194,[202312.0]
18817,18112933,[7095071.0]
18818,18113422,"[145946.0, 1272.0]"
18819,18114043,"[17061.0, 81016.0, 38550.0, 8685.0, 2860219.0, 215044.0, 60459.0, 71170.0, 44540.0, 58971.0, 823146.0, 39304.0, 2358.0, 114504.0, 11889.0]"
18820,18114094,"[6919077.0, 4798562.0]"
18821,18114110,[6872325.0]
18822,18114114,[809030.0]
18823,18114152,[26897.0]
18824,18114183,[1276004.0]
18825,18114274,[15018.0]
18826,18114292,[6561851.0]
18827,18114350,"[1368122.0, 4767792.0]"
18828,18114540,[72896.0]
18829,18114543,"[8347.0, 31321.0]"
18830,18114567,[3267859.0]
18831,18114578,[4342215.0]
18832,18114581,[49177.0]
18833,18114583,[374504.0]
18834,18114797,[4343092.0]
18835,18114980,[4464118.0]
18836,18118589,[8055273.0]
18837,18119448,"[1238111.0, 1144378.0]"
18838,18122693,[6261.0]
18839,18122779,[4323055.0]
18840,18126442,[4708453.0]
18841,18128488,[4130469.0]
18842,18129100,[4735144.0]
18843,18129488,"[2988406.0, 1411091.0]"
18844,18130323,"[4699102.0, 8994.0]"
18845,18130881,[4094557.0]
18846,18131016,[6950877.0]
18847,18131799,[165168.0]
18848,18132923,[3486415.0]
18849,18132925,[3486415.0]
18850,18133040,[5272503.0]
18851,18134013,[4649677.0]
18852,18134015,[4649677.0]
18853,18135500,[6966640.0]
18854,18135513,[143691.0]
18855,18136617,[7031278.0]
18856,18136779,[5124235.0]
18857,18137193,[150038.0]
18858,18138189,[5804101.0]
18859,18138300,[5898355.0]
18860,18138967,[4877694.0]
18861,18139127,[172490.0]
18862,18139344,[7153840.0]
18863,18139931,[4684322.0]
18864,18139978,[63341.0]
18865,18141262,[7154612.0]
18866,18142402,[3396842.0]
18867,18142592,[4843795.0]
18868,18143067,"[57720.0, 406026.0]"
18869,18143069,[5782149.0]
18870,18143087,[2788789.0]
18871,18143290,[4761781.0]
18872,18143802,[732829.0]
18873,18143810,[155990.0]
18874,18143812,[1977.0]
18875,18143822,[153732.0]
18876,18143891,[172152.0]
18877,18143924,[57980.0]
18878,18143940,[490342.0]
18879,18143946,[98903.0]
18880,18143948,"[177466.0, 1317270.0]"
18881,18144122,[241301.0]
18882,18144127,[241301.0]
18883,18144176,[4107314.0]
18884,18144593,[6521898.0]
18885,18147153,[6923558.0]
18886,18148202,[6466778.0]
18887,18149634,[6590994.0]
18888,18152865,[7158309.0]
18889,18153046,[30279.0]
18890,18153436,[7152490.0]
18891,18157967,[6000436.0]
18892,18158108,[815259.0]
18893,18158475,[4786551.0]
18894,18159196,[4430.0]
18895,18160126,[7160536.0]
18896,18160216,[5571.0]
18897,18160307,[18451.0]
18898,18160774,[7160746.0]
18899,18161930,[1221698.0]
18900,18163294,[4086715.0]
18901,18164236,[5890982.0]
18902,18164326,[492365.0]
18903,18164677,[7074909.0]
18904,18165175,[101078.0]
18905,18165325,[5831306.0]
18906,18166890,[4453028.0]
18907,18166891,[59165.0]
18908,18166936,[6441917.0]
18909,18166986,[8154.0]
18910,18167000,[7163018.0]
18911,18167025,[5300237.0]
18912,18167468,[65137.0]
18913,18167557,[2909900.0]
18914,18168636,[1248068.0]
18915,18169430,[4607856.0]
18916,18169826,[643309.0]
18917,18169912,[1141209.0]
18918,18170019,[4805272.0]
18919,18170136,[230189.0]
18920,18170139,[97284.0]
18921,18171112,[6627289.0]
18922,18171953,"[27318.0, 38954.0, 1630.0, 4538954.0, 19564.0, 3172535.0, 175329.0, 49177.0, 74046.0, 33958.0, 88922.0, 15872.0, 449217.0]"
18923,18172465,[780120.0]
18924,18176505,[1958136.0]
18925,18176532,[4721318.0]
18926,18176657,[5047249.0]
18927,18176746,[90866.0]
18928,18177179,[4499919.0]
18929,18177623,[6424971.0]
18930,18180495,"[7168230.0, 3099544.0]"
18931,18182076,"[4175419.0, 334840.0]"
18932,18183598,"[4874418.0, 2738900.0]"
18933,18184308,"[3399559.0, 4116567.0]"
18934,18184424,"[4845.0, 521640.0]"
18935,18185144,[16625.0]
18936,18186117,[7169176.0]
18937,18186721,[6563633.0]
18938,18187275,[6950698.0]
18939,18187690,"[27379.0, 210551.0]"
18940,18187783,[71688.0]
18941,18190046,[7111759.0]
18942,18190208,[7170939.0]
18943,18190280,[94868.0]
18944,18190302,[15872.0]
18945,18191104,[5989463.0]
18946,18191343,[4182577.0]
18947,18191619,[7086401.0]
18948,18192958,"[7581.0, 4870718.0]"
18949,18193187,[15872.0]
18950,18193741,[1077326.0]
18951,18193743,[1077326.0]
18952,18193751,[1077326.0]
18953,18194405,[1221698.0]
18954,18196588,[6583720.0]
18955,18196600,[5753331.0]
18956,18196738,[7173492.0]
18957,18196876,[73149.0]
18958,18197222,[6437336.0]
18959,18197223,[73754.0]
18960,18198485,[7173896.0]
18961,18206781,[3938141.0]
18962,18206985,[150038.0]
18963,18209104,[5877921.0]
18964,18209322,[803826.0]
18965,18209344,[7581.0]
18966,18209370,[505695.0]
18967,18209531,[1111511.0]
18968,18210706,[363130.0]
18969,18210707,[20248.0]
18970,18211066,[4693312.0]
18971,18211208,[682045.0]
18972,18211295,[8794.0]
18973,18211884,[5446913.0]
18974,18212395,[6653788.0]
18975,18212439,[1221698.0]
18976,18212634,[6981922.0]
18977,18213394,[7178071.0]
18978,18213570,"[6446311.0, 1124030.0]"
18979,18214298,[7054485.0]
18980,18215192,"[38569.0, 54497.0]"
18981,18215201,[7172819.0]
18982,18216396,[7180266.0]
18983,18216608,[5786232.0]
18984,18216708,[5374955.0]
18985,18216813,[4430.0]
18986,18217505,[656983.0]
18987,18217960,[4575289.0]
18988,18221489,[7182231.0]
18989,18221588,[11654.0]
18990,18222545,[3267859.0]
18991,18222555,[136146.0]
18992,18222556,[1011572.0]
18993,18222819,[6914204.0]
18994,18223036,[153738.0]
18995,18224112,[6477757.0]
18996,18226374,[7183355.0]
18997,18229437,"[7184104.0, 7022840.0]"
18998,18231525,[338705.0]
18999,18232117,[560012.0]
19000,18233795,[3219566.0]
19001,18239142,[7188768.0]
19002,18240439,"[6474354.0, 7902502.0]"
19003,18241263,[1356979.0]
19004,18241346,[5328113.0]
19005,18242185,[7189997.0]
19006,18242825,[7190292.0]
19007,18243852,[5022765.0]
19008,18244295,[7190778.0]
19009,18244428,[3219496.0]
19010,18244432,[3219496.0]
19011,18244506,[324620.0]
19012,18244920,[2891665.0]
19013,18245052,[94868.0]
19014,18245256,[1077326.0]
19015,18246269,"[5009050.0, 2821144.0, 2995873.0, 3486415.0, 1192311.0, 2261547.0, 56019.0, 1415543.0, 2884780.0, 836009.0, 2761947.0, 3130410.0, 3101309.0, 3111338.0, 14165404.0, 2755160.0, 3228055.0]"
19016,18246288,[30819.0]
19017,18246312,[415967.0]
19018,18246321,[2995873.0]
19019,18246887,[3301336.0]
19020,18247597,"[38569.0, 54497.0]"
19021,18247598,[38569.0]
19022,18248374,[275908.0]
19023,18248381,[38550.0]
19024,18248435,[1654.0]
19025,18248512,[1034567.0]
19026,18248513,[1214140.0]
19027,18249114,[7192524.0]
19028,18249280,[85545.0]
19029,18249394,"[7192612.0, 2924956.0]"
19030,18249808,[6473496.0]
19031,18250383,[100752.0]
19032,18263469,[110249.0]
19033,18266060,"[8454.0, 346732.0, 8455.0]"
19034,18266062,[2894399.0]
19035,18266064,"[8454.0, 346732.0, 8455.0]"
19036,18269815,[5424286.0]
19037,18269916,[5335865.0]
19038,18271251,[6996400.0]
19039,18271937,[1077326.0]
19040,18273368,[6429243.0]
19041,18273594,[7176787.0]
19042,18273946,[8988.0]
19043,18273949,[8988.0]
19044,18274861,[363130.0]
19045,18278888,[5895608.0]
19046,18280911,[1221698.0]
19047,18281064,[1228468.0]
19048,18281168,[4721536.0]
19049,18281991,[28375.0]
19050,18281997,[6429303.0]
19051,18282060,[9291.0]
19052,18282912,[64364.0]
19053,18282914,[4453028.0]
19054,18283002,[6862026.0]
19055,18283006,[5200845.0]
19056,18285122,[91168.0]
19057,18285765,[6888955.0]
19058,18291661,[581549.0]
19059,18293857,[6908249.0]
19060,18295806,[1637418.0]
19061,18295861,[7210024.0]
19062,18295869,[2891665.0]
19063,18296016,[21911.0]
19064,18296020,"[7210055.0, 7210054.0]"
19065,18296022,[6244.0]
19066,18296481,[1077326.0]
19067,18296973,[4388953.0]
19068,18298890,[119830.0]
19069,18301308,[61741.0]
19070,18301663,[48192.0]
19071,18301716,[7212275.0]
19072,18303570,[7212904.0]
19073,18304348,[7213197.0]
19074,18305603,[7219081.0]
19075,18306322,[7181074.0]
19076,18307001,[3901024.0]
19077,18309415,[572738.0]
19078,18309663,[7163501.0]
19079,18309803,[836009.0]
19080,18310561,[7210024.0]
19081,18310679,[114283.0]
19082,18314097,[4264615.0]
19083,18315788,[3433047.0]
19084,18318648,[2843991.0]
19085,18318664,[1549088.0]
19086,18324059,[38550.0]
19087,18324431,[6876249.0]
19088,18329357,"[6551703.0, 6551704.0]"
19089,18329942,[7221218.0]
19090,18330843,[80808.0]
19091,18332010,[5560488.0]
19092,18332077,[5823058.0]
19093,18333656,[5831353.0]
19094,18333851,[7222680.0]
19095,18334136,[6587520.0]
19096,18334401,[1221698.0]
19097,18335634,[150038.0]
19098,18335700,[656983.0]
19099,18337259,"[13557729.0, 346732.0, 2924855.0]"
19100,18337479,[4896623.0]
19101,18337823,"[4513317.0, 6432817.0]"
19102,18338679,[6535416.0]
19103,18339939,[26796.0]
19104,18340566,[15872.0]
19105,18342060,[10333.0]
19106,18342280,[4721536.0]
19107,18342290,[7225852.0]
19108,18342305,[26897.0]
19109,18342319,[78305.0]
19110,18350798,[415967.0]
19111,18351890,[1276258.0]
19112,18354467,[2891665.0]
19113,18357173,[2937053.0]
19114,18361624,[7111759.0]
19115,18361683,[5808280.0]
19116,18362237,[1302285.0]
19117,18365004,[6905660.0]
19118,18365279,[2922723.0]
19119,18365400,[7200339.0]
19120,18366353,[7233453.0]
19121,18366739,"[5830526.0, 7233443.0]"
19122,18367581,[13957.0]
19123,18368160,[337831.0]
19124,18369100,[5181752.0]
19125,18370392,[6965532.0]
19126,18371031,[8146.0]
19127,18371366,[40881.0]
19128,18371373,[1014374.0]
19129,18371377,[4668167.0]
19130,18371573,[47290.0]
19131,18371588,"[18967.0, 104179.0]"
19132,18371589,"[18967.0, 104179.0]"
19133,18371666,[3418947.0]
19134,18371691,[5369.0]
19135,18372538,[6879348.0]
19136,18374572,[1958136.0]
19137,18374994,[365379.0]
19138,18375048,[7236218.0]
19139,18376853,[10896.0]
19140,18377559,"[21748.0, 2146135.0]"
19141,18382145,[5002639.0]
19142,18387010,[7239827.0]
19143,18387423,[7091467.0]
19144,18388431,[5042322.0]
19145,18392476,[7263413.0]
19146,18392969,"[7241942.0, 7241943.0]"
19147,18393324,[59749.0]
19148,18393748,[7160910.0]
19149,18394751,[6995709.0]
19150,18395131,[7151265.0]
19151,18395230,[5762464.0]
19152,18395849,"[2614.0, 4840744.0]"
19153,18396588,[3380908.0]
19154,18396747,[6553902.0]
19155,18398619,[2973783.0]
19156,18398734,[3380908.0]
19157,18398797,[7581.0]
19158,18400224,"[7127497.0, 317359.0]"
19159,18400712,[445303.0]
19160,18400723,[445303.0]
19161,18401837,[2900815.0]
19162,18402014,[3500801.0]
19163,18402115,[5808037.0]
19164,18402202,[7246482.0]
19165,18404115,[1141209.0]
19166,18404232,[285812.0]
19167,18404246,[4430.0]
19168,18404312,[1131057.0]
19169,18404320,[5778486.0]
19170,18404416,[47104.0]
19171,18404870,[4428.0]
19172,18405537,[4722094.0]
19173,18406862,[1330292.0]
19174,18427989,[20248.0]
19175,18428210,[4475715.0]
19176,18429396,[7165513.0]
19177,18429929,[5287392.0]
19178,18430203,"[10746.0, 203762.0, 3278437.0]"
19179,18431722,"[4773763.0, 6450142.0]"
19180,18431725,[337831.0]
19181,18443343,[7336492.0]
19182,18453111,[23894.0]
19183,18453118,[2060858.0]
19184,18453119,[415731.0]
19185,18453183,[3095.0]
19186,18454480,[25421.0]
19187,18455501,[7067535.0]
19188,18456025,[7176787.0]
19189,18456157,[6552446.0]
19190,18456381,[37557.0]
19191,18457506,[5014564.0]
19192,18457827,[5785692.0]
19193,18457987,[1077326.0]
19194,18458653,[3145809.0]
19195,18458800,[13557729.0]
19196,18459434,[131208.0]
19197,18459458,[5234352.0]
19198,18460033,[146374.0]
19199,18460044,"[1654.0, 20295.0]"
19200,18460142,[6751021.0]
19201,18460183,[7145212.0]
19202,18460617,[4888434.0]
19203,18462140,[186145.0]
19204,18462643,[4388953.0]
19205,18463179,[345026.0]
19206,18463652,[15872.0]
19207,18463661,[15872.0]
19208,18464510,[14817829.0]
19209,18464576,[5768382.0]
19210,18465356,[6554935.0]
19211,18465608,[6549281.0]
19212,18466420,"[6929808.0, 5162273.0]"
19213,18469695,"[25422.0, 4758224.0]"
19214,18469782,[105805.0]
19215,18469791,[105805.0]
19216,18469798,[105805.0]
19217,18469987,[5622334.0]
19218,18470430,[7260466.0]
19219,18475593,[1074989.0]
19220,18475596,[62448.0]
19221,18476843,[5819903.0]
19222,18478208,[49177.0]
19223,18478369,[4134859.0]
19224,18478539,"[901057.0, 5861864.0]"
19225,18479538,[6925118.0]
19226,18480399,[2909019.0]
19227,18480414,[421434.0]
19228,18480443,[177305.0]
19229,18480516,[7264292.0]
19230,18480539,[2300692.0]
19231,18480576,[6506571.0]
19232,18480587,[2357.0]
19233,18481271,[4637539.0]
19234,18481791,[6653864.0]
19235,18482271,[1938234.0]
19236,18482680,[643309.0]
19237,18482782,[6536659.0]
19238,18483294,[4730894.0]
19239,18483985,[3486225.0]
19240,18484774,[293603.0]
19241,18486037,[2880618.0]
19242,18486140,[7166436.0]
19243,18486492,[5133625.0]
19244,18487186,[421434.0]
19245,18487189,[421434.0]
19246,18488572,"[5804101.0, 5659982.0]"
19247,18489280,[7267647.0]
19248,18489512,[7153840.0]
19249,18490533,[338705.0]
19250,18490534,[6576853.0]
19251,18490540,[7086094.0]
19252,18490551,[5989.0]
19253,18490570,[4086715.0]
19254,18490576,[7268134.0]
19255,18490585,[38550.0]
19256,18490587,[1301649.0]
19257,18490594,[1957584.0]
19258,18490602,[31232.0]
19259,18490612,"[68794.0, 44524.0]"
19260,18490629,[2765760.0]
19261,18490635,"[5449042.0, 4837568.0]"
19262,18490638,[57461.0]
19263,18490647,[38550.0]
19264,18490649,[3020656.0]
19265,18490652,[4245017.0]
19266,18490660,[3508219.0]
19267,18490681,[123463.0]
19268,18490688,[5805455.0]
19269,18490690,[207729.0]
19270,18490706,[36344.0]
19271,18490713,[6909783.0]
19272,18490721,[9072.0]
19273,18490727,[17063.0]
19274,18490849,[287923.0]
19275,18492314,[375143.0]
19276,18492468,[410993.0]
19277,18492473,[355500.0]
19278,18492487,[6462472.0]
19279,18492489,[17061.0]
19280,18492491,[136127.0]
19281,18492510,[16155.0]
19282,18492859,[20248.0]
19283,18493078,[3084816.0]
19284,18501670,[7272146.0]
19285,18505756,[41762.0]
19286,18505792,[1221698.0]
19287,18505811,[7273669.0]
19288,18505823,[20560.0]
19289,18505829,"[32637.0, 56968.0]"
19290,18506004,[3105432.0]
19291,18509604,[21701.0]
19292,18509605,[752898.0]
19293,18509623,[7055613.0]
19294,18513554,"[2895706.0, 2895707.0]"
19295,18513556,[5529995.0]
19296,18513621,[15872.0]
19297,18513718,[5898355.0]
19298,18513756,[4308706.0]
19299,18513759,[4556932.0]
19300,18515732,[5149795.0]
19301,18516090,[3252210.0]
19302,18516113,[3502.0]
19303,18517164,[346732.0]
19304,18517185,[7276512.0]
19305,18517541,[6444714.0]
19306,18517873,[6540057.0]
19307,18518522,[4519247.0]
19308,18519239,[6849375.0]
19309,18520619,[4752492.0]
19310,18521091,"[1330292.0, 1004238.0]"
19311,18523028,[5759763.0]
19312,18523130,[7082436.0]
19313,18523268,[38550.0]
19314,18525661,[4575289.0]
19315,18525702,[504038.0]
19316,18525706,[504038.0]
19317,18525883,"[4414255.0, 2978188.0]"
19318,18527495,"[3027554.0, 441126.0]"
19319,18527497,[374504.0]
19320,18527499,[771.0]
19321,18527507,[1330292.0]
19322,18527509,[1330292.0]
19323,18527753,"[2924930.0, 6572297.0]"
19324,18527947,[625.0]
19325,18528159,[7280200.0]
19326,18528417,[30819.0]
19327,18528430,[99117.0]
19328,18528453,[3389.0]
19329,18528582,[4629194.0]
19330,18528639,[5309409.0]
19331,18529573,[2301413.0]
19332,18554574,[7285181.0]
19333,18570069,[847247.0]
19334,18579803,[5100095.0]
19335,18580977,[7300862.0]
19336,18580984,"[4452712.0, 947.0]"
19337,18581604,[6521898.0]
19338,18583347,"[38550.0, 7711592.0]"
19339,18584855,[4684322.0]
19340,18586128,[7302815.0]
19341,18586621,[7171979.0]
19342,18587384,[445303.0]
19343,18587556,[25422.0]
19344,18588383,[27498.0]
19345,18588895,[5240334.0]
19346,18590476,[590558.0]
19347,18591451,"[6943.0, 9545.0]"
19348,18592912,[7305513.0]
19349,18593080,[6878020.0]
19350,18594392,[4134859.0]
19351,18594430,[3433047.0]
19352,18594512,[5830526.0]
19353,18594515,[389683.0]
19354,18594622,[1357414.0]
19355,18596555,"[285730.0, 8489.0, 4471254.0, 4338.0, 162930.0, 5989.0, 7415.0, 26767.0, 76471.0, 6448297.0, 23069.0, 8185168.0, 4625773.0, 34429.0, 57814.0, 10765.0, 50408.0, 1226977.0, 40983.0, 3389.0, 2917920.0, 6944.0, 10992.0, 2768688.0, 193296.0]"
19356,18599667,[5218360.0]
19357,18601430,[36346.0]
19358,18601927,"[7344680.0, 126765.0]"
19359,18602341,[7305254.0]
19360,18602406,[7305254.0]
19361,18616071,[4867939.0]
19362,18616975,[7044164.0]
19363,18617680,[7312935.0]
19364,18619288,[7313617.0]
19365,18621194,[7314532.0]
19366,18621200,"[542967.0, 14834295.0]"
19367,18621227,[7014014.0]
19368,18621651,[767547.0]
19369,18623474,[4565834.0]
19370,18624069,[6565420.0]
19371,18624197,[1126499.0]
19372,18624809,[4423580.0]
19373,18624843,[3178457.0]
19374,18625131,[6938728.0]
19375,18626145,[4720363.0]
19376,18627447,[7325602.0]
19377,18627947,[38066.0]
19378,18628138,[3251728.0]
19379,18628472,[7279199.0]
19380,18630439,[5416090.0]
19381,18630479,[4615084.0]
19382,18630504,[3471272.0]
19383,18631388,[6466369.0]
19384,18632219,[5135449.0]
19385,18632855,[94091.0]
19386,18633358,[7327878.0]
19387,18633587,[5049521.0]
19388,18635002,"[4671817.0, 63577.0]"
19389,18635004,[2096360.0]
19390,18635036,[418792.0]
19391,18635085,[7307458.0]
19392,18635086,[903992.0]
19393,18635092,"[1221698.0, 5122.0]"
19394,18635622,"[346732.0, 1627.0]"
19395,18636196,[15872.0]
19396,18637628,[6889132.0]
19397,18640815,"[6892507.0, 6871262.0]"
19398,18643060,[5760240.0]
19399,18651970,"[5976337.0, 3118938.0]"
19400,18651982,"[4260.0, 324500.0]"
19401,18652002,[7307477.0]
19402,18655944,"[7307477.0, 524200.0]"
19403,18656031,[38569.0]
19404,18656203,"[152309.0, 4821221.0, 3510823.0]"
19405,18656310,[7742.0]
19406,18657033,[5219553.0]
19407,18657107,[6563991.0]
19408,18657327,[1312879.0]
19409,18657632,[639491.0]
19410,18657633,[33467.0]
19411,18657790,[2960227.0]
19412,18658063,[25307.0]
19413,18658149,[5816770.0]
19414,18660040,[15872.0]
19415,18660669,[137902.0]
19416,18663205,[4108184.0]
19417,18663615,"[3144748.0, 6922624.0]"
19418,18665033,"[9432.0, 551119.0]"
19419,18665088,[25027.0]
19420,18665617,[5808037.0]
19421,18666047,[276660.0]
19422,18666105,[66280.0]
19423,18666293,[5181752.0]
19424,18666295,[5181752.0]
19425,18666300,[5181752.0]
19426,18666301,[5181752.0]
19427,18666302,[5181752.0]
19428,18666303,[5181752.0]
19429,18667112,[5403541.0]
19430,18667312,[5763301.0]
19431,18667776,[5188888.0]
19432,18667797,[4873609.0]
19433,18667858,[25125.0]
19434,18667863,[34049.0]
19435,18667875,"[3100027.0, 427430.0]"
19436,18667877,[137902.0]
19437,18667909,[4953639.0]
19438,18667913,[7341056.0]
19439,18667933,[4718528.0]
19440,18667948,[3023658.0]
19441,18667954,[5288442.0]
19442,18668021,[5295120.0]
19443,18668056,[7303977.0]
19444,18668115,[7054485.0]
19445,18668150,"[42122.0, 212788.0]"
19446,18668428,[589.0]
19447,18668473,"[159997.0, 6922624.0]"
19448,18669180,"[6953956.0, 436308.0]"
19449,18670392,[4550595.0]
19450,18675338,[7264230.0]
19451,18681291,[4305414.0]
19452,18681420,[7276994.0]
19453,18681547,[6466369.0]
19454,18681553,[6466369.0]
19455,18682615,[7152490.0]
19456,18682784,[3182455.0]
19457,18683282,[246590.0]
19458,18683518,[7349685.0]
19459,18683809,[6539577.0]
19460,18683883,[4035156.0]
19461,18685210,"[2526.0, 4564814.0]"
19462,18685348,[7350533.0]
19463,18685580,[5042322.0]
19464,18690025,[7060225.0]
19465,18691080,[4105887.0]
19466,18691081,[4105887.0]
19467,18691083,[82969.0]
19468,18691781,[1221698.0]
19469,18692289,[7359478.0]
19470,18693066,[6644114.0]
19471,18693360,[179712.0]
19472,18693684,[142270.0]
19473,18693704,[2918424.0]
19474,18693727,[41942.0]
19475,18693743,[4721536.0]
19476,18693758,[108007.0]
19477,18693767,[6583169.0]
19478,18693868,"[3849415.0, 2580449.0]"
19479,18693878,[359573.0]
19480,18693883,[5288442.0]
19481,18693920,[74488.0]
19482,18693921,[81017.0]
19483,18693942,[8685.0]
19484,18693994,[3149825.0]
19485,18694012,[15872.0]
19486,18695294,[1221698.0]
19487,18698884,[6953956.0]
19488,18702686,[7202492.0]
19489,18705209,[15872.0]
19490,18706036,[7357990.0]
19491,18708587,[4755699.0]
19492,18710920,[9629.0]
19493,18712886,[6953956.0]
19494,18712887,[6953956.0]
19495,18713527,[7278507.0]
19496,18714864,"[25307.0, 259413.0]"
19497,18715886,"[73149.0, 13165.0]"
19498,18716399,[4684322.0]
19499,18716456,[4558309.0]
19500,18716722,[5054179.0]
19501,18716966,[1069006.0]
19502,18717360,[7341923.0]
19503,18717481,[4015157.0]
19504,18718879,[6622356.0]
19505,18718925,"[7128.0, 5106204.0]"
19506,18719280,[4574107.0]
19507,18719332,[7336832.0]
19508,18721218,[4919495.0]
19509,18721778,[1221698.0]
19510,18722328,[6552441.0]
19511,18722335,[4384865.0]
19512,18722882,[107072.0]
19513,18722924,"[1463436.0, 7083991.0]"
19514,18722968,[4175419.0]
19515,18723009,[6474348.0]
19516,18723590,[4245438.0]
19517,18725742,[2891665.0]
19518,18730500,[9355.0]
19519,18733563,[6498865.0]
19520,18733699,[5284725.0]
19521,18735912,[4637539.0]
19522,18739275,[4420439.0]
19523,18741153,[6929808.0]
19524,18741251,[7369643.0]
19525,18741309,[6888220.0]
19526,18743167,[6604148.0]
19527,18744618,[1221698.0]
19528,18744678,[48192.0]
19529,18744715,[8649.0]
19530,18745163,[580315.0]
19531,18746214,[4476934.0]
19532,18746357,[4786551.0]
19533,18746546,[4428.0]
19534,18747824,[457300.0]
19535,18748007,[4428.0]
19536,18748012,[790143.0]
19537,18750310,[6645634.0]
19538,18751236,"[150038.0, 2507198.0]"
19539,18751430,[7264582.0]
19540,18751913,[186145.0]
19541,18753656,[588356.0]
19542,18753809,[4720629.0]
19543,18754456,[6474348.0]
19544,18754638,[6524232.0]
19545,18754928,[7230878.0]
19546,18754961,[625.0]
19547,18755773,[2503028.0]
19548,18755909,[445303.0]
19549,18756972,[1177779.0]
19550,18757037,[7036415.0]
19551,18757051,[7022586.0]
19552,18760014,[90340.0]
19553,18760207,[4720363.0]
19554,18760997,[7880259.0]
19555,18761015,[48192.0]
19556,18761296,[4542621.0]
19557,18761332,[3087787.0]
19558,18762479,[7377484.0]
19559,18764360,[5376046.0]
19560,18769734,[429197.0]
19561,18770411,[24902.0]
19562,18773640,[7742.0]
19563,18773657,[73149.0]
19564,18773989,[815.0]
19565,18774021,[7539408.0]
19566,18774022,[49177.0]
19567,18774025,"[833687.0, 1251403.0]"
19568,18774026,[9766.0]
19569,18774897,"[7382047.0, 7382048.0, 8034909.0]"
19570,18774918,[5302476.0]
19571,18775141,[580315.0]
19572,18775169,[1136158.0]
19573,18775220,[1637418.0]
19574,18775302,[7382111.0]
19575,18775652,[4428.0]
19576,18775657,[150038.0]
19577,18776630,[7388964.0]
19578,18777107,[7382629.0]
19579,18777371,[14002.0]
19580,18777760,[6580373.0]
19581,18779659,[41032.0]
19582,18779666,[7095068.0]
19583,18782045,[46138.0]
19584,18782854,[2876313.0]
19585,18782855,[1691206.0]
19586,18796312,[6585392.0]
19587,18798983,[4600197.0]
19588,18799370,[54856.0]
19589,18801345,[7729378.0]
19590,18803194,[2915782.0]
19591,18803586,[4883529.0]
19592,18803931,[7116446.0]
19593,18804867,[7390210.0]
19594,18805154,[6456912.0]
19595,18805926,[3059577.0]
19596,18806230,[6938728.0]
19597,18806259,[7391763.0]
19598,18806869,[5804537.0]
19599,18808068,[2115689.0]
19600,18808392,[5047249.0]
19601,18809475,[4476934.0]
19602,18809484,[165168.0]
19603,18809598,[4601855.0]
19604,18810502,[6442785.0]
19605,18811375,[33408.0]
19606,18811613,[4601855.0]
19607,18811623,[10317.0]
19608,18812362,[137902.0]
19609,18812409,[30819.0]
19610,18812716,[4051426.0]
19611,18812785,[5865943.0]
19612,18813006,[7393090.0]
19613,18813034,[7393101.0]
19614,18813639,[6547911.0]
19615,18815399,"[1023510.0, 763115.0]"
19616,18838102,[7262875.0]
19617,18844839,[6552446.0]
19618,18849738,[4521954.0]
19619,18849943,[7047233.0]
19620,18850627,[33508.0]
19621,18853210,[28083.0]
19622,18857916,[4042181.0]
19623,18860795,[137902.0]
19624,18866743,"[4864215.0, 6591473.0]"
19625,18868405,[7054485.0]
19626,18868664,[150038.0]
19627,18873823,[2868678.0]
19628,18874799,"[72451.0, 58971.0, 11508.0, 52047.0, 252353.0, 4994753.0]"
19629,18885585,"[346732.0, 12052.0, 852078.0, 3617.0, 8988.0, 58971.0, 53255.0, 17613.0, 38550.0, 24655.0, 142270.0, 21158.0, 14002.0, 3252210.0, 27841.0, 222813.0, 276660.0, 29593.0, 61073.0, 10746.0, 4430.0, 725899.0]"
19630,18889246,[484627.0]
19631,18889356,"[7415461.0, 7415460.0, 7415477.0]"
19632,18894010,[4637539.0]
19633,18904215,[6591948.0]
19634,18908825,[1654.0]
19635,18910286,[995289.0]
19636,18915086,[7421120.0]
19637,18929850,[38550.0]
19638,18940399,[5147170.0]
19639,18947303,[7390210.0]
19640,18949650,[6538289.0]
19641,18950871,[199737.0]
19642,18950880,[7410009.0]
19643,18952341,[2917920.0]
19644,18952381,[2917920.0]
19645,18952405,[7169579.0]
19646,18961360,[338705.0]
19647,18961361,"[338705.0, 403244.0]"
19648,18961830,[6576718.0]
19649,18965316,[4562483.0]
19650,18966345,[6592670.0]
19651,18966806,[6474348.0]
19652,18967087,[6860531.0]
19653,18967182,[72678.0]
19654,18967205,[4983109.0]
19655,18967213,[2130.0]
19656,18981888,"[4684322.0, 3124176.0]"
19657,18982027,[7256929.0]
19658,18985759,[7134500.0]
19659,18989342,[7155061.0]
19660,18997080,[71688.0]
19661,19004412,[4201733.0]
19662,19041032,[7581.0]
19663,19051153,[7114860.0]
19664,19055149,[4182577.0]
19665,19081402,[4476934.0]
19666,19081403,[4476934.0]
19667,19083223,[4400405.0]
19668,19083232,[153738.0]
19669,19083237,[48190.0]
19670,19083257,[367994.0]
19671,19088511,[7111227.0]
19672,19089172,[6474501.0]
19673,19089212,"[7210511.0, 6550220.0]"
19674,19106050,[6591475.0]
19675,19121842,[812657.0]
19676,19124363,[4971535.0]
19677,19138878,"[5365396.0, 314367.0, 4198583.0]"
19678,19140641,[5280531.0]
19679,19145072,[7581.0]
19680,19145465,[15873.0]
19681,19153880,[2894399.0]
19682,19153883,[4921525.0]
19683,19154146,[4921525.0]
19684,19156338,[7438666.0]
19685,19161794,[1370283.0]
19686,19161843,[25422.0]
19687,19161852,[2917917.0]
19688,19162613,"[15872.0, 14920.0]"
19689,19162620,[33467.0]
19690,19166108,"[2503028.0, 2995869.0]"
19691,19168420,[7485494.0]
19692,19210680,[4094557.0]
19693,19216478,[33116.0]
19694,19223830,[1628012.0]
19695,19234711,"[3433047.0, 13615251.0]"
19696,19246477,"[7440794.0, 2780754.0]"
19697,19246479,[36998.0]
19698,19272409,[5321960.0]
19699,19272456,[5321960.0]
19700,19275608,[7742.0]
19701,19276094,[36276.0]
19702,19278261,[79589.0]
19703,19279000,[5139182.0]
19704,19286579,[4086715.0]
19705,19286603,[4154802.0]
19706,19286662,[23704.0]
19707,19286674,[4175419.0]
19708,19288321,[25307.0]
19709,19288530,[3140482.0]
19710,19297505,[5619151.0]
19711,19307732,[7150768.0]
19712,19310143,"[105839.0, 494654.0]"
19713,19314543,[7520394.0]
19714,19317575,[3076677.0]
19715,19329367,[4178737.0]
19716,19337400,[5752810.0]
19717,19346338,[4074051.0]
19718,19346407,[37557.0]
19719,19346438,[4864634.0]
19720,19346451,[3380908.0]
19721,19346471,[4051426.0]
19722,19346537,[4074051.0]
19723,19346538,[146374.0]
19724,19351259,[2053448.0]
19725,19355345,[234253.0]
19726,19357385,[7060225.0]
19727,19366810,[121825.0]
19728,19367070,[3027554.0]
19729,19367518,[5314516.0]
19730,19370974,[396931.0]
19731,19381626,[31232.0]
19732,19395125,[7152490.0]
19733,19395559,[7155061.0]
19734,19395849,[7150768.0]
19735,19399520,[7543536.0]
19736,19401029,[2905297.0]
19737,19401348,[5303332.0]
19738,19402121,[7334288.0]
19739,19424401,[38550.0]
19740,19428095,[2331.0]
19741,19430954,[5186274.0]
19742,19444398,[7236218.0]
19743,19455949,[4188120.0]
19744,19461610,"[2503028.0, 2995869.0]"
19745,19471715,[5387551.0]
19746,19472467,[4094557.0]
19747,19477973,[3441.0]
19748,19480623,"[7561804.0, 109354.0]"
19749,19481404,[7036845.0]
19750,19485109,[7562932.0]
19751,19486394,[5041072.0]
19752,19486395,[5804101.0]
19753,19486406,[852078.0]
19754,19486421,[10746.0]
19755,19486429,[7563203.0]
19756,19486440,[639491.0]
19757,19486754,[696372.0]
19758,19486775,[669810.0]
19759,19501681,"[167605.0, 202311.0]"
19760,19502459,"[4864215.0, 6591473.0]"
19761,19513409,[7457338.0]
19762,19521037,"[5091902.0, 5300258.0]"
19763,19521039,"[5091902.0, 5300258.0]"
19764,19521040,"[5091902.0, 5300258.0]"
19765,19523941,[18130.0]
19766,19539095,"[2988406.0, 1411091.0]"
19767,19539103,[5529995.0]
19768,19539641,[7145212.0]
19769,19540829,[1654.0]
19770,19542845,[4832976.0]
19771,19548127,[375143.0]
19772,19548182,[365379.0]
19773,19549137,"[3433047.0, 13615251.0]"
19774,19549803,[7373778.0]
19775,19549841,[357601.0]
19776,19561918,[492365.0]
19777,19561925,[835348.0]
19778,19661080,[21911.0]
19779,19721475,[4305414.0]
19780,19759540,[7230868.0]
19781,19774312,[7327998.0]
19782,19824385,[7710.0]
19783,19832068,"[150038.0, 2507198.0]"
19784,19877735,[7686588.0]
19785,20102947,[1369219.0]
19786,20133547,[346732.0]
19787,20168816,"[346732.0, 12052.0, 276660.0, 2383.0, 257412.0, 58971.0, 14454.0, 3388323.0, 8988.0, 73149.0, 198305.0, 221253.0, 13557729.0, 63341.0, 42919.0, 8347.0, 48960.0, 2745.0, 38313.0, 1221698.0, 14032.0, 108424.0]"
19788,20172134,"[7561804.0, 109354.0, 7014022.0]"
19789,20174424,[2916869.0]
19790,20176552,"[2834177.0, 2774902.0, 4905327.0, 20026.0]"
19791,20176578,"[56328.0, 56327.0]"
19792,20256556,[4432.0]
19793,20256570,[173493.0]
19794,20256783,[7690970.0]
19795,20257177,[1330292.0]
19796,20257238,[26546.0]
19797,20257448,[6426393.0]
19798,20262813,[5294897.0]
19799,20263205,[27148.0]
19800,20263206,[7692574.0]
19801,20263225,[21748.0]
19802,20296950,[2896654.0]
19803,20299673,"[131337.0, 396931.0, 108173.0, 25422.0, 40563.0, 22548.0, 10746.0, 8185168.0, 2861133.0, 41942.0, 4798562.0, 21158.0, 7608.0, 73149.0, 72451.0, 588356.0, 119848.0, 241236.0, 806782.0, 24.0, 61958.0, 2847546.0, 289314.0, 338705.0, 8988.0, 4451294.0]"
19804,20299706,[46540.0]
19805,20299769,[6457868.0]
19806,20299849,[7390210.0]
19807,20300224,[5446913.0]
19808,20306792,"[5407300.0, 57050.0]"
19809,20307078,[85745.0]
19810,20307785,[168353.0]
19811,20308308,[7574619.0]
19812,20308335,[7847506.0]
19813,20312461,[945430.0]
19814,20312462,[8184486.0]
19815,20317802,[88506.0]
19816,20318205,[33467.0]
19817,20319204,[3000519.0]
19818,20319844,[7704723.0]
19819,20320779,[7705105.0]
19820,20322287,"[6244.0, 2853276.0]"
19821,20329835,[4343092.0]
19822,20331482,[150038.0]
19823,20338654,[7438666.0]
19824,20341887,"[346732.0, 12052.0, 8988.0, 17613.0, 53255.0, 58971.0, 29593.0, 61073.0]"
19825,20342498,[6989028.0]
19826,20342504,[836009.0]
19827,20342545,[38550.0]
19828,20343959,[5049521.0]
19829,20344635,[87305.0]
19830,20344642,[7710193.0]
19831,20344702,[2844043.0]
19832,20344711,[692781.0]
19833,20344877,[1343790.0]
19834,20345202,[7105753.0]
19835,20359361,[17061.0]
19836,20359719,[266470.0]
19837,20359946,[7712730.0]
19838,20361650,[7579061.0]
19839,20362706,"[1221698.0, 28715.0]"
19840,20381983,[4832976.0]
19841,20388225,[7721844.0]
19842,20404555,[8730.0]
19843,20404905,[13557729.0]
19844,20409425,[7728542.0]
19845,20409684,[7429443.0]
19846,20412199,"[7076691.0, 4348137.0]"
19847,20413430,[5816.0]
19848,20413494,[5816.0]
19849,20413502,[5816.0]
19850,20413616,[4403314.0]
19851,20415883,[7504850.0]
19852,20417843,[2860219.0]
19853,20419025,[266470.0]
19854,20419044,[1599723.0]
19855,20420174,[5424286.0]
19856,20426917,[17054.0]
19857,20429000,[5335601.0]
19858,20431673,[3084816.0]
19859,20440598,[7172819.0]
19860,20443235,[1238111.0]
19861,20445452,[71688.0]
19862,20446140,[4721318.0]
19863,20446802,[336058.0]
19864,20447642,[33505.0]
19865,20451982,[1221698.0]
19866,20454084,[6588780.0]
19867,20454095,[543080.0]
19868,20454116,[7212406.0]
19869,20454580,[2973783.0]
19870,20454626,"[7245339.0, 343553.0]"
19871,20454635,[169377.0]
19872,20455954,[3046613.0]
19873,20456671,[4863270.0]
19874,20464824,[7453846.0]
19875,20482734,[6883979.0]
19876,20483058,[266470.0]
19877,20483084,[5348132.0]
19878,20483095,[2937730.0]
19879,20483100,[7280844.0]
19880,20483114,[3380908.0]
19881,20484563,[5773867.0]
19882,20486768,[7325602.0]
19883,20489022,[497865.0]
19884,20490484,[6894289.0]
19885,20491017,[1445909.0]
19886,20492095,[5139659.0]
19887,20493019,[4153170.0]
19888,20493713,"[1654.0, 1221698.0]"
19889,20493888,[1654.0]
19890,20493914,[1654.0]
19891,20493947,[1654.0]
19892,20494169,[1654.0]
19893,20494765,[3112212.0]
19894,20498423,[7753988.0]
19895,20498467,[359109.0]
19896,20498767,[4951964.0]
19897,20499240,[363130.0]
19898,20499923,[4103366.0]
19899,20499930,[4103366.0]
19900,20503009,[7323620.0]
19901,20505830,[370361.0]
19902,20508452,[755980.0]
19903,20512062,[6889132.0]
19904,20512144,[3064305.0]
19905,20513342,[7758781.0]
19906,20515775,"[9494.0, 105602.0]"
19907,20516386,[5898355.0]
19908,20517400,[7369636.0]
19909,20518784,"[346732.0, 31257.0]"
19910,20518813,[3312940.0]
19911,20518827,[38550.0]
19912,20518854,[3291561.0]
19913,20518867,[1301649.0]
19914,20518868,[20561.0]
19915,20518872,"[5780686.0, 2917920.0]"
19916,20518884,"[298438.0, 25355.0]"
19917,20518892,[2731809.0]
19918,20518918,[4086715.0]
19919,20518949,[3484883.0]
19920,20518987,[21770.0]
19921,20519000,"[346732.0, 725899.0]"
19922,20519003,[27704.0]
19923,20519006,[5390444.0]
19924,20519011,[3398274.0]
19925,20519436,[116981.0]
19926,20519465,[116981.0]
19927,20522640,[6914204.0]
19928,20522862,[137902.0]
19929,20524616,[5828129.0]
19930,20525294,[852078.0]
19931,20525909,[5228940.0]
19932,20526746,[7762139.0]
19933,20527020,[17059.0]
19934,20527903,[3505204.0]
19935,20529381,[7762889.0]
19936,20530499,[2654606.0]
19937,20530924,"[38328.0, 1221698.0, 1391240.0, 10762.0, 14022.0, 153691.0, 431316.0, 817756.0]"
19938,20530933,"[1221698.0, 62104.0]"
19939,20542832,[7765772.0]
19940,20549455,[7768076.0]
19941,20549492,[3969859.0]
19942,20551629,[1204165.0]
19943,20551638,[7768712.0]
19944,20553857,[7084159.0]
19945,20555148,[4721536.0]
19946,20555167,[3849415.0]
19947,20555440,[1654.0]
19948,20555443,[6540057.0]
19949,20555446,[1654.0]
19950,20556236,[1030664.0]
19951,20556438,[1857564.0]
19952,20556439,[1857564.0]
19953,20556698,[4747143.0]
19954,20558569,"[7742330.0, 7876757.0]"
19955,20558767,[6153661.0]
19956,20559783,[7770772.0]
19957,20560137,[7770873.0]
19958,20561761,[146768.0]
19959,20561819,[7771316.0]
19960,20561916,[7771337.0]
19961,20562690,"[38550.0, 8435196.0, 494654.0]"
19962,20564056,[1030664.0]
19963,20564828,[1080585.0]
19964,20565526,"[7772360.0, 4558016.0]"
19965,20565724,[6441917.0]
19966,20566064,[6869934.0]
19967,20570928,[2995873.0]
19968,20575410,[4735144.0]
19969,20578512,[7169579.0]
19970,20578940,"[25422.0, 150038.0]"
19971,20578949,[53793.0]
19972,20578957,[3099544.0]
19973,20578958,[5609118.0]
19974,20578964,"[17719.0, 915053.0]"
19975,20579053,[4449940.0]
19976,20579281,[6219675.0]
19977,20579287,[48192.0]
19978,20579294,[30819.0]
19979,20582841,[17152.0]
19980,20587108,[2272915.0]
19981,20587574,"[18111.0, 27550.0]"
19982,20587874,[6968449.0]
19983,20588643,[6151960.0]
19984,20588905,[4432.0]
19985,20588919,[7111227.0]
19986,20588931,[3081700.0]
19987,20589110,[233300.0]
19988,20590667,[5830526.0]
19989,20596632,[1553590.0]
19990,20596649,[7453846.0]
19991,20600454,[4303493.0]
19992,20601441,[116981.0]
19993,20601784,[3020684.0]
19994,20603028,[6947727.0]
19995,20604399,"[1221698.0, 10365.0]"
19996,20605428,[5755322.0]
19997,20607958,[4845.0]
19998,20611669,"[2063919.0, 4132657.0]"
19999,20612059,[4847560.0]
20000,20613470,[3433047.0]
20001,20613479,[99117.0]
20002,20613481,[1488908.0]
20003,20613491,[3406550.0]
20004,20613571,[3433047.0]
20005,20613605,[63116.0]
20006,20613610,[3170417.0]
20007,20613701,[7219195.0]
20008,20613749,[272814.0]
20009,20613807,[3020684.0]
20010,20617170,[2891665.0]
20011,20617636,[3433047.0]
20012,20617773,[519134.0]
20013,20618864,[5284782.0]
20014,20620652,[7060506.0]
20015,20621650,"[17061.0, 81016.0, 15292.0, 1429808.0, 8187956.0, 72451.0, 2860219.0, 2729427.0]"
20016,20623254,[5046525.0]
20017,20628555,[771.0]
20018,20629795,[3354.0]
20019,20629817,[7056719.0]
20020,20631345,[7793168.0]
20021,20631613,[234115.0]
20022,20635583,"[20248.0, 2870757.0]"
20023,20640322,[1141209.0]
20024,20642277,[4435742.0]
20025,20642659,"[3240504.0, 5137530.0, 2885905.0, 4023684.0, 23417.0, 3149946.0, 7796390.0, 7796391.0, 7796392.0, 5372462.0, 3147614.0, 7796393.0, 7796394.0, 7796395.0, 7796397.0, 7796398.0, 7796399.0, 7058667.0, 7796400.0, 2917920.0, 7796401.0, 6683690.0, 588356.0, 7796402.0, 7796403.0, 7796404.0, 1762294.0, 4446038.0, 1968553.0, 5258016.0]"
20026,20645098,[7225852.0]
20027,20645968,[7797304.0]
20028,20646678,[33919.0]
20029,20646683,[36346.0]
20030,20646690,[36346.0]
20031,20646696,[36346.0]
20032,20646731,[4369922.0]
20033,20647547,[6524620.0]
20034,20648060,[4340243.0]
20035,20648285,[6588802.0]
20036,20648608,[3486225.0]
20037,20649133,[4486715.0]
20038,20649134,[4486715.0]
20039,20650531,[7798544.0]
20040,20652088,[827236.0]
20041,20652253,[7152490.0]
20042,20660219,[7063660.0]
20043,20661211,[5445209.0]
20044,20662430,[3064305.0]
20045,20662728,[8347.0]
20046,20665248,[5109302.0]
20047,20665577,"[43322.0, 9494.0, 3961.0]"
20048,20670382,[7210024.0]
20049,20679844,[620946.0]
20050,20686206,"[7808247.0, 7808248.0, 7750718.0, 6582898.0, 7808249.0, 3145809.0]"
20051,20687440,[7812262.0]
20052,20688907,[3000192.0]
20053,20691419,[7278389.0]
20054,20691458,[33465.0]
20055,20693807,[7731179.0]
20056,20695297,"[86137.0, 4338.0, 7811093.0, 33503.0, 261356.0, 7882964.0, 8177132.0, 7458753.0, 8189839.0]"
20057,20695547,[580315.0]
20058,20696013,[6525929.0]
20059,20696040,[7770772.0]
20060,20696767,[7802230.0]
20061,20697410,[6474348.0]
20062,20697444,"[24902.0, 441180.0, 4020459.0, 4439076.0, 3405063.0, 2507198.0, 370361.0, 8301728.0, 31688.0, 1226977.0, 25422.0, 836009.0, 150038.0, 27528.0, 42127.0, 2957979.0]"
20063,20697500,[1351375.0]
20064,20697586,[7811723.0]
20065,20698199,[5091902.0]
20066,20701398,[4888434.0]
20067,20701975,[5186274.0]
20068,20702025,[5282455.0]
20069,20702029,[5186274.0]
20070,20702949,"[5814355.0, 6922202.0]"
20071,20703287,[1025280.0]
20072,20706266,[2895706.0]
20073,20706290,[450828.0]
20074,20706293,[324620.0]
20075,20706317,[7210024.0]
20076,20706320,"[4919495.0, 2086916.0]"
20077,20706635,"[21616.0, 14474.0, 44524.0]"
20078,20706651,"[13688402.0, 655992.0]"
20079,20706656,[4011455.0]
20080,20707052,[833687.0]
20081,20708754,[72545.0]
20082,20708771,"[49177.0, 1157440.0, 65333.0]"
20083,20708772,[1809897.0]
20084,20708773,[6897717.0]
20085,20708790,[1923475.0]
20086,20708810,[7025.0]
20087,20709602,"[7363517.0, 226759.0, 7753511.0]"
20088,20711498,[7815498.0]
20089,20723801,[6468949.0]
20090,20726830,[6913156.0]
20091,20726853,[276660.0]
20092,20727560,[7821912.0]
20093,20727653,[6535367.0]
20094,20727654,[7801879.0]
20095,20727893,[6556689.0]
20096,20729307,[7184104.0]
20097,20734562,[5251202.0]
20098,20735129,[7327976.0]
20099,20736630,"[478745.0, 4427.0, 9345.0]"
20100,20736850,[6923558.0]
20101,20737633,[7219081.0]
20102,20737639,[7219081.0]
20103,20740634,[7765793.0]
20104,20743003,[7741166.0]
20105,20743262,"[151371.0, 800187.0]"
20106,20743686,[6951222.0]
20107,20747269,[821097.0]
20108,20747635,[5830526.0]
20109,20747680,[7233453.0]
20110,20748874,[4666971.0]
20111,20752709,[7307477.0]
20112,20752758,[435114.0]
20113,20757532,[6983061.0]
20114,20758115,[20513.0]
20115,20759393,[4428.0]
20116,20759421,[202960.0]
20117,20759444,[13957.0]
20118,20759487,[46097.0]
20119,20759498,[6423161.0]
20120,20759641,[4428.0]
20121,20759749,"[151371.0, 800187.0]"
20122,20761092,[7833356.0]
20123,20762226,[4521954.0]
20124,20763788,[108584.0]
20125,20763852,[8427009.0]
20126,20764288,[7834158.0]
20127,20764638,[7751265.0]
20128,20764879,"[7168230.0, 3099544.0]"
20129,20764916,"[1221698.0, 59749.0]"
20130,20765307,[4629194.0]
20131,20765985,[21748.0]
20132,20766595,[6474348.0]
20133,20767114,[4108184.0]
20134,20775055,[1429808.0]
20135,20782719,[7581.0]
20136,20783287,[823146.0]
20137,20786094,[6981130.0]
20138,20787232,[7843051.0]
20139,20790777,"[3891598.0, 16650544.0]"
20140,20791883,[5820379.0]
20141,20791887,[111012.0]
20142,20792791,"[6540057.0, 6478373.0]"
20143,20797388,[5399219.0]
20144,20799109,[3099544.0]
20145,20799156,[5139182.0]
20146,20799751,"[9291.0, 8393921.0]"
20147,20800199,[6914204.0]
20148,20800297,[7846308.0]
20149,20804029,"[5053831.0, 5781888.0, 5815639.0, 7847409.0, 7847410.0, 5694181.0]"
20150,20804168,[4346631.0]
20151,20809112,[7848979.0]
20152,20809874,[7849188.0]
20153,20810860,[60478.0]
20154,20814989,[7314532.0]
20155,20814993,[7314532.0]
20156,20816036,[4305414.0]
20157,20818259,[2929888.0]
20158,20819685,[6538289.0]
20159,20821001,[246753.0]
20160,20821011,[7855154.0]
20161,20821047,[7855157.0]
20162,20821111,[4342215.0]
20163,20821149,[5295120.0]
20164,20821163,[136127.0]
20165,20821206,[1375697.0]
20166,20821235,[137415.0]
20167,20821263,[40563.0]
20168,20821265,"[8840.0, 2387.0]"
20169,20821288,[221253.0]
20170,20821306,[7855177.0]
20171,20821327,[6268.0]
20172,20821339,[10317.0]
20173,20821363,[849723.0]
20174,20821372,[41942.0]
20175,20821386,[6259.0]
20176,20821473,[4851121.0]
20177,20821525,[4476934.0]
20178,20821763,[7751826.0]
20179,20822778,"[3152411.0, 4620386.0]"
20180,20824605,[6903785.0]
20181,20826544,"[298438.0, 25355.0, 5333638.0]"
20182,20827735,[7103612.0]
20183,20829029,[6540057.0]
20184,20830630,[7762889.0]
20185,20831904,[7138069.0]
20186,20850731,[497865.0]
20187,20868374,[3379695.0]
20188,20868595,[4430.0]
20189,20869705,[7226905.0]
20190,20871334,[3330668.0]
20191,20873145,"[2782638.0, 167605.0]"
20192,20873188,[7868319.0]
20193,20873804,[346732.0]
20194,20874309,"[272922.0, 3525857.0]"
20195,20874388,[7868858.0]
20196,20875019,[25422.0]
20197,20876066,[259021.0]
20198,20877669,[7857387.0]
20199,20880386,[5804101.0]
20200,20881952,[6455497.0]
20201,20883847,[6524620.0]
20202,20886354,"[38550.0, 331805.0]"
20203,20887429,[7874327.0]
20204,20889470,[5830526.0]
20205,20890540,[14507930.0]
20206,20890541,[14507930.0]
20207,20890556,[18879.0]
20208,20890560,[40383.0]
20209,20893315,[1967.0]
20210,20893316,[7581.0]
20211,20893322,"[232932.0, 2939598.0, 11030934.0, 16483579.0, 11030935.0]"
20212,20893324,"[7267068.0, 10749.0]"
20213,20893335,[136127.0]
20214,20893366,"[8685.0, 2803557.0]"
20215,20893389,"[17061.0, 2895111.0, 5784534.0, 28656.0, 27206.0, 3237942.0, 1292596.0, 2358.0, 1429808.0, 15292.0, 4522.0, 7155219.0, 6573790.0, 2860219.0, 329391.0, 72451.0, 81016.0]"
20216,20893407,[4712375.0]
20217,20893446,[370361.0]
20218,20893457,[363130.0]
20219,20893458,"[21911.0, 140566.0]"
20220,20893509,[876105.0]
20221,20893537,[19475.0]
20222,20893608,[803402.0]
20223,20894732,[3145809.0]
20224,20897351,"[17719.0, 915053.0]"
20225,20897649,[7152490.0]
20226,20897852,"[2988406.0, 1411091.0]"
20227,20899178,[7881896.0]
20228,20900888,[7882997.0]
20229,20902825,[7883823.0]
20230,20903363,[5276341.0]
20231,20906536,[1654.0]
20232,20911450,[817907.0]
20233,20919846,[240708.0]
20234,20920324,[7142258.0]
20235,20924711,[2060858.0]
20236,20927204,[656983.0]
20237,20929541,[2995873.0]
20238,20929552,[161399.0]
20239,20930012,[25422.0]
20240,20931705,[7898116.0]
20241,20933811,[2995873.0]
20242,20935097,[5407915.0]
20243,20935130,[671901.0]
20244,20935599,[4720363.0]
20245,20937377,[4530760.0]
20246,20937791,[6422993.0]
20247,20940832,[1228468.0]
20248,20941198,"[816561.0, 946615.0]"
20249,20943650,[5321667.0]
20250,20945093,"[5780686.0, 2917920.0, 2978188.0]"
20251,20945146,[38550.0]
20252,20946046,[7913325.0]
20253,20946333,[5890982.0]
20254,20946405,[5303332.0]
20255,20947360,[1238111.0]
20256,20948348,[71688.0]
20257,20949421,[7915669.0]
20258,20949446,[3178457.0]
20259,20949447,[6928196.0]
20260,20949471,[27209.0]
20261,20949486,[6999638.0]
20262,20949514,[1188608.0]
20263,20949528,[1014374.0]
20264,20949596,[3107898.0]
20265,20957152,[363130.0]
20266,20957444,"[21748.0, 2146135.0]"
20267,20958632,[25422.0]
20268,20958865,[6653864.0]
20269,20959395,"[4684322.0, 3124176.0]"
20270,20959422,"[4684322.0, 3124176.0]"
20271,20968174,[7176787.0]
20272,20971472,[3502.0]
20273,20972951,"[26897.0, 2937325.0]"
20274,20980648,[2891665.0]
20275,20980662,"[1443712.0, 6672327.0]"
20276,20980663,[3399559.0]
20277,20980667,[2924955.0]
20278,20980680,[8660.0]
20279,20980941,[7314537.0]
20280,20983362,[2973783.0]
20281,20983366,[2973783.0]
20282,20987118,[4181354.0]
20283,20989321,[4655152.0]
20284,20995607,[7165513.0]
20285,20996178,[6889514.0]
20286,21000786,[7940084.0]
20287,21010919,[87306.0]
20288,21017636,[4475715.0]
20289,21025373,"[38809.0, 2525338.0]"
20290,21028440,"[148470.0, 3929150.0]"
20291,21030057,[1951011.0]
20292,21032488,[108424.0]
20293,21043488,[815.0]
20294,21051717,[7776786.0]
20295,21061684,"[2895706.0, 2895707.0]"
20296,21066604,[276660.0]
20297,21066968,[9550.0]
20298,21072991,[4721536.0]
20299,21075386,[6466778.0]
20300,21076207,[3849415.0]
20301,21082129,[15872.0]
20302,21087134,[88506.0]
20303,21089449,[1938234.0]
20304,21093828,[137902.0]
20305,21098320,[38550.0]
20306,21100112,[38550.0]
20307,21103678,[363130.0]
20308,21167966,"[105839.0, 271200.0]"
20309,21186045,[4126827.0]
20310,21192477,[5295120.0]
20311,21222820,[330393.0]
20312,21243216,[3508219.0]
20313,21292484,[7278389.0]
20314,21298206,[1563059.0]
20315,21341548,[4575289.0]
20316,21345051,[25422.0]
20317,21352088,[150038.0]
20318,21393526,[144323.0]
20319,21396155,[5625945.0]
20320,21399241,[771.0]
20321,21402324,[7775152.0]
20322,21402784,[5822465.0]
20323,21404683,[5014564.0]
20324,21404888,[7054485.0]
20325,21406652,[3409936.0]
20326,21410653,"[8033763.0, 16639937.0]"
20327,21411388,[38550.0]
20328,21411978,"[7382047.0, 7382048.0, 8034909.0]"
20329,21411991,[153732.0]
20330,21412009,[41202.0]
20331,21412051,[4715088.0]
20332,21412133,[3912.0]
20333,21412146,"[193300.0, 11762.0]"
20334,21412152,[57980.0]
20335,21412282,[375143.0]
20336,21412311,[4757071.0]
20337,21412475,[4715088.0]
20338,21412504,[4698899.0]
20339,21412673,[7577.0]
20340,21415815,[1857564.0]
20341,21416483,[150038.0]
20342,21416669,[8037470.0]
20343,21416690,[119888.0]
20344,21417201,[4794993.0]
20345,21420065,[8038673.0]
20346,21421126,[146655.0]
20347,21421460,[6517970.0]
20348,21421609,[8039839.0]
20349,21422053,[7212406.0]
20350,21422225,[7152490.0]
20351,21424278,[7205593.0]
20352,21424761,[6540057.0]
20353,21428915,[5295294.0]
20354,21432372,"[131337.0, 108173.0, 1221698.0, 58971.0, 8694.0, 128570.0, 38550.0, 8988.0, 2957979.0, 466494.0, 376166.0, 48355.0, 207729.0, 167606.0, 4037369.0, 4798562.0, 735531.0, 3001246.0, 2917920.0, 1145041.0, 3149946.0, 162930.0, 4022202.0, 327493.0, 4538187.0, 470587.0, 2847546.0, 490342.0, 4394928.0, 38313.0, 1207458.0, 5837768.0, 91717.0]"
20355,21456821,[34049.0]
20356,21457212,[6104410.0]
20357,21457243,[26897.0]
20358,21457923,[5825760.0]
20359,21462130,[6519682.0]
20360,21462947,[7855471.0]
20361,21463865,[2759153.0]
20362,21465178,[6583988.0]
20363,21466236,[6860531.0]
20364,21469054,[4684322.0]
20365,21469060,[1238111.0]
20366,21469064,[355175.0]
20367,21469076,"[125984.0, 202254.0]"
20368,21469082,[4610401.0]
20369,21469090,"[298438.0, 25355.0]"
20370,21469109,[6923638.0]
20371,21469136,[1238111.0]
20372,21470669,[6552441.0]
20373,21471657,[102987.0]
20374,21472120,[102987.0]
20375,21473404,[15872.0]
20376,21473811,[739875.0]
20377,21474959,"[15872.0, 6537090.0]"
20378,21479290,[363130.0]
20379,21479322,[8061325.0]
20380,21480819,[6472959.0]
20381,21480854,[7581.0]
20382,21480933,[3399330.0]
20383,21481566,[2917917.0]
20384,21483054,"[144323.0, 4098207.0]"
20385,21483545,[8062911.0]
20386,21483760,[7044164.0]
20387,21487693,"[728092.0, 4698899.0, 13480257.0]"
20388,21488061,[457300.0]
20389,21496342,[8023747.0]
20390,21496755,[6538289.0]
20391,21509333,[41942.0]
20392,21518344,[7246482.0]
20393,21518594,[6899829.0]
20394,21518799,[6543837.0]
20395,21519284,[6542620.0]
20396,21519379,[5828387.0]
20397,21519817,"[25422.0, 150038.0]"
20398,21520932,[10359.0]
20399,21523030,[71688.0]
20400,21523103,[1077326.0]
20401,21523444,[4721318.0]
20402,21524042,[6549281.0]
20403,21524446,[7418796.0]
20404,21525330,[7462654.0]
20405,21525757,"[375626.0, 1141209.0, 4201.0, 40881.0]"
20406,21528313,[28544.0]
20407,21528366,[346732.0]
20408,21528372,[346732.0]
20409,21528377,[346732.0]
20410,21528380,[346732.0]
20411,21531492,"[346732.0, 12052.0, 142270.0, 24655.0, 14002.0, 222813.0, 3252210.0, 21158.0, 3617.0]"
20412,21532075,[354490.0]
20413,21532109,[567167.0]
20414,21534901,"[1330292.0, 1004238.0]"
20415,21535271,"[108424.0, 4173628.0]"
20416,21535284,[40881.0]
20417,21538202,[9355.0]
20418,21538215,[1691206.0]
20419,21538656,[6863455.0]
20420,21541794,[7045055.0]
20421,21544228,"[5365396.0, 314367.0, 4198583.0]"
20422,21544276,"[440975.0, 7313627.0, 5397013.0, 17303138.0, 185594.0]"
20423,21544670,"[1040132.0, 2925501.0, 4401700.0]"
20424,21558275,[8084320.0]
20425,21558972,[6535367.0]
20426,21560619,"[33919.0, 899110.0]"
20427,21562651,[3396842.0]
20428,21566652,[7084186.0]
20429,21569527,[123463.0]
20430,21570066,[317741.0]
20431,21570389,[1330292.0]
20432,21635564,[7898495.0]
20433,21636649,[2962410.0]
20434,21691788,"[21748.0, 2146135.0]"
20435,21793259,[3857639.0]
20436,21793439,[7791997.0]
20437,21793828,[7334288.0]
20438,21795840,[8107261.0]
20439,21796750,[2919140.0]
20440,21796912,[8109273.0]
20441,21798470,[8108129.0]
20442,21800397,[1370283.0]
20443,21801144,"[6474348.0, 4132657.0]"
20444,21801491,"[7022844.0, 8109021.0]"
20445,21805265,[6564325.0]
20446,21806047,[5424286.0]
20447,21806369,[6540633.0]
20448,21806405,[8111038.0]
20449,21806455,[8111053.0]
20450,21806701,[2860219.0]
20451,21813327,"[4175419.0, 334840.0]"
20452,21813338,"[131337.0, 9018.0, 1221698.0, 6919077.0, 96300.0, 58971.0, 72451.0, 8988.0, 1443712.0]"
20453,21816324,"[1221698.0, 5122.0]"
20454,21816737,"[5989.0, 218908.0]"
20455,21820919,[121364.0]
20456,21825398,[7190903.0]
20457,21826050,[6904400.0]
20458,21839074,[7062570.0]
20459,21840424,[88609.0]
20460,21840448,[133838.0]
20461,21842237,[4134859.0]
20462,21843165,[8119768.0]
20463,21843217,[8119789.0]
20464,21844932,[5785692.0]
20465,21845139,[4824985.0]
20466,21845757,[4097555.0]
20467,21847375,"[38550.0, 748787.0]"
20468,21849253,[5808037.0]
20469,21851568,[7091823.0]
20470,21851572,[7091823.0]
20471,21853321,[324620.0]
20472,21853633,[566874.0]
20473,21853637,[1106214.0]
20474,21853753,[8123145.0]
20475,21853774,[7190350.0]
20476,21854696,[6439448.0]
20477,21855285,[5758692.0]
20478,21855894,[2880618.0]
20479,21857321,[2357.0]
20480,21857371,[246753.0]
20481,21857389,"[71688.0, 21748.0, 336058.0, 8125324.0]"
20482,21857517,[6522075.0]
20483,21857530,[6522075.0]
20484,21857722,[6522075.0]
20485,21857935,[6572571.0]
20486,21858453,[1370283.0]
20487,21858682,[4430.0]
20488,21859656,[8126382.0]
20489,21863903,"[4005010.0, 14454.0, 6569623.0, 6863587.0, 31321.0, 78024.0, 5754196.0, 4175397.0, 3122955.0, 13557729.0]"
20490,21867533,[5332306.0]
20491,21870140,[3305386.0]
20492,21870817,[7012437.0]
20493,21870863,[790143.0]
20494,21872436,[7262875.0]
20495,21873092,[32401.0]
20496,21874581,[6868809.0]
20497,21874620,[6868809.0]
20498,21874627,[6868809.0]
20499,21878763,[7949493.0]
20500,21881932,[7278507.0]
20501,21882134,[8347.0]
20502,21887138,[1654.0]
20503,21888427,[9494.0]
20504,21890414,[7125700.0]
20505,21890857,[7210024.0]
20506,21893582,[6751095.0]
20507,21894650,[6889132.0]
20508,21895852,[7202532.0]
20509,21896322,[8137290.0]
20510,21897519,[4768263.0]
20511,21898304,[421434.0]
20512,21898402,[2300692.0]
20513,21898414,[2300692.0]
20514,21900138,[7026053.0]
20515,21900558,[24978.0]
20516,21901453,[4575289.0]
20517,21905699,[4153170.0]
20518,21911337,[5309409.0]
20519,21911686,"[272922.0, 3525857.0]"
20520,21911707,[20248.0]
20521,21911709,[2924930.0]
20522,21912226,[8144249.0]
20523,21912247,[3219496.0]
20524,21915526,[825592.0]
20525,21917866,[1141209.0]
20526,21920669,[4637539.0]
20527,21920688,"[1221698.0, 11306.0]"
20528,21920692,[88506.0]
20529,21927520,[2843991.0]
20530,21929537,[4483617.0]
20531,21929539,[4606484.0]
20532,21935308,[5829989.0]
20533,21936742,[5014564.0]
20534,21936862,[24978.0]
20535,21936988,[8152069.0]
20536,21937130,[150038.0]
20537,21937258,[21701.0]
20538,21939105,[4851250.0]
20539,21939160,[5244611.0]
20540,21939269,"[324620.0, 2899437.0]"
20541,21939665,"[8153103.0, 7216269.0]"
20542,21940131,"[3433047.0, 13615251.0]"
20543,21941910,[387792.0]
20544,21942107,[5047249.0]
20545,21942230,[5822331.0]
20546,21944038,[4430.0]
20547,21944665,[5294594.0]
20548,21944884,[1304470.0]
20549,21947239,[2961134.0]
20550,21947629,[7765793.0]
20551,21950253,"[25052.0, 2925860.0, 123040.0, 930100.0, 5442759.0]"
20552,21950952,[5172000.0]
20553,21954756,[8158527.0]
20554,21956219,[25307.0]
20555,21957948,[8159417.0]
20556,21964532,[5726831.0]
20557,21964735,[88506.0]
20558,21965074,[38550.0]
20559,21965714,[3100170.0]
20560,21969455,[4814975.0]
20561,21972431,[7202492.0]
20562,21976510,[6858934.0]
20563,21979832,[8167946.0]
20564,21981650,"[2938140.0, 2938141.0, 5282421.0, 41878.0]"
20565,21984238,[917335.0]
20566,21991206,[421434.0]
20567,21996356,"[32638.0, 7772196.0]"
20568,21996359,[114528.0]
20569,22005757,[7712730.0]
20570,22005854,[6903785.0]
20571,22008590,[375626.0]
20572,22008761,[6570694.0]
20573,22009092,"[7176787.0, 9756331.0]"
20574,22009866,[8178159.0]
20575,22011941,[4824985.0]
20576,22016387,[25307.0]
20577,22016392,[25307.0]
20578,22019756,[5804086.0]
20579,22020023,[6477522.0]
20580,22031465,"[17061.0, 5445059.0]"
20581,22032577,[8196241.0]
20582,22033356,[8185856.0]
20583,22037377,[1077326.0]
20584,22037439,[1077326.0]
20585,22037456,[1077326.0]
20586,22037471,[1077326.0]
20587,22037483,[1077326.0]
20588,22041005,[8159090.0]
20589,22041733,[885393.0]
20590,22042095,[6938728.0]
20591,22042788,[64364.0]
20592,22043566,[6268.0]
20593,22046472,[2909019.0]
20594,22046835,[5865943.0]
20595,22046891,[4430.0]
20596,22046915,[8118497.0]
20597,22050367,[4181354.0]
20598,22051429,[7323620.0]
20599,22053393,[7302140.0]
20600,22053658,[165168.0]
20601,22055262,"[7168230.0, 3099544.0]"
20602,22055276,[107170.0]
20603,22055280,[7086094.0]
20604,22055283,[276660.0]
20605,22055287,[326992.0]
20606,22055289,[182452.0]
20607,22055587,[2958515.0]
20608,22057201,[137902.0]
20609,22059478,[4414255.0]
20610,22060868,[4464118.0]
20611,22062202,[26897.0]
20612,22062213,[26897.0]
20613,22062259,[3074905.0]
20614,22065067,[644355.0]
20615,22067146,[6886454.0]
20616,22068123,"[106.0, 708623.0]"
20617,22069799,[7212275.0]
20618,22070198,[52752.0]
20619,22070838,[7060225.0]
20620,22070953,[6981392.0]
20621,22072083,[6861881.0]
20622,22074449,[798587.0]
20623,22077977,[47104.0]
20624,22081680,[7077654.0]
20625,22086881,[7022586.0]
20626,22087268,[3406550.0]
20627,22088071,[4348137.0]
20628,22090434,[4747895.0]
20629,22091081,"[746724.0, 753637.0]"
20630,22094961,[4499623.0]
20631,22095547,[2471183.0]
20632,22105019,[8203542.0]
20633,22108627,[7375007.0]
20634,22111277,[150038.0]
20635,22117059,[5764543.0]
20636,22125258,[24902.0]
20637,22129146,"[8835.0, 58223.0]"
20638,22129829,[4990135.0]
20639,22130074,[1145041.0]
20640,22138440,[6549285.0]
20641,22147185,"[10746.0, 169487.0]"
20642,22151672,[6268.0]
20643,22151847,[6268.0]
20644,22152434,[6268.0]
20645,22152502,[6268.0]
20646,22162129,[8660.0]
20647,22172449,[8224630.0]
20648,22179446,[5877921.0]
20649,22180790,[6912725.0]
20650,22181319,"[410598.0, 33919.0]"
20651,22181606,[3565.0]
20652,22206705,[25268.0]
20653,22206715,[903992.0]
20654,22208238,[3780.0]
20655,22208252,[7539408.0]
20656,22208277,"[4715088.0, 7371733.0]"
20657,22209539,[8241647.0]
20658,22215757,"[10303.0, 10181.0, 2831771.0]"
20659,22215760,[3099544.0]
20660,22219679,"[20512.0, 331596.0, 26797.0, 16213.0, 288043.0]"
20661,22219680,"[20512.0, 331596.0, 26797.0, 26798.0, 4087657.0]"
20662,22219681,"[5251086.0, 50802.0]"
20663,22219682,"[50802.0, 26797.0, 17370.0]"
20664,22233104,[31425.0]
20665,22236535,[8247794.0]
20666,22237141,"[39839.0, 296516.0]"
20667,22237392,[8271002.0]
20668,22238140,[1957584.0]
20669,22238148,[105839.0]
20670,22238158,[7168230.0]
20671,22238165,[226035.0]
20672,22238181,[108173.0]
20673,22238188,"[46138.0, 64107.0, 3036325.0, 2868678.0, 107744.0, 3400079.0, 37557.0, 4022202.0, 19305.0, 3524.0, 765702.0, 27841.0, 289314.0, 59165.0, 2860219.0, 8988.0, 96300.0, 7083555.0]"
20674,22238192,[1343790.0]
20675,22238194,[8248285.0]
20676,22238200,[4489560.0]
20677,22238209,[1301649.0]
20678,22238689,[1351375.0]
20679,22246544,[4830336.0]
20680,22246684,[5360266.0]
20681,22246717,[5360266.0]
20682,22246738,[5360266.0]
20683,22291630,[10087.0]
20684,22291642,[423163.0]
20685,22292967,[3486225.0]
20686,22293224,[7754966.0]
20687,22293525,[1141209.0]
20688,22294478,[6653788.0]
20689,22295304,[5137530.0]
20690,22295362,"[90037.0, 4130469.0]"
20691,22297786,[7881911.0]
20692,22299648,[4124325.0]
20693,22303684,[21748.0]
20694,22308738,"[7074943.0, 6880847.0]"
20695,22310860,[4485813.0]
20696,22313181,[1349820.0]
20697,22313308,[5099194.0]
20698,22313627,[38550.0]
20699,22313641,[1010796.0]
20700,22313756,[365379.0]
20701,22314178,[7210024.0]
20702,22318426,[43697.0]
20703,22318567,[202312.0]
20704,22318573,[2699594.0]
20705,22319080,[7305513.0]
20706,22319819,[3064305.0]
20707,22320446,[6949698.0]
20708,22320471,[5782568.0]
20709,22323656,[6950740.0]
20710,22323658,[6950740.0]
20711,22323659,[374504.0]
20712,22328058,[5828179.0]
20713,22328533,[5228256.0]
20714,22328541,[5761580.0]
20715,22328546,[7074943.0]
20716,22328558,[7074943.0]
20717,22328559,[8266180.0]
20718,22328567,[143659.0]
20719,22341276,[7801879.0]
20720,22341278,[1418226.0]
20721,22342670,[3408349.0]
20722,22350873,"[298438.0, 25355.0]"
20723,22351151,[4750529.0]
20724,22353165,[6543330.0]
20725,22357750,[4119987.0]
20726,22360830,[4401747.0]
20727,22360832,"[14258047.0, 14258048.0, 6526737.0]"
20728,22361859,[7237038.0]
20729,22365476,[6489221.0]
20730,22369377,[6252.0]
20731,22369392,[6252.0]
20732,22369406,[7074943.0]
20733,22369418,[7074943.0]
20734,22370204,[7843051.0]
20735,22370400,[19729.0]
20736,22371104,[8282527.0]
20737,22386002,[17061.0]
20738,22387723,[5424286.0]
20739,22390385,[8344204.0]
20740,22391592,[8287635.0]
20741,22392755,[6166668.0]
20742,22393174,[5137530.0]
20743,22394480,[8288377.0]
20744,22395433,[85545.0]
20745,22395684,[4971535.0]
20746,22401556,[400367.0]
20747,22401692,[7341923.0]
20748,22403015,[5355031.0]
20749,22404103,[7949493.0]
20750,22404710,"[4005010.0, 3149946.0, 7434788.0, 2127171.0, 8291167.0, 25376.0, 1343790.0, 3138686.0, 3122955.0, 3400079.0]"
20751,22428704,[7060641.0]
20752,22428707,[4279785.0]
20753,22429623,[8294212.0]
20754,22429853,[7314532.0]
20755,22430860,[6538289.0]
20756,22432732,"[5149973.0, 9375501.0]"
20757,22433850,[5047249.0]
20758,22434839,[7375708.0]
20759,22436841,[8296035.0]
20760,22441671,[8265278.0]
20761,22443909,"[989897.0, 99790.0]"
20762,22444972,[7579061.0]
20763,22446630,[7184104.0]
20764,22449225,[14097586.0]
20765,22449288,[15872.0]
20766,22449299,[15872.0]
20767,22449393,[8299478.0]
20768,22449471,[7204487.0]
20769,22450745,[41032.0]
20770,22453253,[5321960.0]
20771,22456224,[15872.0]
20772,22456248,[15872.0]
20773,22456292,[15872.0]
20774,22456909,[5398571.0]
20775,22460416,"[6579126.0, 460870.0, 1000381.0]"
20776,22463760,[2809894.0]
20777,22464760,[8303764.0]
20778,22465163,[7152490.0]
20779,22465605,[2261547.0]
20780,22465726,[4103366.0]
20781,22465896,[8304331.0]
20782,22466070,[1349820.0]
20783,22475352,[7349685.0]
20784,22475781,[65137.0]
20785,22481409,[2960227.0]
20786,22488031,[271685.0]
20787,22489107,[4684322.0]
20788,22489597,[4684322.0]
20789,22490206,[13508694.0]
20790,22491026,[6441452.0]
20791,22494087,[4559822.0]
20792,22499730,[8073042.0]
20793,22500587,[7380291.0]
20794,22500627,[1221698.0]
20795,22504626,[8936025.0]
20796,22504680,"[989897.0, 99790.0]"
20797,22504696,[165105.0]
20798,22504699,[190887.0]
20799,22504700,[639491.0]
20800,22504710,[36276.0]
20801,22518400,[10896.0]
20802,22521580,[7314532.0]
20803,22521588,[2261547.0]
20804,22522080,[74488.0]
20805,22522805,[4280.0]
20806,22522808,[1221698.0]
20807,22522818,"[1654.0, 6870042.0]"
20808,22527615,[8185159.0]
20809,22529349,[49177.0]
20810,22529351,[3433047.0]
20811,22529357,[272814.0]
20812,22529360,[49177.0]
20813,22535408,[4575289.0]
20814,22535463,[5990137.0]
20815,22535481,[7093630.0]
20816,22535531,[4423580.0]
20817,22536182,[4280.0]
20818,22536448,[8152069.0]
20819,22537667,[7087082.0]
20820,22537705,[3508219.0]
20821,22537729,[3486415.0]
20822,22540205,[5777997.0]
20823,22540275,"[7263444.0, 2789848.0]"
20824,22540276,[6244.0]
20825,22543639,[1731936.0]
20826,22543648,[6988.0]
20827,22543948,[3017135.0]
20828,22544040,[202807.0]
20829,22544135,"[4684322.0, 3124176.0]"
20830,22544764,[8730.0]
20831,22544926,[4632661.0]
20832,22545870,"[1330292.0, 737890.0, 6080025.0]"
20833,22546129,[767547.0]
20834,22546577,[7267262.0]
20835,22546584,[4337106.0]
20836,22549202,"[5008815.0, 7191652.0]"
20837,22550398,[2503028.0]
20838,22550717,[8328543.0]
20839,22551747,"[14199.0, 9748.0]"
20840,22553536,"[2988406.0, 1411091.0]"
20841,22553542,"[7341024.0, 4617746.0]"
20842,22557301,[367994.0]
20843,22559561,[6982197.0]
20844,22559712,[4430.0]
20845,22559726,[4430.0]
20846,22561320,[4796263.0]
20847,22561347,"[4684322.0, 3124176.0]"
20848,22561350,[4476934.0]
20849,22561351,[4684322.0]
20850,22565395,"[1221698.0, 5122.0]"
20851,22567177,[8649.0]
20852,22567184,[8649.0]
20853,22568155,[7138546.0]
20854,22570746,[1654.0]
20855,22570785,[276660.0]
20856,22571272,[3251728.0]
20857,22571273,[3267859.0]
20858,22571276,[8333823.0]
20859,22571365,[5295120.0]
20860,22571583,[20248.0]
20861,22571663,[4349837.0]
20862,22571670,[2614.0]
20863,22571699,[40563.0]
20864,22571737,"[4550789.0, 2074749.0, 15620.0]"
20865,22583008,"[5976337.0, 3118938.0]"
20866,22583888,[4106197.0]
20867,22584190,"[276660.0, 623693.0]"
20868,22584966,[8337289.0]
20869,22584974,[234115.0]
20870,22585896,[7105753.0]
20871,22586252,[6549285.0]
20872,22586972,[7391763.0]
20873,22586973,[7391763.0]
20874,22587685,[8158527.0]
20875,22587911,[8338174.0]
20876,22589085,"[7717.0, 64537.0]"
20877,22590207,[6564906.0]
20878,22594209,[143445.0]
20879,22595728,[5047249.0]
20880,22595737,[5047249.0]
20881,22596109,"[852078.0, 7210703.0]"
20882,22596135,[4180775.0]
20883,22598406,[234253.0]
20884,22608400,[7351593.0]
20885,22608767,"[1359944.0, 13739218.0]"
20886,22609112,"[3091065.0, 1411091.0]"
20887,22609198,"[4831360.0, 1733780.0]"
20888,22609306,[4088550.0]
20889,22609309,[2103666.0]
20890,22609356,[8344204.0]
20891,22609559,"[7382047.0, 7382048.0, 8034909.0]"
20892,22609606,[645812.0]
20893,22610732,[4575289.0]
20894,22611561,[923789.0]
20895,22613067,[5387551.0]
20896,22617086,[8066295.0]
20897,22618338,[4106197.0]
20898,22618934,"[3415820.0, 1346653.0]"
20899,22619514,[408766.0]
20900,22621765,[6569197.0]
20901,22632889,[13652.0]
20902,22633363,[1332605.0]
20903,22633620,"[21911.0, 140566.0]"
20904,22635765,[8352985.0]
20905,22635844,[7307458.0]
20906,22635871,"[27498.0, 3082297.0]"
20907,22639535,[5444060.0]
20908,22662559,[6968144.0]
20909,22663629,[6863587.0]
20910,22665244,[5295294.0]
20911,22665330,[2740668.0]
20912,22665494,[7031278.0]
20913,22667437,[8338174.0]
20914,22667736,[221253.0]
20915,22668541,[7010202.0]
20916,22668720,[6429303.0]
20917,22668736,[28569.0]
20918,22668749,[78736.0]
20919,22668755,[7179557.0]
20920,22668768,[17061.0]
20921,22668771,[7798544.0]
20922,22668785,[136127.0]
20923,22668802,[26897.0]
20924,22668811,[40563.0]
20925,22668812,[21748.0]
20926,22671541,[7303977.0]
20927,22673038,[38550.0]
20928,22673361,[5560488.0]
20929,22675091,"[4.0, 64464.0]"
20930,22675924,[15872.0]
20931,22675928,[6244.0]
20932,22675931,"[8367936.0, 3402430.0]"
20933,22676443,[105805.0]
20934,22678141,[4519247.0]
20935,22678827,[7073461.0]
20936,22692312,[7264000.0]
20937,22693143,"[27498.0, 610353.0]"
20938,22693149,[780120.0]
20939,22693160,[5833183.0]
20940,22693181,[6474354.0]
20941,22693307,[7305254.0]
20942,22694784,[64364.0]
20943,22698037,[1304470.0]
20944,22698568,[6953956.0]
20945,22699416,[300145.0]
20946,22701387,"[5329496.0, 4025591.0, 1067608.0, 293603.0, 10746.0, 15292.0, 2895706.0, 27206.0, 2742182.0, 5989.0, 6573134.0]"
20947,22702552,[8380350.0]
20948,22703456,[8347.0]
20949,22703968,[6520834.0]
20950,22704922,[4181354.0]
20951,22705139,[8381085.0]
20952,22706570,[4280.0]
20953,22715908,[580315.0]
20954,22716079,[4101698.0]
20955,22716886,[8124757.0]
20956,22717666,"[7044164.0, 2978188.0]"
20957,22718687,"[4351137.0, 5207982.0]"
20958,22718709,"[8414750.0, 9874002.0]"
20959,22718716,[62233.0]
20960,22718724,[5825979.0]
20961,22718726,[2958157.0]
20962,22718732,[731371.0]
20963,22718738,[7124792.0]
20964,22718758,[144690.0]
20965,22718798,[123463.0]
20966,22718800,[4575289.0]
20967,22718814,[7979840.0]
20968,22718822,[4154802.0]
20969,22719550,[4430.0]
20970,22724958,[5309409.0]
20971,22725149,[4106197.0]
20972,22725150,[4106197.0]
20973,22725791,[7849640.0]
20974,22725828,[4052093.0]
20975,22726660,[4558016.0]
20976,22728670,"[15872.0, 14920.0]"
20977,22730614,[2769036.0]
20978,22730709,[2769036.0]
20979,22730712,[2769036.0]
20980,22731901,[7704723.0]
20981,22733612,[5875014.0]
20982,22733616,[5265998.0]
20983,22733969,[8190719.0]
20984,22735855,[6569623.0]
20985,22739196,[8391100.0]
20986,22739835,[108424.0]
20987,22740195,"[346732.0, 6952853.0, 5813075.0]"
20988,22740196,[15872.0]
20989,22740435,[240840.0]
20990,22743827,[8180684.0]
20991,22747749,[6448210.0]
20992,22747768,"[6448210.0, 280891.0]"
20993,22747808,[280714.0]
20994,22747824,[93726.0]
20995,22747919,[1023510.0]
20996,22748133,[123463.0]
20997,22749511,[8178240.0]
20998,22749522,[3267859.0]
20999,22749695,[4239539.0]
21000,22749698,[5351849.0]
21001,22749748,[8393969.0]
21002,22749788,[65335.0]
21003,22750066,[6226487.0]
21004,22750124,[87305.0]
21005,22752442,[33919.0]
21006,22753658,[2995873.0]
21007,22753787,[8394925.0]
21008,22754818,[5784430.0]
21009,22756074,[16625.0]
21010,22756712,[1405152.0]
21011,22758617,[25307.0]
21012,22774988,[6441917.0]
21013,22780816,[1556719.0]
21014,22787410,[6875729.0]
21015,22789111,"[7581.0, 2104168.0, 4870718.0]"
21016,22797391,[15872.0]
21017,22797672,[8288688.0]
21018,22798836,"[2895706.0, 2895707.0]"
21019,22798853,[8199394.0]
21020,22802281,[5762464.0]
21021,22809783,[5047249.0]
21022,22812019,[49177.0]
21023,22813444,[5805455.0]
21024,22817456,[639491.0]
21025,22819449,[4575289.0]
21026,22819674,[6558842.0]
21027,22819890,[8417690.0]
21028,22820624,"[6540057.0, 6478373.0]"
21029,22823221,[5359218.0]
21030,22823730,"[21748.0, 2146135.0]"
21031,22824383,[4154802.0]
21032,22824590,[4388953.0]
21033,22824819,[6535659.0]
21034,22829692,[7843051.0]
21035,22833921,[8192911.0]
21036,22837755,[344352.0]
21037,22838025,[137902.0]
21038,22838892,[8421671.0]
21039,22839466,[6473496.0]
21040,22839894,[3433047.0]
21041,22840398,[386042.0]
21042,22841994,[1077326.0]
21043,22841998,[1077326.0]
21044,22842001,[1077326.0]
21045,22844191,[1077326.0]
21046,22844196,[1077326.0]
21047,22844202,[1077326.0]
21048,22844208,[1077326.0]
21049,22845353,[8423109.0]
21050,22847838,[4888434.0]
21051,22851464,[7180813.0]
21052,22852803,[8425246.0]
21053,22856146,[95190.0]
21054,22859559,[207080.0]
21055,22859777,[114283.0]
21056,22859781,[10746.0]
21057,22859784,[3174636.0]
21058,22859788,[1375697.0]
21059,22859804,"[40881.0, 4149342.0, 4400405.0, 4245438.0]"
21060,22859817,[40881.0]
21061,22859852,[2909900.0]
21062,22864523,[5014564.0]
21063,22864838,[5348132.0]
21064,22864842,[6953956.0]
21065,22864855,[468149.0]
21066,22873044,"[7848979.0, 13851929.0]"
21067,22875082,[5529995.0]
21068,22875083,[14039683.0]
21069,22875122,[2809894.0]
21070,22875435,[215907.0]
21071,22875438,[8431080.0]
21072,22877346,[3159299.0]
21073,22878066,[71688.0]
21074,22878281,[8340223.0]
21075,22878833,[106.0]
21076,22878967,[8427407.0]
21077,22879326,[495656.0]
21078,22880946,[8432568.0]
21079,22882069,[7940084.0]
21080,22883474,"[142270.0, 15011468.0]"
21081,22884860,[2923539.0]
21082,22886868,[1654.0]
21083,22887589,[38550.0]
21084,22887640,[38550.0]
21085,22888006,[15872.0]
21086,22888714,"[268722.0, 8435087.0]"
21087,22889758,"[13557729.0, 346732.0]"
21088,22889834,[1657883.0]
21089,22889912,[73097.0]
21090,22890630,[4443809.0]
21091,22890979,[5345100.0]
21092,22891402,[48190.0]
21093,22891407,[1014374.0]
21094,22891495,[4400405.0]
21095,22891924,[7091425.0]
21096,22892113,[150038.0]
21097,22893141,[6517970.0]
21098,22895268,"[3849415.0, 2580449.0]"
21099,22896545,[8427891.0]
21100,22906853,[38550.0]
21101,22908506,"[1023510.0, 3440476.0, 37075.0, 8331566.0, 254803.0, 614908.0, 3347337.0, 8442721.0, 1830665.0, 8467947.0, 136367.0, 8442734.0, 6890515.0]"
21102,22908923,[4476934.0]
21103,22909812,[4116488.0]
21104,22909838,[4116488.0]
21105,22910900,[370361.0]
21106,22911299,[21701.0]
21107,22911719,"[5430378.0, 2877033.0]"
21108,22914781,[3433047.0]
21109,22915617,[3180076.0]
21110,22916532,[5785692.0]
21111,22922172,"[21911.0, 140566.0]"
21112,22922356,[4175419.0]
21113,22922375,[3080608.0]
21114,22924235,[7212275.0]
21115,22926502,"[57858.0, 1656.0]"
21116,22926518,[6914215.0]
21117,22928738,"[6574449.0, 2973240.0]"
21118,22929080,[445303.0]
21119,22929092,[4308706.0]
21120,22929489,[17060.0]
21121,22929540,[359109.0]
21122,22929547,[8446648.0]
21123,22929563,[8446650.0]
21124,22929592,[1095066.0]
21125,22929613,[767317.0]
21126,22934445,[6474354.0]
21127,22934483,[143659.0]
21128,22935767,[3381686.0]
21129,22978079,[1330292.0]
21130,22980192,"[13499400.0, 13016630.0, 247692.0]"
21131,22992234,"[375626.0, 3425403.0]"
21132,22999863,[7210024.0]
21133,23000230,[96017.0]
21134,23000308,[8471086.0]
21135,23004731,[2918424.0]
21136,23005253,[8073356.0]
21137,23005844,[1258535.0]
21138,23006119,[4575289.0]
21139,23006161,[7581.0]
21140,23007024,[38066.0]
21141,23007306,[7797304.0]
21142,23010073,[15872.0]
21143,23010560,[1228468.0]
21144,23010561,[1228468.0]
21145,23011732,[3942561.0]
21146,23012473,[13974.0]
21147,23012480,"[2384.0, 385327.0]"
21148,23012481,[4565834.0]
21149,23012503,[13557732.0]
21150,23012627,[5571.0]
21151,23012630,"[56328.0, 56327.0]"
21152,23013327,[200052.0]
21153,23013689,"[8475418.0, 153013.0]"
21154,23013884,[1405152.0]
21155,23013966,[8475480.0]
21156,23014001,[8310517.0]
21157,23014376,[7760963.0]
21158,23014577,[17060.0]
21159,23014579,[17060.0]
21160,23014619,[100764.0]
21161,23014674,[10366.0]
21162,23014676,[5778486.0]
21163,23014712,[5323170.0]
21164,23014760,[7046918.0]
21165,23014836,[7770772.0]
21166,23014840,[4615084.0]
21167,23014879,[1106214.0]
21168,23015062,"[5816392.0, 5751572.0, 5822521.0, 7374346.0, 6505947.0]"
21169,23015589,[4446076.0]
21170,23015970,[4800378.0]
21171,23017818,[2060858.0]
21172,23019001,[25307.0]
21173,23045644,[6575108.0]
21174,23058600,[7190280.0]
21175,23067007,[6637181.0]
21176,23068265,[5186274.0]
21177,23109999,[8504368.0]
21178,23110070,[7307477.0]
21179,23119473,[4156441.0]
21180,23124916,[4188120.0]
21181,23126362,[7907957.0]
21182,23126606,[8509945.0]
21183,23127048,[8306309.0]
21184,23127782,[1141209.0]
21185,23128304,"[3354.0, 7353265.0]"
21186,23128750,[3901024.0]
21187,23129080,[6535608.0]
21188,23129323,[4506281.0]
21189,23129410,"[2559520.0, 4532873.0]"
21190,23129684,[9550.0]
21191,23129755,[3370128.0]
21192,23129985,[8511661.0]
21193,23130269,[2844043.0]
21194,23131075,"[1221698.0, 12537.0, 6547885.0]"
21195,23137330,[16143.0]
21196,23137382,"[203762.0, 10746.0, 506641.0, 617155.0]"
21197,23146549,[7770873.0]
21198,23150640,[41942.0]
21199,23150980,[2917423.0]
21200,23151530,[7339930.0]
21201,23153020,[833687.0]
21202,23154785,[8794.0]
21203,23156034,[8106692.0]
21204,23156152,[7734306.0]
21205,23156342,"[2915870.0, 13026.0, 2851725.0, 246590.0, 32916.0, 3399559.0, 2669754.0, 5898355.0, 43784.0, 32912.0, 7047591.0, 4106222.0, 4721536.0, 3020406.0, 27148.0, 1362876.0, 3406.0, 1014253.0, 88609.0, 5804101.0, 11216890.0, 38.0, 4737243.0, 4161354.0, 2915851.0, 833164.0, 2063919.0, 639491.0, 7259172.0]"
21206,23157777,[25307.0]
21207,23158400,[8525827.0]
21208,23160575,[7690616.0]
21209,23162817,[5808037.0]
21210,23163065,[4721536.0]
21211,23163610,[3084816.0]
21212,23164819,[150038.0]
21213,23164910,[33505.0]
21214,23164983,[3046613.0]
21215,23165006,[12068522.0]
21216,23165218,[551497.0]
21217,23167722,"[8074855.0, 753637.0]"
21218,23167761,[4722094.0]
21219,23168406,[2995873.0]
21220,23168743,[57461.0]
21221,23168747,[1362876.0]
21222,23168762,[107170.0]
21223,23168765,[5145808.0]
21224,23168788,[8531097.0]
21225,23168796,"[4245017.0, 2735290.0]"
21226,23168805,[3312940.0]
21227,23168806,[2731809.0]
21228,23168813,[5029662.0]
21229,23168815,[644349.0]
21230,23168830,[3405346.0]
21231,23168833,[3016197.0]
21232,23168836,[6472264.0]
21233,23173254,[4705142.0]
21234,23173457,"[4005010.0, 78024.0, 7106859.0, 173493.0, 6476065.0, 2917920.0, 39304.0, 176807.0, 27167.0, 4447138.0, 6563092.0]"
21235,23174274,[7074943.0]
21236,23175859,[7307477.0]
21237,23178793,[6543639.0]
21238,23182764,[5066179.0]
21239,23197281,[135707.0]
21240,23197290,[7539408.0]
21241,23197296,[415731.0]
21242,23197321,"[8122326.0, 8544583.0]"
21243,23197325,"[9640322.0, 13794825.0]"
21244,23197326,"[9640322.0, 7123169.0]"
21245,23197491,[4876604.0]
21246,23197608,[36346.0]
21247,23197620,[21911.0]
21248,23197837,[7359319.0]
21249,23197845,[4911639.0]
21250,23198675,[8546485.0]
21251,23199314,[2839407.0]
21252,23200514,[8546572.0]
21253,23200621,[25307.0]
21254,23203101,[108424.0]
21255,23203252,[6916708.0]
21256,23204200,[685776.0]
21257,23206075,[5284782.0]
21258,23208665,[256775.0]
21259,23208777,[4343092.0]
21260,23209670,[7390210.0]
21261,23209942,[716094.0]
21262,23210033,"[13467007.0, 13536220.0]"
21263,23211020,[16218.0]
21264,23212705,"[6538289.0, 2547175.0, 6007140.0, 3462055.0, 358889.0, 836953.0, 1271336.0]"
21265,23213197,[6950818.0]
21266,23214380,[30819.0]
21267,23214381,[4101698.0]
21268,23214393,[18445.0]
21269,23214396,[18445.0]
21270,23215464,[24567.0]
21271,23215466,"[5255014.0, 13746479.0]"
21272,23215491,[144323.0]
21273,23216043,[4280.0]
21274,23218581,[8559964.0]
21275,23219020,[5137999.0]
21276,23221260,[4575223.0]
21277,23234901,[4877034.0]
21278,23235530,[2741079.0]
21279,23235777,[6585392.0]
21280,23236648,[121825.0]
21281,23236743,[849723.0]
21282,23245584,[723801.0]
21283,23245593,"[13835294.0, 835348.0, 3484883.0, 4684322.0, 3036304.0, 1238111.0, 4906436.0, 504038.0, 4575289.0, 1164465.0, 1879494.0, 7219195.0, 5241601.0, 6549106.0, 6420147.0]"
21284,23245595,[14454.0]
21285,23246844,[4558309.0]
21286,23247631,[6082927.0]
21287,23248251,[5898355.0]
21288,23249125,[59749.0]
21289,23249649,[7190350.0]
21290,23249950,[8125589.0]
21291,23250725,[891354.0]
21292,23251880,[7855471.0]
21293,23253083,[125308.0]
21294,23253921,[165168.0]
21295,23254391,[6549285.0]
21296,23255448,[7268279.0]
21297,23256474,[8584402.0]
21298,23261150,"[6949698.0, 7033660.0]"
21299,23262675,[4372737.0]
21300,23263425,[8547032.0]
21301,23264671,[4735144.0]
21302,23266329,[5314516.0]
21303,23266425,[7867499.0]
21304,23267242,"[3354.0, 7353265.0]"
21305,23267301,[4480131.0]
21306,23267873,[7577.0]
21307,23268813,[6905660.0]
21308,23269158,[8596977.0]
21309,23271194,"[4731557.0, 8107498.0]"
21310,23274805,[172490.0]
21311,23276983,[1238111.0]
21312,23277557,[481586.0]
21313,23278546,"[7128.0, 5106204.0, 63924.0]"
21314,23278586,[276660.0]
21315,23279104,[6588780.0]
21316,23279496,[5806077.0]
21317,23280198,[4101698.0]
21318,23281612,"[27500.0, 24902.0]"
21319,23281690,[4458590.0]
21320,23281770,[2820569.0]
21321,23281789,[588356.0]
21322,23281886,[4890834.0]
21323,23281892,[36276.0]
21324,23281894,[3849415.0]
21325,23281917,[3178457.0]
21326,23281919,[8016035.0]
21327,23281944,[17061.0]
21328,23281952,"[8623149.0, 266391.0]"
21329,23282139,[876216.0]
21330,23282174,[225038.0]
21331,23282183,[3138620.0]
21332,23282249,[2716954.0]
21333,23282679,[1599723.0]
21334,23285687,[269342.0]
21335,23285716,[5181752.0]
21336,23285831,"[6953956.0, 500666.0]"
21337,23286931,[7770873.0]
21338,23287202,[7035308.0]
21339,23288266,[1100089.0]
21340,23289299,[8633042.0]
21341,23291869,[7359478.0]
21342,23295046,[6092607.0]
21343,23296234,[5351355.0]
21344,23299513,[4864634.0]
21345,23299584,[8649392.0]
21346,23299668,"[2761947.0, 1330292.0]"
21347,23299980,"[25422.0, 150038.0]"
21348,23300336,"[7020231.0, 4476044.0, 4105707.0, 4053647.0]"
21349,23301545,"[1221698.0, 59749.0]"
21350,23302835,[5047249.0]
21351,23302838,[8347.0]
21352,23303089,[8178159.0]
21353,23303508,[5049079.0]
21354,23303672,[33408.0]
21355,23306321,"[346732.0, 1627.0]"
21356,23306734,[8609368.0]
21357,23308084,[4600197.0]
21358,23308087,[4600197.0]
21359,23308727,[2917423.0]
21360,23309529,"[13649251.0, 177466.0]"
21361,23309635,[72451.0]
21362,23309705,[5752145.0]
21363,23309742,[3095890.0]
21364,23309818,[3165706.0]
21365,23309862,[8343775.0]
21366,23310214,"[2761947.0, 1330292.0]"
21367,23310670,[953371.0]
21368,23310689,[3484883.0]
21369,23310718,[3406550.0]
21370,23310722,[7219195.0]
21371,23310749,[837219.0]
21372,23310784,[3406550.0]
21373,23311450,[7188768.0]
21374,23314885,[8620804.0]
21375,23314948,"[1051591.0, 3387675.0]"
21376,23315657,[131208.0]
21377,23315714,[8892745.0]
21378,23315833,[6981617.0]
21379,23316524,[447325.0]
21380,23330013,[15872.0]
21381,23332977,[8891928.0]
21382,23340339,"[21748.0, 2146135.0]"
21383,23340902,[7212275.0]
21384,23343135,[7060225.0]
21385,23344222,[8343775.0]
21386,23344750,[119830.0]
21387,23346335,[639491.0]
21388,23346358,[9013537.0]
21389,23346503,[146374.0]
21390,23346526,[1654.0]
21391,23346642,[4565834.0]
21392,23346643,[4565834.0]
21393,23346759,"[1654.0, 6870042.0]"
21394,23347067,"[1221698.0, 1654.0, 6551813.0, 4626436.0]"
21395,23348553,[375626.0]
21396,23349901,"[15872.0, 14920.0]"
21397,23351877,"[5753883.0, 4611597.0]"
21398,23351890,[7343261.0]
21399,23352538,"[4342215.0, 13787482.0, 13787483.0]"
21400,23352590,[6920317.0]
21401,23354036,[4342215.0]
21402,23355795,[7190350.0]
21403,23355798,[7190350.0]
21404,23356038,[4476934.0]
21405,23358677,[6928196.0]
21406,23359992,[21911.0]
21407,23360257,[7230868.0]
21408,23360729,[6474348.0]
21409,23362116,[15872.0]
21410,23363928,[8446300.0]
21411,23365048,[8440277.0]
21412,23365776,[9459491.0]
21413,23367261,[5295120.0]
21414,23367265,[5295120.0]
21415,23367270,[5295120.0]
21416,23372728,[12949.0]
21417,23377679,"[38809.0, 2525338.0]"
21418,23378951,[7210511.0]
21419,23379244,[55547.0]
21420,23379245,"[55547.0, 7711592.0]"
21421,23379431,[5399219.0]
21422,23380120,[7438156.0]
21423,23381707,[5806251.0]
21424,23383399,[123719.0]
21425,23383896,[2860219.0]
21426,23384457,[14872135.0]
21427,23387877,"[363130.0, 6836.0, 920372.0]"
21428,23391795,[4996736.0]
21429,23391999,[7793751.0]
21430,23392293,[9759281.0]
21431,23395648,[61741.0]
21432,23395716,"[150038.0, 836009.0, 10317.0]"
21433,23395811,[137902.0]
21434,23395819,"[4600197.0, 6079115.0]"
21435,23397698,[6578820.0]
21436,23398605,[74488.0]
21437,23398606,[3409936.0]
21438,23398607,[15292.0]
21439,23398630,[4721536.0]
21440,23398665,[9550.0]
21441,23398668,[7581.0]
21442,23398677,[4721536.0]
21443,23398746,[7581.0]
21444,23398770,[5804101.0]
21445,23398881,[8685.0]
21446,23398891,[142270.0]
21447,23398894,[4349837.0]
21448,23398897,[4449940.0]
21449,23398942,[41942.0]
21450,23398978,[463914.0]
21451,23399228,[771.0]
21452,23399232,[745284.0]
21453,23399287,[9879340.0]
21454,23399295,[99650.0]
21455,23399911,[7343261.0]
21456,23401438,[48206.0]
21457,23403402,[7168230.0]
21458,23403654,[2300692.0]
21459,23403710,[1357414.0]
21460,23403993,[6950698.0]
21461,23411347,[8152069.0]
21462,23419133,"[48206.0, 521640.0, 212101.0]"
21463,23419981,[8588556.0]
21464,23423370,[6451816.0]
21465,23430113,[4305414.0]
21466,23430471,[4637369.0]
21467,23431242,[7067535.0]
21468,23431347,[6536659.0]
21469,23432822,[656983.0]
21470,23433197,[5047249.0]
21471,23433222,"[4864215.0, 6591473.0]"
21472,23434427,[5149973.0]
21473,23434781,[8076291.0]
21474,23437156,[4575289.0]
21475,23437221,[4605878.0]
21476,23441596,[6572366.0]
21477,23442007,[3431194.0]
21478,23443489,[1108681.0]
21479,23444482,[5760737.0]
21480,23446017,"[9757614.0, 9757615.0]"
21481,23450710,[6423161.0]
21482,23451034,[5403541.0]
21483,23452731,[30819.0]
21484,23453070,[8433496.0]
21485,23453137,[1395810.0]
21486,23453463,[46540.0]
21487,23454468,[4629194.0]
21488,23454794,[4983109.0]
21489,23456237,[7771337.0]
21490,23456349,[6564843.0]
21491,23460830,[16218.0]
21492,23460900,[18111.0]
21493,23460926,[3002543.0]
21494,23460928,[7273669.0]
21495,23460931,"[17015009.0, 7728917.0]"
21496,23461831,[9806108.0]
21497,23462649,[1221698.0]
21498,23463234,[625.0]
21499,23465064,[6993053.0]
21500,23466036,[7171979.0]
21501,23467456,[41185.0]
21502,23471529,[9808145.0]
21503,23471830,"[72451.0, 4522.0, 27874.0, 90070.0, 7581.0, 41942.0, 11508.0, 584190.0, 207708.0, 43697.0, 345026.0, 27206.0, 2860219.0, 565343.0, 9811107.0, 9811108.0]"
21504,23471994,"[2995873.0, 570657.0, 7711592.0, 1381825.0]"
21505,23473284,[1441847.0]
21506,23477942,[6591244.0]
21507,23479194,"[7801879.0, 6582051.0]"
21508,23482780,[6953956.0]
21509,23482781,[6953956.0]
21510,23485190,[8061325.0]
21511,23485260,[7111759.0]
21512,23485391,[7801879.0]
21513,23485434,[88506.0]
21514,23485459,[71688.0]
21515,23488236,[8224327.0]
21516,23490950,"[8730.0, 5618684.0]"
21517,23490954,"[57858.0, 1656.0]"
21518,23492109,[4430.0]
21519,23492381,[4715088.0]
21520,23492427,[8186010.0]
21521,23492477,[17054.0]
21522,23492495,[387612.0]
21523,23492543,[580315.0]
21524,23492716,[4720629.0]
21525,23492829,[3194936.0]
21526,23493837,[6592670.0]
21527,23495112,[5752145.0]
21528,23496336,[1310735.0]
21529,23496751,[4863270.0]
21530,23497497,[5190768.0]
21531,23497534,[5835506.0]
21532,23497656,"[7055582.0, 9826989.0]"
21533,23497890,[767547.0]
21534,23505867,[9830676.0]
21535,23506972,[1330292.0]
21536,23507476,[71155.0]
21537,23507509,[9766.0]
21538,23507711,[28550.0]
21539,23507745,[9886850.0]
21540,23507758,[7377526.0]
21541,23507759,[15291877.0]
21542,23510089,[9831940.0]
21543,23510367,[4768263.0]
21544,23510548,[7728542.0]
21545,23512999,[3389.0]
21546,23513571,[4384107.0]
21547,23515866,[9835032.0]
21548,23519363,[1304470.0]
21549,23522305,[10517.0]
21550,23523012,[969639.0]
21551,23524322,[4098207.0]
21552,23524359,[9841180.0]
21553,23524779,[1445909.0]
21554,23524878,[5898355.0]
21555,23525571,[7036845.0]
21556,23525644,[9841919.0]
21557,23525795,[7906727.0]
21558,23527476,[7305254.0]
21559,23528089,[2997834.0]
21560,23529245,[336058.0]
21561,23529995,"[7343261.0, 7047768.0, 8927817.0, 4094557.0, 8927813.0, 87096.0, 1290033.0, 8927814.0, 8629652.0, 8927815.0, 6926316.0, 8927816.0]"
21562,23530428,[7375708.0]
21563,23531315,[10108.0]
21564,23531413,[6938728.0]
21565,23532849,[7257036.0]
21566,23546779,[42508.0]
21567,23547364,[7390210.0]
21568,23548155,[6953956.0]
21569,23551456,"[19157.0, 1183314.0, 43043.0, 342139.0, 347427.0, 26878.0, 273399.0, 795846.0, 3193908.0, 277536.0, 30033.0, 9848415.0, 7094798.0, 846270.0, 422436.0, 1351982.0, 81309.0, 377417.0, 2103067.0]"
21570,23555959,[4452712.0]
21571,23556854,[3219496.0]
21572,23557129,[8076291.0]
21573,23557252,[4712387.0]
21574,23559647,[9852801.0]
21575,23561193,[2995873.0]
21576,23561467,[445303.0]
21577,23563120,[9854370.0]
21578,23567293,"[150038.0, 836009.0, 10317.0]"
21579,23567473,[6423096.0]
21580,23567756,[2897820.0]
21581,23569053,[4684322.0]
21582,23569334,[9857358.0]
21583,23569428,[9990.0]
21584,23569524,[7770873.0]
21585,23569787,[9857504.0]
21586,23572569,[8146388.0]
21587,23573606,[9860211.0]
21588,23573808,"[6554504.0, 6982197.0]"
21589,23573834,[491707.0]
21590,23574250,[6154201.0]
21591,23580496,[6560645.0]
21592,23582513,[9867438.0]
21593,23582628,[25307.0]
21594,23582973,"[542967.0, 14834295.0]"
21595,23584923,[9845024.0]
21596,23586994,[669810.0]
21597,23587607,[7906727.0]
21598,23587614,[7906727.0]
21599,23587621,[7906727.0]
21600,23587635,[7906727.0]
21601,23587637,[7906727.0]
21602,23587880,[131208.0]
21603,23589086,[2894399.0]
21604,23590296,[6463972.0]
21605,23590373,[7742.0]
21606,23590526,"[1654.0, 1221698.0]"
21607,23590634,[7179557.0]
21608,23590810,[8339463.0]
21609,23591092,"[437669.0, 7577.0]"
21610,23591097,[5041072.0]
21611,23592175,[119830.0]
21612,23594042,[4981235.0]
21613,23596104,[5761577.0]
21614,23597253,[2941990.0]
21615,23597960,[9830676.0]
21616,23598011,[9830676.0]
21617,23598474,[7778856.0]
21618,23598478,[7778856.0]
21619,23598679,"[150038.0, 836009.0, 10317.0]"
21620,23598680,[9871464.0]
21621,23599075,[3433047.0]
21622,23601046,[2918731.0]
21623,23602778,[38550.0]
21624,23603906,[6450613.0]
21625,23604333,[101078.0]
21626,23604435,[374504.0]
21627,23608940,[5284782.0]
21628,23609445,"[150038.0, 836009.0, 10317.0]"
21629,23611985,[4919495.0]
21630,23611992,[4919495.0]
21631,23611997,[4919495.0]
21632,23612540,[833687.0]
21633,23613183,[19954.0]
21634,23613731,[2995873.0]
21635,23615679,[2750251.0]
21636,23624798,[8604.0]
21637,23627080,[2869149.0]
21638,23627690,"[346732.0, 31257.0]"
21639,23628916,[1221698.0]
21640,23629836,[2740668.0]
21641,23634011,[3153776.0]
21642,23634448,[4794993.0]
21643,23634452,[6477522.0]
21644,23634902,[5047249.0]
21645,23637380,[130698.0]
21646,23638813,[5829056.0]
21647,23638951,[30819.0]
21648,23639042,[14097586.0]
21649,23640554,[6569197.0]
21650,23643217,"[1136158.0, 2895898.0]"
21651,23653469,[10142051.0]
21652,23653549,[8842.0]
21653,23657459,[4919495.0]
21654,23658272,"[152309.0, 3510823.0]"
21655,23659059,"[8840.0, 2387.0]"
21656,23659068,[7225852.0]
21657,23659164,"[6268.0, 17064.0, 679077.0]"
21658,23660629,[4889668.0]
21659,23664877,[8422242.0]
21660,23666493,[10219868.0]
21661,23670080,[5804537.0]
21662,23676484,"[72451.0, 59165.0, 3396842.0]"
21663,23676581,[10297635.0]
21664,23677316,[10315278.0]
21665,23686004,[5260678.0]
21666,23688106,[6466369.0]
21667,23688792,"[10811406.0, 10378770.0]"
21668,23698892,[6082024.0]
21669,23699326,[7913325.0]
21670,23700532,"[1136158.0, 2895898.0]"
21671,23700570,[7236316.0]
21672,23702427,[10531683.0]
21673,23704416,[6543639.0]
21674,23704941,[10613509.0]
21675,23705140,"[32638.0, 7772196.0]"
21676,23705479,[5989313.0]
21677,23705513,[3398274.0]
21678,23706102,[3330668.0]
21679,23710701,[4888434.0]
21680,23715018,[4464118.0]
21681,23718100,[6535359.0]
21682,23718561,[7235297.0]
21683,23719231,[11761.0]
21684,23719268,[3130505.0]
21685,23719342,"[1161372.0, 88506.0, 11890.0, 1221698.0, 78024.0, 215044.0, 4648324.0, 33773.0, 2957979.0, 24902.0, 331143.0, 8391936.0, 1064072.0, 15020412.0, 5258016.0, 6860265.0, 1014253.0, 26417.0, 546427.0, 2860219.0, 107170.0]"
21686,23719368,[99117.0]
21687,23719417,[8204028.0]
21688,23719427,[715443.0]
21689,23719469,[4025590.0]
21690,23723790,[1141209.0]
21691,23731820,[324620.0]
21692,23734628,[4208569.0]
21693,23735606,[3097905.0]
21694,23735633,[321303.0]
21695,23737023,[4149342.0]
21696,23740830,[3849415.0]
21697,23743745,"[1630.0, 1732726.0]"
21698,23747202,[7857387.0]
21699,23749913,[52050.0]
21700,23754884,"[12570705.0, 7423027.0]"
21701,23755249,[8338174.0]
21702,23766623,[3433047.0]
21703,23766634,[3433047.0]
21704,23770294,[34765.0]
21705,23783638,[9870934.0]
21706,23783930,[415967.0]
21707,23784983,[7791997.0]
21708,23795267,[10788120.0]
21709,23811731,"[6378.0, 2939944.0]"
21710,23822620,[7329194.0]
21711,23830990,[370361.0]
21712,23832236,[8425947.0]
21713,23845952,[342135.0]
21714,23845997,[6693411.0]
21715,23846000,[10803346.0]
21716,23846013,[4342215.0]
21717,23846037,"[35855.0, 2682658.0]"
21718,23846048,[34049.0]
21719,23846062,[4070979.0]
21720,23846071,[414681.0]
21721,23846151,[27528.0]
21722,23847904,"[6252.0, 10803933.0, 10803934.0, 10803935.0]"
21723,23847922,[589.0]
21724,23847924,[4938797.0]
21725,23847929,[1957584.0]
21726,23847966,[4086715.0]
21727,23847967,[2765760.0]
21728,23847975,"[151713.0, 10803945.0]"
21729,23847976,[3433047.0]
21730,23848002,[4430.0]
21731,23848004,[12676.0]
21732,23848023,[72451.0]
21733,23848066,[162810.0]
21734,23848072,[8446648.0]
21735,23848085,[5214733.0]
21736,23848098,[4522.0]
21737,23848109,[38550.0]
21738,23848113,[6434877.0]
21739,23848124,"[1432.0, 3957285.0]"
21740,23848134,[1488908.0]
21741,23848145,[3433047.0]
21742,23848192,[115795.0]
21743,23848236,[38550.0]
21744,23848422,[8294641.0]
21745,23848452,[4175419.0]
21746,23848604,[38550.0]
21747,23848607,[3441.0]
21748,23849140,[445303.0]
21749,23849652,[7144440.0]
21750,23864830,[3065284.0]
21751,23867347,[7152490.0]
21752,23871021,[3380908.0]
21753,23871035,[4051426.0]
21754,23871125,[4051426.0]
21755,23876741,[250598.0]
21756,23876958,[5449630.0]
21757,23877993,[6586641.0]
21758,23881203,[6543639.0]
21759,23882997,"[4005010.0, 6863587.0, 6563092.0, 13557729.0, 4037364.0, 4417562.0, 5553854.0, 73419.0, 51204.0, 6476065.0, 2917920.0]"
21760,23883752,[1023510.0]
21761,23894611,[8342911.0]
21762,23898354,[8304331.0]
21763,23899193,[7390210.0]
21764,23900993,"[3267859.0, 2892243.0]"
21765,23901077,[4890182.0]
21766,23909755,[2916869.0]
21767,23911680,[4414232.0]
21768,23920769,[4369922.0]
21769,23922381,[33467.0]
21770,23924355,[10909117.0]
21771,23940909,[7301119.0]
21772,23943137,[4632661.0]
21773,23956571,[4522335.0]
21774,23964063,[10191657.0]
21775,23964954,[7328358.0]
21776,23965758,[33505.0]
21777,23965831,[33505.0]
21778,23977361,"[3618.0, 951146.0]"
21779,23989889,"[13957.0, 277536.0, 2920678.0]"
21780,23989925,"[13957.0, 277536.0, 2920678.0]"
21781,23995270,[18684.0]
21782,23995534,[7265381.0]
21783,24000252,"[33503.0, 11117669.0, 86137.0, 8474787.0]"
21784,24000720,[2130.0]
21785,24001093,[11120146.0]
21786,24001095,[8184486.0]
21787,24001101,[8184486.0]
21788,24012054,[788899.0]
21789,24016117,[4181354.0]
21790,24016773,[10799032.0]
21791,24019186,[38550.0]
21792,24035668,[625.0]
21793,24039422,[4279785.0]
21794,24040548,[10493.0]
21795,24041359,[4832976.0]
21796,24042732,[6151960.0]
21797,24044140,"[33773.0, 1161372.0, 31712.0, 221608.0, 2845502.0, 6623846.0, 4918514.0, 25422.0, 2860219.0, 639491.0, 8121752.0, 95272.0, 2283303.0, 1064072.0, 7608.0, 21981.0, 2739719.0, 12581.0, 7808090.0, 13989591.0, 6896365.0, 2824486.0, 71155.0, 3001246.0, 2917920.0, 338705.0, 6540057.0, 3064305.0]"
21798,24044142,[33918.0]
21799,24059777,[3486415.0]
21800,24059820,[3486415.0]
21801,24068185,[1221698.0]
21802,24103269,"[3504189.0, 6925432.0]"
21803,24103818,[324620.0]
21804,24109423,[3330668.0]
21805,24109853,[30819.0]
21806,24120519,[3046613.0]
21807,24154742,[4175419.0]
21808,24173639,[4826732.0]
21809,24173852,[7843051.0]
21810,24173870,[7843051.0]
21811,24196004,"[7077654.0, 6052785.0]"
21812,24215135,"[8152069.0, 15160361.0]"
21813,24218164,[7144849.0]
21814,24224363,[3229176.0]
21815,24234491,[71688.0]
21816,24242488,[1429808.0]
21817,24265085,[2891665.0]
21818,24283825,[6517455.0]
21819,24288069,[5830526.0]
21820,24292310,[3299.0]
21821,24313624,[7077654.0]
21822,24313673,[7324039.0]
21823,24316214,[172490.0]
21824,24321026,[8646.0]
21825,24323918,[7150768.0]
21826,24326747,[1332605.0]
21827,24327445,[338705.0]
21828,24329784,[9845429.0]
21829,24330733,[7734306.0]
21830,24331409,[6947727.0]
21831,24331443,[8570780.0]
21832,24331491,[12071869.0]
21833,24331513,"[4074051.0, 6588489.0]"
21834,24331517,"[1221698.0, 59749.0]"
21835,24336355,[1599723.0]
21836,24336400,[8474362.0]
21837,24361900,[12123245.0]
21838,24380140,[6563985.0]
21839,24380167,[8086515.0]
21840,24384089,[6626169.0]
21841,24388337,[64364.0]
21842,24393777,"[38550.0, 7711592.0]"
21843,24396857,[10372063.0]
21844,24396879,[2809894.0]
21845,24396880,[7212406.0]
21846,24396991,[4011455.0]
21847,24397040,[4788719.0]
21848,24397041,[8685.0]
21849,24397043,[33467.0]
21850,24397045,[12260635.0]
21851,24397055,"[7245339.0, 343553.0]"
21852,24397067,[230991.0]
21853,24400466,"[656983.0, 10269.0]"
21854,24401179,[3145809.0]
21855,24402469,[31869.0]
21856,24402500,[7581.0]
21857,24402674,[580315.0]
21858,24402708,[5276341.0]
21859,24408006,"[6474348.0, 4132657.0]"
21860,24409126,"[400678.0, 14258048.0, 757219.0]"
21861,24441639,[7307477.0]
21862,24452922,[234115.0]
21863,24453021,[2860219.0]
21864,24453065,[1375697.0]
21865,24453093,[3178457.0]
21866,24453097,[852078.0]
21867,24453338,[9291.0]
21868,24464123,"[8835824.0, 7164135.0]"
21869,24464590,[17360.0]
21870,24466321,[12497542.0]
21871,24466609,[800381.0]
21872,24468673,[5073330.0]
21873,24470460,[4882127.0]
21874,24470600,[8330616.0]
21875,24471045,[13838984.0]
21876,24476465,[3486415.0]
21877,24476994,"[15872.0, 14290965.0]"
21878,24485148,[3400076.0]
21879,24485599,[8159417.0]
21880,24486629,[1221698.0]
21881,24486756,[7741564.0]
21882,24487011,"[2988406.0, 1411091.0]"
21883,24490481,"[1077326.0, 3911856.0]"
21884,24499258,[6538289.0]
21885,24500887,[6538289.0]
21886,24514112,[48192.0]
21887,24515547,[5414574.0]
21888,24516043,[1405152.0]
21889,24517353,[5445209.0]
21890,24525093,"[6554504.0, 6982197.0]"
21891,24527941,[324620.0]
21892,24533763,[790143.0]
21893,24537359,[7581.0]
21894,24548235,"[1077326.0, 3911856.0]"
21895,24549323,[8201633.0]
21896,24549765,[7979840.0]
21897,24574656,[7093630.0]
21898,24581979,[2918731.0]
21899,24585267,[6549285.0]
21900,24585386,[53988.0]
21901,24585761,[5335865.0]
21902,24586201,[8685.0]
21903,24586291,[101078.0]
21904,24590694,"[2559520.0, 4532873.0]"
21905,24600268,"[7210511.0, 6550220.0]"
21906,24602702,[3111338.0]
21907,24611432,[4342215.0]
21908,24611454,[625.0]
21909,24611565,[2851725.0]
21910,24611587,"[5288442.0, 5626138.0, 4086715.0, 4735144.0, 72451.0, 1443712.0, 2741432.0, 4575289.0, 5186274.0, 4342215.0, 7305254.0, 5108399.0, 5404521.0, 5351847.0]"
21911,24611620,[6259.0]
21912,24611640,[18130.0]
21913,24611676,"[272922.0, 3525857.0]"
21914,24611682,[14002.0]
21915,24611780,[41942.0]
21916,24611805,[136127.0]
21917,24611820,"[8164.0, 7101704.0]"
21918,24611882,[12980.0]
21919,24611995,[9013537.0]
21920,24612069,[7798544.0]
21921,24612072,[7855157.0]
21922,24612470,"[4845.0, 74340.0]"
21923,24612533,[1562974.0]
21924,24612558,[1030094.0]
21925,24612567,"[57990.0, 1077326.0, 14877156.0]"
21926,24612590,"[57983.0, 1077326.0, 14877156.0]"
21927,24612598,[72896.0]
21928,24612654,[53793.0]
21929,24612656,[1330292.0]
21930,24618787,[150038.0]
21931,24625625,[12576598.0]
21932,24641825,[4601855.0]
21933,24662406,"[3145809.0, 6435974.0, 13434787.0, 3636.0, 6922601.0, 8037264.0]"
21934,24663516,[38066.0]
21935,24664038,[13915443.0]
21936,24667221,[4443809.0]
21937,24674130,[1563059.0]
21938,24683749,[3046613.0]
21939,24683898,[2063919.0]
21940,24684097,[13251175.0]
21941,24685472,[4042181.0]
21942,24686734,[3247178.0]
21943,24687626,[4809417.0]
21944,24690795,[817907.0]
21945,24690856,"[4208569.0, 2961721.0]"
21946,24690857,"[4208569.0, 2961721.0]"
21947,24693021,"[5429309.0, 654976.0]"
21948,24694233,[4945.0]
21949,24698864,[25307.0]
21950,24706405,[4349837.0]
21951,24706448,[4349837.0]
21952,24714927,[276660.0]
21953,24716836,[2526.0]
21954,24721903,[12972243.0]
21955,24722156,[5355122.0]
21956,24722498,[7213197.0]
21957,24723317,[370361.0]
21958,24726335,[3396842.0]
21959,24727103,"[93726.0, 526807.0]"
21960,24727118,[12099072.0]
21961,24727571,[24902.0]
21962,24727880,[3100170.0]
21963,24727881,[8177132.0]
21964,24733803,[2898479.0]
21965,24733883,[4527571.0]
21966,24734047,[38550.0]
21967,24734689,[2898479.0]
21968,24736191,[7305459.0]
21969,24737104,[6540057.0]
21970,24737347,[8347.0]
21971,24748537,"[4684322.0, 3124176.0]"
21972,24751478,[137902.0]
21973,24754560,[4954384.0]
21974,24756394,"[13957.0, 277536.0, 2920678.0]"
21975,24763130,[2300692.0]
21976,24763621,[13414088.0]
21977,24764571,[7184104.0]
21978,24769382,[9788294.0]
21979,24781389,[23417.0]
21980,24789575,[4684322.0]
21981,24789796,[7055613.0]
21982,24790901,[13435165.0]
21983,24791985,[2957979.0]
21984,24795823,[17010.0]
21985,24795920,[4722094.0]
21986,24805673,[150038.0]
21987,24808746,[7579061.0]
21988,24809058,[7133276.0]
21989,24809194,[4575223.0]
21990,24816175,[6588802.0]
21991,24818693,[1221698.0]
21992,24819466,"[1443712.0, 6672327.0]"
21993,24819482,[13451714.0]
21994,24819531,[9363.0]
21995,24820291,"[10303.0, 10181.0, 2831771.0]"
21996,24823232,[8440277.0]
21997,24836168,[13652.0]
21998,24838415,[2891665.0]
21999,24851136,[150038.0]
22000,24851662,[7043823.0]
22001,24854664,[108424.0]
22002,24864989,[3425403.0]
22003,24867021,[5752145.0]
22004,24867584,[1429808.0]
22005,24870101,[6538289.0]
22006,24874320,[4699102.0]
22007,24874358,"[2938140.0, 15424705.0, 29996.0]"
22008,24876258,[10746.0]
22009,24880107,[13392529.0]
22010,24880931,[8892745.0]
22011,24885506,[150038.0]
22012,24885507,[150038.0]
22013,24885508,[150038.0]
22014,24885521,[150038.0]
22015,24885524,[150038.0]
22016,24885531,[150038.0]
22017,24885533,[2917920.0]
22018,24885537,[150038.0]
22019,24885610,"[338705.0, 7705923.0]"
22020,24885623,"[4788719.0, 61659.0]"
22021,24885636,"[13957.0, 277536.0, 2920678.0]"
22022,24885649,[150038.0]
22023,24885661,[5446303.0]
22024,24885734,[1330287.0]
22025,24885765,[13481724.0]
22026,24885814,"[88922.0, 3118934.0]"
22027,24885831,[6556689.0]
22028,24885832,[2782638.0]
22029,24885851,"[150038.0, 836009.0, 10317.0]"
22030,24885853,[4126827.0]
22031,24885878,[94868.0]
22032,24885889,"[137553.0, 6922649.0]"
22033,24886019,"[338705.0, 7705923.0]"
22034,24886378,[7170939.0]
22035,24893241,[48192.0]
22036,24895536,[137902.0]
22037,24896872,[5275596.0]
22038,24900469,"[3891598.0, 1291826.0]"
22039,24900805,"[4880860.0, 13490241.0]"
22040,24903031,[20248.0]
22041,24903355,[5386283.0]
22042,24903914,[4575301.0]
22043,24903940,[7790583.0]
22044,24905359,[1217665.0]
22045,24906795,[421434.0]
22046,24909485,[2905297.0]
22047,24910026,[2743831.0]
22048,24914112,"[26897.0, 2937325.0]"
22049,24915310,[3433047.0]
22050,24918812,[6478732.0]
22051,24926017,[745284.0]
22052,24929067,[119164.0]
22053,24930075,[7855177.0]
22054,24931971,[5286855.0]
22055,24934636,[6468949.0]
22056,24934734,[13505992.0]
22057,24937342,[3618.0]
22058,24941501,[7855177.0]
22059,24942688,[25307.0]
22060,24943556,[4340243.0]
22061,24944116,[22123.0]
22062,24944889,[150038.0]
22063,24949940,[7062845.0]
22064,24951375,[195904.0]
22065,24951698,[296540.0]
22066,24952878,[240708.0]
22067,24953051,[13513927.0]
22068,24958022,[13177248.0]
22069,24959550,[6563931.0]
22070,24965436,"[2895706.0, 2895707.0]"
22071,24965713,[150038.0]
22072,24969678,[4476934.0]
22073,24971241,[5257588.0]
22074,24973241,"[40563.0, 473481.0]"
22075,24991337,[13530245.0]
22076,24994112,[13530922.0]
22077,24994123,"[20248.0, 2870757.0]"
22078,24997064,[8794.0]
22079,24998247,[5661809.0]
22080,24998915,"[46138.0, 4798562.0, 6941.0, 3912.0, 18879.0, 5258016.0, 19305.0, 2966042.0, 765702.0, 215044.0, 142717.0, 12052.0, 3008545.0, 167606.0, 96300.0, 1227240.0, 22993.0, 207729.0, 4451294.0, 490342.0, 91717.0, 7083555.0]"
22081,24999030,[769868.0]
22082,24999067,[13532302.0]
22083,25010609,[6441917.0]
22084,25013418,[3389.0]
22085,25014122,[6644114.0]
22086,25016375,"[1330292.0, 3111338.0, 3023658.0]"
22087,25017130,[13020518.0]
22088,25024487,[4718800.0]
22089,25029915,[4342215.0]
22090,25030446,[5355122.0]
22091,25033448,[7276101.0]
22092,25033829,[7797304.0]
22093,25038983,[3144748.0]
22094,25041423,[3226226.0]
22095,25051392,[6469681.0]
22096,25057433,[64364.0]
22097,25057705,"[4005010.0, 43989.0, 3418947.0, 4701504.0, 13461530.0, 1957584.0, 90780.0, 4447138.0, 6563092.0, 2917920.0, 16463085.0]"
22098,25057819,[6539556.0]
22099,25058405,[6268.0]
22100,25062765,[7523813.0]
22101,25064648,[6567825.0]
22102,25065179,"[4280.0, 1095769.0]"
22103,25065502,[2741079.0]
22104,25065631,[5295120.0]
22105,25066567,[3399559.0]
22106,25066999,[28550.0]
22107,25068371,[3431194.0]
22108,25068467,[8730.0]
22109,25069851,[7246093.0]
22110,25073764,"[8164.0, 180439.0]"
22111,25073825,[13574606.0]
22112,25074773,"[49177.0, 1157440.0, 65333.0]"
22113,25074893,[3153804.0]
22114,25076057,[5481957.0]
22115,25076719,"[40563.0, 7213364.0, 1520490.0]"
22116,25077938,[9845429.0]
22117,25088424,[3203095.0]
22118,25090719,[15872.0]
22119,25090918,[15292.0]
22120,25092129,[4476934.0]
22121,25092138,[59749.0]
22122,25094569,[359109.0]
22123,25101370,[1141209.0]
22124,25101899,[2503028.0]
22125,25104412,[1014253.0]
22126,25105321,"[5753883.0, 4611597.0]"
22127,25106194,[6519007.0]
22128,25106480,[240840.0]
22129,25106755,"[25422.0, 3144008.0]"
22130,25110513,[5186274.0]
22131,25110905,[1637418.0]
22132,25110977,[1136158.0]
22133,25111052,"[4522.0, 479779.0, 466494.0, 11508.0, 2358.0, 16560.0, 11646.0, 17061.0, 52050.0, 4430.0, 24197.0, 59165.0, 2860219.0, 52047.0, 7155219.0, 128037.0, 3157937.0, 948181.0, 24827.0, 2444658.0, 7581.0, 7083555.0]"
22134,25111061,"[3389.0, 443701.0, 5777705.0, 183421.0, 141947.0, 1572776.0, 3114310.0, 3132853.0, 3032350.0, 708623.0, 13471300.0, 680734.0, 473481.0, 105602.0, 1004238.0]"
22135,25111264,[4715088.0]
22136,25111269,[7340907.0]
22137,25111294,[4715088.0]
22138,25114259,[13613071.0]
22139,25114664,[7152490.0]
22140,25115384,[4489132.0]
22141,25115888,[6548820.0]
22142,25118836,"[4088550.0, 1140370.0, 765702.0, 13650211.0, 158894.0, 13650212.0, 335132.0, 13650213.0, 2847546.0, 8381732.0, 6569623.0, 3400076.0, 6094309.0, 2951127.0, 7849252.0, 13650214.0, 4605016.0, 4723236.0, 13650215.0, 12053252.0, 7834957.0, 5779980.0, 13650216.0, 4739029.0, 14713038.0]"
22143,25121739,[3420702.0]
22144,25121768,[8446650.0]
22145,25122002,[17152.0]
22146,25133311,[7226007.0]
22147,25135715,[8306428.0]
22148,25135749,[8306428.0]
22149,25135802,[8306428.0]
22150,25135842,[8306428.0]
22151,25136271,[8152069.0]
22152,25142937,[40577.0]
22153,25147796,"[4342215.0, 13787482.0, 13787483.0]"
22154,25151797,[7012713.0]
22155,25152641,[1011572.0]
22156,25155747,[13650045.0]
22157,25157628,[5047249.0]
22158,25159239,[13652897.0]
22159,25159315,[5404616.0]
22160,25164304,[13659072.0]
22161,25169886,[1549088.0]
22162,25169896,[234253.0]
22163,25170253,[6880615.0]
22164,25170761,[7742.0]
22165,25171645,[7235297.0]
22166,25174874,[7581.0]
22167,25174916,[7581.0]
22168,25174926,[7581.0]
22169,25175898,[6520834.0]
22170,25175902,[13672675.0]
22171,25177152,[13974.0]
22172,25177897,[7949493.0]
22173,25181955,[7390210.0]
22174,25187640,[4499623.0]
22175,25189584,[13687893.0]
22176,25192567,[5201320.0]
22177,25194442,[7372483.0]
22178,25198255,[4558309.0]
22179,25203631,[30279.0]
22180,25203675,[13695109.0]
22181,25205313,[14106091.0]
22182,25205316,"[25052.0, 2086916.0]"
22183,25205325,[4606484.0]
22184,25205326,[1369219.0]
22185,25205393,[13592048.0]
22186,25209521,[4476934.0]
22187,25210813,[7210024.0]
22188,25210814,[7210024.0]
22189,25210815,[7210024.0]
22190,25215400,[3002235.0]
22191,25218679,[4649678.0]
22192,25219028,[13711216.0]
22193,25225408,[7246093.0]
22194,25228309,[3389.0]
22195,25231892,[13734129.0]
22196,25239152,[5894584.0]
22197,25241477,[9355.0]
22198,25241629,[200052.0]
22199,25241871,"[174742.0, 4581877.0]"
22200,25242184,[108424.0]
22201,25244111,[7418796.0]
22202,25246093,[13735283.0]
22203,25252994,[830098.0]
22204,25257653,[13747494.0]
22205,25261903,[2905297.0]
22206,25262299,[4721536.0]
22207,25263838,[13754069.0]
22208,25263927,[7055613.0]
22209,25267494,[7219081.0]
22210,25269311,"[167605.0, 2782638.0]"
22211,25269614,[8038662.0]
22212,25270656,"[2559520.0, 4532873.0, 7349425.0]"
22213,25271792,[7357990.0]
22214,25271794,[6536659.0]
22215,25271796,[15153514.0]
22216,25271797,[1549088.0]
22217,25272178,[6893006.0]
22218,25273121,[150810.0]
22219,25273175,"[4175419.0, 334840.0]"
22220,25277627,[6538289.0]
22221,25278490,"[57858.0, 1656.0]"
22222,25291997,[1563059.0]
22223,25293197,[10109690.0]
22224,25293467,[1563059.0]
22225,25293695,[20248.0]
22226,25302072,"[7044164.0, 2978188.0]"
22227,25302294,[4489132.0]
22228,25305054,[7054485.0]
22229,25309550,[13651527.0]
22230,25309770,[3435990.0]
22231,25310041,[7828723.0]
22232,25312305,[131208.0]
22233,25315039,[17216.0]
22234,25315922,[15292.0]
22235,25316540,"[919024.0, 2957952.0, 14073990.0]"
22236,25317443,[4971535.0]
22237,25318815,[2924955.0]
22238,25318857,[38569.0]
22239,25318858,[833687.0]
22240,25320527,[13660681.0]
22241,25323112,[6889443.0]
22242,25324129,[1654.0]
22243,25325771,[8441258.0]
22244,25326486,[4459639.0]
22245,25327426,[13801450.0]
22246,25328876,[7085366.0]
22247,25328893,[6978502.0]
22248,25329621,[4994753.0]
22249,25330014,[5258016.0]
22250,25330102,"[12075.0, 63143.0]"
22251,25331982,"[4684322.0, 3124176.0]"
22252,25332004,[355175.0]
22253,25332036,"[6923638.0, 6922640.0]"
22254,25332062,[1238111.0]
22255,25332074,[4684322.0]
22256,25338012,"[1330292.0, 1004238.0]"
22257,25342628,[13162897.0]
22258,25350122,[2847534.0]
22259,25350996,[4208569.0]
22260,25354011,[4776262.0]
22261,25358021,[13177248.0]
22262,25361572,[71688.0]
22263,25361849,[27209.0]
22264,25361852,[5137530.0]
22265,25361875,[74488.0]
22266,25361876,[7742.0]
22267,25361904,"[40387.0, 288672.0]"
22268,25362662,[5360266.0]
22269,25362894,"[4632659.0, 3072055.0, 17146263.0, 17146264.0, 17146265.0, 14813411.0, 5359213.0, 6981308.0, 7113262.0, 17146266.0, 7058667.0, 4446292.0, 5016187.0, 17146267.0]"
22270,25362907,[17328300.0]
22271,25363511,"[1530227.0, 92525.0, 21070.0]"
22272,25364026,"[2559520.0, 4532873.0]"
22273,25365584,[7093346.0]
22274,25369723,[7047506.0]
22275,25370363,[5238854.0]
22276,25372230,[6474348.0]
22277,25372462,[4349837.0]
22278,25372801,[4918514.0]
22279,25375990,[7343261.0]
22280,25380845,[7942583.0]
22281,25382657,[9863605.0]
22282,25387360,[38550.0]
22283,25387362,[38550.0]
22284,25387463,[48976.0]
22285,25387595,[6904187.0]
22286,25387799,[207694.0]
22287,25387906,[36276.0]
22288,25388015,[4342215.0]
22289,25388580,[7581.0]
22290,25390583,[5393419.0]
22291,25391348,[421434.0]
22292,25391368,[2909019.0]
22293,25391400,[2300692.0]
22294,25392606,[7854535.0]
22295,25394030,[3406550.0]
22296,25394092,[1330292.0]
22297,25394547,[5761580.0]
22298,25400972,[7168230.0]
22299,25401833,[5100336.0]
22300,25403108,"[38550.0, 14825062.0]"
22301,25407926,[22159.0]
22302,25410497,[4154802.0]
22303,25410851,[7074943.0]
22304,25414725,"[497467.0, 5835138.0]"
22305,25416768,[6592100.0]
22306,25418989,[13851542.0]
22307,25423972,"[1136158.0, 3874125.0, 72451.0, 359109.0, 234115.0, 14219.0, 186776.0, 9615.0, 5289122.0, 58124.0, 10746.0, 15710682.0, 441793.0, 1000848.0, 14033169.0, 4063834.0, 4413062.0]"
22308,25430202,"[4161354.0, 9629.0, 2860219.0, 4721536.0, 5804101.0, 3020406.0, 7086094.0, 2063919.0, 9266.0, 1362876.0, 81017.0, 3252210.0, 85545.0, 4831561.0, 10746.0, 15292.0, 89973.0, 5135449.0, 214232.0, 6571700.0, 2868678.0, 276660.0]"
22309,25430565,[6474348.0]
22310,25430703,[9629.0]
22311,25430759,[13854562.0]
22312,25430760,[13854562.0]
22313,25431173,[5814544.0]
22314,25431440,[6549285.0]
22315,25431515,"[5042085.0, 7445462.0, 13854746.0]"
22316,25436641,[13856066.0]
22317,25437624,[7151265.0]
22318,25440127,[6950740.0]
22319,25444441,"[55547.0, 7711592.0]"
22320,25445352,[669810.0]
22321,25446343,[324620.0]
22322,25446799,[9890847.0]
22323,25448465,[276660.0]
22324,25450286,[7054849.0]
22325,25450479,[7753988.0]
22326,25451785,[38550.0]
22327,25452013,[25307.0]
22328,25453426,[2973783.0]
22329,25456839,[8111269.0]
22330,25457062,[13884337.0]
22331,25459663,[3326303.0]
22332,25460957,[4600197.0]
22333,25467249,[13904978.0]
22334,25469228,[3345773.0]
22335,25471057,[6914411.0]
22336,25471700,[5406182.0]
22337,25474267,"[13915892.0, 5197636.0]"
22338,25474336,[969639.0]
22339,25476118,[2918424.0]
22340,25476303,[4562483.0]
22341,25476541,[6268.0]
22342,25479922,[6429243.0]
22343,25480329,[2759175.0]
22344,25480342,[370361.0]
22345,25480364,[3020656.0]
22346,25486064,"[13920382.0, 15651689.0]"
22347,25486801,[8344638.0]
22348,25488996,[498072.0]
22349,25489100,[1351375.0]
22350,25489134,[13922215.0]
22351,25489159,[33918.0]
22352,25489443,[25.0]
22353,25489473,[26897.0]
22354,25489486,[234115.0]
22355,25489511,[7973819.0]
22356,25489567,[13905555.0]
22357,25489888,[2526.0]
22358,25493815,[146374.0]
22359,25493853,[13922215.0]
22360,25494343,[150038.0]
22361,25494344,[4428.0]
22362,25502639,[4649677.0]
22363,25502933,[5390719.0]
22364,25503058,[41032.0]
22365,25505739,[4601681.0]
22366,25507687,[10109690.0]
22367,25508072,[10788120.0]
22368,25513093,[7849833.0]
22369,25518205,[2261547.0]
22370,25521109,"[3433047.0, 2580449.0]"
22371,25521894,[13776517.0]
22372,25523025,[13967180.0]
22373,25526296,[2860219.0]
22374,25526307,[1238111.0]
22375,25526440,"[7770873.0, 6080025.0, 737890.0]"
22376,25527157,[13974563.0]
22377,25529318,[3995.0]
22378,25529646,[7114860.0]
22379,25532530,[8730.0]
22380,25533076,"[1864374.0, 2973216.0]"
22381,25533199,[6702517.0]
22382,25537680,[5442390.0]
22383,25538310,[6578820.0]
22384,25541572,[4600197.0]
22385,25543181,[221253.0]
22386,25543733,[4796263.0]
22387,25545284,[852078.0]
22388,25548744,[4126827.0]
22389,25548911,[6914411.0]
22390,25553015,[3431194.0]
22391,25558608,[7770873.0]
22392,25558821,"[10746.0, 203762.0, 506641.0, 617155.0]"
22393,25560245,[150038.0]
22394,25560251,[150038.0]
22395,25560255,[150038.0]
22396,25560279,[150038.0]
22397,25560294,[150038.0]
22398,25560303,[150038.0]
22399,25566671,[4573275.0]
22400,25566937,[6543639.0]
22401,25569124,[8137512.0]
22402,25573701,[11654.0]
22403,25577715,[89439.0]
22404,25578503,[38550.0]
22405,25578558,[47290.0]
22406,25582556,[3251728.0]
22407,25582867,[3267859.0]
22408,25584230,[1106214.0]
22409,25586133,[7979840.0]
22410,25586821,[7060225.0]
22411,25597060,"[5780686.0, 2917920.0]"
22412,25601399,[5141144.0]
22413,25601790,[7170947.0]
22414,25603695,"[7128.0, 5106204.0]"
22415,25605109,[18879.0]
22416,25605400,[7086094.0]
22417,25605731,[7758781.0]
22418,25609111,[6858934.0]
22419,25610486,[2060858.0]
22420,25610661,"[10943489.0, 10943490.0]"
22421,25610768,[14015124.0]
22422,25613431,[33467.0]
22423,25613630,"[25422.0, 150038.0]"
22424,25614023,"[38951.0, 7058246.0]"
22425,25614277,[2788789.0]
22426,25614934,[9833.0]
22427,25615305,[4632661.0]
22428,25622053,[116148.0]
22429,25622828,[4838926.0]
22430,25631442,[1332605.0]
22431,25635807,[150038.0]
22432,25638598,[6447357.0]
22433,25640918,"[3431194.0, 16155.0, 100764.0]"
22434,25645269,[6519859.0]
22435,25645561,[3312940.0]
22436,25646020,[1221698.0]
22437,25646471,[13616729.0]
22438,25647300,[5218360.0]
22439,25648141,[150038.0]
22440,25650677,"[7074174.0, 6431156.0, 6448939.0, 7762889.0, 7152490.0, 8391110.0, 5237606.0, 7191170.0]"
22441,25656828,"[2063919.0, 4132657.0]"
22442,25658857,[7881896.0]
22443,25659433,[105839.0]
22444,25659436,[51118.0]
22445,25659482,[14055047.0]
22446,25659647,[2741079.0]
22447,25663437,[7940084.0]
22448,25663514,[6981599.0]
22449,25663529,[7214344.0]
22450,25663573,[8446650.0]
22451,25663635,[1141209.0]
22452,25663670,[7095071.0]
22453,25663775,[8123145.0]
22454,25663892,"[8120084.0, 7221459.0]"
22455,25664562,[7012713.0]
22456,25665352,[7144440.0]
22457,25667027,"[3041743.0, 252914.0]"
22458,25667041,[4684322.0]
22459,25667060,"[8835824.0, 7164135.0]"
22460,25667118,[7168230.0]
22461,25668486,"[193300.0, 11762.0]"
22462,25668497,[13550648.0]
22463,25668535,[6444153.0]
22464,25670162,[130698.0]
22465,25670943,"[2988406.0, 1411091.0]"
22466,25673410,[7092218.0]
22467,25674390,[25422.0]
22468,25674658,"[8164.0, 165858.0]"
22469,25674742,[7849640.0]
22470,25678343,[1030664.0]
22471,25679785,[7015032.0]
22472,25685479,"[470176.0, 55869.0]"
22473,25686886,[5149973.0]
22474,25687518,[4476934.0]
22475,25688977,[12071884.0]
22476,25688980,[8447057.0]
22477,25688984,[184987.0]
22478,25688995,[835348.0]
22479,25689012,[8545217.0]
22480,25689038,[3212743.0]
22481,25689041,[6883551.0]
22482,25689056,[7979840.0]
22483,25692886,[6904806.0]
22484,25695756,[4730894.0]
22485,25696247,[8427404.0]
22486,25696314,"[4511345.0, 23069.0]"
22487,25699435,[249590.0]
22488,25700986,[6538289.0]
22489,25703752,"[14258737.0, 5068487.0]"
22490,25703759,[14031594.0]
22491,25704028,[7367300.0]
22492,25705795,[7440406.0]
22493,25706485,[17059.0]
22494,25707090,[116617.0]
22495,25708672,[4951964.0]
22496,25714503,[13980638.0]
22497,25714594,[7279550.0]
22498,25715016,[612507.0]
22499,25716620,[7798544.0]
22500,25716704,[7770873.0]
22501,25720838,[5356562.0]
22502,25721421,[6586877.0]
22503,25722504,[6586877.0]
22504,25726385,[4565834.0]
22505,25730912,[6938728.0]
22506,25732113,[7267262.0]
22507,25733660,[5625945.0]
22508,25734003,[11735.0]
22509,25734163,[2261547.0]
22510,25734207,[14239042.0]
22511,25739099,[1407193.0]
22512,25739181,[6540057.0]
22513,25740412,[14107386.0]
22514,25741001,[14097535.0]
22515,25741593,[8306309.0]
22516,25741639,"[7074943.0, 14980963.0]"
22517,25742254,"[2987125.0, 5605601.0]"
22518,25742635,[5831672.0]
22519,25742644,"[5976337.0, 3118938.0]"
22520,25743790,[2060858.0]
22521,25744617,[276660.0]
22522,25746696,[543080.0]
22523,25746699,[7210024.0]
22524,25746707,[14107529.0]
22525,25749309,[3249098.0]
22526,25750003,[6519682.0]
22527,25752041,[14112744.0]
22528,25752813,[6526309.0]
22529,25760792,[14118411.0]
22530,25761086,[119888.0]
22531,25762309,[13808431.0]
22532,25770962,[370361.0]
22533,25772321,[5074920.0]
22534,25772375,[58.0]
22535,25774272,[4684322.0]
22536,25774444,[5820379.0]
22537,25774452,[63341.0]
22538,25775619,[9494.0]
22539,25776210,[40563.0]
22540,25776221,[13505420.0]
22541,25776235,[36276.0]
22542,25776279,"[13922215.0, 5824401.0]"
22543,25776642,[10789739.0]
22544,25777000,[11882525.0]
22545,25778505,[1302285.0]
22546,25779131,"[311468.0, 7751493.0]"
22547,25779243,"[6951730.0, 164576.0]"
22548,25780917,[3395248.0]
22549,25781691,[14124424.0]
22550,25784985,"[5044365.0, 15412.0]"
22551,25785357,[48192.0]
22552,25785366,[445303.0]
22553,25785660,"[4880860.0, 427430.0]"
22554,25785662,[1441847.0]
22555,25785807,[7211914.0]
22556,25785810,[4337106.0]
22557,25795221,[8936025.0]
22558,25796637,[5860277.0]
22559,25797414,[7778856.0]
22560,25797438,[7778856.0]
22561,25798596,[8523418.0]
22562,25800746,[10220217.0]
22563,25801632,[48192.0]
22564,25803733,[4400405.0]
22565,25804214,[2828923.0]
22566,25810025,[77049.0]
22567,25810168,[14035666.0]
22568,25810368,[4349837.0]
22569,25810641,[4476200.0]
22570,25810644,[7078867.0]
22571,25813245,[7340907.0]
22572,25813250,[7340907.0]
22573,25813915,"[150038.0, 14985448.0]"
22574,25813986,[4715088.0]
22575,25814176,"[8685.0, 2742751.0]"
22576,25814230,[580315.0]
22577,25814258,"[10517.0, 6568305.0]"
22578,25814363,[7144440.0]
22579,25814434,[1353301.0]
22580,25814583,[21911.0]
22581,25816519,[175855.0]
22582,25816768,[31597.0]
22583,25816801,[8835.0]
22584,25816841,"[7307458.0, 4464496.0]"
22585,25816903,[6953956.0]
22586,25817037,[505695.0]
22587,25817038,[61707.0]
22588,25817312,[9832533.0]
22589,25817389,[37557.0]
22590,25817407,[2987125.0]
22591,25817454,[7993.0]
22592,25817463,[7305254.0]
22593,25817702,[6947727.0]
22594,25819511,[1048153.0]
22595,25819519,[7022361.0]
22596,25820270,[2973783.0]
22597,25820414,[7152490.0]
22598,25821750,[1194340.0]
22599,25821928,[14134410.0]
22600,25822052,[2869923.0]
22601,25823950,[14134947.0]
22602,25827242,[7226905.0]
22603,25829156,[9833.0]
22604,25831407,[3064305.0]
22605,25831596,[8200571.0]
22606,25834793,[7849833.0]
22607,25837167,[11230592.0]
22608,25841976,"[1221698.0, 59749.0]"
22609,25843018,[4737213.0]
22610,25843088,[3005246.0]
22611,25845201,[639491.0]
22612,25845800,[5346143.0]
22613,25851812,[123463.0]
22614,25852735,[4280.0]
22615,25852759,[4414255.0]
22616,25852782,[48206.0]
22617,25852860,[6540057.0]
22618,25852920,"[169377.0, 1265.0]"
22619,25852947,[65137.0]
22620,25853049,[804399.0]
22621,25853069,[20248.0]
22622,25857200,[4476934.0]
22623,25858039,"[298438.0, 25355.0]"
22624,25861100,[941441.0]
22625,25861903,[6244.0]
22626,25863014,[5403541.0]
22627,25863045,[1221698.0]
22628,25866430,[6451816.0]
22629,25867382,[71688.0]
22630,25867895,[765702.0]
22631,25868031,[4430.0]
22632,25868043,[8348634.0]
22633,25868112,[3097905.0]
22634,25868425,[7808827.0]
22635,25873786,[7036415.0]
22636,25875555,"[5201320.0, 5762464.0, 8193655.0, 6526309.0, 7326382.0, 6525664.0, 5391472.0, 5038955.0, 4794993.0, 6579646.0, 4601855.0, 7267647.0, 7792732.0, 7181038.0]"
22637,25876872,[7176787.0]
22638,25876967,[7176787.0]
22639,25877074,[7176787.0]
22640,25877103,[7176787.0]
22641,25877522,[7176787.0]
22642,25879858,[114528.0]
22643,25882558,[76360.0]
22644,25883016,[238277.0]
22645,25885292,[6268.0]
22646,25885733,[6448210.0]
22647,25890355,[15292.0]
22648,25892116,[46540.0]
22649,25893659,[1023510.0]
22650,25893822,[2172337.0]
22651,25893837,"[363130.0, 6836.0, 459448.0, 7878484.0]"
22652,25893966,[6872325.0]
22653,25894017,[27140.0]
22654,25895524,[4721536.0]
22655,25897765,[9640.0]
22656,25897876,"[656983.0, 10269.0]"
22657,25897878,[2809863.0]
22658,25898175,"[692829.0, 3048234.0]"
22659,25898527,[87305.0]
22660,25898743,[6599726.0]
22661,25901253,[2868678.0]
22662,25901506,[7843051.0]
22663,25901516,[7843051.0]
22664,25901556,[7979840.0]
22665,25901575,[240708.0]
22666,25902535,[1427650.0]
22667,25903400,[5762464.0]
22668,25906891,[137902.0]
22669,25908720,[7060225.0]
22670,25909020,[355173.0]
22671,25909686,[15872.0]
22672,25913699,[7581.0]
22673,25914821,[3046613.0]
22674,25915908,[14001187.0]
22675,25917801,[7341923.0]
22676,25923471,[580315.0]
22677,25925238,[38550.0]
22678,25927255,"[5779135.0, 6907845.0]"
22679,25937835,"[49177.0, 1157440.0, 65333.0]"
22680,25937845,[72545.0]
22681,25938417,[60177.0]
22682,25938442,[363130.0]
22683,25938482,[6951449.0]
22684,25938499,"[11735.0, 454670.0]"
22685,25942167,[4615377.0]
22686,25943103,[14173986.0]
22687,25944381,[7074943.0]
22688,25944385,[2987125.0]
22689,25944389,[7074943.0]
22690,25944798,[123463.0]
22691,25944812,[43784.0]
22692,25950053,[8167946.0]
22693,25951784,[10228232.0]
22694,25952316,[1136158.0]
22695,25952931,[1222405.0]
22696,25953366,[107170.0]
22697,25953488,[12700597.0]
22698,25953603,[14177000.0]
22699,25953705,[9201095.0]
22700,25959041,[13708274.0]
22701,25961438,[3065284.0]
22702,25966743,[14180337.0]
22703,25970139,[33919.0]
22704,25970678,[3222582.0]
22705,25972177,[5804101.0]
22706,25973595,[14179498.0]
22707,25978565,[3433047.0]
22708,25981433,[4750529.0]
22709,25984485,[4319300.0]
22710,25985241,[2526.0]
22711,25985840,[25307.0]
22712,25985861,[25307.0]
22713,25985881,[25307.0]
22714,25986688,[14185645.0]
22715,25991136,"[13695109.0, 6925433.0]"
22716,25994606,[15872.0]
22717,25996024,"[7168230.0, 358889.0]"
22718,25998681,[14203127.0]
22719,25999628,"[37168.0, 2743336.0]"
22720,26001344,[4476934.0]
22721,26004636,"[14190583.0, 14190585.0]"
22722,26005898,[14137742.0]
22723,26007133,[7184104.0]
22724,26014376,[7734428.0]
22725,26016162,[5618190.0]
22726,26016506,[4308706.0]
22727,26023794,"[38954.0, 3618.0, 41878.0]"
22728,26025681,[5369.0]
22729,26025987,[6425045.0]
22730,26026040,[6268.0]
22731,26030697,[7177350.0]
22732,26030700,[6588780.0]
22733,26030742,[276660.0]
22734,26031261,[4788719.0]
22735,26031268,"[3285599.0, 14820458.0]"
22736,26032825,[25422.0]
22737,26038790,[7334288.0]
22738,26038869,[13451714.0]
22739,26041448,[14175028.0]
22740,26044720,[9865244.0]
22741,26044839,[4476934.0]
22742,26046324,[4565834.0]
22743,26046482,[102385.0]
22744,26047310,[13505420.0]
22745,26047438,[8306309.0]
22746,26047687,[5421050.0]
22747,26050812,[780120.0]
22748,26055409,"[3433047.0, 13615251.0]"
22749,26060926,[3486225.0]
22750,26061581,[88685.0]
22751,26064257,[550450.0]
22752,26064760,[3406550.0]
22753,26065653,[8343775.0]
22754,26066905,[88685.0]
22755,26067167,[4292165.0]
22756,26067633,[8416442.0]
22757,26067926,[17061.0]
22758,26068046,[271200.0]
22759,26068064,[3178457.0]
22760,26073068,[1010796.0]
22761,26073150,[3433047.0]
22762,26073151,[3433047.0]
22763,26073154,[345630.0]
22764,26074093,"[2936493.0, 14046331.0]"
22765,26074135,[157676.0]
22766,26074170,[3099544.0]
22767,26074185,[5768611.0]
22768,26074194,[6520834.0]
22769,26077971,[9857504.0]
22770,26084414,[8159016.0]
22771,26084417,[4153659.0]
22772,26084478,"[9295505.0, 14212432.0]"
22773,26085520,[14212740.0]
22774,26090003,[14181072.0]
22775,26097421,[4178737.0]
22776,26098210,[656983.0]
22777,26098510,[14216477.0]
22778,26106229,[9830676.0]
22779,26109041,[6950818.0]
22780,26109086,[265011.0]
22781,26109267,[5872567.0]
22782,26112210,[8159417.0]
22783,26113691,[3126643.0]
22784,26113776,"[24818.0, 777907.0]"
22785,26114100,"[346732.0, 725899.0]"
22786,26114130,[806782.0]
22787,26114167,[43784.0]
22788,26114202,[177012.0]
22789,26114222,[3405346.0]
22790,26114229,[14220711.0]
22791,26114263,[1988739.0]
22792,26114291,[2868678.0]
22793,26114330,[107170.0]
22794,26114337,[270624.0]
22795,26114340,[4175419.0]
22796,26114354,[5778486.0]
22797,26114386,[8248285.0]
22798,26114389,[5372462.0]
22799,26114406,[43784.0]
22800,26114421,[38550.0]
22801,26114456,[29479.0]
22802,26114463,[4735144.0]
22803,26114479,[3508219.0]
22804,26114583,[8446648.0]
22805,26114621,[7121486.0]
22806,26115647,[7361703.0]
22807,26117652,[370361.0]
22808,26117888,[8730.0]
22809,26118377,[119830.0]
22810,26125138,[14224182.0]
22811,26127014,[6448929.0]
22812,26127461,[4342215.0]
22813,26130914,[7277852.0]
22814,26130928,[7277852.0]
22815,26130934,[7277852.0]
22816,26136468,[14177000.0]
22817,26136490,[14226698.0]
22818,26138435,[421434.0]
22819,26138446,[2300692.0]
22820,26150650,[3046613.0]
22821,26150689,[14230672.0]
22822,26155898,[5756547.0]
22823,26156203,[13467894.0]
22824,26156471,[96300.0]
22825,26159959,[7032969.0]
22826,26160162,[9852801.0]
22827,26165456,[3380908.0]
22828,26166883,"[5780686.0, 2917920.0]"
22829,26168646,[14235866.0]
22830,26169429,[1332605.0]
22831,26173407,[14192434.0]
22832,26173919,[7210024.0]
22833,26178321,[6952140.0]
22834,26183985,[15872.0]
22835,26191000,[4575289.0]
22836,26196299,[4208569.0]
22837,26196475,"[25.0, 1067608.0]"
22838,26197032,[13651527.0]
22839,26198855,[24567.0]
22840,26205179,[14108302.0]
22841,26207629,[3234239.0]
22842,26209456,[14031594.0]
22843,26209488,"[1549088.0, 3164289.0]"
22844,26218178,[71688.0]
22845,26219743,[14249321.0]
22846,26220671,[14249578.0]
22847,26222983,[14022629.0]
22848,26225506,[3299538.0]
22849,26227014,[6936822.0]
22850,26228034,[2917917.0]
22851,26228934,[14247695.0]
22852,26230902,[4489132.0]
22853,26236443,[7168230.0]
22854,26236860,[40881.0]
22855,26236877,[1014374.0]
22856,26239013,[14039683.0]
22857,26241281,"[4150064.0, 87305.0, 3381686.0, 466494.0, 2998.0, 27874.0, 4994753.0, 4522.0, 27148.0, 72451.0, 58971.0, 15292.0, 6450613.0, 2860219.0, 17967.0]"
22858,26243996,[5040774.0]
22859,26244485,[7307454.0]
22860,26244536,[177305.0]
22861,26245003,[7152490.0]
22862,26245950,[9886850.0]
22863,26247019,"[8835824.0, 7164135.0]"
22864,26248692,[1228468.0]
22865,26252859,[15872.0]
22866,26256407,[3112212.0]
22867,26265459,[14071077.0]
22868,26305543,[6994636.0]
22869,26308512,[7176787.0]
22870,26309792,[6868825.0]
22871,26342054,"[2372536.0, 9237.0, 4414255.0, 2964564.0, 2918731.0]"
22872,26352523,[5340653.0]
22873,26365897,[14290289.0]
22874,26367010,[5257588.0]
22875,26367032,"[7168230.0, 358889.0]"
22876,26367085,[6535608.0]
22877,26368662,"[13599320.0, 14137786.0, 6378.0, 14291063.0]"
22878,26368672,[10817647.0]
22879,26369339,[6543639.0]
22880,26404831,[7314532.0]
22881,26462167,"[6540057.0, 6478373.0]"
22882,26494475,[9820157.0]
22883,26494476,[3236643.0]
22884,26499463,[14331475.0]
22885,26514517,[415967.0]
22886,26521836,"[2526.0, 4564814.0]"
22887,26522071,"[5137530.0, 14553892.0]"
22888,26522207,[4105961.0]
22889,26529699,[4476934.0]
22890,26531536,[7074943.0]
22891,26532283,"[7077654.0, 2740918.0]"
22892,26533261,[6869349.0]
22893,26541448,[38550.0]
22894,26542535,[6953956.0]
22895,26570784,[8573519.0]
22896,26594092,[9060953.0]
22897,26594217,[14677901.0]
22898,26596663,[4026601.0]
22899,26597918,[6588802.0]
22900,26622026,[5050492.0]
22901,26623240,[851842.0]
22902,26625494,[8152069.0]
22903,26642116,[4575289.0]
22904,26667719,"[15873.0, 325203.0]"
22905,26699591,[1221698.0]
22906,26704850,[11248716.0]
22907,26715121,[58971.0]
22908,26720078,[4475150.0]
22909,26721433,[48348.0]
22910,26721642,[3432323.0]
22911,26721866,"[7822301.0, 13960652.0]"
22912,26722146,[14396013.0]
22913,26727264,"[5609118.0, 21762.0]"
22914,26760091,[8306309.0]
22915,26777168,[4305414.0]
22916,26778730,[4389526.0]
22917,26791238,[165168.0]
22918,26793013,[14395977.0]
22919,26794855,[6875729.0]
22920,26795377,[1221698.0]
22921,26795866,[5046525.0]
22922,26796308,[5771853.0]
22923,26797462,[5303332.0]
22924,26800241,[19729.0]
22925,26801274,[12824805.0]
22926,26802017,[8186790.0]
22927,26802679,[1864374.0]
22928,26802894,[4499623.0]
22929,26804473,[15292.0]
22930,26805518,[5276341.0]
22931,26807978,[182166.0]
22932,26814043,"[6579126.0, 460870.0, 1000381.0]"
22933,26818907,[6474348.0]
22934,26821954,[4684322.0]
22935,26827079,[11040025.0]
22936,26829865,[14425999.0]
22937,26835101,"[10746.0, 2961721.0]"
22938,26835271,[7060225.0]
22939,26835834,[5335865.0]
22940,26836052,"[4575289.0, 7477725.0, 781561.0, 3144008.0, 6503.0, 13615251.0, 7155626.0, 14690841.0]"
22941,26838733,[6585259.0]
22942,26838738,[12753408.0]
22943,26840204,[3046613.0]
22944,26848787,[5779282.0]
22945,26848831,[7326501.0]
22946,26850355,[14431555.0]
22947,26853604,[8660.0]
22948,26859093,[14434144.0]
22949,26860475,[941441.0]
22950,26863024,"[2063919.0, 4132657.0]"
22951,26863057,[2063919.0]
22952,26863058,[1445909.0]
22953,26866700,[6439448.0]
22954,26869762,[2172337.0]
22955,26869939,[63669.0]
22956,26869951,[540845.0]
22957,26874821,[15872.0]
22958,26877312,[8546572.0]
22959,26878915,[1857564.0]
22960,26881479,[15872.0]
22961,26883552,[4423928.0]
22962,26883555,[2868678.0]
22963,26883558,[1762294.0]
22964,26883560,[14691520.0]
22965,26889259,[6953956.0]
22966,26889260,[6953956.0]
22967,26889261,[6953956.0]
22968,26889448,[15193363.0]
22969,26889471,[11735.0]
22970,26889648,[3005246.0]
22971,26890008,[34049.0]
22972,26890726,[370361.0]
22973,26891429,[45315.0]
22974,26891431,[9629.0]
22975,26891484,[34049.0]
22976,26892060,"[771.0, 157676.0, 13899.0]"
22977,26892072,[771.0]
22978,26892077,[446965.0]
22979,26892110,[8446300.0]
22980,26928871,[14451292.0]
22981,26968129,[941441.0]
22982,27006898,[4346631.0]
22983,27013558,"[7561804.0, 5770753.0, 14468984.0]"
22984,27015385,"[1051591.0, 3387675.0]"
22985,27015392,[421434.0]
22986,27015397,[2300692.0]
22987,27015399,[14469474.0]
22988,27037567,[6462453.0]
22989,27037568,[14473205.0]
22990,27038914,[7710.0]
22991,27038915,[7710.0]
22992,27040335,"[7220977.0, 14686249.0]"
22993,27060860,"[346732.0, 14209966.0]"
22994,27064416,[8339367.0]
22995,27064449,[6953956.0]
22996,27067314,[6540057.0]
22997,27068671,[1058268.0]
22998,27068793,[15292.0]
22999,27069953,[30819.0]
23000,27074515,[88685.0]
23001,27131517,[19305.0]
23002,27133441,[13262730.0]
23003,27133894,[14542821.0]
23004,27134514,[15872.0]
23005,27134880,[3076677.0]
23006,27152521,[14528707.0]
23007,27154427,[4721536.0]
23008,27154621,[40881.0]
23009,27154986,[6974899.0]
23010,27158834,[4430.0]
23011,27158850,[240708.0]
23012,27158853,[1048153.0]
23013,27159197,[7855471.0]
23014,27160926,[8587.0]
23015,27161189,[3380908.0]
23016,27161228,[1221698.0]
23017,27161787,[1709139.0]
23018,27161818,[131208.0]
23019,27161833,[7170939.0]
23020,27170168,[4971535.0]
23021,27170764,"[4969406.0, 14532937.0]"
23022,27171883,[7105753.0]
23023,27171931,"[14593158.0, 7222680.0]"
23024,27173614,[13402627.0]
23025,27177386,[5041072.0]
23026,27177389,[2924930.0]
23027,27187955,[4208569.0]
23028,27188596,[7074943.0]
23029,27190371,"[8388731.0, 9345.0]"
23030,27203016,[780120.0]
23031,27204179,[484534.0]
23032,27206431,[2917920.0]
23033,27209398,[4721536.0]
23034,27209399,[21748.0]
23035,27209407,[625.0]
23036,27209420,[74488.0]
23037,27209430,[6268.0]
23038,27209443,[612167.0]
23039,27209459,[5804101.0]
23040,27209460,[119888.0]
23041,27211901,[13467894.0]
23042,27212100,"[7822301.0, 13960652.0]"
23043,27212432,"[3099544.0, 2964904.0]"
23044,27213224,[2937730.0]
23045,27215600,[5804537.0]
23046,27217297,[8216840.0]
23047,27218553,[159659.0]
23048,27219584,[2869149.0]
23049,27220377,"[843234.0, 999289.0]"
23050,27228341,[3225845.0]
23051,27230665,[8107261.0]
23052,27236789,[8176981.0]
23053,27237703,[9879340.0]
23054,27240779,[7303977.0]
23055,27242422,[7371757.0]
23056,27242525,[4558309.0]
23057,27242803,[14778718.0]
23058,27245604,"[1654.0, 975643.0]"
23059,27245910,[7105753.0]
23060,27245995,"[135047.0, 4077352.0]"
23061,27245999,[5023942.0]
23062,27246122,[3409936.0]
23063,27246149,[4712375.0]
23064,27252716,[13904978.0]
23065,27255774,[7074943.0]
23066,27257485,[3389.0]
23067,27259205,"[7344245.0, 6449478.0, 7184882.0, 28224.0, 199737.0, 7543536.0, 13543314.0, 7922481.0, 7954733.0, 6979556.0, 4121443.0, 133460.0, 674828.0, 5444500.0]"
23068,27270657,[8288991.0]
23069,27272484,[71688.0]
23070,27272506,[137902.0]
23071,27272698,[5265998.0]
23072,27276237,"[1136158.0, 14219.0]"
23073,27281393,[8152069.0]
23074,27284765,[6916708.0]
23075,27313170,[4918514.0]
23076,27313619,[6938728.0]
23077,27348722,[6429243.0]
23078,27366528,[2860219.0]
23079,27385330,[7275168.0]
23080,27387162,[4400405.0]
23081,27389987,[6620.0]
23082,27391008,[8596977.0]
23083,27396482,[14585700.0]
23084,27396571,[3046613.0]
23085,27396942,[6545831.0]
23086,27401260,[240708.0]
23087,27401657,[6570694.0]
23088,27404238,"[2847515.0, 14587718.0]"
23089,27405350,[9845715.0]
23090,27405351,[9845715.0]
23091,27405594,[6421258.0]
23092,27406008,[6570694.0]
23093,27406734,[386969.0]
23094,27406739,[7340907.0]
23095,27406791,[7340907.0]
23096,27406805,[580315.0]
23097,27408710,[9990.0]
23098,27409389,[7074943.0]
23099,27411212,"[7822301.0, 13960652.0]"
23100,27411345,[5898355.0]
23101,27414389,[6420147.0]
23102,27414431,[504038.0]
23103,27414432,[90808.0]
23104,27414477,"[21616.0, 14590271.0, 3212743.0]"
23105,27415414,[14590456.0]
23106,27415415,[14590457.0]
23107,27415451,[4919495.0]
23108,27416130,"[15497917.0, 10296.0]"
23109,27416143,"[13527172.0, 13527171.0, 16019261.0, 8117366.0]"
23110,27416146,[21911.0]
23111,27419429,[12048141.0]
23112,27422533,[21748.0]
23113,27426221,[2033695.0]
23114,27426598,[14593464.0]
23115,27426624,[3389.0]
23116,27427049,[14595504.0]
23117,27428880,[9355.0]
23118,27429432,[2973783.0]
23119,27468996,[14602980.0]
23120,27471553,[10405165.0]
23121,27477114,[71688.0]
23122,27507117,[2120001.0]
23123,27619091,[5618190.0]
23124,27665639,[6908249.0]
23125,27688741,[4342215.0]
23126,27693272,[2918731.0]
23127,27761757,[8588556.0]
23128,27774409,[3097905.0]
23129,27774536,[14660369.0]
23130,27774610,[9013537.0]
23131,27774642,[101078.0]
23132,27774651,[6268.0]
23133,27774712,"[4841825.0, 48386.0]"
23134,27774758,[7770873.0]
23135,27776403,[3389.0]
23136,27778756,[43784.0]
23137,27779008,"[4864215.0, 6591473.0]"
23138,27782650,"[2917917.0, 158074.0]"
23139,27787105,[14430583.0]
23140,27788505,[150038.0]
23141,27797358,[14666708.0]
23142,27798925,[13754069.0]
23143,27799031,[14667181.0]
23144,27799343,[4721473.0]
23145,27800707,[7375751.0]
23146,27802741,"[7328282.0, 13740131.0, 14258402.0, 13682020.0, 13910339.0, 5610652.0, 13614771.0, 10181127.0, 8290521.0, 9838776.0, 13694741.0, 13734782.0, 14054782.0, 14620580.0, 13982436.0]"
23147,27803778,[14668511.0]
23148,27804013,[184090.0]
23149,27811018,[5762464.0]
23150,27812298,[1227888.0]
23151,27815237,[7769192.0]
23152,27815700,"[7171978.0, 14671890.0]"
23153,27821729,[5181752.0]
23154,27823184,[7334288.0]
23155,27823743,"[1654.0, 71224.0]"
23156,27823750,[14673850.0]
23157,27827203,[14674797.0]
23158,27827627,[8730.0]
23159,27828948,"[1221698.0, 688417.0, 2440736.0, 551119.0, 280134.0, 2753276.0, 14133608.0, 1181278.0, 585301.0, 80805.0, 715427.0, 120864.0, 413870.0, 139291.0]"
23160,27832051,[7088116.0]
23161,27833610,[33918.0]
23162,27833683,[6554477.0]
23163,27833800,[5874526.0]
23164,27833803,[1616154.0]
23165,27834845,[445303.0]
23166,27835882,[445303.0]
23167,27840858,[21770.0]
23168,27840861,[4575289.0]
23169,27842346,"[55547.0, 7711592.0]"
23170,27846534,[14582814.0]
23171,27852434,[1238111.0]
23172,27852569,[7116446.0]
23173,27856632,"[7822301.0, 13960652.0]"
23174,27860894,[3152988.0]
23175,27862076,[7326382.0]
23176,27862222,[6860531.0]
23177,27865134,[14685175.0]
23178,27865615,"[1077326.0, 10917.0]"
23179,27870398,[7076304.0]
23180,27871283,[3433047.0]
23181,27872519,[852078.0]
23182,27873300,[9830676.0]
23183,27876118,"[1077326.0, 5446186.0]"
23184,27876137,"[1077326.0, 5446186.0]"
23185,27876157,"[1077326.0, 5446186.0]"
23186,27876170,"[1077326.0, 5446186.0]"
23187,27876188,"[1077326.0, 5446186.0]"
23188,27876766,[14688241.0]
23189,27876851,[9550.0]
23190,27882492,[14097819.0]
23191,27882864,[7176787.0]
23192,27883213,"[14137787.0, 3124176.0]"
23193,27883214,[14137787.0]
23194,27904311,[15872.0]
23195,27917260,"[12052.0, 240708.0, 25307.0, 2917920.0, 257412.0, 8660.0, 48960.0, 13557729.0, 989968.0, 8347.0, 11889.0, 73149.0, 439266.0, 108173.0, 572738.0, 61073.0, 346732.0]"
23196,27969078,[1194340.0]
23197,27969081,[4824952.0]
23198,27969087,[4824952.0]
23199,27969088,[2300692.0]
23200,27969099,[14705410.0]
23201,27972951,[7328358.0]
23202,27973757,[5868487.0]
23203,27984704,[8566359.0]
23204,27991136,[14713025.0]
23205,28000518,[8445150.0]
23206,28001867,[38066.0]
23207,28003002,[7361703.0]
23208,28006120,[15872.0]
23209,28008158,[71688.0]
23210,28013511,[17010.0]
23211,28017218,[4558309.0]
23212,28047498,[268018.0]
23213,28052700,[16936766.0]
23214,28053896,[7212486.0]
23215,28054396,[4814169.0]
23216,28055271,"[370361.0, 8573642.0]"
23217,28077411,"[669810.0, 2995869.0]"
23218,28078289,[4042181.0]
23219,28078791,[5351847.0]
23220,28084013,[14732723.0]
23221,28097860,[5214733.0]
23222,28100273,[942248.0]
23223,28101803,[4615377.0]
23224,28109927,[4149342.0]
23225,28109970,"[18327.0, 7337942.0]"
23226,28110115,"[8840.0, 2387.0]"
23227,28110143,[4637539.0]
23228,28110852,[945430.0]
23229,28110857,[8184486.0]
23230,28110864,[7737191.0]
23231,28110867,[632028.0]
23232,28114396,[8171797.0]
23233,28114413,[5127816.0]
23234,28114461,[8204028.0]
23235,28114497,[65335.0]
23236,28114552,"[1161372.0, 1448.0, 8057745.0, 16022729.0, 2919603.0, 11932369.0, 4511347.0, 9820123.0, 144323.0, 91717.0, 228678.0, 4648324.0, 130698.0, 5760737.0, 377417.0, 36615.0, 3039800.0, 24902.0, 4918514.0, 5258016.0, 338705.0, 110153.0]"
23237,28116133,[1221698.0]
23238,28116863,[27206.0]
23239,28117964,[7170196.0]
23240,28118108,[11260701.0]
23241,28118494,[2917917.0]
23242,28118570,[26306.0]
23243,28119313,[9886850.0]
23244,28129039,[14745588.0]
23245,28129423,[17054.0]
23246,28146512,[14751141.0]
23247,28148263,[6543639.0]
23248,28159073,[14754448.0]
23249,28159210,[131337.0]
23250,28165791,[995289.0]
23251,28168228,[16042316.0]
23252,28175701,[4864634.0]
23253,28177280,"[5073330.0, 6971140.0]"
23254,28179851,"[55547.0, 7711592.0]"
23255,28179865,"[55547.0, 7711592.0]"
23256,28186040,[74046.0]
23257,28186254,[4342215.0]
23258,28186257,[5288442.0]
23259,28186287,[1429808.0]
23260,28186296,[28569.0]
23261,28186316,[14002.0]
23262,28186323,[13922418.0]
23263,28186364,[119888.0]
23264,28188348,[5028484.0]
23265,28190254,[374504.0]
23266,28208687,"[2559520.0, 4532873.0]"
23267,28210278,[6473496.0]
23268,28214396,[8282527.0]
23269,28218868,[251725.0]
23270,28218948,[6469490.0]
23271,28219400,[26306.0]
23272,28219402,[26306.0]
23273,28219404,[26306.0]
23274,28220629,[162810.0]
23275,28220699,[5046525.0]
23276,28220701,[14772242.0]
23277,28220758,[4154802.0]
23278,28220785,[4088550.0]
23279,28220807,[1301649.0]
23280,28220825,[38550.0]
23281,28220826,[6434877.0]
23282,28220832,[1488908.0]
23283,28220852,[7326743.0]
23284,28220892,[4579328.0]
23285,28220897,"[3431194.0, 16155.0, 100764.0]"
23286,28220899,[3486415.0]
23287,28220942,[644349.0]
23288,28220944,[5214733.0]
23289,28220957,[7257289.0]
23290,28220986,[12803.0]
23291,28225843,[33919.0]
23292,28234308,[4279785.0]
23293,28235516,[4794993.0]
23294,28240174,[14777224.0]
23295,28245487,[4280.0]
23296,28247422,[8203861.0]
23297,28248583,[4600197.0]
23298,28252234,[14558814.0]
23299,28252551,[4814169.0]
23300,28254476,[6545317.0]
23301,28256493,[1365801.0]
23302,28259112,"[1074989.0, 4130475.0]"
23303,28260402,[5830526.0]
23304,28260585,[3433047.0]
23305,28260587,[3433047.0]
23306,28260627,[3433047.0]
23307,28260638,"[2860219.0, 7035546.0]"
23308,28261850,[8423348.0]
23309,28263394,[1211671.0]
23310,28266590,[4388953.0]
23311,28266640,[4388953.0]
23312,28267725,"[1077326.0, 10917.0]"
23313,28280602,[14787640.0]
23314,28284684,[1330292.0]
23315,28285588,[1330292.0]
23316,28321038,[421434.0]
23317,28326264,[6526309.0]
23318,28331715,[14417841.0]
23319,28339299,"[8835824.0, 15186724.0]"
23320,28355848,[4499623.0]
23321,28356624,[4208569.0]
23322,28358030,"[1221698.0, 59749.0]"
23323,28361285,[7742.0]
23324,28364013,"[46138.0, 10182.0, 4798562.0, 466494.0, 37557.0, 237787.0, 48355.0, 4451294.0, 167606.0, 2966042.0, 6861257.0, 765702.0, 96300.0, 7083555.0, 2860334.0, 144323.0]"
23325,28366638,[14808943.0]
23326,28374007,[4086715.0]
23327,28375641,[7418796.0]
23328,28375683,[4558309.0]
23329,28386117,[71688.0]
23330,28397840,[2987125.0]
23331,28412354,[37168.0]
23332,28421168,[4684322.0]
23333,28432251,[625.0]
23334,28433405,[5830526.0]
23335,28439832,[101078.0]
23336,28442549,"[4900972.0, 6543639.0]"
23337,28446392,[7770873.0]
23338,28446487,[6904187.0]
23339,28447390,[1928765.0]
23340,28448239,[6474354.0]
23341,28448877,[7152490.0]
23342,28449045,[59390.0]
23343,28449150,[8288991.0]
23344,28449207,[324620.0]
23345,28449231,[14831545.0]
23346,28449252,"[47672.0, 2303624.0]"
23347,28449254,[14690221.0]
23348,28450966,[4788719.0]
23349,28450969,[8685.0]
23350,28451694,"[324620.0, 737890.0]"
23351,28452362,[14435011.0]
23352,28455004,[5228940.0]
23353,28459688,[6880615.0]
23354,28478066,"[7168230.0, 8435196.0, 494654.0]"
23355,28483277,[8585043.0]
23356,28483515,[4558309.0]
23357,28487279,"[497467.0, 5835138.0]"
23358,28490267,[14900211.0]
23359,28497161,[8634130.0]
23360,28501512,[33467.0]
23361,28503870,[130698.0]
23362,28504472,"[272922.0, 3525857.0]"
23363,28504480,[6259.0]
23364,28504575,[246753.0]
23365,28504579,[3178457.0]
23366,28507357,[30819.0]
23367,28507371,[415967.0]
23368,28507374,[30819.0]
23369,28507382,[46976.0]
23370,28512427,[6549285.0]
23371,28512486,[6947727.0]
23372,28512547,[144323.0]
23373,28512700,[6202730.0]
23374,28524669,[1228468.0]
23375,28524677,[1228468.0]
23376,28525389,[3378120.0]
23377,28536304,"[3431194.0, 6864826.0]"
23378,28537156,[4139446.0]
23379,28550610,"[1077326.0, 3911856.0]"
23380,28554825,[14881425.0]
23381,28561660,[830098.0]
23382,28562419,[5768611.0]
23383,28571676,"[7914032.0, 3849298.0, 40125.0, 445649.0, 190644.0]"
23384,28571861,[1674725.0]
23385,28575361,[14873908.0]
23386,28577883,[5421050.0]
23387,28585686,[6587.0]
23388,28588061,[370361.0]
23389,28588101,[5108399.0]
23390,28588345,[4342215.0]
23391,28591722,[8423348.0]
23392,28592999,[14454.0]
23393,28593805,"[14671890.0, 7171978.0]"
23394,28594830,[8347.0]
23395,28595041,[99117.0]
23396,28595084,[13467894.0]
23397,28595941,[38550.0]
23398,28600081,[5032196.0]
23399,28603205,"[14881027.0, 15071137.0]"
23400,28604328,[466494.0]
23401,28605284,[14769021.0]
23402,28628533,"[4959062.0, 4590842.0]"
23403,28633840,[8835.0]
23404,28637641,[2869923.0]
23405,28637696,[5109302.0]
23406,28650500,[6520834.0]
23407,28650516,[8474826.0]
23408,28669109,[946017.0]
23409,28669595,[3267859.0]
23410,28686905,[24.0]
23411,28687247,[36276.0]
23412,28687748,[14904756.0]
23413,28691932,[190578.0]
23414,28691933,[2264238.0]
23415,28695374,"[35022.0, 377312.0]"
23416,28695509,[162936.0]
23417,28696452,"[3099544.0, 7168230.0]"
23418,28699026,[14907899.0]
23419,28700596,[4400405.0]
23420,28765598,[349456.0]
23421,28767184,[4994980.0]
23422,28797211,[14926007.0]
23423,28801508,[13974563.0]
23424,28807752,[14928833.0]
23425,28808222,[1332605.0]
23426,28810197,[5444060.0]
23427,28811016,[6524620.0]
23428,28812474,[38550.0]
23429,28814845,[6897717.0]
23430,28814883,[1023510.0]
23431,28815195,[2966042.0]
23432,28815449,[6268.0]
23433,28815482,[2860219.0]
23434,28818217,[4969406.0]
23435,28818313,[14757755.0]
23436,28818314,[5186274.0]
23437,28818369,[7093346.0]
23438,28818906,[426034.0]
23439,28821387,[2995873.0]
23440,28822458,[3027554.0]
23441,28857930,[15872.0]
23442,28869444,[6015788.0]
23443,28869534,[41942.0]
23444,28870482,[7734837.0]
23445,28872472,[7105753.0]
23446,28916530,"[1221698.0, 59749.0]"
23447,28924910,[276660.0]
23448,28925111,[172487.0]
23449,28927033,"[150038.0, 5377476.0]"
23450,28927122,[14590184.0]
23451,28927772,[4632661.0]
23452,28933383,[4575289.0]
23453,28936314,[7009629.0]
23454,28936334,[240840.0]
23455,28937621,"[4918514.0, 14951952.0]"
23456,28939912,[8127239.0]
23457,28940574,[14953008.0]
23458,28941103,"[10746.0, 360092.0, 2860219.0, 4845.0, 121825.0, 1967.0, 81017.0, 14953143.0, 833164.0, 948181.0, 43989.0, 320703.0]"
23459,28946535,"[6474348.0, 4132657.0]"
23460,28953095,[6538289.0]
23461,28953200,[2172337.0]
23462,28953458,[28544.0]
23463,28953491,[234115.0]
23464,28953541,[7179557.0]
23465,28953953,[9212.0]
23466,28954021,[7056449.0]
23467,28954041,[4077409.0]
23468,28954050,[13481724.0]
23469,28954093,"[6563247.0, 14579849.0, 96300.0, 19305.0, 3405346.0, 7943922.0, 11890.0, 277536.0, 2918731.0, 5258016.0, 4098207.0, 8730.0, 2860219.0, 4394928.0, 1343790.0, 4918514.0, 3400079.0, 4175512.0, 338705.0, 8347.0]"
23470,28954123,"[13957.0, 277536.0, 2920678.0]"
23471,28954137,"[150038.0, 836009.0, 10317.0, 21981.0]"
23472,28954187,[1330287.0]
23473,28954200,[6423161.0]
23474,28957290,"[6544886.0, 2332319.0, 5774362.0]"
23475,28957353,[46138.0]
23476,28960122,[4280.0]
23477,28960218,[4086715.0]
23478,28960222,[1221698.0]
23479,28962883,[2924955.0]
23480,28963393,"[38550.0, 7711592.0]"
23481,28963439,"[1077326.0, 10917.0]"
23482,28963886,[267124.0]
23483,29003305,[5752145.0]
23484,29008738,[5829056.0]
23485,29010526,[14969899.0]
23486,29055255,[7277852.0]
23487,29056083,"[5042201.0, 3439408.0, 1077326.0]"
23488,29058352,[2891503.0]
23489,29064670,[276660.0]
23490,29065082,[5827587.0]
23491,29065483,[7834745.0]
23492,29065859,[3329042.0]
23493,29069989,"[1077326.0, 5042201.0, 3439408.0]"
23494,29071035,"[35022.0, 377312.0]"
23495,29079130,[5181752.0]
23496,29082575,"[92441.0, 162943.0]"
23497,29087788,[891354.0]
23498,29090898,[14780791.0]
23499,29092951,"[49177.0, 1157440.0, 65333.0]"
23500,29093031,[3013716.0]
23501,29093476,[14986807.0]
23502,29102838,[14005449.0]
23503,29102939,[5354687.0]
23504,29102956,[17015.0]
23505,29150270,[38550.0]
23506,29155101,[2300692.0]
23507,29201137,[6563985.0]
23508,29201141,[8179024.0]
23509,29203449,[554463.0]
23510,29207441,[3420702.0]
23511,29208965,[6591244.0]
23512,29213435,[1549088.0]
23513,29213589,[1136158.0]
23514,29223861,[15012550.0]
23515,29229799,[370361.0]
23516,29233832,[7704723.0]
23517,29235197,[1025280.0]
23518,29236424,[15401758.0]
23519,29236440,[23419.0]
23520,29238041,"[1077326.0, 3911856.0]"
23521,29238781,"[3405346.0, 7516300.0, 97284.0, 42411.0]"
23522,29241212,[13687893.0]
23523,29241319,"[1077326.0, 3911856.0]"
23524,29241335,[709302.0]
23525,29241350,"[38954.0, 1221698.0, 41878.0]"
23526,29241447,[7054831.0]
23527,29241744,[14674573.0]
23528,29246735,"[40563.0, 334840.0]"
23529,29247184,[6950743.0]
23530,29279339,[13551422.0]
23531,29281411,[7429464.0]
23532,29286934,[4994980.0]
23533,29326301,[46976.0]
23534,29332599,[7127010.0]
23535,29332920,"[72451.0, 15034723.0, 8089429.0]"
23536,29332928,[14022401.0]
23537,29337291,"[8164.0, 1012225.0]"
23538,29338023,[2973783.0]
23539,29338223,[2060858.0]
23540,29345916,[119888.0]
23541,29346927,[4519247.0]
23542,29347711,[5757332.0]
23543,29348069,[4475715.0]
23544,29348917,[4721318.0]
23545,29356046,[150038.0]
23546,29356064,[150038.0]
23547,29356073,[150038.0]
23548,29356081,[150038.0]
23549,29356087,[150038.0]
23550,29356108,[150038.0]
23551,29356115,[150038.0]
23552,29356118,[150038.0]
23553,29356121,[150038.0]
23554,29358350,[27148.0]
23555,29358487,"[3046613.0, 15216866.0]"
23556,29360229,[8064114.0]
23557,29360999,[6520834.0]
23558,29361219,[5313027.0]
23559,29379042,[8270.0]
23560,29379137,[14556898.0]
23561,29381751,[2817820.0]
23562,29382653,[6880131.0]
23563,29391251,[14185645.0]
23564,29394403,[1654.0]
23565,29400945,[15014769.0]
23566,29409499,[1228468.0]
23567,29410991,"[15099546.0, 15099547.0, 15099548.0, 15099549.0, 5303668.0]"
23568,29412228,[7127010.0]
23569,29414614,[1238111.0]
23570,29415474,[2809083.0]
23571,29419777,[15058478.0]
23572,29422091,[6947727.0]
23573,29427818,"[150038.0, 5377476.0]"
23574,29429675,[15061078.0]
23575,29429934,[237135.0]
23576,29430466,"[59611.0, 7842595.0]"
23577,29430530,[2830642.0]
23578,29430576,[17054.0]
23579,29430670,[3389.0]
23580,29430671,[3389.0]
23581,29430673,[3389.0]
23582,29430675,[3389.0]
23583,29430690,"[4428.0, 375143.0, 48192.0]"
23584,29430695,"[1136158.0, 14219.0]"
23585,29430737,[3389.0]
23586,29431371,[150038.0]
23587,29431527,"[4959062.0, 4590842.0]"
23588,29434403,[5249479.0]
23589,29437145,[1221698.0]
23590,29438610,[2060858.0]
23591,29452027,[7178089.0]
23592,29452280,"[5042201.0, 1077326.0, 3439408.0]"
23593,29453893,[6552446.0]
23594,29464494,[5244478.0]
23595,29467232,[1370283.0]
23596,29467247,[8427407.0]
23597,29467419,[150038.0]
23598,29469165,[1549088.0]
23599,29473487,[5817161.0]
23600,29483403,[8306309.0]
23601,29496208,[20248.0]
23602,29496376,[590743.0]
23603,29496471,[3297526.0]
23604,29496506,[7581.0]
23605,29496535,"[8685.0, 2772185.0, 3247074.0, 28045.0, 32262.0, 721481.0, 5324146.0, 7226911.0, 16172721.0, 8647520.0, 38234.0, 7161255.0, 8591.0, 5294897.0, 897490.0, 207695.0, 2799345.0, 8690.0, 4080505.0, 919348.0, 878623.0, 69803.0, 1071572.0, 316778.0, 8691.0]"
23606,29496544,[119888.0]
23607,29500704,[14422472.0]
23608,29501909,[15081438.0]
23609,29502206,[5806077.0]
23610,29502231,[14808166.0]
23611,29502645,[1369219.0]
23612,29505433,"[4086715.0, 6953671.0]"
23613,29506631,[3005246.0]
23614,29507621,[568632.0]
23615,29509575,"[4900972.0, 6543639.0]"
23616,29509599,"[4900972.0, 6543639.0]"
23617,29509610,"[4900972.0, 6543639.0]"
23618,29510397,[6451816.0]
23619,29518618,[7226363.0]
23620,29521339,[15077746.0]
23621,29523227,[4388953.0]
23622,29527038,[8179024.0]
23623,29531130,[7791997.0]
23624,29533184,[234115.0]
23625,29541796,[15009385.0]
23626,29546138,[13734301.0]
23627,29547345,[5049521.0]
23628,29547960,[1330292.0]
23629,29551843,[14737283.0]
23630,29553734,[13855435.0]
23631,29554397,[8588556.0]
23632,29556849,"[1330292.0, 1004238.0]"
23633,29559052,[3433047.0]
23634,29560280,[14888993.0]
23635,29563587,[25052.0]
23636,29564630,[165168.0]
23637,29566060,[7275172.0]
23638,29569660,[14107529.0]
23639,29570143,[1858.0]
23640,29570559,[9857504.0]
23641,29584838,[5764273.0]
23642,29588505,[4499623.0]
23643,29594616,[6474348.0]
23644,29605078,[3406550.0]
23645,29606677,[7034215.0]
23646,29614594,[6889207.0]
23647,29616267,[7804356.0]
23648,29622131,[4103366.0]
23649,29623561,[2161876.0]
23650,29623647,[6875729.0]
23651,29627784,[7235297.0]
23652,29632245,"[5502079.0, 15577045.0, 757219.0, 16308512.0]"
23653,29634295,[5186274.0]
23654,29637408,[3145809.0]
23655,29639774,[3097905.0]
23656,29661618,[7176787.0]
23657,29670787,[7426942.0]
23658,29736231,[8347.0]
23659,29737444,"[363130.0, 6836.0, 459448.0]"
23660,29738154,[11362882.0]
23661,29739361,[13505420.0]
23662,29740894,[3106467.0]
23663,29742151,[5458477.0]
23664,29742867,[6597194.0]
23665,29748925,[324620.0]
23666,29749085,[4575289.0]
23667,29749090,[4342215.0]
23668,29749098,[3433047.0]
23669,29750595,[8660.0]
23670,29751984,[5825979.0]
23671,29752685,[15141807.0]
23672,29753302,[4684322.0]
23673,29757901,[4637539.0]
23674,29758013,[5403541.0]
23675,29758649,[14166772.0]
23676,29760778,[15144005.0]
23677,29765252,[9990.0]
23678,29770450,[8588556.0]
23679,29771527,[1067608.0]
23680,29773163,[1076161.0]
23681,29774075,"[7328282.0, 5610652.0, 14620580.0, 14258402.0, 8690723.0, 13614771.0, 10790621.0, 8290521.0, 13734782.0, 8193786.0, 8337289.0, 9838776.0, 13694741.0, 8136449.0, 13910339.0, 13682020.0]"
23682,29774760,[4457900.0]
23683,29774788,[4457900.0]
23684,29775263,[15148134.0]
23685,29775943,[15148269.0]
23686,29777634,"[4900972.0, 6543639.0]"
23687,29777813,[4489132.0]
23688,29785301,"[989897.0, 3370428.0]"
23689,29790541,[6538289.0]
23690,29807305,[10746.0]
23691,29845906,[4735144.0]
23692,29847102,[15872.0]
23693,29851645,[2951127.0]
23694,29857730,"[5430378.0, 2877033.0]"
23695,29860465,[71688.0]
23696,29862691,[953273.0]
23697,29863883,[5665572.0]
23698,29868611,[874602.0]
23699,29873919,"[7152490.0, 6587520.0]"
23700,29875893,[2357.0]
23701,29875894,[1141209.0]
23702,29875908,[41032.0]
23703,29877824,[2828923.0]
23704,29884790,"[45315.0, 44554.0]"
23705,29889256,"[874602.0, 1221698.0]"
23706,29892500,[3064305.0]
23707,29893453,[4575289.0]
23708,29895106,[14469474.0]
23709,29895188,[1014374.0]
23710,29901992,[2091952.0]
23711,29904219,[11230592.0]
23712,29905987,[3046613.0]
23713,29906017,[10909117.0]
23714,29906288,"[3433047.0, 2580449.0]"
23715,29909523,"[2741079.0, 976311.0, 12572975.0, 5755229.0, 13540545.0, 14246567.0, 14414905.0, 14738027.0, 6950743.0, 14252866.0, 14792860.0, 13810189.0, 14055143.0, 14249822.0, 9871050.0]"
23716,29910761,[15180818.0]
23717,29918359,[14848379.0]
23718,29921910,[1058268.0]
23719,29922440,[72545.0]
23720,29923707,[4086715.0]
23721,29933704,[8176981.0]
23722,29934239,[323656.0]
23723,29935867,[137902.0]
23724,29936143,[5788745.0]
23725,29937102,[3433047.0]
23726,29938710,[4342215.0]
23727,29939027,[105839.0]
23728,29939037,[7086094.0]
23729,29939047,[13695109.0]
23730,29939048,[6535659.0]
23731,29939058,[4918514.0]
23732,29939089,[8154083.0]
23733,29939130,[15189045.0]
23734,29939179,[644349.0]
23735,29939198,[14173645.0]
23736,29939230,[7168230.0]
23737,29939243,[9237.0]
23738,29939270,[7867639.0]
23739,29939285,[7012713.0]
23740,29939303,[4023684.0]
23741,29939337,[7168230.0]
23742,29939366,[3441.0]
23743,29939388,[1301649.0]
23744,29939389,[4499623.0]
23745,29939390,[4499623.0]
23746,29953886,"[28946.0, 1310149.0]"
23747,29957486,[14881546.0]
23748,29960499,[6427501.0]
23749,29960675,"[15194090.0, 5386858.0]"
23750,29962194,[5045068.0]
23751,29970373,[6982197.0]
23752,29974352,[7771866.0]
23753,29975820,[4575289.0]
23754,29981868,[15965840.0]
23755,29983681,[7883823.0]
23756,29984535,"[15200357.0, 15200358.0]"
23757,29986315,"[7184104.0, 3065284.0]"
23758,29988414,[15201503.0]
23759,29993747,[771.0]
23760,29995243,[4489132.0]
23761,30008825,[5137530.0]
23762,30010194,[15207082.0]
23763,30011014,[13582922.0]
23764,30025154,[3334999.0]
23765,30025336,[1330292.0]
23766,30032302,[5785692.0]
23767,30037781,[8635086.0]
23768,30037865,[89439.0]
23769,30038935,[359109.0]
23770,30039020,[15215219.0]
23771,30039062,[110153.0]
23772,30046401,[5028484.0]
23773,30047519,[4769304.0]
23774,30050287,[38313.0]
23775,30055885,[7997265.0]
23776,30063474,[38550.0]
23777,30070430,[14124424.0]
23778,30073153,"[2789848.0, 4427.0]"
23779,30075733,[15011553.0]
23780,30075809,[7092218.0]
23781,30078649,"[4684322.0, 16115382.0]"
23782,30079403,[9013537.0]
23783,30090252,"[15211832.0, 295793.0]"
23784,30095464,[7055613.0]
23785,30095472,[114528.0]
23786,30108734,[14350105.0]
23787,30109231,[8422672.0]
23788,30112512,[5752145.0]
23789,30114538,[3433047.0]
23790,30115934,[15872.0]
23791,30115958,[15872.0]
23792,30116958,[15235727.0]
23793,30117284,[4039811.0]
23794,30121770,[7177350.0]
23795,30123368,[3486415.0]
23796,30124904,[1222405.0]
23797,30127551,[4788719.0]
23798,30134512,[7418796.0]
23799,30138814,"[9817050.0, 14342961.0]"
23800,30139665,[6620.0]
23801,30139736,"[15759586.0, 7164135.0, 2354594.0]"
23802,30139740,[8835824.0]
23803,30145666,"[15872.0, 14920.0]"
23804,30145677,[36346.0]
23805,30145678,"[3510823.0, 565825.0]"
23806,30145679,[152309.0]
23807,30152785,[8587788.0]
23808,30166599,[6520834.0]
23809,30166675,[1221698.0]
23810,30166719,"[670242.0, 13746479.0, 1638503.0]"
23811,30167768,[7423148.0]
23812,30172827,"[13957.0, 277536.0, 2920678.0]"
23813,30177399,[6950743.0]
23814,30196348,[3409936.0]
23815,30196357,[3409936.0]
23816,30197319,[11680644.0]
23817,30197334,[2060858.0]
23818,30197398,[6588780.0]
23819,30199421,"[10811406.0, 10378770.0]"
23820,30201080,"[119830.0, 59749.0]"
23821,30205219,[4149342.0]
23822,30212517,[2851725.0]
23823,30212708,[15262605.0]
23824,30213129,[221253.0]
23825,30215481,[30279.0]
23826,30220948,[53597.0]
23827,30227022,[7074943.0]
23828,30227925,[4337106.0]
23829,30228183,[7426942.0]
23830,30229062,"[57983.0, 1077326.0]"
23831,30230234,"[25422.0, 150038.0]"
23832,30233110,[4039811.0]
23833,30233119,[4039811.0]
23834,30237061,[15269309.0]
23835,30240178,[15369854.0]
23836,30240773,[4086715.0]
23837,30240799,[19729.0]
23838,30241499,[45315.0]
23839,30242428,[13767305.0]
23840,30242712,[6996754.0]
23841,30244024,[7233453.0]
23842,30247933,[1222405.0]
23843,30250405,[76360.0]
23844,30251356,[14552382.0]
23845,30253091,[125308.0]
23846,30254933,"[771.0, 157676.0, 13899.0]"
23847,30256103,[4864634.0]
23848,30256272,[5774.0]
23849,30257379,[4414255.0]
23850,30257523,[15872.0]
23851,30257957,[132923.0]
23852,30258320,[14235866.0]
23853,30264201,[15276749.0]
23854,30267872,[6474348.0]
23855,30268886,[15230378.0]
23856,30269126,[5217313.0]
23857,30272307,"[10746.0, 203762.0, 506641.0]"
23858,30279445,[6896814.0]
23859,30279514,[15402430.0]
23860,30279525,[4562483.0]
23861,30280823,[7235297.0]
23862,30282611,"[1136158.0, 554339.0]"
23863,30283334,"[150038.0, 836009.0, 10317.0, 21981.0]"
23864,30286325,[7184104.0]
23865,30287713,[14031601.0]
23866,30288429,[15283009.0]
23867,30289169,[6444266.0]
23868,30294279,[15284813.0]
23869,30312597,[15087311.0]
23870,30312617,[15038657.0]
23871,30312684,[61659.0]
23872,30312806,[767547.0]
23873,30312855,[7246482.0]
23874,30312891,[150038.0]
23875,30316199,[1067608.0]
23876,30317436,"[7074943.0, 6880847.0, 3283712.0, 6571299.0]"
23877,30317891,[4443809.0]
23878,30320053,[7093630.0]
23879,30322601,[93726.0]
23880,30324257,[13452763.0]
23881,30329462,[8347.0]
23882,30333115,[4428.0]
23883,30334177,"[46138.0, 4538187.0]"
23884,30334186,[13532302.0]
23885,30335482,[7979840.0]
23886,30341482,[13922215.0]
23887,30343665,[2973783.0]
23888,30363288,[38550.0]
23889,30363359,[22542.0]
23890,30363360,[22542.0]
23891,30363361,[22542.0]
23892,30363412,[175855.0]
23893,30363424,[6456912.0]
23894,30364161,[14469474.0]
23895,30364791,[4942228.0]
23896,30369904,[8178928.0]
23897,30375956,[445303.0]
23898,30460927,[505695.0]
23899,30461865,[217944.0]
23900,30462067,[4101955.0]
23901,30515634,[15164484.0]
23902,30518478,[3267859.0]
23903,30528852,[8446648.0]
23904,30531873,[4849468.0]
23905,30531880,[1221698.0]
23906,30558033,[14669076.0]
23907,30612656,[2300692.0]
23908,30612657,[2909019.0]
23909,30612669,[8179024.0]
23910,30612698,[6517244.0]
23911,30622162,"[3389.0, 218826.0]"
23912,30628197,[4241741.0]
23913,30628688,[14759054.0]
23914,30628786,[7711109.0]
23915,30641218,[7360538.0]
23916,30649331,[7076633.0]
23917,30652334,[14097765.0]
23918,30652372,"[57983.0, 1077326.0]"
23919,30653719,[4615776.0]
23920,30653721,[7305254.0]
23921,30653776,[17059.0]
23922,30653786,[1221698.0]
23923,30653880,[8167946.0]
23924,30653882,"[5976337.0, 3118938.0]"
23925,30653889,[27498.0]
23926,30653902,[5833183.0]
23927,30653924,[4530256.0]
23928,30656121,[14759054.0]
23929,30687806,[48192.0]
23930,30687916,[40563.0]
23931,30688013,[25307.0]
23932,30688516,[85545.0]
23933,30688517,[2860219.0]
23934,30689357,[1657883.0]
23935,30714873,[15900194.0]
23936,30720860,[8187427.0]
23937,30724961,[5553877.0]
23938,30751286,[15401188.0]
23939,30751491,[14246067.0]
23940,30753493,[26546.0]
23941,30753494,[13994108.0]
23942,30753517,"[8473432.0, 5318567.0, 1221698.0, 15401818.0, 488006.0, 7210024.0, 6690114.0, 219918.0, 4227825.0, 7106859.0, 15401821.0, 4565834.0, 240708.0, 1716138.0, 15401822.0, 1748829.0, 15401824.0, 8117442.0, 8475480.0, 5825228.0, 13781351.0, 5618752.0, 6466778.0]"
23943,30753743,[5331983.0]
23944,30753993,[14612081.0]
23945,30755704,[4480131.0]
23946,30763950,[13905555.0]
23947,30795484,[13451368.0]
23948,30795613,[6559160.0]
23949,30795950,[8390236.0]
23950,30804618,[6580610.0]
23951,30809689,[1221698.0]
23952,30809786,[7770873.0]
23953,30822575,[7074943.0]
23954,30827786,[13787489.0]
23955,30835803,"[15872.0, 465708.0]"
23956,30840364,[7074943.0]
23957,30840877,[6538289.0]
23958,30841101,"[13695109.0, 15427011.0]"
23959,30841984,[15388346.0]
23960,30842347,[6244.0]
23961,30849848,[13650045.0]
23962,30900064,[48192.0]
23963,30955863,[612167.0]
23964,30956356,[15292.0]
23965,30962604,[59165.0]
23966,30963250,[2917917.0]
23967,30964236,[14137787.0]
23968,30968533,[11362882.0]
23969,30969076,[4735144.0]
23970,30969741,[15455603.0]
23971,30971685,[14865445.0]
23972,30971733,"[7719.0, 1391027.0]"
23973,30971734,[5012036.0]
23974,30971784,[5351849.0]
23975,30983420,[15455762.0]
23976,30983471,[3389.0]
23977,30983474,[3389.0]
23978,30983478,[3389.0]
23979,30985898,[2264238.0]
23980,30988092,[1221698.0]
23981,31014504,"[363050.0, 363048.0, 180417.0, 7389871.0, 60.0, 954100.0, 4179678.0, 2352998.0, 6216115.0, 17229574.0, 8246903.0, 15906424.0, 16890691.0, 8396869.0, 142315.0, 9790879.0, 17229575.0]"
23982,31014644,[787384.0]
23983,31019838,[143659.0]
23984,31020402,[13525505.0]
23985,31030693,[7426942.0]
23986,31050237,[3433047.0]
23987,31050652,[3433047.0]
23988,31076583,[3433047.0]
23989,31114367,[4370565.0]
23990,31120462,[8446650.0]
23991,31126769,[137902.0]
23992,31134210,[14674797.0]
23993,31140332,[12479.0]
23994,31140515,[17054.0]
23995,31144003,[6549285.0]
23996,31144269,[1221698.0]
23997,31145035,[14554651.0]
23998,31145057,[1638953.0]
23999,31145102,[15038654.0]
24000,31145163,[7979840.0]
24001,31145176,"[298438.0, 25355.0]"
24002,31147267,[1762294.0]
24003,31159611,"[116504.0, 584482.0]"
24004,31160885,[7334288.0]
24005,31170713,[7275172.0]
24006,31172294,"[8441270.0, 6878812.0]"
24007,31183180,[2860219.0]
24008,31186223,[7460109.0]
24009,31195632,[15124195.0]
24010,31199020,[1221698.0]
24011,31199023,[1221698.0]
24012,31199384,[4476934.0]
24013,31199730,[2995873.0]
24014,31211256,[13835635.0]
24015,31212082,[780120.0]
24016,31213086,[15515427.0]
24017,31213698,[1077326.0]
24018,31213706,[57990.0]
24019,31213721,[9291.0]
24020,31246863,[5761580.0]
24021,31277320,[15559320.0]
24022,31288429,[6575108.0]
24023,31291543,[8152069.0]
24024,31294360,[14252282.0]
24025,31296952,[15556009.0]
24026,31297816,[4013896.0]
24027,31298064,[6539087.0]
24028,31298846,"[150038.0, 5377476.0]"
24029,31304766,"[5042201.0, 3439408.0, 1077326.0]"
24030,31311018,[15944595.0]
24031,31311526,[6469490.0]
24032,31323287,[7074943.0]
24033,31327371,"[12570705.0, 7423027.0]"
24034,31334226,[6879348.0]
24035,31338832,[101078.0]
24036,31348711,[15571684.0]
24037,31353031,[8317107.0]
24038,31356376,[20248.0]
24039,31361778,"[5042201.0, 3439408.0, 1077326.0]"
24040,31363558,[284720.0]
24041,31364790,[3504189.0]
24042,31366516,[88685.0]
24043,31368276,[8390236.0]
24044,31371485,[5768611.0]
24045,31372242,[63341.0]
24046,31372244,[4798562.0]
24047,31372245,"[15937088.0, 8421671.0]"
24048,31372246,[24901.0]
24049,31373879,[15600143.0]
24050,31380398,[5032196.0]
24051,31383927,[48190.0]
24052,31389365,[9759281.0]
24053,31408305,[7349685.0]
24054,31408829,[7210024.0]
24055,31409133,"[7867083.0, 7876039.0]"
24056,31411922,"[7770873.0, 6080025.0, 7787712.0, 737890.0]"
24057,31423551,[9831940.0]
24058,31423572,[230991.0]
24059,31423605,"[692829.0, 6459715.0]"
24060,31426116,[14469474.0]
24061,31429077,[15600847.0]
24062,31433704,[3405346.0]
24063,31438751,[15614540.0]
24064,31450615,[8446650.0]
24065,31450636,[8446648.0]
24066,31450699,[13132448.0]
24067,31450751,"[72451.0, 7092935.0]"
24068,31450752,"[15218531.0, 4600197.0, 780120.0, 4499623.0, 15218533.0, 4684322.0, 2471183.0, 3099544.0, 5830526.0, 7577278.0, 1383409.0, 5288442.0, 7353006.0, 15100575.0, 14743111.0, 261240.0, 15218565.0, 7694781.0, 15218566.0, 9240590.0, 15960140.0, 15218567.0, 15218568.0, 13984436.0, 15218569.0, 15218632.0, 16345889.0]"
24069,31450773,[14542471.0]
24070,31450846,[3433047.0]
24071,31450847,[231755.0]
24072,31450852,[3433047.0]
24073,31450908,[2860219.0]
24074,31450960,[15552977.0]
24075,31451014,[1141209.0]
24076,31451081,"[3431194.0, 16155.0, 100764.0]"
24077,31451174,[3433047.0]
24078,31451175,[3433047.0]
24079,31451186,[33919.0]
24080,31451267,[5830526.0]
24081,31453592,[4428.0]
24082,31453632,[4882127.0]
24083,31456593,[9013537.0]
24084,31458203,[4684322.0]
24085,31473152,[6268.0]
24086,31480894,[13500505.0]
24087,31491581,[3865807.0]
24088,31501375,[1077326.0]
24089,31521391,[4600197.0]
24090,31522139,[2916869.0]
24091,31541026,[4279785.0]
24092,31545872,"[3433047.0, 13615251.0]"
24093,31546428,[2749820.0]
24094,31549513,[8306309.0]
24095,31552953,[4788719.0]
24096,31553869,[5831854.0]
24097,31554691,"[2917917.0, 158074.0]"
24098,31560094,[8294520.0]
24099,31560400,"[1864374.0, 2973216.0]"
24100,31563982,[4637539.0]
24101,31565981,[15647572.0]
24102,31567282,[5032196.0]
24103,31572149,[323656.0]
24104,31574408,[13505420.0]
24105,31579908,[36276.0]
24106,31625351,[130698.0]
24107,31627294,[8152069.0]
24108,31670261,[38954.0]
24109,31671570,[7168230.0]
24110,31686500,[8306309.0]
24111,31693618,[1077326.0]
24112,31694020,[4637539.0]
24113,31700961,[15164484.0]
24114,31702362,"[57990.0, 1077326.0]"
24115,31702733,[1147801.0]
24116,31702762,[190905.0]
24117,31702788,[5806715.0]
24118,31702797,[1988739.0]
24119,31702811,[4637369.0]
24120,31706476,[73699.0]
24121,31706495,[3099544.0]
24122,31706920,[941441.0]
24123,31716900,[4721536.0]
24124,31741417,"[4684322.0, 3124176.0]"
24125,31748402,[15697993.0]
24126,31753348,[6469599.0]
24127,31808202,"[7631424.0, 1264711.0]"
24128,31817749,[2917917.0]
24129,31829155,[8546572.0]
24130,31836443,[1077326.0]
24131,31836780,[600309.0]
24132,31837359,[15723232.0]
24133,31847104,[4.0]
24134,31849565,[13908397.0]
24135,31865973,[3433047.0]
24136,31915219,[119830.0]
24137,31920528,[6521898.0]
24138,31922257,[15746850.0]
24139,31930313,[5190768.0]
24140,31931960,[4051426.0]
24141,31932151,[328151.0]
24142,31933977,[38569.0]
24143,31944679,[836009.0]
24144,31944708,[953453.0]
24145,31945438,[13843055.0]
24146,31949122,"[15759586.0, 7164135.0]"
24147,32021586,[15872.0]
24148,32025241,[9629.0]
24149,32025689,[15799268.0]
24150,32026299,[3486415.0]
24151,32051720,[13848696.0]
24152,32051723,[4027380.0]
24153,32055872,[4735144.0]
24154,32061282,"[4575289.0, 14690841.0, 2960911.0, 13615251.0, 386543.0, 2975257.0, 3144008.0, 6503.0, 3031590.0]"
24155,32067510,[15813968.0]
24156,32071039,[3389.0]
24157,32072924,[3868039.0]
24158,32073069,"[24901.0, 1448.0]"
24159,32073145,[5008398.0]
24160,32075662,[3099544.0]
24161,32075664,[8628046.0]
24162,32075825,"[545.0, 270277.0]"
24163,32075842,[4827710.0]
24164,32077461,[6226487.0]
24165,32098198,[5441556.0]
24166,32149236,[1332605.0]
24167,32150704,[4491649.0]
24168,32162948,[6467608.0]
24169,32177462,[15855053.0]
24170,32177852,[2063919.0]
24171,32178678,[7771316.0]
24172,32179294,[4684322.0]
24173,32182684,[15857834.0]
24174,32195037,[7855177.0]
24175,32196125,[1077326.0]
24176,32198259,"[17078580.0, 7431.0, 3389.0]"
24177,32200595,[7168230.0]
24178,32237463,[8346771.0]
24179,32308123,[5778174.0]
24180,32311055,[1136158.0]
24181,32312194,"[1211671.0, 15899045.0]"
24182,32320661,[16022936.0]
24183,32320908,[15872.0]
24184,32332687,"[26.0, 83308.0, 25883.0, 1948907.0, 22781.0, 229863.0, 33503.0, 4527512.0, 7143538.0, 16486274.0, 16486275.0, 13876217.0, 9759803.0, 5259915.0, 16486276.0, 16371603.0, 16486277.0, 7814066.0, 1058964.0, 16486278.0, 16486279.0, 16486280.0, 16486281.0, 301471.0, 16486282.0, 16486283.0, 15927962.0, 16486284.0, 16486285.0, 16225302.0, 7054830.0, 16486286.0, 16486747.0, 16486751.0, 16674864.0]"
24185,32332938,[14212740.0]
24186,32333246,[14431134.0]
24187,32334268,[15906650.0]
24188,32337619,"[3413873.0, 8568110.0]"
24189,32337902,[2063919.0]
24190,32370233,[4600197.0]
24191,32419641,[6469080.0]
24192,32446959,[6520834.0]
24193,32454291,[176372.0]
24194,32469783,[15935255.0]
24195,32470603,[2300692.0]
24196,32493342,[15941689.0]
24197,32493793,[3046613.0]
24198,32498052,[8427407.0]
24199,32498439,[5303332.0]
24200,32509376,[15974644.0]
24201,32560592,[7360538.0]
24202,32562417,[14590940.0]
24203,32565582,[15402430.0]
24204,32573000,[4342215.0]
24205,32573185,[71688.0]
24206,32573186,[5804101.0]
24207,32580608,[3865807.0]
24208,32586871,[71688.0]
24209,32600602,[99117.0]
24210,32600771,"[1400540.0, 14079950.0]"
24211,32602009,[15968367.0]
24212,32605051,[1221698.0]
24213,32618126,[16274241.0]
24214,32622501,[5621828.0]
24215,32667458,[15428577.0]
24216,32669692,[2063919.0]
24217,32670125,[33773.0]
24218,32671298,[33773.0]
24219,32671619,[15986018.0]
24220,32672519,[4430.0]
24221,32673847,[14831545.0]
24222,32686095,"[10366.0, 229863.0]"
24223,32708664,"[656983.0, 9533.0, 9545.0]"
24224,32710790,[7920918.0]
24225,32711417,"[780120.0, 2738900.0]"
24226,32711591,[4615776.0]
24227,32713449,[16001139.0]
24228,32714261,[73084.0]
24229,32714264,[11890.0]
24230,32714267,"[338705.0, 3193036.0]"
24231,32714413,[4414255.0]
24232,32714776,[16001400.0]
24233,32718027,[16002992.0]
24234,32718466,[150038.0]
24235,32729717,[1211671.0]
24236,32735182,[6950740.0]
24237,32735550,"[15605115.0, 8188566.0]"
24238,32766049,[13452447.0]
24239,32766311,[6570694.0]
24240,32766747,[14129860.0]
24241,32766757,[16014964.0]
24242,32768509,[15454955.0]
24243,32768515,[4430.0]
24244,32768522,[4208569.0]
24245,32792667,[15752281.0]
24246,32793046,[9886850.0]
24247,32796810,[7150768.0]
24248,32802514,[7012437.0]
24249,32825530,[16032695.0]
24250,32826931,[4684322.0]
24251,32827036,[16033197.0]
24252,32827398,[1343790.0]
24253,32828538,[3409936.0]
24254,32842453,[1343790.0]
24255,32849250,[15228794.0]
24256,32852217,[15417864.0]
24257,32856010,[7379542.0]
24258,32856011,"[1510073.0, 15404908.0]"
24259,32862986,[8546572.0]
24260,32867404,[7340907.0]
24261,32871581,[7152490.0]
24262,32873790,[4444087.0]
24263,32890474,[13734129.0]
24264,32912370,[7091823.0]
24265,32926036,[3865807.0]
24266,32930224,[14137787.0]
24267,32938151,"[1082411.0, 822831.0]"
24268,32940857,[4919495.0]
24269,32940886,[5235501.0]
24270,32962973,[16075736.0]
24271,32968540,[588356.0]
24272,32971135,"[746724.0, 191475.0, 505695.0, 3413873.0, 784178.0, 753637.0, 45687.0, 589146.0, 2789848.0, 343553.0, 4821221.0, 14158211.0]"
24273,32972153,[5286855.0]
24274,32991569,[1373880.0]
24275,32997948,[2060858.0]
24276,33000428,[6268.0]
24277,33000430,[6268.0]
24278,33005985,[7711109.0]
24279,33009276,[8164.0]
24280,33009320,[4684322.0]
24281,33024398,"[7581.0, 2104168.0]"
24282,33099584,[96300.0]
24283,33099585,[15045277.0]
24284,33099586,[7106859.0]
24285,33099588,[7106859.0]
24286,33113495,[16114393.0]
24287,33113864,[3159299.0]
24288,33115566,[130698.0]
24289,33123322,[8347.0]
24290,33123849,[357601.0]
24291,33124167,[14677901.0]
24292,33135740,[1228468.0]
24293,33137867,[15179230.0]
24294,33143967,[101078.0]
24295,33158526,[5241601.0]
24296,33158530,[504038.0]
24297,33158561,[6434877.0]
24298,33198183,[374504.0]
24299,33216616,"[363130.0, 6836.0, 459448.0]"
24300,33222255,[6953956.0]
24301,33230813,[14590940.0]
24302,33233918,"[16152414.0, 16291179.0]"
24303,33236041,[15164484.0]
24304,33245839,"[119121.0, 16155974.0]"
24305,33257974,[16013138.0]
24306,33266253,[370361.0]
24307,33276673,[16727429.0]
24308,33290550,[1221698.0]
24309,33295236,[33467.0]
24310,33296222,[259548.0]
24311,33296298,[16799981.0]
24312,33299061,[8634130.0]
24313,33306227,[367994.0]
24314,33306347,[3433047.0]
24315,33313201,[15553009.0]
24316,33336580,[150038.0]
24317,33357627,[8016035.0]
24318,33357675,[38550.0]
24319,33357682,[38550.0]
24320,33358408,[30819.0]
24321,33359075,[15184536.0]
24322,33369873,"[7077654.0, 6953671.0]"
24323,33375622,[6860265.0]
24324,33376058,[4015157.0]
24325,33377509,[6572969.0]
24326,33379357,[7219081.0]
24327,33379515,[16189297.0]
24328,33384139,[7219081.0]
24329,33384153,[7219081.0]
24330,33384164,[7219081.0]
24331,33384170,[7219081.0]
24332,33385230,[8202155.0]
24333,33385408,[7801879.0]
24334,33386034,[21911.0]
24335,33393824,[13414088.0]
24336,33395234,[7324271.0]
24337,33395946,[7044164.0]
24338,33405540,[14421346.0]
24339,33413074,[16203173.0]
24340,33414246,[4579328.0]
24341,33415234,"[40563.0, 334840.0, 3461329.0]"
24342,33509076,[8353652.0]
24343,33509082,[5436815.0]
24344,33517532,[27704.0]
24345,33517549,[108173.0]
24346,33517574,[1048153.0]
24347,33534890,"[1441013.0, 2895618.0]"
24348,33540347,"[35022.0, 377312.0]"
24349,33540650,"[1077326.0, 3911856.0]"
24350,33541526,[21748.0]
24351,33552474,[15118466.0]
24352,33566871,[6567825.0]
24353,33570520,[4097558.0]
24354,33571217,[4374349.0]
24355,33573674,[6466369.0]
24356,33574090,[225033.0]
24357,33574118,[41032.0]
24358,33574143,[4088550.0]
24359,33574150,[2357.0]
24360,33574161,[15231588.0]
24361,33574252,[4175419.0]
24362,33590076,[76360.0]
24363,33590221,[8184486.0]
24364,33590260,[3433047.0]
24365,33605563,[14986807.0]
24366,33616857,[4788719.0]
24367,33635708,[2898479.0]
24368,33640121,[14759054.0]
24369,33640496,[4086715.0]
24370,33641215,[7272056.0]
24371,33642526,[16254180.0]
24372,33651972,"[370361.0, 80760.0]"
24373,33656433,[6916708.0]
24374,33783637,[4116488.0]
24375,33784283,[14674797.0]
24376,33785174,[8685.0]
24377,33785202,[2973783.0]
24378,33785205,[33467.0]
24379,33785695,[16289748.0]
24380,33785923,[4600197.0]
24381,33801795,[6878020.0]
24382,33805955,[16270030.0]
24383,33823946,[13734301.0]
24384,33828904,[324620.0]
24385,33830397,[6863587.0]
24386,33836611,[14137787.0]
24387,33836786,[16299755.0]
24388,33838972,"[1067608.0, 3874635.0, 8178928.0, 6889348.0, 5258016.0, 3405346.0, 6462760.0, 144323.0, 4175512.0, 4097558.0, 2768002.0, 36276.0, 4682018.0, 6683690.0, 6860265.0, 6706503.0, 14676627.0, 8391936.0, 7106859.0, 7202755.0, 4451294.0]"
24389,33843251,[3290920.0]
24390,33843449,"[15218531.0, 4600197.0, 26810.0, 5288442.0, 7353006.0, 15100575.0, 15218564.0, 14743111.0, 261240.0, 15218565.0, 15218566.0, 9240590.0, 16313721.0, 654922.0, 15218567.0, 15218568.0, 13984436.0, 15218569.0, 7694781.0, 15222042.0, 4499623.0, 15218533.0, 4684322.0, 2471183.0, 3099544.0, 5830526.0, 7577278.0]"
24391,33852961,[71688.0]
24392,33854386,[4499623.0]
24393,33858773,[8573519.0]
24394,33871932,[38652.0]
24395,33893545,[9860680.0]
24396,33897662,[1857564.0]
24397,33916060,[5796286.0]
24398,33918885,[15194090.0]
24399,33921998,[46097.0]
24400,33957059,[16317671.0]
24401,33958230,[15215228.0]
24402,33961568,[15546486.0]
24403,33970903,[5785094.0]
24404,33973968,[2905269.0]
24405,33976371,"[6423717.0, 16022577.0]"
24406,33980909,[14002.0]
24407,34002070,"[13899.0, 6756896.0]"
24408,34002132,[38550.0]
24409,34006759,[2300692.0]
24410,34006765,[15118466.0]
24411,34016323,[5356562.0]
24412,34016909,[16354343.0]
24413,34017058,[8326636.0]
24414,34020282,[2981534.0]
24415,34021200,"[945430.0, 354773.0]"
24416,34027316,[2931654.0]
24417,34031287,[16247680.0]
24418,34037113,[3502.0]
24419,34042748,[4600197.0]
24420,34050917,[13922215.0]
24421,34051373,[5137530.0]
24422,34065268,[281486.0]
24423,34066621,[88506.0]
24424,34068331,[9796140.0]
24425,34069813,[13922215.0]
24426,34076952,"[4575289.0, 16368146.0]"
24427,34077009,"[16366800.0, 16366801.0]"
24428,34089264,"[14137787.0, 3124176.0]"
24429,34089632,"[57983.0, 1077326.0, 14228473.0]"
24430,34094813,[13260916.0]
24431,34097209,[1221698.0]
24432,34128219,[3618.0]
24433,34129063,"[49177.0, 1157440.0, 65333.0]"
24434,34145337,[1951011.0]
24435,34186238,[38616.0]
24436,34187776,[36346.0]
24437,34198698,[7074943.0]
24438,34209180,[6751021.0]
24439,34210549,[16423721.0]
24440,34213598,[16424621.0]
24441,34213608,[119830.0]
24442,34217477,[7025.0]
24443,34218720,[5989.0]
24444,34219873,[596345.0]
24445,34219880,[16428205.0]
24446,34234639,[14672377.0]
24447,34275232,[8384949.0]
24448,34275589,[8730.0]
24449,34299752,[4279785.0]
24450,34306933,[7127010.0]
24451,34311452,[625.0]
24452,34314702,[15417864.0]
24453,34315020,[6446815.0]
24454,34323291,[4106197.0]
24455,34324434,"[483588.0, 16796786.0]"
24456,34329687,"[26897.0, 2937325.0]"
24457,34335023,[13592900.0]
24458,34336498,[38598.0]
24459,34356650,[5829056.0]
24460,34356928,[6452869.0]
24461,34371907,[16487840.0]
24462,34372749,[15200224.0]
24463,34373958,[8059023.0]
24464,34388622,"[16492804.0, 3346109.0]"
24465,34397653,"[3099544.0, 7168230.0]"
24466,34403549,[4764.0]
24467,34410197,[4600197.0]
24468,34415420,[5445209.0]
24469,34429428,[16508815.0]
24470,34430839,"[3389.0, 14008944.0]"
24471,34437155,[240708.0]
24472,34437157,[363130.0]
24473,34442391,[7277852.0]
24474,34443972,[4575289.0]
24475,34452896,[7084793.0]
24476,34455798,[23894.0]
24477,34466922,"[3389.0, 218826.0]"
24478,34466968,[3502.0]
24479,34472638,[15872.0]
24480,34497909,"[46138.0, 345026.0, 7581.0, 96300.0, 3410564.0, 7083555.0, 19305.0, 48355.0, 27841.0, 2860219.0, 112802.0, 72451.0, 17032614.0, 5259692.0, 8347.0, 79879.0, 4444279.0, 7495615.0]"
24481,34499216,[14358948.0]
24482,34511974,[16541001.0]
24483,34517748,[5211857.0]
24484,34523174,[3153776.0]
24485,34535434,[8573519.0]
24486,34567771,[4086715.0]
24487,34569846,[13990575.0]
24488,34593153,"[21748.0, 16575841.0]"
24489,34593534,[9060953.0]
24490,34602513,[5309409.0]
24491,34606064,[7705004.0]
24492,34610036,[15986018.0]
24493,34619522,[13530245.0]
24494,34623666,"[3389.0, 14008944.0, 16846791.0]"
24495,34624615,[1332605.0]
24496,34625067,[3211590.0]
24497,34631931,"[17015.0, 17010.0]"
24498,34643773,[14880958.0]
24499,34670747,[6875729.0]
24500,34696801,[4735144.0]
24501,34703445,[38550.0]
24502,34725837,[16189297.0]
24503,34728667,[16642745.0]
24504,34728925,[11890.0]
24505,34733250,"[324620.0, 441126.0]"
24506,34736638,[14675561.0]
24507,34745603,[7127010.0]
24508,34758605,[3433047.0]
24509,34775591,[15108914.0]
24510,34817962,[5141144.0]
24511,34826946,[5796286.0]
24512,34828626,"[6588482.0, 16364425.0]"
24513,34831421,[6551798.0]
24514,34838967,[16705797.0]
24515,34859095,[9792476.0]
24516,34859192,[16722575.0]
24517,34861186,[16541001.0]
24518,34861977,[8434494.0]
24519,34871966,[16733096.0]
24520,34876208,[7184104.0]
24521,34876712,[3330668.0]
24522,34878995,[16693437.0]
24523,34909769,[4491649.0]
24524,34913836,[6427501.0]
24525,34927780,[8224620.0]
24526,34935820,"[16764241.0, 2060858.0]"
24527,34964436,"[5042201.0, 3439408.0, 1077326.0]"
24528,34964846,[3486415.0]
24529,34964938,[4979301.0]
24530,34974417,[16781874.0]
24531,35020380,[6434877.0]
24532,35025114,"[5354687.0, 8086967.0]"
24533,35053233,"[3433047.0, 2826367.0]"
24534,35054476,[3433047.0]
24535,35098412,[14926516.0]
24536,35116827,[4575289.0]
24537,35164045,[16270110.0]
24538,35174857,[6539577.0]
24539,35214860,[15269309.0]
24540,35224165,[3409936.0]
24541,35226184,[4575289.0]
24542,35235484,[14808943.0]
24543,35264052,"[13665730.0, 14350105.0, 5661809.0, 16489167.0, 6587202.0, 5322773.0, 1553590.0, 4052093.0, 4556168.0, 11362882.0, 16901191.0, 13450002.0, 6995709.0, 16704874.0, 16901193.0, 13776517.0, 7127010.0, 4188120.0, 15450354.0, 5335865.0, 8390357.0, 4810596.0, 7803964.0, 5774415.0, 8344855.0]"
24544,35268619,[6653786.0]
24545,35268737,[7152490.0]
24546,35273447,[1228468.0]
24547,35273455,[1228468.0]
24548,35273461,[1228468.0]
24549,35321056,"[1221698.0, 12718.0, 19365.0, 45978.0, 753489.0, 73443.0]"
24550,35333530,[240840.0]
24551,35384793,[4575289.0]
24552,35385041,"[1211671.0, 15899045.0]"
24553,35410641,[13994108.0]
24554,35434530,[9809076.0]
24555,35452713,[150038.0]
24556,35452863,[6427501.0]
24557,35457273,[48206.0]
24558,35463990,"[363130.0, 4945241.0]"
24559,35479812,"[3389.0, 218826.0, 5804408.0]"
24560,35479883,[2654606.0]
24561,35492151,[4575289.0]
24562,35505463,[16127395.0]
24563,35513821,[4601855.0]
24564,35529904,[4575289.0]
24565,35604481,[1077326.0]
24566,35611139,[119830.0]
24567,35662132,[4154802.0]
24568,35669485,[7235297.0]
24569,35693030,[1330292.0]
24570,35704107,"[1077326.0, 208338.0]"
24571,35706083,"[7843051.0, 3519233.0, 17061111.0]"
24572,35712360,[13787489.0]
24573,35715645,[6937037.0]
24574,35719003,[17039595.0]
24575,35720770,[7778856.0]
24576,35782611,[99042.0]
24577,35820508,[3420702.0]
24578,35997739,[8221406.0]
24579,36068753,[208338.0]
24580,36070854,[6868825.0]
24581,36161967,[3433047.0]
24582,36178500,[5804537.0]
24583,36181989,[14166772.0]
24584,36186255,[16166249.0]
24585,36194899,[14178108.0]
24586,36218512,[14072132.0]
24587,36237642,[6937037.0]
24588,36250300,[6572969.0]
24589,36257499,[4116488.0]
24590,36274721,[7326881.0]
24591,36281028,[2060858.0]
24592,36282887,[8296969.0]
24593,36381037,[4684322.0]
24594,36383830,[8573519.0]
24595,36386546,[15395348.0]
24596,36394924,[14072132.0]
